State,District,Market,Commodity,Variety,Grade,Arrival_Date,Min_x0020_Price,Max_x0020_Price,Modal_x0020_Price
Keralam,Kozhikode(Calicut),Mukkom Market,Snakeguard,Snakeguard,FAQ,20-09-2026,3600,4000,3800
Keralam,Kozhikode(Calicut),Mukkom Market,Tomato,Tomato,FAQ,20-09-2026,2100,2300,2200
Keralam,Kozhikode(Calicut),Mukkom Market,Drumstick,Drumstick,FAQ,20-09-2026,4600,4900,4700
Keralam,Kozhikode(Calicut),Mukkom Market,Onion,Onion,FAQ,20-09-2026,5200,5600,5400
Keralam,Kozhikode(Calicut),Mukkom Market,Potato,Potato,FAQ,20-09-2026,2400,2800,2600
Keralam,Kozhikode(Calicut),Mukkom Market,Pineapple,Other,Large,20-09-2026,8000,9000,8500
Telangana,Ranga Reddy,"Saroornagar,RBZ",Bottle gourd,Bottle Gourd,Medium,20-09-2026,1300,1300,1300
Telangana,Ranga Reddy,"Saroornagar,RBZ",Field Bean(Anumulu),Field Bean(Anumulu),Grade B,20-09-2026,4500,4500,4500
Telangana,Ranga Reddy,"Saroornagar,RBZ",Bhindi(Ladies Finger),Other,Medium,20-09-2026,4000,4000,4000
Telangana,Ranga Reddy,"Saroornagar,RBZ",French Beans(Frasbean),Other,Medium,20-09-2026,5500,5500,5500
Keralam,Idukki,Kattappana Market,Amaranthus,Other,Medium,20-09-2026,2800,3000,3000
Keralam,Idukki,Kattappana Market,Ashgourd,Other,Medium,20-09-2026,3000,3200,3200
Keralam,Idukki,Kattappana Market,Beetroot,Other,Medium,20-09-2026,3800,4200,4000
Keralam,Idukki,Kattappana Market,Little gourd(Kundru),Other,Medium,20-09-2026,4000,4500,4300
Keralam,Idukki,Kattappana Market,Apple,Other,Grade A,20-09-2026,32000,33500,33000
Keralam,Idukki,Kattappana Market,Water Melon,Other,Medium,20-09-2026,1800,2100,2100
Punjab,Gurdaspur,Quadian APMC,Apple,Other,Grade A,20-09-2026,3800,4000,3900
Punjab,Gurdaspur,Quadian APMC,Banana,Other,FAQ,20-09-2026,2300,2500,2400
Punjab,Gurdaspur,Quadian APMC,Bhindi(Ladies Finger),Other,Grade A,20-09-2026,3600,3800,3700
Rajasthan,Jhunjhunu,Surajgarh APMC,Bajra(Pearl Millet/Cumbu),Other,Local,20-09-2026,2350,2350,2350
Rajasthan,Jalore,Jalore APMC,Cluster beans,Other,Local,20-09-2026,3500,4000,3800
Rajasthan,Jalore,Jalore APMC,Lemon,Other,Local,20-09-2026,2000,2200,2100
Keralam,Alappuzha,Harippad Market,Beetroot,Beetroot,FAQ,20-09-2026,6000,6500,6000
Tamil Nadu,Thirupur,Tiruppur (South) (Uzhavar Sandhai ),Brinjal,Other,Local,20-09-2026,4000,5000,4500
Tamil Nadu,Thirupur,Tiruppur (South) (Uzhavar Sandhai ),Papaya,Papaya,Local,20-09-2026,2500,3000,2750
Tamil Nadu,Thirupur,Tiruppur (South) (Uzhavar Sandhai ),Tomato,Local,Local,20-09-2026,1500,1800,1650
Tamil Nadu,Thirupur,Tiruppur (South) (Uzhavar Sandhai ),Cluster beans,Cluster Beans,Local,20-09-2026,2500,3000,2750
Tamil Nadu,Thirupur,Tiruppur (South) (Uzhavar Sandhai ),Green Chilli,Green Chilly,Local,20-09-2026,3000,4000,3500
Tamil Nadu,Thirupur,Tiruppur (South) (Uzhavar Sandhai ),Beans,Beans (Whole),Local,20-09-2026,5000,6000,5500
Tamil Nadu,Thirupur,Tiruppur (South) (Uzhavar Sandhai ),Drumstick,Drumstick,Local,20-09-2026,2000,3000,2500
Tamil Nadu,Thirupur,Tiruppur (South) (Uzhavar Sandhai ),Onion Green,Onion Green,Local,20-09-2026,8000,10000,9000
Tamil Nadu,Erode,Perundurai(Uzhavar Sandhai ),Onion,Bellary,Local,20-09-2026,6000,6500,6250
Tamil Nadu,Erode,Perundurai(Uzhavar Sandhai ),Cauliflower,Ranchi,Local,20-09-2026,3600,4000,3800
Tamil Nadu,Erode,Perundurai(Uzhavar Sandhai ),Bottle gourd,Bottle Gourd,Local,20-09-2026,1500,1800,1650
Tamil Nadu,Erode,Perundurai(Uzhavar Sandhai ),Pumpkin,Pumpkin,Local,20-09-2026,2200,2500,2350
Tamil Nadu,Erode,Perundurai(Uzhavar Sandhai ),Banana - Green,Banana - Green,Local,20-09-2026,2500,2800,2650
Tamil Nadu,Erode,Perundurai(Uzhavar Sandhai ),Ginger(Green),Green Ginger,Local,20-09-2026,11500,12500,12000
Tamil Nadu,Erode,Perundurai(Uzhavar Sandhai ),Carrot,Pusakesar,Local,20-09-2026,5500,5800,5650
Tamil Nadu,Erode,Perundurai(Uzhavar Sandhai ),Guava,Guava Allahabad,Local,20-09-2026,5500,6000,5750
Tamil Nadu,Erode,Perundurai(Uzhavar Sandhai ),Onion Green,Onion Green,Local,20-09-2026,7000,8000,7500
Tamil Nadu,Dharmapuri,Dharmapuri(Uzhavar Sandhai ),Bhindi(Ladies Finger),Bhindi,Local,20-09-2026,1500,1600,1550
Tamil Nadu,Dharmapuri,Dharmapuri(Uzhavar Sandhai ),Tapioca,Tapioca,Local,20-09-2026,2800,3000,2900
Tamil Nadu,Dharmapuri,Dharmapuri(Uzhavar Sandhai ),Yam(Ratalu),Yam (Ratalu),Local,20-09-2026,11200,12000,11600
Tamil Nadu,Dharmapuri,Dharmapuri(Uzhavar Sandhai ),Lemon,Lemon,Local,20-09-2026,21000,22000,21500
Tamil Nadu,Dharmapuri,Dharmapuri(Uzhavar Sandhai ),Onion Green,Onion Green,Local,20-09-2026,6500,7000,6750
Tamil Nadu,Dharmapuri,Palacode(Uzhavar Sandhai ),Groundnut,Big (With Shell),Local,20-09-2026,6600,7000,6800
Tamil Nadu,Dharmapuri,Palacode(Uzhavar Sandhai ),Onion,Bellary,Local,20-09-2026,6200,6400,6300
Tamil Nadu,Dharmapuri,Palacode(Uzhavar Sandhai ),Potato,Other,Local,20-09-2026,2500,2800,2650
Tamil Nadu,Dharmapuri,Palacode(Uzhavar Sandhai ),Bhindi(Ladies Finger),Bhindi,Local,20-09-2026,2000,2200,2100
Tamil Nadu,Dharmapuri,Palacode(Uzhavar Sandhai ),Beans,Beans (Whole),Local,20-09-2026,8600,9000,8800
Tamil Nadu,Dharmapuri,Palacode(Uzhavar Sandhai ),Ginger(Green),Green Ginger,Local,20-09-2026,19500,20000,19750
Tamil Nadu,Dharmapuri,Palacode(Uzhavar Sandhai ),Snakeguard,Snakeguard,Local,20-09-2026,2600,3000,2800
Tamil Nadu,Dharmapuri,Palacode(Uzhavar Sandhai ),Thondekai,Thondekai,Local,20-09-2026,4200,4500,4350
Tamil Nadu,Dharmapuri,Palacode(Uzhavar Sandhai ),Drumstick,Drumstick,Local,20-09-2026,2200,2500,2350
Tamil Nadu,Dharmapuri,Pennagaram(Uzhavar Sandhai ),Bhindi(Ladies Finger),Bhindi,Local,20-09-2026,2500,2800,2650
Tamil Nadu,Dharmapuri,Pennagaram(Uzhavar Sandhai ),Amaranthus,Amaranthus,Local,20-09-2026,2200,2500,2350
Tamil Nadu,Dharmapuri,Pennagaram(Uzhavar Sandhai ),Knool Khol,Knool Khol,Local,20-09-2026,4500,5000,4750
Tamil Nadu,Dharmapuri,Pennagaram(Uzhavar Sandhai ),Guava,Guava Allahabad,Local,20-09-2026,5500,6000,5750
Tamil Nadu,Dindigul,Chinnalapatti(Uzhavar Sandhai ),Cauliflower,Ranchi,Local,20-09-2026,4000,5000,4500
Tamil Nadu,Dindigul,Chinnalapatti(Uzhavar Sandhai ),Coriander(Leaves),I Sort,Local,20-09-2026,2800,3000,2900
Tamil Nadu,Dindigul,Chinnalapatti(Uzhavar Sandhai ),Papaya,Papaya,Local,20-09-2026,4500,5000,4750
Tamil Nadu,Dindigul,Chinnalapatti(Uzhavar Sandhai ),Ginger(Green),Green Ginger,Local,20-09-2026,18000,20000,19000
Tamil Nadu,Dindigul,Chinnalapatti(Uzhavar Sandhai ),Coconut,Coconut,Local,20-09-2026,6500,7000,6750
Tamil Nadu,Dindigul,Chinnalapatti(Uzhavar Sandhai ),Carrot,Pusakesar,Local,20-09-2026,6600,7000,6800
Tamil Nadu,Dindigul,Chinnalapatti(Uzhavar Sandhai ),Cabbage,Cabbage,Local,20-09-2026,3600,4000,3800
Tamil Nadu,Dindigul,Chinnalapatti(Uzhavar Sandhai ),Thondekai,Thondekai,Local,20-09-2026,3600,4000,3800
Tamil Nadu,Dindigul,Chinnalapatti(Uzhavar Sandhai ),Drumstick,Drumstick,Local,20-09-2026,3000,4000,3500
Tamil Nadu,Dindigul,Palani(Uzhavar Sandhai ),Tomato,Deshi,Local,20-09-2026,1000,2000,1500
Tamil Nadu,Dindigul,Palani(Uzhavar Sandhai ),Cabbage,Cabbage,Local,20-09-2026,2500,3200,2850
Tamil Nadu,Dindigul,Palani(Uzhavar Sandhai ),Snakeguard,Snakeguard,Local,20-09-2026,1600,2400,2000
Tamil Nadu,Dindigul,Palani(Uzhavar Sandhai ),Beetroot,Beetroot,Local,20-09-2026,3000,7000,5000
Tamil Nadu,Dindigul,Palani(Uzhavar Sandhai ),Yam(Ratalu),Yam (Ratalu),Local,20-09-2026,6000,7500,6750
Tamil Nadu,Dindigul,Palani(Uzhavar Sandhai ),Amla(Nelli Kai),Amla,Local,20-09-2026,5000,7000,6000
Tamil Nadu,Dindigul,Palani(Uzhavar Sandhai ),Mint(Pudina),Mint(Pudina),Local,20-09-2026,6000,7000,6500
Tamil Nadu,Erode,Periyar Nagar(Uzhavar Sandhai ),Cluster beans,Cluster Beans,Local,20-09-2026,2500,3000,2750
Tamil Nadu,Erode,Periyar Nagar(Uzhavar Sandhai ),Amaranthus,Amaranthus,Local,20-09-2026,4000,4500,4250
Tamil Nadu,Erode,Periyar Nagar(Uzhavar Sandhai ),Green Chilli,Green Chilly,Local,20-09-2026,5000,5500,5250
Tamil Nadu,Erode,Periyar Nagar(Uzhavar Sandhai ),Cowpea(Veg),Cowpea (Veg),Local,20-09-2026,3000,3500,3250
Tamil Nadu,Erode,Periyar Nagar(Uzhavar Sandhai ),Banana - Green,Banana - Green,Local,20-09-2026,3000,3500,3250
Tamil Nadu,Erode,Periyar Nagar(Uzhavar Sandhai ),Tapioca,Tapioca,Local,20-09-2026,2000,2500,2250
Tamil Nadu,Erode,Periyar Nagar(Uzhavar Sandhai ),Mint(Pudina),Mint(Pudina),Local,20-09-2026,4000,4600,4300
Tamil Nadu,Kallakuruchi,Sankarapuram(Uzhavar Sandhai ),Brinjal,Round,Local,20-09-2026,4000,4000,4000
Tamil Nadu,Kallakuruchi,Sankarapuram(Uzhavar Sandhai ),Groundnut,Big (With Shell),Local,20-09-2026,6000,6000,6000
Tamil Nadu,Kallakuruchi,Sankarapuram(Uzhavar Sandhai ),Banana,Besrai,Local,20-09-2026,4000,4000,4000
Tamil Nadu,Kallakuruchi,Sankarapuram(Uzhavar Sandhai ),Onion,Bellary,Local,20-09-2026,7000,7000,7000
Tamil Nadu,Kallakuruchi,Sankarapuram(Uzhavar Sandhai ),Banana - Green,Banana - Green,Local,20-09-2026,3000,3000,3000
Tamil Nadu,Kallakuruchi,Sankarapuram(Uzhavar Sandhai ),Coconut,Coconut,Local,20-09-2026,6000,6000,6000
Tamil Nadu,Kallakuruchi,Sankarapuram(Uzhavar Sandhai ),Raddish,Raddish,Local,20-09-2026,5000,5000,5000
Tamil Nadu,Kallakuruchi,Sankarapuram(Uzhavar Sandhai ),Drumstick,Drumstick,Local,20-09-2026,5000,5000,5000
Tamil Nadu,Kallakuruchi,Sankarapuram(Uzhavar Sandhai ),Guava,Guava Allahabad,Local,20-09-2026,7000,7000,7000
Tamil Nadu,Kallakuruchi,Sankarapuram(Uzhavar Sandhai ),Tender Coconut,Tender Coconut,Local,20-09-2026,3000,3000,3000
Tamil Nadu,Kallakuruchi,Sankarapuram(Uzhavar Sandhai ),Onion Green,Onion Green,Local,20-09-2026,7000,7000,7000
Tamil Nadu,Kallakuruchi,Sankarapuram(Uzhavar Sandhai ),Mint(Pudina),Mint(Pudina),Local,20-09-2026,3000,3000,3000
Tamil Nadu,Kancheepuram,Kundrathur(Uzhavar Sandhai ),Carrot,Pusakesar,Local,20-09-2026,5000,5000,5000
Tamil Nadu,Kancheepuram,Kundrathur(Uzhavar Sandhai ),Cabbage,Cabbage,Local,20-09-2026,3000,3000,3000
Tamil Nadu,Kancheepuram,Kundrathur(Uzhavar Sandhai ),Cucumbar(Kheera),Cucumbar,Local,20-09-2026,3000,3000,3000
Tamil Nadu,Kancheepuram,Kundrathur(Uzhavar Sandhai ),Onion Green,Onion Green,Local,20-09-2026,7000,8000,7500
Tamil Nadu,Kancheepuram,Sunguvarchatram(Uzhavar Sandhai ),Potato,Other,Local,20-09-2026,2800,2800,2800
Tamil Nadu,Kancheepuram,Sunguvarchatram(Uzhavar Sandhai ),Bitter gourd,Bitter Gourd,Local,20-09-2026,4000,4000,4000
Tamil Nadu,Kancheepuram,Sunguvarchatram(Uzhavar Sandhai ),Bottle gourd,Bottle Gourd,Local,20-09-2026,3000,3000,3000
Tamil Nadu,Kancheepuram,Sunguvarchatram(Uzhavar Sandhai ),Bhindi(Ladies Finger),Bhindi,Local,20-09-2026,4000,4000,4000
Tamil Nadu,Kancheepuram,Sunguvarchatram(Uzhavar Sandhai ),Beetroot,Beetroot,Local,20-09-2026,4000,4000,4000
Tamil Nadu,Kancheepuram,Sunguvarchatram(Uzhavar Sandhai ),Yam(Ratalu),Yam (Ratalu),Local,20-09-2026,4000,4000,4000
Tamil Nadu,Krishnagiri,Avallapalli(Uzhavar Sandhai ),Onion,Bellary,Local,20-09-2026,6000,6500,6250
Tamil Nadu,Krishnagiri,Avallapalli(Uzhavar Sandhai ),Potato,Red Nanital,Local,20-09-2026,2000,2500,2250
Tamil Nadu,Krishnagiri,Avallapalli(Uzhavar Sandhai ),Coriander(Leaves),I Sort,Local,20-09-2026,5500,6000,5750
Tamil Nadu,Krishnagiri,Avallapalli(Uzhavar Sandhai ),Cluster beans,Cluster Beans,Local,20-09-2026,3500,4000,3750
Tamil Nadu,Krishnagiri,Avallapalli(Uzhavar Sandhai ),Bottle gourd,Bottle Gourd,Local,20-09-2026,2000,2500,2250
Tamil Nadu,Krishnagiri,Avallapalli(Uzhavar Sandhai ),Tapioca,Tapioca,Local,20-09-2026,4500,5000,4750
Tamil Nadu,Krishnagiri,Avallapalli(Uzhavar Sandhai ),Cabbage,Cabbage,Local,20-09-2026,1000,1500,1250
Tamil Nadu,Krishnagiri,Avallapalli(Uzhavar Sandhai ),Chow Chow,Chow Chow,Local,20-09-2026,2000,2500,2250
Tamil Nadu,Krishnagiri,Avallapalli(Uzhavar Sandhai ),Onion Green,Onion Green,Local,20-09-2026,9000,10000,9500
Tamil Nadu,Dharmapuri,Karimangalam(Uzhavar Sandhai),Coconut,Coconut,Local,20-09-2026,7000,7400,7200
Tamil Nadu,Dharmapuri,Karimangalam(Uzhavar Sandhai),Beetroot,Beetroot,Local,20-09-2026,4800,5200,5000
Tamil Nadu,Dharmapuri,Karimangalam(Uzhavar Sandhai),Chow Chow,Chow Chow,Local,20-09-2026,4200,4600,4400
Tamil Nadu,Krishnagiri,Denkanikottai(Uzhavar Sandhai ),Onion,Bellary,Local,20-09-2026,6000,6500,6250
Tamil Nadu,Krishnagiri,Denkanikottai(Uzhavar Sandhai ),Garlic,Garlic,Local,20-09-2026,22000,24000,23000
Tamil Nadu,Krishnagiri,Denkanikottai(Uzhavar Sandhai ),Bottle gourd,Bottle Gourd,Local,20-09-2026,2000,2500,2250
Tamil Nadu,Krishnagiri,Denkanikottai(Uzhavar Sandhai ),Cowpea(Veg),Cowpea (Veg),Local,20-09-2026,5500,6000,5750
Tamil Nadu,Krishnagiri,Denkanikottai(Uzhavar Sandhai ),Beans,Beans (Whole),Local,20-09-2026,6000,7000,6500
Tamil Nadu,Krishnagiri,Denkanikottai(Uzhavar Sandhai ),Coconut,Coconut,Local,20-09-2026,5000,5500,5250
Tamil Nadu,Krishnagiri,Denkanikottai(Uzhavar Sandhai ),Carrot,Pusakesar,Local,20-09-2026,6000,7000,6500
Tamil Nadu,Krishnagiri,Denkanikottai(Uzhavar Sandhai ),Beetroot,Beetroot,Local,20-09-2026,3000,3500,3250
Tamil Nadu,Krishnagiri,Denkanikottai(Uzhavar Sandhai ),Green Avare(W),Green Avare (W),Local,20-09-2026,5500,6000,5750
Tamil Nadu,Krishnagiri,Denkanikottai(Uzhavar Sandhai ),Chow Chow,Chow Chow,Local,20-09-2026,2000,2500,2250
Tamil Nadu,Krishnagiri,Hosur(Uzhavar Sandhai ),Banana,Red Banana,Local,20-09-2026,8500,9000,8750
Tamil Nadu,Krishnagiri,Hosur(Uzhavar Sandhai ),Pineapple,Pine Apple,Local,20-09-2026,8000,10000,9000
Tamil Nadu,Krishnagiri,Hosur(Uzhavar Sandhai ),Grapes,Annabesahai,Local,20-09-2026,20000,24000,22000
Tamil Nadu,Krishnagiri,Hosur(Uzhavar Sandhai ),Bottle gourd,Bottle Gourd,Local,20-09-2026,2000,2500,2250
Tamil Nadu,Krishnagiri,Hosur(Uzhavar Sandhai ),Betal Leaves,Mysore,Local,20-09-2026,10000,12000,11000
Tamil Nadu,Krishnagiri,Hosur(Uzhavar Sandhai ),Carrot,Pusakesar,Local,20-09-2026,3500,4000,3750
Tamil Nadu,Krishnagiri,Hosur(Uzhavar Sandhai ),Karbuja(Musk Melon),Karbhuja,Local,20-09-2026,5500,6000,5750
Tamil Nadu,Krishnagiri,Hosur(Uzhavar Sandhai ),Tender Coconut,Tender Coconut,Local,20-09-2026,4500,5000,4750
Tamil Nadu,Krishnagiri,Hosur(Uzhavar Sandhai ),Baby Corn,Baby Corn,Grade A,20-09-2026,2500,3000,2750
Tamil Nadu,Madurai,Anaiyur(Uzhavar Sandhai ),Soyabean,Local,Local,20-09-2026,9000,10000,9500
Tamil Nadu,Madurai,Anaiyur(Uzhavar Sandhai ),Orange,Darjeeling,Local,20-09-2026,14000,16000,15000
Tamil Nadu,Madurai,Anaiyur(Uzhavar Sandhai ),Banana,Besrai,Local,20-09-2026,4000,5000,4500
Tamil Nadu,Madurai,Anaiyur(Uzhavar Sandhai ),Grapes,Annabesahai,Local,20-09-2026,11000,12000,11500
Tamil Nadu,Madurai,Anaiyur(Uzhavar Sandhai ),Coriander(Leaves),I Sort,Local,20-09-2026,4500,4800,4650
Tamil Nadu,Madurai,Anaiyur(Uzhavar Sandhai ),Green Chilli,Green Chilly,Local,20-09-2026,4000,5000,4500
Tamil Nadu,Madurai,Anaiyur(Uzhavar Sandhai ),Ridgeguard(Tori),Ridgeguard(Tori),Local,20-09-2026,3600,4500,4050
Tamil Nadu,Madurai,Anaiyur(Uzhavar Sandhai ),Raddish,Raddish,Local,20-09-2026,2400,2800,2600
Tamil Nadu,Madurai,Anaiyur(Uzhavar Sandhai ),Chow Chow,Chow Chow,Local,20-09-2026,2600,3000,2800
Tamil Nadu,Madurai,Anaiyur(Uzhavar Sandhai ),Guava,Guava Allahabad,Local,20-09-2026,6000,7000,6500
Tamil Nadu,Madurai,Anaiyur(Uzhavar Sandhai ),Colacasia,Colacasia,Local,20-09-2026,5000,6000,5500
Tamil Nadu,Madurai,Anaiyur(Uzhavar Sandhai ),Baby Corn,Baby Corn,Grade A,20-09-2026,2000,2400,2200
Tamil Nadu,Madurai,Usilampatti(Uzhavar Sandhai ),Bitter gourd,Bitter Gourd,Local,20-09-2026,5000,5500,5250
Tamil Nadu,Madurai,Usilampatti(Uzhavar Sandhai ),Green Avare(W),Green Avare (W),Local,20-09-2026,10000,11000,10500
Tamil Nadu,Madurai,Usilampatti(Uzhavar Sandhai ),Elephant Yam(Suran)/Amorphophallus,Elephant Yam (Suran),Local,20-09-2026,4000,4500,4250
Tamil Nadu,Nagapattinam,Sirkali(Uzhavar Sandhai ),Potato,Red Nanital,Local,20-09-2026,3600,4000,3800
Tamil Nadu,Nagapattinam,Sirkali(Uzhavar Sandhai ),Pumpkin,Pumpkin,Local,20-09-2026,2500,3000,2750
Tamil Nadu,Nagapattinam,Sirkali(Uzhavar Sandhai ),Green Chilli,Green Chilly,Local,20-09-2026,5500,6000,5750
Tamil Nadu,Nagapattinam,Sirkali(Uzhavar Sandhai ),Beetroot,Beetroot,Local,20-09-2026,4500,5000,4750
Tamil Nadu,Nagapattinam,Sirkali(Uzhavar Sandhai ),Green Avare(W),Green Avare (W),Local,20-09-2026,6500,7000,6750
Tamil Nadu,Nagapattinam,Sirkali(Uzhavar Sandhai ),Tender Coconut,Tender Coconut,Local,20-09-2026,2000,2500,2250
Tamil Nadu,Namakkal,Kumarapalayam(Uzhavar Sandhai ),Banana,Red Banana,Local,20-09-2026,5500,6000,5750
Tamil Nadu,Namakkal,Kumarapalayam(Uzhavar Sandhai ),Onion,Bellary,Local,20-09-2026,2800,3000,2900
Tamil Nadu,Namakkal,Kumarapalayam(Uzhavar Sandhai ),Papaya,Papaya,Local,20-09-2026,3000,3500,3250
Tamil Nadu,Namakkal,Kumarapalayam(Uzhavar Sandhai ),Tomato,Other,Local,20-09-2026,2200,3000,2600
Tamil Nadu,Namakkal,Kumarapalayam(Uzhavar Sandhai ),Ashgourd,Gouard,Local,20-09-2026,1800,2000,1900
Tamil Nadu,Namakkal,Kumarapalayam(Uzhavar Sandhai ),Ginger(Green),Green Ginger,Local,20-09-2026,17000,18000,17500
Tamil Nadu,Namakkal,Kumarapalayam(Uzhavar Sandhai ),Beetroot,Beetroot,Local,20-09-2026,6000,7000,6500
Tamil Nadu,Namakkal,Kumarapalayam(Uzhavar Sandhai ),Ridgeguard(Tori),Ridgeguard(Tori),Local,20-09-2026,5000,5500,5250
Tamil Nadu,Namakkal,Kumarapalayam(Uzhavar Sandhai ),Mint(Pudina),Mint(Pudina),Local,20-09-2026,5500,6000,5750
Tamil Nadu,Namakkal,Mohanur(Uzhavar Sandhai ),Onion,Bellary,Local,20-09-2026,5500,6500,6000
Tamil Nadu,Namakkal,Mohanur(Uzhavar Sandhai ),Bottle gourd,Bottle Gourd,Local,20-09-2026,1400,2000,1700
Tamil Nadu,Namakkal,Mohanur(Uzhavar Sandhai ),Coconut,Coconut,Local,20-09-2026,5800,6400,6100
Tamil Nadu,Namakkal,Mohanur(Uzhavar Sandhai ),Beetroot,Beetroot,Local,20-09-2026,6000,7000,6500
Tamil Nadu,Namakkal,Mohanur(Uzhavar Sandhai ),Raddish,Raddish,Local,20-09-2026,3500,4000,3750
Tamil Nadu,Namakkal,Namakkal(Uzhavar Sandhai ),Brinjal,Other,Local,20-09-2026,4500,4800,4650
Tamil Nadu,Namakkal,Namakkal(Uzhavar Sandhai ),Onion,Bellary,Local,20-09-2026,6000,6400,6200
Tamil Nadu,Namakkal,Namakkal(Uzhavar Sandhai ),Garlic,Garlic,Local,20-09-2026,24000,28000,26000
Tamil Nadu,Namakkal,Namakkal(Uzhavar Sandhai ),Cauliflower,Ranchi,Local,20-09-2026,2500,4000,3250
Tamil Nadu,Namakkal,Namakkal(Uzhavar Sandhai ),Bottle gourd,Bottle Gourd,Local,20-09-2026,1000,2000,1500
Tamil Nadu,Namakkal,Namakkal(Uzhavar Sandhai ),Ashgourd,Gouard,Local,20-09-2026,1200,1500,1350
Tamil Nadu,Namakkal,Namakkal(Uzhavar Sandhai ),Coconut,Coconut,Local,20-09-2026,6000,6400,6200
Tamil Nadu,Namakkal,Namakkal(Uzhavar Sandhai ),Raddish,Raddish,Local,20-09-2026,3000,3400,3200
Tamil Nadu,Namakkal,Namakkal(Uzhavar Sandhai ),Thondekai,Thondekai,Local,20-09-2026,4000,4500,4250
Tamil Nadu,Namakkal,Namakkal(Uzhavar Sandhai ),Drumstick,Drumstick,Local,20-09-2026,3000,3500,3250
Tamil Nadu,Namakkal,Rasipuram(Uzhavar Sandhai ),Brinjal,Other,Local,20-09-2026,4800,5600,5200
Tamil Nadu,Namakkal,Rasipuram(Uzhavar Sandhai ),Groundnut,Big (With Shell),Local,20-09-2026,7000,7500,7250
Tamil Nadu,Namakkal,Rasipuram(Uzhavar Sandhai ),Mango(Raw-Ripe),Mango - Raw-Ripe,Local,20-09-2026,6000,7000,6500
Tamil Nadu,Namakkal,Rasipuram(Uzhavar Sandhai ),Rose(Local),Rose (Local),Local,20-09-2026,14000,16000,15000
Tamil Nadu,Thanjavur,Tirukattupalli(Uzhavar Sandhai ),Beans,Beans (Whole),Local,20-09-2026,7600,7600,7600
Tamil Nadu,Thanjavur,Tirukattupalli(Uzhavar Sandhai ),Green Avare(W),Green Avare (W),Local,20-09-2026,7000,7000,7000
Tamil Nadu,Madurai,Palanganatham(Uzhavar Sandhai ),Orange,Darjeeling,Local,20-09-2026,12000,16000,14000
Tamil Nadu,Madurai,Palanganatham(Uzhavar Sandhai ),Cauliflower,Ranchi,Local,20-09-2026,2000,3000,2500
Tamil Nadu,Madurai,Palanganatham(Uzhavar Sandhai ),Cluster beans,Cluster Beans,Local,20-09-2026,3600,4000,3800
Tamil Nadu,Madurai,Palanganatham(Uzhavar Sandhai ),Bottle gourd,Bottle Gourd,Local,20-09-2026,2000,2600,2300
Tamil Nadu,Madurai,Palanganatham(Uzhavar Sandhai ),Ashgourd,Gouard,Local,20-09-2026,1600,1800,1700
Tamil Nadu,Madurai,Palanganatham(Uzhavar Sandhai ),Pumpkin,Pumpkin,Local,20-09-2026,1800,2000,1900
Tamil Nadu,Madurai,Palanganatham(Uzhavar Sandhai ),Bhindi(Ladies Finger),Bhindi,Local,20-09-2026,2800,3200,3000
Tamil Nadu,Madurai,Palanganatham(Uzhavar Sandhai ),Green Avare(W),Green Avare (W),Local,20-09-2026,9000,11000,10000
Tamil Nadu,Madurai,Palanganatham(Uzhavar Sandhai ),Guava,Guava Allahabad,Local,20-09-2026,6000,7000,6500
Tamil Nadu,Madurai,Palanganatham(Uzhavar Sandhai ),Pomegranate,Pomogranate,Local,20-09-2026,20000,23000,21500
Tamil Nadu,Madurai,Palanganatham(Uzhavar Sandhai ),Elephant Yam(Suran)/Amorphophallus,Elephant Yam (Suran),Local,20-09-2026,5000,6000,5500
Tamil Nadu,Madurai,Palanganatham(Uzhavar Sandhai ),Yam(Ratalu),Yam (Ratalu),Local,20-09-2026,6000,7000,6500
Tamil Nadu,Madurai,Palanganatham(Uzhavar Sandhai ),Indian Beans(Seam),Indian Beans (Seam),Local,20-09-2026,5000,6000,5500
Tamil Nadu,Madurai,Palanganatham(Uzhavar Sandhai ),Amla(Nelli Kai),Amla,Local,20-09-2026,8000,9000,8500
Tamil Nadu,Madurai,Anna nagar(Uzhavar Sandhai ),Brinjal,Round,Local,20-09-2026,3500,4500,4000
Tamil Nadu,Madurai,Anna nagar(Uzhavar Sandhai ),Banana,Besrai,Local,20-09-2026,3500,4000,3750
Tamil Nadu,Madurai,Anna nagar(Uzhavar Sandhai ),Chikoos(Sapota),Sapota,Local,20-09-2026,5000,6000,5500
Tamil Nadu,Madurai,Anna nagar(Uzhavar Sandhai ),Cluster beans,Cluster Beans,Local,20-09-2026,3500,4000,3750
Tamil Nadu,Madurai,Anna nagar(Uzhavar Sandhai ),Bottle gourd,Bottle Gourd,Local,20-09-2026,2000,2600,2300
Tamil Nadu,Madurai,Anna nagar(Uzhavar Sandhai ),Sweet Potato,Hosur Red,Local,20-09-2026,5000,6000,5500
Tamil Nadu,Madurai,Anna nagar(Uzhavar Sandhai ),Carrot,Pusakesar,Local,20-09-2026,3500,4000,3750
Tamil Nadu,Madurai,Anna nagar(Uzhavar Sandhai ),Ridgeguard(Tori),Ridgeguard(Tori),Local,20-09-2026,4000,5000,4500
Tamil Nadu,Madurai,Anna nagar(Uzhavar Sandhai ),Green Avare(W),Green Avare (W),Local,20-09-2026,9000,11000,10000
Tamil Nadu,Madurai,Anna nagar(Uzhavar Sandhai ),Amla(Nelli Kai),Amla,Local,20-09-2026,8000,9000,8500
Tamil Nadu,Madurai,Anna nagar(Uzhavar Sandhai ),Onion Green,Onion Green,Local,20-09-2026,8000,9000,8500
Tamil Nadu,Perambalur,Perambalur(Uzhavar Sandhai ),Brinjal,Other,Local,20-09-2026,4800,4800,4800
Tamil Nadu,Perambalur,Perambalur(Uzhavar Sandhai ),Onion,Bellary,Local,20-09-2026,7000,7200,7100
Tamil Nadu,Perambalur,Perambalur(Uzhavar Sandhai ),Potato,Other,Local,20-09-2026,2800,3200,3000
Tamil Nadu,Perambalur,Perambalur(Uzhavar Sandhai ),Cauliflower,Ranchi,Local,20-09-2026,5000,6000,5500
Tamil Nadu,Perambalur,Perambalur(Uzhavar Sandhai ),Mousambi(Sweet Lime),Mousambi,Local,20-09-2026,7000,8000,7500
Tamil Nadu,Perambalur,Perambalur(Uzhavar Sandhai ),Cowpea(Veg),Cowpea (Veg),Local,20-09-2026,4000,4000,4000
Tamil Nadu,Perambalur,Perambalur(Uzhavar Sandhai ),Beans,Beans (Whole),Local,20-09-2026,9200,11200,10200
Tamil Nadu,Perambalur,Perambalur(Uzhavar Sandhai ),Sweet Potato,Hosur Red,Local,20-09-2026,6000,6400,6200
Tamil Nadu,Perambalur,Perambalur(Uzhavar Sandhai ),Tender Coconut,Tender Coconut,Local,20-09-2026,3000,4000,3500
Tamil Nadu,Perambalur,Perambalur(Uzhavar Sandhai ),Colacasia,Colacasia,Local,20-09-2026,6000,6000,6000
Tamil Nadu,Salem,Mecheri(Uzhavar Sandhai),Bottle gourd,Bottle Gourd,Local,20-09-2026,2000,2500,2250
Tamil Nadu,Salem,Mecheri(Uzhavar Sandhai),Snakeguard,Snakeguard,Local,20-09-2026,3000,3500,3250
Tamil Nadu,Salem,Mecheri(Uzhavar Sandhai),Green Avare(W),Other,Local,20-09-2026,6000,6500,6250
Tamil Nadu,Salem,Mecheri(Uzhavar Sandhai),Mint(Pudina),Mint(Pudina),Local,20-09-2026,2500,3000,2750
Tamil Nadu,Ranipet,Arcot(Uzhavar Sandhai ),Banana,Other,Local,20-09-2026,6000,6000,6000
Tamil Nadu,Ranipet,Arcot(Uzhavar Sandhai ),Potato,Red Nanital,Local,20-09-2026,3000,3000,3000
Tamil Nadu,Ranipet,Arcot(Uzhavar Sandhai ),Tomato,Deshi,Local,20-09-2026,2400,2400,2400
Tamil Nadu,Ranipet,Arcot(Uzhavar Sandhai ),Bhindi(Ladies Finger),Bhindi,Local,20-09-2026,3000,3000,3000
Tamil Nadu,Ranipet,Arcot(Uzhavar Sandhai ),Coconut,Coconut,Local,20-09-2026,4000,5000,4500
Tamil Nadu,Ranipet,Arcot(Uzhavar Sandhai ),Carrot,Pusakesar,Local,20-09-2026,6000,6000,6000
Tamil Nadu,Ranipet,Arcot(Uzhavar Sandhai ),Cucumbar(Kheera),Cucumbar,Local,20-09-2026,4000,4000,4000
Tamil Nadu,Ranipet,Arcot(Uzhavar Sandhai ),Lemon,Lemon,Local,20-09-2026,20000,20000,20000
Tamil Nadu,Ranipet,Arcot(Uzhavar Sandhai ),Sweet Corn ,Sweet Corn ,Local,20-09-2026,4000,4000,4000
Tamil Nadu,Ranipet,Ranipettai(Uzhavar Sandhai ),Cauliflower,Ranchi,Local,20-09-2026,3000,3000,3000
Tamil Nadu,Ranipet,Ranipettai(Uzhavar Sandhai ),Bitter gourd,Other,Local,20-09-2026,3600,3600,3600
Tamil Nadu,Ranipet,Ranipettai(Uzhavar Sandhai ),Bottle gourd,Bottle Gourd,Local,20-09-2026,1500,1500,1500
Tamil Nadu,Ranipet,Ranipettai(Uzhavar Sandhai ),Pumpkin,Pumpkin,Local,20-09-2026,2000,2000,2000
Tamil Nadu,Ranipet,Ranipettai(Uzhavar Sandhai ),Cowpea(Veg),Cowpea (Veg),Local,20-09-2026,5000,5000,5000
Tamil Nadu,Ranipet,Ranipettai(Uzhavar Sandhai ),Banana - Green,Banana - Green,Local,20-09-2026,5000,6000,5500
Tamil Nadu,Ranipet,Ranipettai(Uzhavar Sandhai ),Ridgeguard(Tori),Ridgeguard(Tori),Local,20-09-2026,3600,4000,3800
Tamil Nadu,Ranipet,Ranipettai(Uzhavar Sandhai ),Mango(Raw-Ripe),Mango - Raw-Ripe,Local,20-09-2026,10000,12000,11000
Tamil Nadu,Ranipet,Ranipettai(Uzhavar Sandhai ),Knool Khol,Knool Khol,Local,20-09-2026,3500,3500,3500
Tamil Nadu,Ranipet,Ranipettai(Uzhavar Sandhai ),Jasmine,Jasmine,Local,20-09-2026,72000,72000,72000
Tamil Nadu,Ranipet,Ranipettai(Uzhavar Sandhai ),Marigold(Calcutta),Marigold(Calcutta),Local,20-09-2026,36000,48000,42000
Tamil Nadu,Ranipet,Ranipettai(Uzhavar Sandhai ),Colacasia,Colacasia,Local,20-09-2026,3600,4000,3800
Tamil Nadu,Salem,Ammapet(Uzhavar Sandhai ),Brinjal,Round,Local,20-09-2026,3000,3200,3100
Tamil Nadu,Salem,Ammapet(Uzhavar Sandhai ),Potato,Other,Local,20-09-2026,4600,5000,4800
Tamil Nadu,Salem,Ammapet(Uzhavar Sandhai ),Mousambi(Sweet Lime),Mousambi,Local,20-09-2026,3600,4000,3800
Tamil Nadu,Salem,Ammapet(Uzhavar Sandhai ),Pumpkin,Pumpkin,Local,20-09-2026,1800,2000,1900
Tamil Nadu,Salem,Ammapet(Uzhavar Sandhai ),Banana - Green,Banana - Green,Local,20-09-2026,2200,2400,2300
Tamil Nadu,Salem,Ammapet(Uzhavar Sandhai ),Coconut,Coconut,Local,20-09-2026,6000,6500,6250
Tamil Nadu,Salem,Ammapet(Uzhavar Sandhai ),Sweet Potato,Hosur Red,Local,20-09-2026,4600,5000,4800
Tamil Nadu,Salem,Ammapet(Uzhavar Sandhai ),Cabbage,Cabbage,Local,20-09-2026,2400,3000,2700
Tamil Nadu,Salem,Ammapet(Uzhavar Sandhai ),Snakeguard,Snakeguard,Local,20-09-2026,3200,3500,3350
Tamil Nadu,Salem,Ammapet(Uzhavar Sandhai ),Beetroot,Beetroot,Local,20-09-2026,6000,7000,6500
Tamil Nadu,Salem,Ammapet(Uzhavar Sandhai ),Raddish,Raddish,Local,20-09-2026,2400,2600,2500
Tamil Nadu,Salem,Ammapet(Uzhavar Sandhai ),Thondekai,Thondekai,Local,20-09-2026,3800,4000,3900
Tamil Nadu,Salem,Ammapet(Uzhavar Sandhai ),Chow Chow,Chow Chow,Local,20-09-2026,3800,4000,3900
Tamil Nadu,Salem,Ammapet(Uzhavar Sandhai ),Tender Coconut,Tender Coconut,Local,20-09-2026,2000,4000,3000
Tamil Nadu,Salem,Ammapet(Uzhavar Sandhai ),Marigold(Calcutta),Marigold(Calcutta),Local,20-09-2026,9000,10000,9500
Tamil Nadu,Salem,Ammapet(Uzhavar Sandhai ),Yam(Ratalu),Yam (Ratalu),Local,20-09-2026,6600,7000,6800
Tamil Nadu,Salem,Ammapet(Uzhavar Sandhai ),Amla(Nelli Kai),Amla,Local,20-09-2026,9000,10000,9500
Tamil Nadu,Salem,Ammapet(Uzhavar Sandhai ),Rose(Local),Rose (Local),Local,20-09-2026,8600,9000,8800
Tamil Nadu,Salem,Mettur(Uzhavar Sandhai ),Cauliflower,Ranchi,Local,20-09-2026,3000,3500,3250
Tamil Nadu,Salem,Mettur(Uzhavar Sandhai ),Pumpkin,Pumpkin,Local,20-09-2026,1500,2000,1750
Tamil Nadu,Salem,Mettur(Uzhavar Sandhai ),Green Chilli,Green Chilly,Local,20-09-2026,4000,4500,4250
Tamil Nadu,Salem,Mettur(Uzhavar Sandhai ),Green Avare(W),Other,Local,20-09-2026,5000,5500,5250
Tamil Nadu,Salem,Mettur(Uzhavar Sandhai ),Drumstick,Drumstick,Local,20-09-2026,2000,2500,2250
Tamil Nadu,Salem,Mettur(Uzhavar Sandhai ),Knool Khol,Knool Khol,Local,20-09-2026,4000,4500,4250
Tamil Nadu,Salem,Mettur(Uzhavar Sandhai ),Amla(Nelli Kai),Amla,Local,20-09-2026,7500,8000,7750
Tamil Nadu,Salem,Sooramangalam(Uzhavar Sandhai ),Onion,Bellary,Local,20-09-2026,6000,6500,6250
Tamil Nadu,Salem,Sooramangalam(Uzhavar Sandhai ),Ashgourd,Gouard,Local,20-09-2026,1500,1800,1650
Tamil Nadu,Thiruchirappalli,Thuraiyur APMC,Brinjal,Other,Local,20-09-2026,2000,2500,2250
Tamil Nadu,Thiruchirappalli,Thuraiyur APMC,Potato,Other,Local,20-09-2026,2500,3000,2750
Tamil Nadu,Thiruchirappalli,Thuraiyur APMC,Papaya,Papaya,Local,20-09-2026,3000,4000,3500
Tamil Nadu,Thiruchirappalli,Thuraiyur APMC,Cluster beans,Cluster Beans,Local,20-09-2026,3000,3500,3250
Tamil Nadu,Thiruchirappalli,Thuraiyur APMC,Bottle gourd,Bottle Gourd,Local,20-09-2026,2000,2500,2250
Tamil Nadu,Thiruchirappalli,Thuraiyur APMC,Bhindi(Ladies Finger),Bhindi,Local,20-09-2026,3000,3500,3250
Tamil Nadu,Thiruchirappalli,Thuraiyur APMC,Ginger(Green),Green Ginger,Local,20-09-2026,18000,20000,19000
Tamil Nadu,Thiruchirappalli,Thuraiyur APMC,Carrot,Pusakesar,Local,20-09-2026,4500,5000,4750
Tamil Nadu,Thiruchirappalli,Thuraiyur APMC,Cabbage,Cabbage,Local,20-09-2026,2500,3000,2750
Tamil Nadu,Thiruchirappalli,Thuraiyur APMC,Raddish,Raddish,Local,20-09-2026,3000,3500,3250
Tamil Nadu,Thiruchirappalli,Thuraiyur APMC,Guava,Guava Allahabad,Local,20-09-2026,7000,8000,7500
Tamil Nadu,Salem,Thammampatti (Uzhavar Sandhai ),Papaya,Papaya,Local,20-09-2026,2500,3000,2750
Tamil Nadu,Salem,Thammampatti (Uzhavar Sandhai ),Bhindi(Ladies Finger),Bhindi,Local,20-09-2026,2000,2400,2200
Tamil Nadu,Salem,Thammampatti (Uzhavar Sandhai ),Green Avare(W),Green Avare (W),Local,20-09-2026,7000,7500,7250
Tamil Nadu,Salem,Thammampatti (Uzhavar Sandhai ),Chow Chow,Chow Chow,Local,20-09-2026,4000,4000,4000
Tamil Nadu,Salem,Thammampatti (Uzhavar Sandhai ),Lime,Lime,Local,20-09-2026,3000,3000,3000
Tamil Nadu,Salem,Thammampatti (Uzhavar Sandhai ),Onion Green,Onion Green,Local,20-09-2026,5000,7000,6000
Tamil Nadu,Salem,Thammampatti (Uzhavar Sandhai ),Mint(Pudina),Mint(Pudina),Local,20-09-2026,4000,4000,4000
Tamil Nadu,Salem,Thathakapatti(Uzhavar Sandhai ),Brinjal,Round,Local,20-09-2026,2800,3400,3100
Tamil Nadu,Salem,Thathakapatti(Uzhavar Sandhai ),Onion,Bellary,Local,20-09-2026,6000,6500,6250
Tamil Nadu,Salem,Thathakapatti(Uzhavar Sandhai ),Cauliflower,Ranchi,Local,20-09-2026,2000,2500,2250
Tamil Nadu,Salem,Thathakapatti(Uzhavar Sandhai ),Bhindi(Ladies Finger),Bhindi,Local,20-09-2026,2800,3000,2900
Tamil Nadu,Salem,Thathakapatti(Uzhavar Sandhai ),Beans,Beans (Whole),Local,20-09-2026,8000,8000,8000
Tamil Nadu,Salem,Thathakapatti(Uzhavar Sandhai ),Tapioca,Tapioca,Local,20-09-2026,3500,4000,3750
Tamil Nadu,Salem,Thathakapatti(Uzhavar Sandhai ),Ginger(Green),Green Ginger,Local,20-09-2026,16000,17000,16500
Tamil Nadu,Salem,Thathakapatti(Uzhavar Sandhai ),Sweet Potato,Hosur Red,Local,20-09-2026,4000,5000,4500
Tamil Nadu,Salem,Thathakapatti(Uzhavar Sandhai ),Carrot,Pusakesar,Local,20-09-2026,5000,5500,5250
Tamil Nadu,Salem,Thathakapatti(Uzhavar Sandhai ),Snakeguard,Snakeguard,Local,20-09-2026,3400,3600,3500
Tamil Nadu,Salem,Thathakapatti(Uzhavar Sandhai ),Raddish,Raddish,Local,20-09-2026,2400,2600,2500
Tamil Nadu,Salem,Thathakapatti(Uzhavar Sandhai ),Knool Khol,Knool Khol,Local,20-09-2026,3500,4000,3750
Tamil Nadu,Salem,Thathakapatti(Uzhavar Sandhai ),Tender Coconut,Tender Coconut,Local,20-09-2026,3000,5000,4000
Tamil Nadu,Salem,Thathakapatti(Uzhavar Sandhai ),Kakada,Kakada,Local,20-09-2026,20000,24000,22000
Tamil Nadu,Salem,Thathakapatti(Uzhavar Sandhai ),Custard Apple(Sharifa),Custard Apple(Sharifa),Local,20-09-2026,4000,5000,4500
Tamil Nadu,Salem,Thathakapatti(Uzhavar Sandhai ),Amla(Nelli Kai),Amla,Local,20-09-2026,7000,8000,7500
Tamil Nadu,Salem,Thathakapatti(Uzhavar Sandhai ),Onion Green,Onion Green,Local,20-09-2026,7000,8000,7500
Tamil Nadu,Salem,Thathakapatti(Uzhavar Sandhai ),Mint(Pudina),Mint(Pudina),Local,20-09-2026,4000,5000,4500
Tamil Nadu,Theni,Chinnamanur(Uzhavar Sandhai ),Potato,Other,Local,20-09-2026,3000,3000,3000
Tamil Nadu,Theni,Chinnamanur(Uzhavar Sandhai ),Bhindi(Ladies Finger),Bhindi,Local,20-09-2026,4400,4500,4450
Tamil Nadu,Theni,Chinnamanur(Uzhavar Sandhai ),Banana - Green,Banana - Green,Local,20-09-2026,3600,3600,3600
Tamil Nadu,Theni,Chinnamanur(Uzhavar Sandhai ),Coconut,Coconut,Local,20-09-2026,5800,5800,5800
Tamil Nadu,Theni,Chinnamanur(Uzhavar Sandhai ),Sweet Potato,Hosur Red,Local,20-09-2026,5000,5000,5000
Tamil Nadu,Theni,Chinnamanur(Uzhavar Sandhai ),Knool Khol,Knool Khol,Local,20-09-2026,3600,3600,3600
Tamil Nadu,Theni,Chinnamanur(Uzhavar Sandhai ),Elephant Yam(Suran)/Amorphophallus,Elephant Yam (Suran),Local,20-09-2026,3500,3500,3500
Tamil Nadu,Theni,Kambam(Uzhavar Sandhai ),Banana,Besrai,Local,20-09-2026,7000,7000,7000
Tamil Nadu,Theni,Kambam(Uzhavar Sandhai ),Onion,Bellary,Local,20-09-2026,6500,6500,6500
Tamil Nadu,Theni,Kambam(Uzhavar Sandhai ),Bhindi(Ladies Finger),Bhindi,Local,20-09-2026,4000,4000,4000
Tamil Nadu,Theni,Kambam(Uzhavar Sandhai ),Betal Leaves,Mysore,Local,20-09-2026,25000,25000,25000
Tamil Nadu,Theni,Kambam(Uzhavar Sandhai ),Capsicum,Capsicum,Local,20-09-2026,5000,5000,5000
Tamil Nadu,Theni,Kambam(Uzhavar Sandhai ),Lime,Lime,Local,20-09-2026,9500,9500,9500
Tamil Nadu,Theni,Theni(Uzhavar Sandhai ),Soyabean,Local,Local,20-09-2026,9000,9000,9000
Tamil Nadu,Theni,Theni(Uzhavar Sandhai ),Grapes,Annabesahai,Local,20-09-2026,13000,13000,13000
Tamil Nadu,Theni,Theni(Uzhavar Sandhai ),Onion,Bellary,Local,20-09-2026,6000,6500,6250
Tamil Nadu,Theni,Theni(Uzhavar Sandhai ),Garlic,Garlic,Local,20-09-2026,10000,20000,15000
Tamil Nadu,Theni,Theni(Uzhavar Sandhai ),Cauliflower,Ranchi,Local,20-09-2026,2000,3500,2750
Tamil Nadu,Theni,Theni(Uzhavar Sandhai ),Coriander(Leaves),I Sort,Local,20-09-2026,3000,3000,3000
Tamil Nadu,Theni,Theni(Uzhavar Sandhai ),Mousambi(Sweet Lime),Mousambi,Local,20-09-2026,7000,7000,7000
Tamil Nadu,Theni,Theni(Uzhavar Sandhai ),Bitter gourd,Bitter Gourd,Local,20-09-2026,5800,5800,5800
Tamil Nadu,Theni,Theni(Uzhavar Sandhai ),Beans,Beans (Whole),Local,20-09-2026,6800,8500,7650
Tamil Nadu,Theni,Theni(Uzhavar Sandhai ),Coconut,Coconut,Local,20-09-2026,5600,5600,5600
Tamil Nadu,Theni,Theni(Uzhavar Sandhai ),Yam(Ratalu),Yam (Ratalu),Local,20-09-2026,5000,5000,5000
Tamil Nadu,Theni,Theni(Uzhavar Sandhai ),Colacasia,Colacasia,Local,20-09-2026,5000,5000,5000
Tamil Nadu,Thirunelveli,NGO Colony(Uzhavar Sandhai ),Onion,Bellary,Local,20-09-2026,5500,6300,5900
Tamil Nadu,Thirunelveli,NGO Colony(Uzhavar Sandhai ),Coconut,Coconut,Local,20-09-2026,5500,6000,5750
Tamil Nadu,Thirunelveli,NGO Colony(Uzhavar Sandhai ),Capsicum,Capsicum,Local,20-09-2026,4500,5000,4750
Tamil Nadu,Thirunelveli,NGO Colony(Uzhavar Sandhai ),Drumstick,Drumstick,Local,20-09-2026,2500,3000,2750
Tamil Nadu,Thirunelveli,Palayamkottai(Uzhavar Sandhai ),Banana,Red Banana,Local,20-09-2026,10000,11000,10500
Tamil Nadu,Thirunelveli,Palayamkottai(Uzhavar Sandhai ),Bottle gourd,Bottle Gourd,Local,20-09-2026,1200,1400,1300
Tamil Nadu,Thirunelveli,Palayamkottai(Uzhavar Sandhai ),Pumpkin,Pumpkin,Local,20-09-2026,1000,1200,1100
Tamil Nadu,Thirunelveli,Palayamkottai(Uzhavar Sandhai ),Bhindi(Ladies Finger),Bhindi,Local,20-09-2026,3600,4000,3800
Tamil Nadu,Thirunelveli,Palayamkottai(Uzhavar Sandhai ),Coconut,Coconut,Local,20-09-2026,5600,6000,5800
Tamil Nadu,Thirunelveli,Palayamkottai(Uzhavar Sandhai ),Cucumbar(Kheera),Cucumbar,Local,20-09-2026,4000,6000,5000
Tamil Nadu,Thirunelveli,Palayamkottai(Uzhavar Sandhai ),Drumstick,Drumstick,Local,20-09-2026,2800,3000,2900
Tamil Nadu,Thirupur,Kangayam(Uzhavar Sandhai ),Bhindi(Ladies Finger),Bhindi,Local,20-09-2026,5000,5500,5250
Tamil Nadu,Thirupur,Tiruppur (North) (Uzhavar Sandhai ),Brinjal,Other,Local,20-09-2026,2500,3000,2750
Tamil Nadu,Thirupur,Tiruppur (North) (Uzhavar Sandhai ),Banana,Red Banana,Local,20-09-2026,6000,7000,6500
Tamil Nadu,Thirupur,Tiruppur (North) (Uzhavar Sandhai ),Coriander(Leaves),I Sort,Local,20-09-2026,4500,5000,4750
Tamil Nadu,Thirupur,Tiruppur (North) (Uzhavar Sandhai ),Bhindi(Ladies Finger),Bhindi,Local,20-09-2026,3500,4000,3750
Tamil Nadu,Thirupur,Tiruppur (North) (Uzhavar Sandhai ),Cowpea(Veg),Cowpea (Veg),Local,20-09-2026,3000,3500,3250
Tamil Nadu,Thirupur,Tiruppur (North) (Uzhavar Sandhai ),Carrot,Pusakesar,Local,20-09-2026,4500,5000,4750
Tamil Nadu,Thirupur,Tiruppur (North) (Uzhavar Sandhai ),Cabbage,Cabbage,Local,20-09-2026,2500,3000,2750
Tamil Nadu,Thirupur,Tiruppur (North) (Uzhavar Sandhai ),Beetroot,Beetroot,Local,20-09-2026,5000,6000,5500
Tamil Nadu,Thirupur,Tiruppur (North) (Uzhavar Sandhai ),Green Avare(W),Other,Local,20-09-2026,5000,6000,5500
Tamil Nadu,Thirupur,Tiruppur (North) (Uzhavar Sandhai ),Amla(Nelli Kai),Amla,Local,20-09-2026,5000,6000,5500
Tamil Nadu,Thiruvannamalai,Chengam(Uzhavar Sandhai ),Papaya,Papaya,Local,20-09-2026,3300,4000,3650
Tamil Nadu,Thiruvannamalai,Chengam(Uzhavar Sandhai ),Cluster beans,Cluster Beans,Local,20-09-2026,3300,4000,3650
Tamil Nadu,Thiruvannamalai,Chengam(Uzhavar Sandhai ),Bitter gourd,Bitter Gourd,Local,20-09-2026,5000,6000,5500
Tamil Nadu,Thiruvannamalai,Chengam(Uzhavar Sandhai ),Banana - Green,Banana - Green,Local,20-09-2026,1200,1500,1350
Tamil Nadu,Thiruvannamalai,Chengam(Uzhavar Sandhai ),Beans,Beans (Whole),Local,20-09-2026,7000,8000,7500
Tamil Nadu,Thiruvannamalai,Chengam(Uzhavar Sandhai ),Drumstick,Drumstick,Local,20-09-2026,5000,6000,5500
Tamil Nadu,Thiruvannamalai,Tamarainagar(Uzhavar Sandhai ),Groundnut,Big (With Shell),Local,20-09-2026,7500,9000,8250
Tamil Nadu,Thiruvannamalai,Tamarainagar(Uzhavar Sandhai ),Banana,Besrai,Local,20-09-2026,5000,6000,5500
Tamil Nadu,Thiruvannamalai,Tamarainagar(Uzhavar Sandhai ),Pumpkin,Pumpkin,Local,20-09-2026,2000,2500,2250
Tamil Nadu,Thiruvannamalai,Tamarainagar(Uzhavar Sandhai ),Sweet Potato,Hosur Red,Local,20-09-2026,5000,6000,5500
Tamil Nadu,Thiruvannamalai,Tamarainagar(Uzhavar Sandhai ),Snakeguard,Snakeguard,Local,20-09-2026,2500,3000,2750
Tamil Nadu,Thiruvannamalai,Tamarainagar(Uzhavar Sandhai ),Ridgeguard(Tori),Ridgeguard(Tori),Local,20-09-2026,3500,4000,3750
Tamil Nadu,Thiruvannamalai,Tamarainagar(Uzhavar Sandhai ),Fig(Anjura/Anjeer),Anjura,Local,20-09-2026,5000,6000,5500
Tamil Nadu,Thiruvannamalai,Tamarainagar(Uzhavar Sandhai ),Marigold(Calcutta),Marigold(Calcutta),Local,20-09-2026,25000,30000,27500
Tamil Nadu,Thiruvannamalai,Vandavasi(Uzhavar Sandhai ),Onion,Bellary,Local,20-09-2026,5000,6000,5500
Tamil Nadu,Thiruvannamalai,Vandavasi(Uzhavar Sandhai ),Pumpkin,Pumpkin,Local,20-09-2026,2500,3000,2750
Tamil Nadu,Thiruvannamalai,Vandavasi(Uzhavar Sandhai ),Green Chilli,Green Chilly,Local,20-09-2026,5000,6000,5500
Tamil Nadu,Thiruvannamalai,Vandavasi(Uzhavar Sandhai ),Beans,Beans (Whole),Local,20-09-2026,5000,6000,5500
Tamil Nadu,Thiruvannamalai,Vandavasi(Uzhavar Sandhai ),Coconut,Coconut,Local,20-09-2026,4000,5000,4500
Tamil Nadu,Thiruvannamalai,Vandavasi(Uzhavar Sandhai ),Carrot,Pusakesar,Local,20-09-2026,5000,6000,5500
Tamil Nadu,Thiruvannamalai,Vandavasi(Uzhavar Sandhai ),Ridgeguard(Tori),Ridgeguard(Tori),Local,20-09-2026,2500,3000,2750
Tamil Nadu,Thiruvannamalai,Vandavasi(Uzhavar Sandhai ),Yam(Ratalu),Yam (Ratalu),Local,20-09-2026,6000,7000,6500
Tamil Nadu,Thiruvannamalai,Vandavasi(Uzhavar Sandhai ),Onion Green,Onion Green,Local,20-09-2026,5000,6000,5500
Tamil Nadu,Thiruvarur,Muthupettai(Uzhavar Sandhai ),Onion,Bellary,Local,20-09-2026,6000,6000,6000
Tamil Nadu,Thiruvarur,Muthupettai(Uzhavar Sandhai ),Bottle gourd,Bottle Gourd,Local,20-09-2026,2800,2800,2800
Tamil Nadu,Thiruvarur,Muthupettai(Uzhavar Sandhai ),Bhindi(Ladies Finger),Bhindi,Local,20-09-2026,3600,3600,3600
Tamil Nadu,Thiruvarur,Muthupettai(Uzhavar Sandhai ),Snakeguard,Snakeguard,Local,20-09-2026,3400,3400,3400
Tamil Nadu,Thiruvarur,Muthupettai(Uzhavar Sandhai ),Onion Green,Onion Green,Local,20-09-2026,9500,9500,9500
Tamil Nadu,Coimbatore,Sulur(Uzhavar Sandhai ),Papaya,Papaya,Local,20-09-2026,4600,5400,5000
Tamil Nadu,Coimbatore,Sulur(Uzhavar Sandhai ),Cluster beans,Cluster Beans,Local,20-09-2026,3400,3800,3600
Tamil Nadu,Coimbatore,Sulur(Uzhavar Sandhai ),Bitter gourd,Bitter Gourd,Local,20-09-2026,4400,5000,4700
Tamil Nadu,Coimbatore,Sulur(Uzhavar Sandhai ),Pumpkin,Pumpkin,Local,20-09-2026,1600,2000,1800
Tamil Nadu,Coimbatore,Sulur(Uzhavar Sandhai ),Amaranthus,Amaranthus,Local,20-09-2026,5000,6000,5500
Tamil Nadu,Coimbatore,Sulur(Uzhavar Sandhai ),Banana - Green,Banana - Green,Local,20-09-2026,4000,4500,4250
Tamil Nadu,Coimbatore,Sulur(Uzhavar Sandhai ),Beetroot,Beetroot,Local,20-09-2026,4000,5800,4900
Tamil Nadu,Coimbatore,Sulur(Uzhavar Sandhai ),Raddish,Raddish,Local,20-09-2026,2600,3200,2900
Tamil Nadu,Coimbatore,Sulur(Uzhavar Sandhai ),Capsicum,Capsicum,Local,20-09-2026,5400,6000,5700
Tamil Nadu,Pudukkottai,Gandarvakottai(Uzhavar Sandhai ),Brinjal,Round,Local,20-09-2026,5500,6000,5750
Tamil Nadu,Pudukkottai,Gandarvakottai(Uzhavar Sandhai ),Coriander(Leaves),I Sort,Local,20-09-2026,4500,5000,4750
Tamil Nadu,Pudukkottai,Gandarvakottai(Uzhavar Sandhai ),Ashgourd,Gouard,Local,20-09-2026,1000,1500,1250
Tamil Nadu,Pudukkottai,Gandarvakottai(Uzhavar Sandhai ),Mango(Raw-Ripe),Mango - Raw-Ripe,Local,20-09-2026,9500,10000,9750
Tamil Nadu,Cuddalore,Panruti(Uzhavar Sandhai ),Onion,Bellary,Local,20-09-2026,5500,5500,5500
Tamil Nadu,Cuddalore,Panruti(Uzhavar Sandhai ),Coriander(Leaves),I Sort,Local,20-09-2026,6000,6000,6000
Tamil Nadu,Cuddalore,Panruti(Uzhavar Sandhai ),Bitter gourd,Bitter Gourd,Local,20-09-2026,5000,5000,5000
Tamil Nadu,Cuddalore,Panruti(Uzhavar Sandhai ),Raddish,Raddish,Local,20-09-2026,2500,2500,2500
Tamil Nadu,Cuddalore,Panruti(Uzhavar Sandhai ),Drumstick,Drumstick,Local,20-09-2026,4000,4000,4000
Tamil Nadu,Cuddalore,Panruti(Uzhavar Sandhai ),Guava,Guava Allahabad,Local,20-09-2026,4000,4000,4000
Tamil Nadu,Cuddalore,Vadalur(Uzhavar Sandhai ),Tomato,Local,Local,20-09-2026,3000,3000,3000
Tamil Nadu,Cuddalore,Vadalur(Uzhavar Sandhai ),Ashgourd,Gouard,Local,20-09-2026,2000,2000,2000
Tamil Nadu,Cuddalore,Vadalur(Uzhavar Sandhai ),Amaranthus,Amaranthus,Local,20-09-2026,3000,3500,3250
Tamil Nadu,Cuddalore,Vadalur(Uzhavar Sandhai ),Cucumbar(Kheera),Cucumbar,Local,20-09-2026,4000,4000,4000
Tamil Nadu,Cuddalore,Vadalur(Uzhavar Sandhai ),Yam(Ratalu),Yam (Ratalu),Local,20-09-2026,6000,6000,6000
Tamil Nadu,Dharmapuri,AJattihalli(Uzhavar Sandhai ),Onion,Bellary,Local,20-09-2026,5500,6400,5950
Tamil Nadu,Dharmapuri,AJattihalli(Uzhavar Sandhai ),Green Chilli,Green Chilly,Local,20-09-2026,3500,4000,3750
Tamil Nadu,Dharmapuri,AJattihalli(Uzhavar Sandhai ),Banana - Green,Banana - Green,Local,20-09-2026,2500,3000,2750
Tamil Nadu,Dharmapuri,AJattihalli(Uzhavar Sandhai ),Ridgeguard(Tori),Ridgeguard(Tori),Local,20-09-2026,3000,3000,3000
Tamil Nadu,Dharmapuri,AJattihalli(Uzhavar Sandhai ),Raddish,Raddish,Local,20-09-2026,1600,2000,1800
Tamil Nadu,Dharmapuri,AJattihalli(Uzhavar Sandhai ),Thondekai,Thondekai,Local,20-09-2026,4500,4500,4500
Tamil Nadu,Dharmapuri,AJattihalli(Uzhavar Sandhai ),Capsicum,Capsicum,Local,20-09-2026,7000,7000,7000
Tamil Nadu,Dharmapuri,AJattihalli(Uzhavar Sandhai ),Amla(Nelli Kai),Amla,Local,20-09-2026,10000,10000,10000
Tamil Nadu,Karur,Pallapatti (Uzhavar Sandhai ),Tomato,Other,Local,20-09-2026,2500,3000,2750
Tamil Nadu,Karur,Pallapatti (Uzhavar Sandhai ),Cluster beans,Cluster Beans,Local,20-09-2026,3500,4000,3750
Tamil Nadu,Karur,Pallapatti (Uzhavar Sandhai ),Green Avare(W),Other,Local,20-09-2026,8000,10000,9000
Tamil Nadu,Karur,Pallapatti (Uzhavar Sandhai ),Onion Green,Onion Green,Local,20-09-2026,8500,9000,8750
Tamil Nadu,Karur,Pallapatti (Uzhavar Sandhai ),Mint(Pudina),Mint(Pudina),Local,20-09-2026,4500,5000,4750
Tamil Nadu,Karur,Velayuthampalayam(Uzhavar Sandhai ),Pumpkin,Pumpkin,Local,20-09-2026,2000,2500,2250
Tamil Nadu,Karur,Vengamedu(Uzhavar Sandhai ),Coriander(Leaves),I Sort,Local,20-09-2026,5500,6000,5750
Tamil Nadu,Karur,Vengamedu(Uzhavar Sandhai ),Bottle gourd,Bottle Gourd,Local,20-09-2026,2500,3000,2750
Tamil Nadu,Karur,Vengamedu(Uzhavar Sandhai ),Snakeguard,Snakeguard,Local,20-09-2026,3000,3500,3250
Tamil Nadu,Karur,Vengamedu(Uzhavar Sandhai ),Lemon,Lemon,Local,20-09-2026,29500,30000,29750
Tamil Nadu,Karur,Vengamedu(Uzhavar Sandhai ),Mint(Pudina),Mint(Pudina),Local,20-09-2026,5500,6000,5750
Tamil Nadu,Theni,Devaram(Uzhavar Sandhai ),Cauliflower,Ranchi,Local,20-09-2026,3500,3500,3500
Tamil Nadu,Theni,Devaram(Uzhavar Sandhai ),Coriander(Leaves),I Sort,Local,20-09-2026,3000,3000,3000
Tamil Nadu,Theni,Devaram(Uzhavar Sandhai ),Cluster beans,Cluster Beans,Local,20-09-2026,3000,3000,3000
Tamil Nadu,Theni,Devaram(Uzhavar Sandhai ),Ashgourd,Gouard,Local,20-09-2026,1500,1500,1500
Tamil Nadu,Theni,Devaram(Uzhavar Sandhai ),Pumpkin,Pumpkin,Local,20-09-2026,1500,1500,1500
Tamil Nadu,Theni,Devaram(Uzhavar Sandhai ),Bhindi(Ladies Finger),Bhindi,Local,20-09-2026,3800,3800,3800
Tamil Nadu,Theni,Devaram(Uzhavar Sandhai ),Banana - Green,Banana - Green,Local,20-09-2026,3000,3000,3000
Tamil Nadu,Theni,Devaram(Uzhavar Sandhai ),Coconut,Coconut,Local,20-09-2026,5600,5600,5600
Tamil Nadu,Theni,Devaram(Uzhavar Sandhai ),Snakeguard,Snakeguard,Local,20-09-2026,2500,2500,2500
Tamil Nadu,Theni,Devaram(Uzhavar Sandhai ),Beetroot,Beetroot,Local,20-09-2026,3600,3600,3600
Tamil Nadu,Theni,Devaram(Uzhavar Sandhai ),Lemon,Lemon,Local,20-09-2026,22000,22000,22000
Tamil Nadu,Theni,Devaram(Uzhavar Sandhai ),Mint(Pudina),Mint(Pudina),Local,20-09-2026,5500,5500,5500
Tamil Nadu,Salem,Attayampatti(Uzhavar Sandhai ),Groundnut,Big (With Shell),Local,20-09-2026,7000,7000,7000
Tamil Nadu,Salem,Attayampatti(Uzhavar Sandhai ),Chikoos(Sapota),Sapota,Local,20-09-2026,5000,5000,5000
Tamil Nadu,Salem,Attayampatti(Uzhavar Sandhai ),Cluster beans,Cluster Beans,Local,20-09-2026,3500,3500,3500
Tamil Nadu,Salem,Attayampatti(Uzhavar Sandhai ),Green Chilli,Green Chilly,Local,20-09-2026,4000,4500,4250
Tamil Nadu,Salem,Attayampatti(Uzhavar Sandhai ),Banana - Green,Banana - Green,Local,20-09-2026,2400,2800,2600
Tamil Nadu,Salem,Attayampatti(Uzhavar Sandhai ),Mint(Pudina),Mint(Pudina),Local,20-09-2026,4000,5000,4500
Tamil Nadu,Sivaganga,Sivagangai (Uzhavar Sandhai ),Banana,Poovan,Local,20-09-2026,4000,4000,4000
Tamil Nadu,Sivaganga,Sivagangai (Uzhavar Sandhai ),Cluster beans,Cluster Beans,Local,20-09-2026,3800,4200,4000
Tamil Nadu,Sivaganga,Sivagangai (Uzhavar Sandhai ),Bottle gourd,Bottle Gourd,Local,20-09-2026,2200,2800,2500
Tamil Nadu,Sivaganga,Sivagangai (Uzhavar Sandhai ),Pumpkin,Pumpkin,Local,20-09-2026,1800,2200,2000
Tamil Nadu,Sivaganga,Sivagangai (Uzhavar Sandhai ),Coconut,Coconut,Local,20-09-2026,7000,7200,7100
Tamil Nadu,Sivaganga,Sivagangai (Uzhavar Sandhai ),Drumstick,Drumstick,Local,20-09-2026,4200,6200,5200
Tamil Nadu,Sivaganga,Sivagangai (Uzhavar Sandhai ),Guava,Guava Allahabad,Local,20-09-2026,6200,7200,6700
Tamil Nadu,Sivaganga,Sivagangai (Uzhavar Sandhai ),Indian Beans(Seam),Indian Beans (Seam),Local,20-09-2026,5600,6200,5900
Tamil Nadu,Sivaganga,Sivagangai (Uzhavar Sandhai ),Onion Green,Onion Green,Local,20-09-2026,8200,9200,8700
Tamil Nadu,Sivaganga,Sivagangai (Uzhavar Sandhai ),Mint(Pudina),Mint(Pudina),Local,20-09-2026,5600,6200,5900
Tamil Nadu,Salem,Edapadi (Uzhavar Sandhai ),Brinjal,Other,Local,20-09-2026,3200,3500,3350
Tamil Nadu,Salem,Edapadi (Uzhavar Sandhai ),Onion,Bellary,Local,20-09-2026,6400,6800,6600
Tamil Nadu,Salem,Edapadi (Uzhavar Sandhai ),Potato,Other,Local,20-09-2026,4500,5000,4750
Tamil Nadu,Salem,Edapadi (Uzhavar Sandhai ),Coriander(Leaves),I Sort,Local,20-09-2026,1800,2000,1900
Tamil Nadu,Salem,Edapadi (Uzhavar Sandhai ),Bhindi(Ladies Finger),Bhindi,Local,20-09-2026,2200,2600,2400
Tamil Nadu,Salem,Edapadi (Uzhavar Sandhai ),Snakeguard,Snakeguard,Local,20-09-2026,3500,4000,3750
Tamil Nadu,Salem,Edapadi (Uzhavar Sandhai ),Raddish,Raddish,Local,20-09-2026,2200,2500,2350
Tamil Nadu,Salem,Edapadi (Uzhavar Sandhai ),Capsicum,Capsicum,Local,20-09-2026,5500,6000,5750
Tamil Nadu,Salem,Edapadi (Uzhavar Sandhai ),Elephant Yam(Suran)/Amorphophallus,Elephant Yam (Suran),Local,20-09-2026,3500,4000,3750
Tamil Nadu,Salem,Elampillai(Uzhavar Sandhai ),Potato,Other,Local,20-09-2026,2500,2800,2650
Tamil Nadu,Salem,Elampillai(Uzhavar Sandhai ),Mousambi(Sweet Lime),Mousambi,Local,20-09-2026,3000,3500,3250
Tamil Nadu,Salem,Elampillai(Uzhavar Sandhai ),Pumpkin,Pumpkin,Local,20-09-2026,1800,2000,1900
Tamil Nadu,Salem,Elampillai(Uzhavar Sandhai ),Banana - Green,Banana - Green,Local,20-09-2026,2500,3000,2750
Tamil Nadu,Salem,Elampillai(Uzhavar Sandhai ),Beans,Beans (Whole),Local,20-09-2026,7000,8000,7500
Tamil Nadu,Salem,Elampillai(Uzhavar Sandhai ),Coconut,Coconut,Local,20-09-2026,6000,6500,6250
Tamil Nadu,Salem,Elampillai(Uzhavar Sandhai ),Carrot,Pusakesar,Local,20-09-2026,5000,5500,5250
Tamil Nadu,Salem,Elampillai(Uzhavar Sandhai ),Snakeguard,Snakeguard,Local,20-09-2026,3400,3600,3500
Tamil Nadu,Salem,Elampillai(Uzhavar Sandhai ),Mint(Pudina),Mint(Pudina),Local,20-09-2026,4000,4500,4250
Tamil Nadu,Salem,Hasthampatti(Uzhavar Sandhai ),Banana,Red Banana,Local,20-09-2026,7500,8000,7750
Tamil Nadu,Salem,Hasthampatti(Uzhavar Sandhai ),Coriander(Leaves),I Sort,Local,20-09-2026,1800,2000,1900
Tamil Nadu,Salem,Hasthampatti(Uzhavar Sandhai ),Green Peas,Green Peas,Local,20-09-2026,15000,15500,15250
Tamil Nadu,Salem,Hasthampatti(Uzhavar Sandhai ),Bhindi(Ladies Finger),Bhindi,Local,20-09-2026,3000,3400,3200
Tamil Nadu,Salem,Hasthampatti(Uzhavar Sandhai ),Ginger(Green),Green Ginger,Local,20-09-2026,17000,17500,17250
Tamil Nadu,Salem,Hasthampatti(Uzhavar Sandhai ),Cabbage,Cabbage,Local,20-09-2026,3000,3400,3200
Tamil Nadu,Salem,Hasthampatti(Uzhavar Sandhai ),Cucumbar(Kheera),Cucumbar,Local,20-09-2026,5000,6000,5500
Tamil Nadu,Salem,Hasthampatti(Uzhavar Sandhai ),Thondekai,Thondekai,Local,20-09-2026,3500,4000,3750
Tamil Nadu,Salem,Hasthampatti(Uzhavar Sandhai ),Guava,Guava Allahabad,Local,20-09-2026,4000,5000,4500
Tamil Nadu,Salem,Hasthampatti(Uzhavar Sandhai ),Indian Beans(Seam),Indian Beans (Seam),Local,20-09-2026,6000,6500,6250
Tamil Nadu,Salem,Hasthampatti(Uzhavar Sandhai ),Mint(Pudina),Mint(Pudina),Local,20-09-2026,4000,4500,4250
Tamil Nadu,Salem,Jalagandapuram(Uzhavar Sandhai ),Bitter gourd,Other,Local,20-09-2026,4000,4500,4250
Tamil Nadu,Salem,Jalagandapuram(Uzhavar Sandhai ),Bhindi(Ladies Finger),Bhindi,Local,20-09-2026,2200,2600,2400
Tamil Nadu,Salem,Jalagandapuram(Uzhavar Sandhai ),Sweet Potato,Hosur Red,Local,20-09-2026,4000,4500,4250
Tamil Nadu,Salem,Jalagandapuram(Uzhavar Sandhai ),Beetroot,Beetroot,Local,20-09-2026,5000,6000,5500
Tamil Nadu,Salem,Jalagandapuram(Uzhavar Sandhai ),Green Avare(W),Other,Local,20-09-2026,6000,6500,6250
Tamil Nadu,Salem,Jalagandapuram(Uzhavar Sandhai ),Drumstick,Drumstick,Local,20-09-2026,3000,3500,3250
Tamil Nadu,Sivaganga,Singampunari(Uzhavar Sandhai ),Brinjal,Other,Local,20-09-2026,3400,3800,3600
Tamil Nadu,Sivaganga,Singampunari(Uzhavar Sandhai ),Cluster beans,Cluster Beans,Local,20-09-2026,3800,4200,4000
Tamil Nadu,Sivaganga,Singampunari(Uzhavar Sandhai ),Beetroot,Beetroot,Local,20-09-2026,4200,5200,4700
Tamil Nadu,Sivaganga,Singampunari(Uzhavar Sandhai ),Guava,Guava Allahabad,Local,20-09-2026,6000,7000,6500
Tamil Nadu,Sivaganga,Karaikudi(Uzhavar Sandhai ),Brinjal,Other,Local,20-09-2026,3600,4000,3800
Tamil Nadu,Sivaganga,Karaikudi(Uzhavar Sandhai ),Banana,Poovan,Local,20-09-2026,3500,4000,3750
Tamil Nadu,Sivaganga,Karaikudi(Uzhavar Sandhai ),Potato,Red Nanital,Local,20-09-2026,4000,6000,5000
Tamil Nadu,Sivaganga,Karaikudi(Uzhavar Sandhai ),Papaya,Papaya,Local,20-09-2026,5000,5500,5250
Tamil Nadu,Sivaganga,Karaikudi(Uzhavar Sandhai ),Amaranthus,Amaranthus,Local,20-09-2026,3500,4000,3750
Tamil Nadu,Sivaganga,Karaikudi(Uzhavar Sandhai ),Ginger(Green),Green Ginger,Local,20-09-2026,21000,21000,21000
Tamil Nadu,Sivaganga,Karaikudi(Uzhavar Sandhai ),Knool Khol,Knool Khol,Local,20-09-2026,5000,5200,5100
Tamil Nadu,Sivaganga,Karaikudi(Uzhavar Sandhai ),Onion Green,Onion Green,Local,20-09-2026,8500,9500,9000
Tamil Nadu,Sivaganga,Karaikudi(Uzhavar Sandhai ),Mint(Pudina),Mint(Pudina),Local,20-09-2026,6000,6500,6250
Tamil Nadu,Sivaganga,Tirupatthur(Uzhavar Sandhai ),Brinjal,Other,Local,20-09-2026,3500,4000,3750
Tamil Nadu,Sivaganga,Tirupatthur(Uzhavar Sandhai ),Tomato,Other,Local,20-09-2026,2500,3000,2750
Tamil Nadu,Sivaganga,Tirupatthur(Uzhavar Sandhai ),Bottle gourd,Bottle Gourd,Local,20-09-2026,2500,3000,2750
Tamil Nadu,Sivaganga,Tirupatthur(Uzhavar Sandhai ),Pumpkin,Pumpkin,Local,20-09-2026,2000,2500,2250
Tamil Nadu,Sivaganga,Tirupatthur(Uzhavar Sandhai ),Beans,Beans (Whole),Local,20-09-2026,8400,9500,8950
Tamil Nadu,Sivaganga,Tirupatthur(Uzhavar Sandhai ),Beetroot,Beetroot,Local,20-09-2026,4400,5500,4950
Tamil Nadu,Sivaganga,Tirupatthur(Uzhavar Sandhai ),Ridgeguard(Tori),Ridgeguard(Tori),Local,20-09-2026,3500,4000,3750
Tamil Nadu,Sivaganga,Tirupatthur(Uzhavar Sandhai ),Guava,Guava Allahabad,Local,20-09-2026,6400,7500,6950
Tamil Nadu,Thanjavur,Pattukottai(Uzhavar Sandhai ),Bitter gourd,Bitter Gourd,Local,20-09-2026,6000,6000,6000
Tamil Nadu,Thanjavur,Pattukottai(Uzhavar Sandhai ),Bottle gourd,Bottle Gourd,Local,20-09-2026,2600,2600,2600
Tamil Nadu,Thanjavur,Pattukottai(Uzhavar Sandhai ),Pumpkin,Pumpkin,Local,20-09-2026,2600,2600,2600
Tamil Nadu,Thanjavur,Pattukottai(Uzhavar Sandhai ),Amaranthus,Amaranthus,Local,20-09-2026,2000,2000,2000
Tamil Nadu,Thanjavur,Pattukottai(Uzhavar Sandhai ),Beans,Beans (Whole),Local,20-09-2026,9000,9000,9000
Tamil Nadu,Thanjavur,Pattukottai(Uzhavar Sandhai ),Coconut,Coconut,Local,20-09-2026,5000,5000,5000
Tamil Nadu,Thanjavur,Pattukottai(Uzhavar Sandhai ),Carrot,Pusakesar,Local,20-09-2026,6400,6400,6400
Tamil Nadu,Thanjavur,Pattukottai(Uzhavar Sandhai ),Onion Green,Onion Green,Local,20-09-2026,9000,9000,9000
Tamil Nadu,Thiruchirappalli,Lalgudi(Uzhavar Sandhai ),Potato,Other,Local,20-09-2026,5000,5000,5000
Tamil Nadu,Thiruchirappalli,Lalgudi(Uzhavar Sandhai ),Coriander(Leaves),I Sort,Local,20-09-2026,3600,3600,3600
Tamil Nadu,Thiruchirappalli,Lalgudi(Uzhavar Sandhai ),Papaya,Papaya,Local,20-09-2026,4000,4000,4000
Tamil Nadu,Thiruchirappalli,Lalgudi(Uzhavar Sandhai ),Tomato,Local,Local,20-09-2026,2800,2800,2800
Tamil Nadu,Thiruchirappalli,Lalgudi(Uzhavar Sandhai ),Green Chilli,Green Chilly,Local,20-09-2026,4400,4400,4400
Tamil Nadu,Thiruchirappalli,Lalgudi(Uzhavar Sandhai ),Beans,Beans (Whole),Local,20-09-2026,7600,7600,7600
Tamil Nadu,Thiruchirappalli,Lalgudi(Uzhavar Sandhai ),Beetroot,Beetroot,Local,20-09-2026,5000,5000,5000
Tamil Nadu,Thiruchirappalli,Lalgudi(Uzhavar Sandhai ),Ridgeguard(Tori),Ridgeguard(Tori),Local,20-09-2026,4600,4600,4600
Tamil Nadu,Thiruchirappalli,Lalgudi(Uzhavar Sandhai ),Chow Chow,Chow Chow,Local,20-09-2026,4000,4000,4000
Tamil Nadu,Thiruchirappalli,Lalgudi(Uzhavar Sandhai ),Elephant Yam(Suran)/Amorphophallus,Elephant Yam (Suran),Local,20-09-2026,3600,3600,3600
Tamil Nadu,Thiruchirappalli,Lalgudi(Uzhavar Sandhai ),Amla(Nelli Kai),Amla,Local,20-09-2026,11000,11000,11000
Tamil Nadu,Thiruchirappalli,Lalgudi(Uzhavar Sandhai ),Mint(Pudina),Mint(Pudina),Local,20-09-2026,6600,6600,6600
Tamil Nadu,Thiruchirappalli,Manachanallur(Uzhavar Sandhai ),Garlic,Garlic,Local,20-09-2026,16000,18000,17000
Tamil Nadu,Thiruchirappalli,Manachanallur(Uzhavar Sandhai ),Bottle gourd,Bottle Gourd,Local,20-09-2026,2000,2500,2250
Tamil Nadu,Thiruchirappalli,Manachanallur(Uzhavar Sandhai ),Cabbage,Cabbage,Local,20-09-2026,2500,3000,2750
Tamil Nadu,Thiruchirappalli,Manachanallur(Uzhavar Sandhai ),Ridgeguard(Tori),Ridgeguard(Tori),Local,20-09-2026,4000,4500,4250
Tamil Nadu,Thiruchirappalli,Manachanallur(Uzhavar Sandhai ),Raddish,Raddish,Local,20-09-2026,3000,3500,3250
Tamil Nadu,Thiruchirappalli,Manachanallur(Uzhavar Sandhai ),Thondekai,Thondekai,Local,20-09-2026,5000,5500,5250
Tamil Nadu,Thiruchirappalli,Manachanallur(Uzhavar Sandhai ),Mango(Raw-Ripe),Mango - Raw-Ripe,Local,20-09-2026,9000,11000,10000
Tamil Nadu,Thiruchirappalli,Manachanallur(Uzhavar Sandhai ),Knool Khol,Knool Khol,Local,20-09-2026,3000,3500,3250
Tamil Nadu,Thiruchirappalli,Manachanallur(Uzhavar Sandhai ),Onion Green,Onion Green,Local,20-09-2026,8000,10000,9000
Tamil Nadu,Thiruchirappalli,Manapparai(Uzhavar Sandhai ),Brinjal,Other,Local,20-09-2026,2400,2400,2400
Tamil Nadu,Thiruchirappalli,Manapparai(Uzhavar Sandhai ),Grapes,Annabesahai,Local,20-09-2026,9000,9000,9000
Tamil Nadu,Thiruchirappalli,Manapparai(Uzhavar Sandhai ),Onion,Bellary,Local,20-09-2026,5000,7000,6000
Tamil Nadu,Thiruchirappalli,Manapparai(Uzhavar Sandhai ),Cluster beans,Cluster Beans,Local,20-09-2026,3600,3600,3600
Tamil Nadu,Thiruchirappalli,Manapparai(Uzhavar Sandhai ),Banana - Green,Banana - Green,Local,20-09-2026,3000,3000,3000
Tamil Nadu,Thiruchirappalli,Manapparai(Uzhavar Sandhai ),Raddish,Raddish,Local,20-09-2026,3000,3600,3300
Tamil Nadu,Thiruchirappalli,Manapparai(Uzhavar Sandhai ),Mango(Raw-Ripe),Mango - Raw-Ripe,Local,20-09-2026,12000,12000,12000
Tamil Nadu,Thiruchirappalli,Musiri(Uzhavar Sandhai ),Pumpkin,Pumpkin,Local,20-09-2026,1500,2000,1750
Tamil Nadu,Thiruchirappalli,Musiri(Uzhavar Sandhai ),Banana - Green,Banana - Green,Local,20-09-2026,2500,2500,2500
Tamil Nadu,Thiruchirappalli,Musiri(Uzhavar Sandhai ),Green Avare(W),Green Avare (W),Local,20-09-2026,7000,8000,7500
Tamil Nadu,Thiruchirappalli,Musiri(Uzhavar Sandhai ),Knool Khol,Knool Khol,Local,20-09-2026,2500,3000,2750
Tamil Nadu,Thiruchirappalli,Musiri(Uzhavar Sandhai ),Indian Beans(Seam),Indian Beans (Seam),Local,20-09-2026,6000,7000,6500
Tamil Nadu,Thiruchirappalli,Thiruverumbur(Uzhavar Sandhai ),Cluster beans,Cluster Beans,Local,20-09-2026,3600,3600,3600
Tamil Nadu,Thiruchirappalli,Thiruverumbur(Uzhavar Sandhai ),Amaranthus,Amaranthus,Local,20-09-2026,2000,2000,2000
Tamil Nadu,Thiruchirappalli,Thiruverumbur(Uzhavar Sandhai ),Beans,Beans (Whole),Local,20-09-2026,8000,8000,8000
Tamil Nadu,Thiruchirappalli,Thiruverumbur(Uzhavar Sandhai ),Ginger(Green),Green Ginger,Local,20-09-2026,19000,19000,19000
Tamil Nadu,Thiruchirappalli,Thiruverumbur(Uzhavar Sandhai ),Chow Chow,Chow Chow,Local,20-09-2026,4000,4000,4000
Tamil Nadu,Thiruchirappalli,Thiruverumbur(Uzhavar Sandhai ),Drumstick,Drumstick,Local,20-09-2026,4000,4600,4300
Tamil Nadu,Thiruchirappalli,Thiruverumbur(Uzhavar Sandhai ),Indian Beans(Seam),Indian Beans (Seam),Local,20-09-2026,7000,7000,7000
Tamil Nadu,Virudhunagar,Rajapalayam(Uzhavar Sandhai ),Brinjal,Round,Local,20-09-2026,2500,3000,2750
Tamil Nadu,Virudhunagar,Rajapalayam(Uzhavar Sandhai ),Soyabean,Local,Local,20-09-2026,10000,12000,11000
Tamil Nadu,Virudhunagar,Rajapalayam(Uzhavar Sandhai ),Banana,Besrai,Local,20-09-2026,3500,4000,3750
Tamil Nadu,Virudhunagar,Rajapalayam(Uzhavar Sandhai ),Papaya,Papaya,Local,20-09-2026,3000,3500,3250
Tamil Nadu,Virudhunagar,Rajapalayam(Uzhavar Sandhai ),Cabbage,Cabbage,Local,20-09-2026,3000,3500,3250
Tamil Nadu,Virudhunagar,Rajapalayam(Uzhavar Sandhai ),Elephant Yam(Suran)/Amorphophallus,Elephant Yam (Suran),Local,20-09-2026,4500,5000,4750
Tamil Nadu,Virudhunagar,Rajapalayam(Uzhavar Sandhai ),Yam(Ratalu),Yam (Ratalu),Local,20-09-2026,6000,7000,6500
Tamil Nadu,Virudhunagar,Sathur(Uzhavar Sandhai ),Bottle gourd,Bottle Gourd,Local,20-09-2026,1800,2000,1900
Tamil Nadu,Virudhunagar,Sathur(Uzhavar Sandhai ),Amaranthus,Amaranthus,Local,20-09-2026,2500,3000,2750
Tamil Nadu,Virudhunagar,Sathur(Uzhavar Sandhai ),Coconut,Coconut,Local,20-09-2026,5500,6000,5750
Tamil Nadu,Virudhunagar,Sathur(Uzhavar Sandhai ),Chow Chow,Chow Chow,Local,20-09-2026,3500,4000,3750
Tamil Nadu,Virudhunagar,Thalavaipuram(Uzhavar Sandhai ),Brinjal,Round,Local,20-09-2026,2500,3000,2750
Tamil Nadu,Virudhunagar,Thalavaipuram(Uzhavar Sandhai ),Bottle gourd,Bottle Gourd,Local,20-09-2026,1600,2000,1800
Tamil Nadu,Virudhunagar,Thalavaipuram(Uzhavar Sandhai ),Beans,Beans (Whole),Local,20-09-2026,8000,10000,9000
Tamil Nadu,Virudhunagar,Thalavaipuram(Uzhavar Sandhai ),Snakeguard,Snakeguard,Local,20-09-2026,3200,4000,3600
Tamil Nadu,Virudhunagar,Thalavaipuram(Uzhavar Sandhai ),Chow Chow,Chow Chow,Local,20-09-2026,2500,3000,2750
Tamil Nadu,Virudhunagar,Virudhunagar(Uzhavar Sandhai ),Ashgourd,Gouard,Local,20-09-2026,2200,2300,2250
Tamil Nadu,Chengalpattu,Pallavaram(Uzhavar Sandhai ),Potato,Red Nanital,Local,20-09-2026,2500,3000,2750
Tamil Nadu,Chengalpattu,Pallavaram(Uzhavar Sandhai ),Tapioca,Tapioca,Local,20-09-2026,3500,4000,3750
Tamil Nadu,Chengalpattu,Pallavaram(Uzhavar Sandhai ),Ginger(Green),Green Ginger,Local,20-09-2026,15000,17000,16000
Tamil Nadu,Chengalpattu,Pallavaram(Uzhavar Sandhai ),Beetroot,Beetroot,Local,20-09-2026,3500,4000,3750
Tamil Nadu,Chengalpattu,Pallavaram(Uzhavar Sandhai ),Thondekai,Thondekai,Local,20-09-2026,4000,5000,4500
Tamil Nadu,Chengalpattu,Pallavaram(Uzhavar Sandhai ),Capsicum,Capsicum,Local,20-09-2026,6000,7000,6500
Tamil Nadu,Chengalpattu,Pallavaram(Uzhavar Sandhai ),Mango(Raw-Ripe),Mango - Raw-Ripe,Local,20-09-2026,7000,8000,7500
Tamil Nadu,Chengalpattu,Pallavaram(Uzhavar Sandhai ),Tender Coconut,Tender Coconut,Local,20-09-2026,2500,3000,2750
Tamil Nadu,Chengalpattu,Pallavaram(Uzhavar Sandhai ),Mashrooms,Mashrooms,Local,20-09-2026,24000,25000,24500
Tamil Nadu,Nagercoil (Kannyiakumari),Myladi(Uzhavar Sandhai ),Garlic,Garlic,Local,20-09-2026,14000,15000,14500
Tamil Nadu,Nagercoil (Kannyiakumari),Myladi(Uzhavar Sandhai ),Cluster beans,Cluster Beans,Local,20-09-2026,3500,4000,3750
Tamil Nadu,Nagercoil (Kannyiakumari),Myladi(Uzhavar Sandhai ),Carrot,Pusakesar,Local,20-09-2026,6500,7000,6750
Maharashtra,Ahilyanagar,APMC Rahuri ,Tomato,Other,Local,20-09-2026,500,1500,1000
Tamil Nadu,Villupuram,Tindivanam APMC,Brinjal,Round,Local,20-09-2026,4000,5000,4500
Tamil Nadu,Villupuram,Tindivanam APMC,Coriander(Leaves),I Sort,Local,20-09-2026,4000,4000,4000
Tamil Nadu,Villupuram,Tindivanam APMC,Tomato,Deshi,Local,20-09-2026,2200,2200,2200
Tamil Nadu,Villupuram,Tindivanam APMC,Coconut,Coconut,Local,20-09-2026,6000,6000,6000
Tamil Nadu,Villupuram,Tindivanam APMC,Cabbage,Cabbage,Local,20-09-2026,3500,3500,3500
Tamil Nadu,Villupuram,Tindivanam APMC,Beetroot,Beetroot,Local,20-09-2026,4500,4500,4500
Tamil Nadu,Villupuram,Tindivanam APMC,Chow Chow,Chow Chow,Local,20-09-2026,4600,4600,4600
Tamil Nadu,Villupuram,Tindivanam APMC,Guava,Guava Allahabad,Local,20-09-2026,8000,8000,8000
Tamil Nadu,Villupuram,Tindivanam APMC,Fig(Anjura/Anjeer),Anjura,Local,20-09-2026,16000,16000,16000
Tamil Nadu,Villupuram,Tindivanam APMC,Lemon,Lemon,Local,20-09-2026,16000,16000,16000
Tamil Nadu,Villupuram,Tindivanam APMC,Rose(Local),Rose (Local),Local,20-09-2026,20000,20000,20000
Tamil Nadu,Villupuram,Ulundurpettai APMC,Potato,Red Nanital,Local,20-09-2026,4000,4000,4000
Gujarat,Amreli,Damnagar APMC,Lemon,Lemon,Local,20-09-2026,5500,5500,5500
Gujarat,Amreli,Damnagar APMC,Ginger(Green),Green Ginger,Local,20-09-2026,7000,7000,7000
Gujarat,Amreli,Damnagar APMC,Tomato,Local,Local,20-09-2026,3000,3000,3000
Tamil Nadu,Madurai,Chokkikulam(Uzhavar Sandhai ),Coriander(Leaves),I Sort,Local,20-09-2026,4500,4800,4650
Tamil Nadu,Madurai,Chokkikulam(Uzhavar Sandhai ),Papaya,Papaya,Local,20-09-2026,4500,5000,4750
Tamil Nadu,Madurai,Chokkikulam(Uzhavar Sandhai ),Bitter gourd,Bitter Gourd,Local,20-09-2026,5500,6000,5750
Tamil Nadu,Madurai,Chokkikulam(Uzhavar Sandhai ),Ashgourd,Gouard,Local,20-09-2026,1600,1800,1700
Tamil Nadu,Madurai,Chokkikulam(Uzhavar Sandhai ),Beetroot,Beetroot,Local,20-09-2026,4000,5000,4500
Tamil Nadu,Madurai,Chokkikulam(Uzhavar Sandhai ),Cucumbar(Kheera),Cucumbar,Local,20-09-2026,4000,5000,4500
Tamil Nadu,Madurai,Chokkikulam(Uzhavar Sandhai ),Ridgeguard(Tori),Ridgeguard(Tori),Local,20-09-2026,3600,4500,4050
Tamil Nadu,Madurai,Chokkikulam(Uzhavar Sandhai ),Capsicum,Capsicum,Local,20-09-2026,6000,7000,6500
Tamil Nadu,Madurai,Chokkikulam(Uzhavar Sandhai ),Drumstick,Drumstick,Local,20-09-2026,4000,6000,5000
Tamil Nadu,Madurai,Chokkikulam(Uzhavar Sandhai ),Guava,Guava Allahabad,Local,20-09-2026,6000,7000,6500
Tamil Nadu,Madurai,Chokkikulam(Uzhavar Sandhai ),Yam(Ratalu),Yam (Ratalu),Local,20-09-2026,6500,7000,6750
Tamil Nadu,Madurai,Chokkikulam(Uzhavar Sandhai ),Indian Beans(Seam),Indian Beans (Seam),Local,20-09-2026,5500,6000,5750
Tamil Nadu,Madurai,Chokkikulam(Uzhavar Sandhai ),Lemon,Lemon,Local,20-09-2026,26000,28000,27000
Uttar Pradesh,Sambhal,Sambhal APMC,Paddy(Common),Common,FAQ,20-09-2026,3200,3200,3200
Uttar Pradesh,Ambedkarnagar,Akbarpur APMC,Wheat,Dara,FAQ,20-09-2026,2450,2510,2460.75
Andhra Pradesh,Prakasam,Addanki APMC,Paddy(Common),Paddy,FAQ,20-09-2026,2400,2450,2430
Uttar Pradesh,Kanpur,Kanpur(Grain) APMC,Capsicum,Other,FAQ,20-09-2026,4000,4000,4000
Uttar Pradesh,Sitapur,Sitapur APMC,Tomato,Other,FAQ,20-09-2026,1500,1500,1500
Uttarakhand,Haridwar,Roorkee APMC,Bottle gourd,Other,Medium,20-09-2026,650,850,750
Uttarakhand,Haridwar,Roorkee APMC,Cucumbar(Kheera),Other,Local,20-09-2026,900,1200,1000
Uttarakhand,Haridwar,Roorkee APMC,Onion,Other,Medium,20-09-2026,3000,4500,4000
Uttarakhand,Haridwar,Roorkee APMC,Tomato,Other,Medium,20-09-2026,1200,2200,1600
Maharashtra,Pune,Pune(Moshi) ,Chikoos(Sapota),Other,Local,20-09-2026,5000,5000,5000
Maharashtra,Pune,Pune(Moshi) ,Banana,Other,Local,20-09-2026,2000,6000,4000
Maharashtra,Pune,Pune(Moshi) ,Mousambi(Sweet Lime),Other,Local,20-09-2026,3000,3000,3000
Maharashtra,Pune,Pune(Moshi) ,Ginger(Green),Other,Local,20-09-2026,10000,10000,10000
Maharashtra,Pune,Pune(Moshi) ,Bottle gourd,Other,Local,20-09-2026,800,2000,1400
Maharashtra,Pune,Pune(Moshi) ,Cauliflower,Other,Local,20-09-2026,1000,2000,1500
Maharashtra,Pune,Pune(Moshi) ,Onion Green,Other,Local,20-09-2026,15,15,15
Maharashtra,Pune,Pune(Moshi) ,Bitter gourd,Other,Local,20-09-2026,2000,3000,2500
Maharashtra,Pune,Pune(Moshi) ,Brinjal,Other,Local,20-09-2026,1000,2000,1500
Tamil Nadu,Erode,Thalavadi(Uzhavar Sandhai ),Bitter gourd,Other,Local,20-09-2026,4500,5000,4750
Tamil Nadu,Erode,Thalavadi(Uzhavar Sandhai ),Bottle gourd,Bottle Gourd,Local,20-09-2026,1600,2000,1800
Tamil Nadu,Erode,Thalavadi(Uzhavar Sandhai ),Banana - Green,Banana - Green,Local,20-09-2026,3000,3500,3250
Tamil Nadu,Erode,Thalavadi(Uzhavar Sandhai ),Coconut,Coconut,Local,20-09-2026,4400,5000,4700
Tamil Nadu,Erode,Thalavadi(Uzhavar Sandhai ),Beetroot,Beetroot,Local,20-09-2026,3000,3500,3250
Tamil Nadu,Erode,Thalavadi(Uzhavar Sandhai ),Thondekai,Thondekai,Local,20-09-2026,2600,3000,2800
Tamil Nadu,Erode,Thalavadi(Uzhavar Sandhai ),Drumstick,Drumstick,Local,20-09-2026,4000,4400,4200
Tamil Nadu,Erode,Thalavadi(Uzhavar Sandhai ),Guava,Guava Allahabad,Local,20-09-2026,5500,6000,5750
Tamil Nadu,Erode,Thalavadi(Uzhavar Sandhai ),Onion Green,Onion Green,Local,20-09-2026,6500,7000,6750
Tamil Nadu,Cuddalore,Viruthachalam(Uzhavar Sandhai ),Ashgourd,Gouard,Local,20-09-2026,2000,2000,2000
Tamil Nadu,Cuddalore,Viruthachalam(Uzhavar Sandhai ),Bhindi(Ladies Finger),Bhindi,Local,20-09-2026,2000,2000,2000
Tamil Nadu,Cuddalore,Viruthachalam(Uzhavar Sandhai ),Carrot,Pusakesar,Local,20-09-2026,6000,6000,6000
Tamil Nadu,Cuddalore,Viruthachalam(Uzhavar Sandhai ),Mint(Pudina),Mint(Pudina),Local,20-09-2026,5000,5000,5000
Tamil Nadu,Krishnagiri,Krishnagiri(Uzhavar Sandhai ),Potato,Red Nanital,Local,20-09-2026,2200,2600,2400
Tamil Nadu,Krishnagiri,Krishnagiri(Uzhavar Sandhai ),Cauliflower,Ranchi,Local,20-09-2026,3000,3500,3250
Tamil Nadu,Krishnagiri,Krishnagiri(Uzhavar Sandhai ),Coriander(Leaves),I Sort,Local,20-09-2026,2500,3000,2750
Tamil Nadu,Krishnagiri,Krishnagiri(Uzhavar Sandhai ),Bhindi(Ladies Finger),Bhindi,Local,20-09-2026,2000,2400,2200
Tamil Nadu,Krishnagiri,Krishnagiri(Uzhavar Sandhai ),Tapioca,Tapioca,Local,20-09-2026,2400,2800,2600
Tamil Nadu,Krishnagiri,Krishnagiri(Uzhavar Sandhai ),Raddish,Raddish,Local,20-09-2026,1600,2000,1800
Tamil Nadu,Krishnagiri,Krishnagiri(Uzhavar Sandhai ),Thondekai,Thondekai,Local,20-09-2026,3500,4000,3750
Tamil Nadu,Krishnagiri,Krishnagiri(Uzhavar Sandhai ),Indian Beans(Seam),Indian Beans (Seam),Local,20-09-2026,2600,3000,2800
Tamil Nadu,Krishnagiri,Krishnagiri(Uzhavar Sandhai ),Amla(Nelli Kai),Amla,Local,20-09-2026,10000,11000,10500
Tamil Nadu,Krishnagiri,Krishnagiri(Uzhavar Sandhai ),Onion Green,Onion Green,Local,20-09-2026,7000,8000,7500
Tamil Nadu,Nagapattinam,Nagapattinam(Uzhavar Sandhai ),Coriander(Leaves),I Sort,Local,20-09-2026,4000,4500,4250
Tamil Nadu,Nagapattinam,Nagapattinam(Uzhavar Sandhai ),Cluster beans,Cluster Beans,Local,20-09-2026,3900,3900,3900
Tamil Nadu,Nagapattinam,Nagapattinam(Uzhavar Sandhai ),Bitter gourd,Bitter Gourd,Local,20-09-2026,6400,8000,7200
Tamil Nadu,Nagapattinam,Nagapattinam(Uzhavar Sandhai ),Ginger(Green),Green Ginger,Local,20-09-2026,17000,18000,17500
Tamil Nadu,Nagapattinam,Nagapattinam(Uzhavar Sandhai ),Beetroot,Beetroot,Local,20-09-2026,3900,3900,3900
Tamil Nadu,Nagapattinam,Nagapattinam(Uzhavar Sandhai ),Green Avare(W),Green Avare (W),Local,20-09-2026,7000,8000,7500
Tamil Nadu,Nagapattinam,Nagapattinam(Uzhavar Sandhai ),Mango(Raw-Ripe),Mango - Raw-Ripe,Local,20-09-2026,5200,6000,5600
Tamil Nadu,Nagapattinam,Nagapattinam(Uzhavar Sandhai ),Elephant Yam(Suran)/Amorphophallus,Elephant Yam (Suran),Local,20-09-2026,6600,7500,7050
Tamil Nadu,Nagapattinam,Nagapattinam(Uzhavar Sandhai ),Lemon,Lemon,Local,20-09-2026,12400,15000,13700
Tamil Nadu,Nagapattinam,Nagapattinam(Uzhavar Sandhai ),Mint(Pudina),Mint(Pudina),Local,20-09-2026,3300,3300,3300
Tamil Nadu,Pudukkottai,Pudukottai(Uzhavar Sandhai ),Bhindi(Ladies Finger),Bhindi,Local,20-09-2026,3000,3500,3250
Tamil Nadu,Pudukkottai,Pudukottai(Uzhavar Sandhai ),Green Chilli,Green Chilly,Local,20-09-2026,5000,6000,5500
Tamil Nadu,Pudukkottai,Pudukottai(Uzhavar Sandhai ),Cowpea(Veg),Cowpea (Veg),Local,20-09-2026,1500,2000,1750
Tamil Nadu,Pudukkottai,Pudukottai(Uzhavar Sandhai ),Carrot,Pusakesar,Local,20-09-2026,5000,6000,5500
Tamil Nadu,Pudukkottai,Pudukottai(Uzhavar Sandhai ),Cabbage,Cabbage,Local,20-09-2026,3000,3500,3250
Tamil Nadu,Pudukkottai,Pudukottai(Uzhavar Sandhai ),Thondekai,Thondekai,Local,20-09-2026,5000,6000,5500
Tamil Nadu,Pudukkottai,Pudukottai(Uzhavar Sandhai ),Tamarind Fruit,Tamarind Fruit,Local,20-09-2026,6000,7000,6500
Tamil Nadu,Pudukkottai,Pudukottai(Uzhavar Sandhai ),Elephant Yam(Suran)/Amorphophallus,Elephant Yam (Suran),Local,20-09-2026,5000,6000,5500
Tamil Nadu,Pudukkottai,Pudukottai(Uzhavar Sandhai ),Lemon,Lemon,Local,20-09-2026,25000,26000,25500
Tamil Nadu,Pudukkottai,Pudukottai(Uzhavar Sandhai ),Mashrooms,Mashrooms,Local,20-09-2026,24000,25000,24500
Tamil Nadu,The Nilgiris,Udhagamandalam(Uzhavar Sandhai ),Banana,Besrai,Local,20-09-2026,4000,5000,4500
Tamil Nadu,The Nilgiris,Udhagamandalam(Uzhavar Sandhai ),Cauliflower,Ranchi,Local,20-09-2026,4000,4500,4250
Tamil Nadu,The Nilgiris,Udhagamandalam(Uzhavar Sandhai ),Brinjal,Round,Local,20-09-2026,3000,3400,3200
Tamil Nadu,The Nilgiris,Udhagamandalam(Uzhavar Sandhai ),Amaranthus,Amaranthus,Local,20-09-2026,6000,7000,6500
Tamil Nadu,The Nilgiris,Udhagamandalam(Uzhavar Sandhai ),Green Chilli,Green Chilly,Local,20-09-2026,5000,5500,5250
Tamil Nadu,The Nilgiris,Udhagamandalam(Uzhavar Sandhai ),Tapioca,Tapioca,Local,20-09-2026,3000,3500,3250
Tamil Nadu,The Nilgiris,Udhagamandalam(Uzhavar Sandhai ),Ginger(Green),Green Ginger,Local,20-09-2026,16000,17000,16500
Tamil Nadu,The Nilgiris,Udhagamandalam(Uzhavar Sandhai ),Carrot,Pusakesar,Local,20-09-2026,3000,3500,3250
Tamil Nadu,The Nilgiris,Udhagamandalam(Uzhavar Sandhai ),Snakeguard,Snakeguard,Local,20-09-2026,3500,3800,3650
Tamil Nadu,The Nilgiris,Udhagamandalam(Uzhavar Sandhai ),Ridgeguard(Tori),Ridgeguard(Tori),Local,20-09-2026,4500,4800,4650
Tamil Nadu,The Nilgiris,Udhagamandalam(Uzhavar Sandhai ),Thondekai,Thondekai,Local,20-09-2026,3000,3500,3250
Tamil Nadu,Theni,Bodinayakanur(Uzhavar Sandhai ),Brinjal,Round,Local,20-09-2026,3200,3200,3200
Tamil Nadu,Theni,Bodinayakanur(Uzhavar Sandhai ),Pumpkin,Pumpkin,Local,20-09-2026,1500,1500,1500
Tamil Nadu,Theni,Bodinayakanur(Uzhavar Sandhai ),Bhindi(Ladies Finger),Bhindi,Local,20-09-2026,4000,4000,4000
Tamil Nadu,Theni,Bodinayakanur(Uzhavar Sandhai ),Lemon,Lemon,Local,20-09-2026,22000,22000,22000
Bihar,Sheikhpura,Barbigha APMC,Brinjal,Arkasheela Mattigulla,FAQ,20-09-2026,3818,3980,3890
Tamil Nadu,Villupuram,Gingee(Uzhavar Sandhai ),Bitter gourd,Bitter Gourd,Local,20-09-2026,5000,6000,5500
Tamil Nadu,Villupuram,Gingee(Uzhavar Sandhai ),Chow Chow,Chow Chow,Local,20-09-2026,4500,4500,4500
Tamil Nadu,Villupuram,Gingee(Uzhavar Sandhai ),Guava,Guava Allahabad,Local,20-09-2026,8000,9000,8500
Tamil Nadu,Villupuram,Gingee(Uzhavar Sandhai ),Yam(Ratalu),Yam (Ratalu),Local,20-09-2026,6000,6000,6000
Tamil Nadu,Villupuram,Gingee(Uzhavar Sandhai ),Onion Green,Onion Green,Local,20-09-2026,7500,7500,7500
Uttar Pradesh,Barabanki,Barabanki APMC,Paddy(Common),Basmati,FAQ,20-09-2026,2695,2750,2724.32
Uttar Pradesh,Etawah,Bharthna APMC,Potato,Other,FAQ,20-09-2026,500,500,500
Tamil Nadu,Thiruvarur,Valangaiman APMC,Green Chilli,Green Chilly,Local,20-09-2026,6000,6000,6000
Tamil Nadu,Thiruvarur,Valangaiman APMC,Snakeguard,Snakeguard,Local,20-09-2026,4000,4000,4000
Tamil Nadu,Thiruvarur,Valangaiman APMC,Ridgeguard(Tori),Ridgeguard(Tori),Local,20-09-2026,4000,4000,4000
Tamil Nadu,Thiruvarur,Valangaiman APMC,Green Avare(W),Green Avare (W),Local,20-09-2026,6000,6000,6000
Tamil Nadu,Virudhunagar,Kariyapatti(Uzhavar Sandhai ),Coriander(Leaves),I Sort,Local,20-09-2026,3500,4000,3750
Tamil Nadu,Virudhunagar,Kariyapatti(Uzhavar Sandhai ),Bhindi(Ladies Finger),Bhindi,Local,20-09-2026,3500,4000,3750
Tamil Nadu,Virudhunagar,Kariyapatti(Uzhavar Sandhai ),Amaranthus,Amaranthus,Local,20-09-2026,3000,3500,3250
Tamil Nadu,Virudhunagar,Kariyapatti(Uzhavar Sandhai ),Ginger(Green),Green Ginger,Local,20-09-2026,19000,20000,19500
Tamil Nadu,Virudhunagar,Kariyapatti(Uzhavar Sandhai ),Coconut,Coconut,Local,20-09-2026,5500,6000,5750
Tamil Nadu,Virudhunagar,Kariyapatti(Uzhavar Sandhai ),Raddish,Raddish,Local,20-09-2026,3000,3500,3250
Tamil Nadu,Virudhunagar,Kariyapatti(Uzhavar Sandhai ),Drumstick,Drumstick,Local,20-09-2026,3500,4000,3750
Tamil Nadu,Virudhunagar,Kariyapatti(Uzhavar Sandhai ),Guava,Guava Allahabad,Local,20-09-2026,4500,5000,4750
Tamil Nadu,Virudhunagar,Kariyapatti(Uzhavar Sandhai ),Elephant Yam(Suran)/Amorphophallus,Elephant Yam (Suran),Local,20-09-2026,4500,5000,4750
Tamil Nadu,Vellore,Katpadi (Uzhavar Sandhai ),Ashgourd,Gouard,Local,20-09-2026,2500,2500,2500
Tamil Nadu,Vellore,Katpadi (Uzhavar Sandhai ),Amaranthus,Amaranthus,Local,20-09-2026,3500,3500,3500
Tamil Nadu,Vellore,Katpadi (Uzhavar Sandhai ),Banana - Green,Banana - Green,Local,20-09-2026,3000,3000,3000
Tamil Nadu,Vellore,Katpadi (Uzhavar Sandhai ),Tapioca,Tapioca,Local,20-09-2026,3500,3500,3500
Tamil Nadu,Vellore,Katpadi (Uzhavar Sandhai ),Carrot,Pusakesar,Local,20-09-2026,5000,6000,5500
Tamil Nadu,Vellore,Katpadi (Uzhavar Sandhai ),Chow Chow,Chow Chow,Local,20-09-2026,3000,3000,3000
Tamil Nadu,Vellore,Katpadi (Uzhavar Sandhai ),Mango(Raw-Ripe),Mango - Raw-Ripe,Local,20-09-2026,15000,15000,15000
Tamil Nadu,Vellore,Katpadi (Uzhavar Sandhai ),Pomegranate,Pomogranate,Local,20-09-2026,17000,17000,17000
Tamil Nadu,Vellore,Katpadi (Uzhavar Sandhai ),Marigold(Calcutta),Marigold(Calcutta),Local,20-09-2026,20000,20000,20000
Tamil Nadu,Vellore,Katpadi (Uzhavar Sandhai ),Lemon,Lemon,Local,20-09-2026,13000,13000,13000
Tamil Nadu,Vellore,Katpadi (Uzhavar Sandhai ),Colacasia,Colacasia,Local,20-09-2026,4000,4000,4000
Andhra Pradesh,Kakinada,Peddapuram APMC,Paddy(Common),1001,FAQ,20-09-2026,2369,2400,2390
Tamil Nadu,Madurai,Thirumangalam(Uzhavar Sandhai ),Papaya,Papaya,Local,20-09-2026,4000,5000,4500
Tamil Nadu,Madurai,Thirumangalam(Uzhavar Sandhai ),Cluster beans,Cluster Beans,Local,20-09-2026,3000,4000,3500
Tamil Nadu,Madurai,Thirumangalam(Uzhavar Sandhai ),Ashgourd,Gouard,Local,20-09-2026,1500,1800,1650
Tamil Nadu,Madurai,Thirumangalam(Uzhavar Sandhai ),Green Chilli,Green Chilly,Local,20-09-2026,4000,5000,4500
Tamil Nadu,Madurai,Thirumangalam(Uzhavar Sandhai ),Guava,Guava Allahabad,Local,20-09-2026,6000,7000,6500
Tamil Nadu,Madurai,Thirumangalam(Uzhavar Sandhai ),Amla(Nelli Kai),Amla,Local,20-09-2026,8000,9000,8500
Tamil Nadu,Madurai,Melur(Uzhavar Sandhai ),Coconut,Coconut,Local,20-09-2026,6800,7000,6900
Tamil Nadu,Madurai,Melur(Uzhavar Sandhai ),Thondekai,Thondekai,Local,20-09-2026,3600,4000,3800
Tamil Nadu,Madurai,Melur(Uzhavar Sandhai ),Elephant Yam(Suran)/Amorphophallus,Elephant Yam (Suran),Local,20-09-2026,4000,4500,4250
Tamil Nadu,Madurai,Melur(Uzhavar Sandhai ),Colacasia,Colacasia,Local,20-09-2026,5000,6000,5500
Tamil Nadu,Karur,Gandhigramam(Uzhavar Sandhai),Ashgourd,Gouard,Local,20-09-2026,2200,2500,2350
Tamil Nadu,Karur,Gandhigramam(Uzhavar Sandhai),Ginger(Green),Green Ginger,Local,20-09-2026,17000,19000,18000
Tamil Nadu,Karur,Gandhigramam(Uzhavar Sandhai),Raddish,Raddish,Local,20-09-2026,2500,3000,2750
Tamil Nadu,Karur,Gandhigramam(Uzhavar Sandhai),Guava,Guava Allahabad,Local,20-09-2026,6000,7000,6500
Karnataka,Bengaluru South,Ramanagara APMC,Cauliflower,Cauliflower,Local,20-09-2026,2000,2800,2500
Karnataka,Bengaluru South,Ramanagara APMC,Brinjal,Brinjal,Local,20-09-2026,1200,2400,2000
Karnataka,Bengaluru South,Ramanagara APMC,Beans,Beans (Whole),Local,20-09-2026,4000,6000,5000
Karnataka,Bengaluru South,Ramanagara APMC,Ladies Finger,Ladies Finger,Local,20-09-2026,1600,3000,2400
Karnataka,Bengaluru South,Ramanagara APMC,Capsicum,Capsicum,Local,20-09-2026,3000,5000,4000
Tamil Nadu,Salem,Vazhapadi(Uzhavar Sandhai),Jasmine,Jasmine,Local,20-09-2026,65000,65000,65000
Tamil Nadu,Pudukkottai,Aranthangi(Uzhavar Sandhai ),Bitter gourd,Other,Local,20-09-2026,6000,7000,6500
Tamil Nadu,Pudukkottai,Aranthangi(Uzhavar Sandhai ),Raddish,Raddish,Local,20-09-2026,3500,4000,3750
Tamil Nadu,Pudukkottai,Aranthangi(Uzhavar Sandhai ),Onion Green,Onion Green,Local,20-09-2026,9000,10000,9500
Tamil Nadu,Nagapattinam,Vedaranyam(Uzhavar Sandhai),Brinjal,Round,Local,20-09-2026,4800,5000,4900
Tamil Nadu,Nagapattinam,Vedaranyam(Uzhavar Sandhai),Tomato,Deshi,Local,20-09-2026,3500,3600,3550
Tamil Nadu,Nagapattinam,Vedaranyam(Uzhavar Sandhai),Cluster beans,Cluster Beans,Local,20-09-2026,3400,3500,3450
Tamil Nadu,Nagapattinam,Vedaranyam(Uzhavar Sandhai),Cabbage,Cabbage,Local,20-09-2026,3200,3500,3350
Tamil Nadu,Nagapattinam,Vedaranyam(Uzhavar Sandhai),Onion Green,Onion Green,Local,20-09-2026,8500,9000,8750
Tamil Nadu,Vellore,Perampet(Uzhavar Sandhai),Bhindi(Ladies Finger),Bhindi,Local,20-09-2026,2500,2500,2500
Tamil Nadu,Vellore,Perampet(Uzhavar Sandhai),Coconut,Coconut,Local,20-09-2026,2500,3000,2750
Tamil Nadu,Vellore,Perampet(Uzhavar Sandhai),Cabbage,Cabbage,Local,20-09-2026,3000,3000,3000
Tamil Nadu,Vellore,Perampet(Uzhavar Sandhai),Chow Chow,Chow Chow,Local,20-09-2026,4000,4000,4000
Tamil Nadu,Vellore,Perampet(Uzhavar Sandhai),Drumstick,Drumstick,Local,20-09-2026,3000,3600,3300
Tamil Nadu,Vellore,Perampet(Uzhavar Sandhai),Guava,Guava Allahabad,Local,20-09-2026,4500,5000,4750
Madhya Pradesh,Badwani,Sendhwa(F&V) APMC,Cauliflower,Cauliflower,Medium,20-09-2026,800,1000,900
Madhya Pradesh,Badwani,Sendhwa(F&V) APMC,Bottle gourd,Bottle Gourd,Medium,20-09-2026,1000,1300,1100
Madhya Pradesh,Badwani,Sendhwa(F&V) APMC,Brinjal,Round,Small,20-09-2026,600,1000,900
Andhra Pradesh,Srikakulam,Etcherla APMC,Maize,Deshi White,Local,20-09-2026,2400,2400,2400
Tamil Nadu,Karur,Kulithalai(Uzhavar Sandhai ),Onion,Bellary,Local,20-09-2026,6000,7000,6500
Tamil Nadu,Karur,Kulithalai(Uzhavar Sandhai ),Potato,Other,Local,20-09-2026,4500,5000,4750
Tamil Nadu,Karur,Kulithalai(Uzhavar Sandhai ),Water Melon,Water Melon,Local,20-09-2026,2500,3000,2750
Tamil Nadu,Karur,Kulithalai(Uzhavar Sandhai ),Cowpea(Veg),Cowpea (Veg),Local,20-09-2026,2500,3500,3000
Tamil Nadu,Karur,Kulithalai(Uzhavar Sandhai ),Banana - Green,Banana - Green,Local,20-09-2026,2500,3000,2750
Tamil Nadu,Karur,Kulithalai(Uzhavar Sandhai ),Carrot,Pusakesar,Local,20-09-2026,5000,5600,5300
Tamil Nadu,Karur,Kulithalai(Uzhavar Sandhai ),Chow Chow,Chow Chow,Local,20-09-2026,2800,3200,3000
Tamil Nadu,Karur,Kulithalai(Uzhavar Sandhai ),Mango(Raw-Ripe),Mango - Raw-Ripe,Local,20-09-2026,7000,9000,8000
Tamil Nadu,Thirupur,Dharapuram(Uzhavar Sandhai ),Potato,Other,Local,20-09-2026,6500,7000,6750
Tamil Nadu,Thirupur,Dharapuram(Uzhavar Sandhai ),Coriander(Leaves),I Sort,Local,20-09-2026,4400,4800,4600
Tamil Nadu,Thirupur,Dharapuram(Uzhavar Sandhai ),Tomato,Local,Local,20-09-2026,2000,2200,2100
Tamil Nadu,Thirupur,Dharapuram(Uzhavar Sandhai ),Cluster beans,Cluster Beans,Local,20-09-2026,4000,4500,4250
Tamil Nadu,Thirupur,Dharapuram(Uzhavar Sandhai ),Coconut,Coconut,Local,20-09-2026,5500,6000,5750
Tamil Nadu,Thirupur,Palladam(Uzhavar Sandhai ),Bitter gourd,Other,Local,20-09-2026,5000,6000,5500
Tamil Nadu,Thirupur,Palladam(Uzhavar Sandhai ),Cabbage,Cabbage,Local,20-09-2026,2500,3000,2750
Tamil Nadu,Thirupur,Palladam(Uzhavar Sandhai ),Green Avare(W),Other,Local,20-09-2026,6000,7000,6500
Tamil Nadu,Thirupur,Palladam(Uzhavar Sandhai ),Chow Chow,Chow Chow,Local,20-09-2026,2500,3000,2750
Uttar Pradesh,Ghazipur,Jangipura APMC,Onion,Other,FAQ,20-09-2026,3500,3500,3500
Uttar Pradesh,Mathura,Kosikalan APMC,Paddy(Common),Basmati,FAQ,20-09-2026,3400,3400,3400
Tamil Nadu,Kallakuruchi,Kallakurichi(Uzhavar Sandhai ),Brinjal,Other,Local,20-09-2026,6000,6000,6000
Tamil Nadu,Kallakuruchi,Kallakurichi(Uzhavar Sandhai ),Groundnut,Big (With Shell),Local,20-09-2026,7000,7000,7000
Tamil Nadu,Kallakuruchi,Kallakurichi(Uzhavar Sandhai ),Onion,Bellary,Local,20-09-2026,7000,7000,7000
Tamil Nadu,Kallakuruchi,Kallakurichi(Uzhavar Sandhai ),Pumpkin,Pumpkin,Local,20-09-2026,2000,2000,2000
Tamil Nadu,Kallakuruchi,Kallakurichi(Uzhavar Sandhai ),Beans,Beans (Whole),Local,20-09-2026,10000,10000,10000
Tamil Nadu,Kallakuruchi,Kallakurichi(Uzhavar Sandhai ),Tapioca,Tapioca,Local,20-09-2026,3000,3000,3000
Tamil Nadu,Kallakuruchi,Kallakurichi(Uzhavar Sandhai ),Cabbage,Cabbage,Local,20-09-2026,4000,4000,4000
Tamil Nadu,Kallakuruchi,Kallakurichi(Uzhavar Sandhai ),Beetroot,Beetroot,Local,20-09-2026,6000,6000,6000
Tamil Nadu,Kallakuruchi,Kallakurichi(Uzhavar Sandhai ),Jasmine,Jasmine,Local,20-09-2026,40000,40000,40000
Tamil Nadu,Kallakuruchi,Kallakurichi(Uzhavar Sandhai ),Yam(Ratalu),Yam (Ratalu),Local,20-09-2026,3000,3000,3000
Tamil Nadu,Kallakuruchi,Kallakurichi(Uzhavar Sandhai ),Amla(Nelli Kai),Amla,Local,20-09-2026,10000,10000,10000
Uttar Pradesh,Mathura,Mathura APMC,Cotton,Other,FAQ,20-09-2026,9900,9900,9900
Uttar Pradesh,Hamirpur,Muskara APMC,Green Gram(Moong)(Whole),Other,FAQ,20-09-2026,8768,8768,8768
Andhra Pradesh,NTR,Tiruvuru APMC,Dry Chillies,Dry Chillies,Local,20-09-2026,21000,21000,21000
Tamil Nadu,Salem,Athur(Uzhavar Sandhai ),Brinjal,Other,Local,20-09-2026,2000,2500,2250
Tamil Nadu,Salem,Athur(Uzhavar Sandhai ),Coriander(Leaves),I Sort,Local,20-09-2026,2500,3000,2750
Tamil Nadu,Salem,Athur(Uzhavar Sandhai ),Water Melon,Water Melon,Local,20-09-2026,1500,2000,1750
Tamil Nadu,Salem,Athur(Uzhavar Sandhai ),Banana - Green,Banana - Green,Local,20-09-2026,2000,2400,2200
Tamil Nadu,Salem,Athur(Uzhavar Sandhai ),Coconut,Coconut,Local,20-09-2026,6000,6500,6250
Tamil Nadu,Salem,Athur(Uzhavar Sandhai ),Marigold(Calcutta),Marigold(Calcutta),Local,20-09-2026,20000,24000,22000
Tamil Nadu,Salem,Athur(Uzhavar Sandhai ),Lemon,Lemon,Local,20-09-2026,9000,10000,9500
Tamil Nadu,Salem,Athur(Uzhavar Sandhai ),Custard Apple(Sharifa),Custard Apple(Sharifa),Local,20-09-2026,3500,4000,3750
Tamil Nadu,Theni,Periyakulam(Uzhavar Sandhai ),Papaya,Papaya,Local,20-09-2026,3000,3500,3250
Tamil Nadu,Theni,Periyakulam(Uzhavar Sandhai ),Banana - Green,Banana - Green,Local,20-09-2026,2500,3000,2750
Tamil Nadu,Theni,Periyakulam(Uzhavar Sandhai ),Snakeguard,Snakeguard,Local,20-09-2026,2300,2500,2400
Tamil Nadu,Theni,Periyakulam(Uzhavar Sandhai ),Raddish,Raddish,Local,20-09-2026,2200,2400,2300
Tamil Nadu,Theni,Periyakulam(Uzhavar Sandhai ),Yam(Ratalu),Yam (Ratalu),Local,20-09-2026,4800,5000,4900
Tamil Nadu,Virudhunagar,Srivilliputhur(Uzhavar Sandhai ),Coriander(Leaves),I Sort,Local,20-09-2026,4000,4500,4250
Tamil Nadu,Virudhunagar,Srivilliputhur(Uzhavar Sandhai ),Cluster beans,Cluster Beans,Local,20-09-2026,3500,4000,3750
Tamil Nadu,Virudhunagar,Srivilliputhur(Uzhavar Sandhai ),Bitter gourd,Bitter Gourd,Local,20-09-2026,5000,6000,5500
Tamil Nadu,Virudhunagar,Srivilliputhur(Uzhavar Sandhai ),Pumpkin,Pumpkin,Local,20-09-2026,1700,2000,1850
Tamil Nadu,Virudhunagar,Srivilliputhur(Uzhavar Sandhai ),Amaranthus,Amaranthus,Local,20-09-2026,2500,3000,2750
Tamil Nadu,Virudhunagar,Srivilliputhur(Uzhavar Sandhai ),Green Chilli,Green Chilly,Local,20-09-2026,5000,6000,5500
Tamil Nadu,Virudhunagar,Srivilliputhur(Uzhavar Sandhai ),Coconut,Coconut,Local,20-09-2026,5000,6000,5500
Tamil Nadu,Virudhunagar,Srivilliputhur(Uzhavar Sandhai ),Beetroot,Beetroot,Local,20-09-2026,4500,5000,4750
Tamil Nadu,Virudhunagar,Srivilliputhur(Uzhavar Sandhai ),Thondekai,Thondekai,Local,20-09-2026,5000,6000,5500
Tamil Nadu,Virudhunagar,Srivilliputhur(Uzhavar Sandhai ),Tender Coconut,Tender Coconut,Local,20-09-2026,2000,2500,2250
Tamil Nadu,Virudhunagar,Srivilliputhur(Uzhavar Sandhai ),Yam(Ratalu),Yam (Ratalu),Local,20-09-2026,6000,7000,6500
Uttar Pradesh,Raebarelli,Raibareilly APMC,Firewood,Firewood,FAQ,20-09-2026,300,300,300
Uttar Pradesh,Badaun,Shahaswan APMC,Brinjal,Brinjal,Medium,20-09-2026,1200,1500,1400
Uttar Pradesh,Hathras,Shadabad APMC,Bottle gourd,Bottle Gourd,Small,20-09-2026,600,700,650
Uttar Pradesh,Firozabad,Shikohabad APMC,Maize,Other,FAQ,20-09-2026,2250,2250,2250
Uttar Pradesh,Amethi,Sultanpur APMC,Firewood,Firewood,FAQ,20-09-2026,490,490,490
Uttar Pradesh,Badaun,Wazirganj APMC,Maize,Other,FAQ,20-09-2026,2050,2050,2050
Tamil Nadu,Coimbatore,Vadavalli(Uzhavar Sandhai ),Orange,Darjeeling,Local,20-09-2026,14000,17000,15500
Tamil Nadu,Coimbatore,Vadavalli(Uzhavar Sandhai ),Garlic,Garlic,Local,20-09-2026,22000,23600,22800
Tamil Nadu,Coimbatore,Vadavalli(Uzhavar Sandhai ),Cluster beans,Cluster Beans,Local,20-09-2026,3400,3800,3600
Tamil Nadu,Coimbatore,Vadavalli(Uzhavar Sandhai ),Green Chilli,Green Chilly,Local,20-09-2026,4800,5400,5100
Tamil Nadu,Coimbatore,Vadavalli(Uzhavar Sandhai ),Sweet Potato,Hosur Red,Local,20-09-2026,5400,5800,5600
Tamil Nadu,Coimbatore,Vadavalli(Uzhavar Sandhai ),Cucumbar(Kheera),Cucumbar,Local,20-09-2026,4000,4400,4200
Tamil Nadu,Coimbatore,Vadavalli(Uzhavar Sandhai ),Capsicum,Capsicum,Local,20-09-2026,3800,4400,4100
Tamil Nadu,Coimbatore,Vadavalli(Uzhavar Sandhai ),Elephant Yam(Suran)/Amorphophallus,Elephant Yam (Suran),Local,20-09-2026,3200,3600,3400
Tamil Nadu,Coimbatore,Vadavalli(Uzhavar Sandhai ),Lemon,Lemon,Local,20-09-2026,21000,25000,23000
West Bengal,Darjeeling,Darjeeling APMC,Potato,Red,FAQ,20-09-2026,1400,1600,1500
Uttar Pradesh,Bulandshahar,Gulavati APMC,Colacasia,Other,FAQ,20-09-2026,4100,4300,4200
Uttar Pradesh,Bulandshahar,Gulavati APMC,Bhindi(Ladies Finger),Bhindi,FAQ,20-09-2026,3100,3300,3200
Tamil Nadu,Coimbatore,Udumalpet APMC,Banana,Other,Local,20-09-2026,6000,7000,6500
Tamil Nadu,Coimbatore,Udumalpet APMC,Potato,Red Nanital,Local,20-09-2026,4000,5000,4500
Tamil Nadu,Coimbatore,Udumalpet APMC,Cauliflower,Ranchi,Local,20-09-2026,3500,4000,3750
Tamil Nadu,Coimbatore,Udumalpet APMC,Pumpkin,Pumpkin,Local,20-09-2026,1500,2000,1750
Tamil Nadu,Coimbatore,Udumalpet APMC,Bhindi(Ladies Finger),Bhindi,Local,20-09-2026,4000,4800,4400
Tamil Nadu,Coimbatore,Udumalpet APMC,Tapioca,Tapioca,Local,20-09-2026,4000,4500,4250
Tamil Nadu,Coimbatore,Udumalpet APMC,Ginger(Green),Green Ginger,Local,20-09-2026,18000,18500,18250
Tamil Nadu,Coimbatore,Udumalpet APMC,Coconut,Coconut,Local,20-09-2026,5500,6000,5750
Tamil Nadu,Coimbatore,Udumalpet APMC,Snakeguard,Snakeguard,Local,20-09-2026,3000,4000,3500
Tamil Nadu,Coimbatore,Udumalpet APMC,Beetroot,Beetroot,Local,20-09-2026,4000,7500,5750
Tamil Nadu,Coimbatore,Udumalpet APMC,Chow Chow,Chow Chow,Local,20-09-2026,4000,4500,4250
Tamil Nadu,Coimbatore,Udumalpet APMC,Drumstick,Drumstick,Local,20-09-2026,2500,3000,2750
Tamil Nadu,Coimbatore,Udumalpet APMC,Pomegranate,Pomogranate,Local,20-09-2026,15000,17000,16000
Tamil Nadu,Coimbatore,Udumalpet APMC,Onion Green,Onion Green,Local,20-09-2026,8500,10500,9500
Tamil Nadu,Coimbatore,Udumalpet APMC,Mint(Pudina),Mint(Pudina),Local,20-09-2026,4500,5000,4750
West Bengal,Darjeeling,Siliguri APMC,Banana,Banana - Ripe,Grade A,20-09-2026,2100,2300,2200
West Bengal,Darjeeling,Siliguri APMC,Black Gram Dal(Urd Dal),Black Gram Dal,FAQ,20-09-2026,12000,13000,12500
West Bengal,Darjeeling,Siliguri APMC,Green Chilli,Green Chilly,FAQ,20-09-2026,6000,6500,6200
Tamil Nadu,Erode,Gobichettipalayam(Uzhavar Sandhai ),Groundnut,Big (With Shell),Local,20-09-2026,4500,5000,4750
Tamil Nadu,Erode,Gobichettipalayam(Uzhavar Sandhai ),Potato,Red Nanital,Local,20-09-2026,3600,4000,3800
Tamil Nadu,Erode,Gobichettipalayam(Uzhavar Sandhai ),Cluster beans,Cluster Beans,Local,20-09-2026,2200,2400,2300
Tamil Nadu,Erode,Gobichettipalayam(Uzhavar Sandhai ),Banana - Green,Banana - Green,Local,20-09-2026,3400,3600,3500
Tamil Nadu,Erode,Gobichettipalayam(Uzhavar Sandhai ),Tapioca,Tapioca,Local,20-09-2026,2000,2500,2250
Tamil Nadu,Erode,Gobichettipalayam(Uzhavar Sandhai ),Ginger(Green),Green Ginger,Local,20-09-2026,7800,8000,7900
Tamil Nadu,Erode,Gobichettipalayam(Uzhavar Sandhai ),Beetroot,Beetroot,Local,20-09-2026,6500,7000,6750
Tamil Nadu,Erode,Gobichettipalayam(Uzhavar Sandhai ),Drumstick,Drumstick,Local,20-09-2026,3500,4000,3750
Tamil Nadu,Erode,Sampath Nagar(Uzhavar Sandhai ),Papaya,Papaya,Local,20-09-2026,3000,3400,3200
Tamil Nadu,Erode,Sampath Nagar(Uzhavar Sandhai ),Ashgourd,Gouard,Local,20-09-2026,1800,2000,1900
Tamil Nadu,Erode,Sampath Nagar(Uzhavar Sandhai ),Pumpkin,Pumpkin,Local,20-09-2026,1800,2000,1900
Tamil Nadu,Erode,Sampath Nagar(Uzhavar Sandhai ),Cowpea(Veg),Cowpea (Veg),Local,20-09-2026,3000,3500,3250
Tamil Nadu,Erode,Sampath Nagar(Uzhavar Sandhai ),Banana - Green,Banana - Green,Local,20-09-2026,3000,3500,3250
Tamil Nadu,Erode,Sampath Nagar(Uzhavar Sandhai ),Snakeguard,Snakeguard,Local,20-09-2026,3200,3600,3400
Tamil Nadu,Erode,Sampath Nagar(Uzhavar Sandhai ),Beetroot,Beetroot,Local,20-09-2026,6200,6600,6400
Tamil Nadu,Erode,Sampath Nagar(Uzhavar Sandhai ),Ridgeguard(Tori),Ridgeguard(Tori),Local,20-09-2026,3200,3600,3400
Tamil Nadu,Erode,Sampath Nagar(Uzhavar Sandhai ),Capsicum,Capsicum,Local,20-09-2026,4200,4600,4400
Tripura,Khowai,Kalyanpur APMC,Cowpea(Veg),Cowpea (Veg),FAQ,20-09-2026,4200,4400,4300
Tripura,Khowai,Kalyanpur APMC,Tomato,Hybrid,FAQ,20-09-2026,2800,3000,2900
Tripura,Khowai,Kalyanpur APMC,Green Chilli,Green Chilly,FAQ,20-09-2026,13000,13200,13100
Tripura,Khowai,Kalyanpur APMC,Cucumbar(Kheera),Cucumbar,FAQ,20-09-2026,4800,5000,4900
Tamil Nadu,Pudukkottai,Ponnamaravathi(Uzhavar Sandhai),Banana,Other,Local,20-09-2026,6000,7000,6500
Tamil Nadu,Pudukkottai,Ponnamaravathi(Uzhavar Sandhai),Tomato,Other,Local,20-09-2026,2500,3000,2750
Tamil Nadu,Pudukkottai,Ponnamaravathi(Uzhavar Sandhai),Cluster beans,Cluster Beans,Local,20-09-2026,3000,4000,3500
Tamil Nadu,Pudukkottai,Ponnamaravathi(Uzhavar Sandhai),Bottle gourd,Bottle Gourd,Local,20-09-2026,1000,2000,1500
Tamil Nadu,Pudukkottai,Ponnamaravathi(Uzhavar Sandhai),Bhindi(Ladies Finger),Bhindi,Local,20-09-2026,2500,3000,2750
Tamil Nadu,Pudukkottai,Ponnamaravathi(Uzhavar Sandhai),Amaranthus,Amaranthus,Local,20-09-2026,1000,2000,1500
Tamil Nadu,Pudukkottai,Ponnamaravathi(Uzhavar Sandhai),Raddish,Raddish,Local,20-09-2026,2000,3000,2500
Tamil Nadu,Pudukkottai,Ponnamaravathi(Uzhavar Sandhai),Lime,Lime,Local,20-09-2026,1000,2000,1500
Tamil Nadu,Nagapattinam,Mayiladuthurai(Uzhavar Sandhai ),Banana,Besrai,Local,20-09-2026,3600,4000,3800
Tamil Nadu,Nagapattinam,Mayiladuthurai(Uzhavar Sandhai ),Onion,Bellary,Local,20-09-2026,5000,6000,5500
Tamil Nadu,Nagapattinam,Mayiladuthurai(Uzhavar Sandhai ),Potato,Red Nanital,Local,20-09-2026,3000,3000,3000
Tamil Nadu,Nagapattinam,Mayiladuthurai(Uzhavar Sandhai ),Bhindi(Ladies Finger),Bhindi,Local,20-09-2026,4500,5000,4750
Tamil Nadu,Nagapattinam,Mayiladuthurai(Uzhavar Sandhai ),Amaranthus,Amaranthus,Local,20-09-2026,1500,2000,1750
Tamil Nadu,Nagapattinam,Mayiladuthurai(Uzhavar Sandhai ),Carrot,Pusakesar,Local,20-09-2026,6000,7000,6500
Tamil Nadu,Nagapattinam,Mayiladuthurai(Uzhavar Sandhai ),Mango(Raw-Ripe),Mango - Raw-Ripe,Local,20-09-2026,9000,10000,9500
Tamil Nadu,Nagapattinam,Mayiladuthurai(Uzhavar Sandhai ),Lime,Lime,Local,20-09-2026,3600,4000,3800
Tamil Nadu,Pudukkottai,Viralimalai(Uzhavar Sandhai ),Bitter gourd,Bitter Gourd,Local,20-09-2026,6500,7000,6750
Tamil Nadu,Pudukkottai,Viralimalai(Uzhavar Sandhai ),Bhindi(Ladies Finger),Bhindi,Local,20-09-2026,2500,3000,2750
Tamil Nadu,Pudukkottai,Viralimalai(Uzhavar Sandhai ),Amaranthus,Amaranthus,Local,20-09-2026,1500,2000,1750
Tamil Nadu,Pudukkottai,Viralimalai(Uzhavar Sandhai ),Green Chilli,Green Chilly,Local,20-09-2026,5500,6000,5750
Tamil Nadu,Pudukkottai,Viralimalai(Uzhavar Sandhai ),Mint(Pudina),Mint(Pudina),Local,20-09-2026,4500,5000,4750
Tamil Nadu,Ramanathapuram,Kamuthi(Uzhavar Sandhai ),Cluster beans,Cluster Beans,Local,20-09-2026,4000,4500,4250
Tamil Nadu,Ramanathapuram,Paramakudi(Uzhavar Sandhai ),Brinjal,Round,Local,20-09-2026,6000,7000,6500
Tamil Nadu,Ramanathapuram,Paramakudi(Uzhavar Sandhai ),Tomato,Deshi,Local,20-09-2026,2800,3000,2900
Tamil Nadu,Ramanathapuram,Paramakudi(Uzhavar Sandhai ),Banana - Green,Banana - Green,Local,20-09-2026,3000,3500,3250
Tamil Nadu,Ramanathapuram,Paramakudi(Uzhavar Sandhai ),Beans,Beans (Whole),Local,20-09-2026,7000,7500,7250
Tamil Nadu,Ramanathapuram,Paramakudi(Uzhavar Sandhai ),Coconut,Coconut,Local,20-09-2026,6500,7000,6750
Tamil Nadu,Ramanathapuram,Paramakudi(Uzhavar Sandhai ),Carrot,Pusakesar,Local,20-09-2026,5500,6000,5750
Tamil Nadu,Ramanathapuram,Paramakudi(Uzhavar Sandhai ),Ridgeguard(Tori),Ridgeguard(Tori),Local,20-09-2026,5200,6000,5600
Tamil Nadu,Ramanathapuram,Paramakudi(Uzhavar Sandhai ),Chow Chow,Chow Chow,Local,20-09-2026,4500,4800,4650
Tamil Nadu,Ramanathapuram,Paramakudi(Uzhavar Sandhai ),Kakada,Kakada,Local,20-09-2026,40000,45000,42500
Tamil Nadu,Ramanathapuram,Paramakudi(Uzhavar Sandhai ),Marigold(Calcutta),Marigold(Calcutta),Local,20-09-2026,8000,9000,8500
Tamil Nadu,Ramanathapuram,Paramakudi(Uzhavar Sandhai ),Onion Green,Onion Green,Local,20-09-2026,7000,8000,7500
Tamil Nadu,Pudukkottai,Alangudi(Uzhavar Sandhai ),Bhindi(Ladies Finger),Bhindi,Local,20-09-2026,2500,3000,2750
Tamil Nadu,Pudukkottai,Alangudi(Uzhavar Sandhai ),Banana - Green,Banana - Green,Local,20-09-2026,2500,3000,2750
Tamil Nadu,Thiruvannamalai,Arani(Uzhavar Sandhai ),Garlic,Garlic,Local,20-09-2026,24000,27000,25500
Tamil Nadu,Thiruvannamalai,Arani(Uzhavar Sandhai ),Bhindi(Ladies Finger),Bhindi,Local,20-09-2026,2500,3000,2750
Tamil Nadu,Thiruvannamalai,Arani(Uzhavar Sandhai ),Amaranthus,Amaranthus,Local,20-09-2026,1500,2000,1750
Tamil Nadu,Thiruvannamalai,Arani(Uzhavar Sandhai ),Banana - Green,Banana - Green,Local,20-09-2026,1500,2000,1750
Tamil Nadu,Thiruvannamalai,Arani(Uzhavar Sandhai ),Snakeguard,Snakeguard,Local,20-09-2026,2500,3000,2750
Tamil Nadu,Thiruvannamalai,Arani(Uzhavar Sandhai ),Mint(Pudina),Mint(Pudina),Local,20-09-2026,4000,4500,4250
Tamil Nadu,Thiruvannamalai,Polur(Uzhavar Sandhai ),Banana,Besrai,Local,20-09-2026,4200,5000,4600
Tamil Nadu,Thiruvannamalai,Polur(Uzhavar Sandhai ),Potato,Red Nanital,Local,20-09-2026,3300,4000,3650
Tamil Nadu,Thiruvannamalai,Polur(Uzhavar Sandhai ),Cauliflower,Ranchi,Local,20-09-2026,2500,3000,2750
Tamil Nadu,Thiruvannamalai,Polur(Uzhavar Sandhai ),Tomato,Deshi,Local,20-09-2026,2000,2500,2250
Tamil Nadu,Thiruvannamalai,Polur(Uzhavar Sandhai ),Bottle gourd,Bottle Gourd,Local,20-09-2026,1600,2000,1800
Tamil Nadu,Thiruvannamalai,Polur(Uzhavar Sandhai ),Beans,Beans (Whole),Local,20-09-2026,5000,6000,5500
Tamil Nadu,Thiruvannamalai,Polur(Uzhavar Sandhai ),Cabbage,Cabbage,Local,20-09-2026,2500,3000,2750
Tamil Nadu,Thiruvannamalai,Polur(Uzhavar Sandhai ),Snakeguard,Snakeguard,Local,20-09-2026,2500,3000,2750
Tamil Nadu,Thiruvannamalai,Polur(Uzhavar Sandhai ),Ridgeguard(Tori),Ridgeguard(Tori),Local,20-09-2026,4000,4800,4400
Tamil Nadu,Thiruvannamalai,Polur(Uzhavar Sandhai ),Chow Chow,Chow Chow,Local,20-09-2026,3300,4000,3650
Tamil Nadu,Thiruvannamalai,Polur(Uzhavar Sandhai ),Knool Khol,Knool Khol,Local,20-09-2026,3300,4000,3650
Tamil Nadu,Thiruvannamalai,Polur(Uzhavar Sandhai ),Custard Apple(Sharifa),Custard Apple(Sharifa),Local,20-09-2026,3300,4000,3650
Tamil Nadu,Thiruvannamalai,Tiruvannamalai(Uzhavar Sandhai ),Banana,Besrai,Local,20-09-2026,5000,6000,5500
Tamil Nadu,Thiruvannamalai,Tiruvannamalai(Uzhavar Sandhai ),Onion,Bellary,Local,20-09-2026,6000,6500,6250
Tamil Nadu,Thiruvannamalai,Tiruvannamalai(Uzhavar Sandhai ),Chikoos(Sapota),Sapota,Local,20-09-2026,5000,6000,5500
Tamil Nadu,Thiruvannamalai,Tiruvannamalai(Uzhavar Sandhai ),Bhindi(Ladies Finger),Bhindi,Local,20-09-2026,2500,3000,2750
Tamil Nadu,Thiruvannamalai,Tiruvannamalai(Uzhavar Sandhai ),Banana - Green,Banana - Green,Local,20-09-2026,2500,3000,2750
Tamil Nadu,Thiruvannamalai,Tiruvannamalai(Uzhavar Sandhai ),Raddish,Raddish,Local,20-09-2026,2000,2500,2250
Tamil Nadu,Thiruvannamalai,Tiruvannamalai(Uzhavar Sandhai ),Tender Coconut,Tender Coconut,Local,20-09-2026,2500,3000,2750
Tamil Nadu,Thiruvannamalai,Tiruvannamalai(Uzhavar Sandhai ),Mashrooms,Mashrooms,Local,20-09-2026,22000,25000,23500
Tamil Nadu,Thiruvarur,Mannargudi I(Uzhavar Sandhai ),Ashgourd,Gouard,Local,20-09-2026,3000,3000,3000
Tamil Nadu,Thiruvarur,Mannargudi I(Uzhavar Sandhai ),Banana - Green,Banana - Green,Local,20-09-2026,4800,4800,4800
Tamil Nadu,Thiruvarur,Mannargudi I(Uzhavar Sandhai ),Carrot,Pusakesar,Local,20-09-2026,4600,4600,4600
Tamil Nadu,Thiruvarur,Mannargudi I(Uzhavar Sandhai ),Mango(Raw-Ripe),Mango - Raw-Ripe,Local,20-09-2026,8000,9000,8500
Tamil Nadu,Tuticorin,Kovilpatti(Uzhavar Sandhai ),Banana,Other,Local,20-09-2026,3500,4000,3750
Tamil Nadu,Tuticorin,Kovilpatti(Uzhavar Sandhai ),Onion,Bellary,Local,20-09-2026,7000,7500,7250
Tamil Nadu,Tuticorin,Kovilpatti(Uzhavar Sandhai ),Coriander(Leaves),I Sort,Local,20-09-2026,4500,5000,4750
Tamil Nadu,Tuticorin,Kovilpatti(Uzhavar Sandhai ),Cluster beans,Cluster Beans,Local,20-09-2026,4000,4500,4250
Tamil Nadu,Tuticorin,Kovilpatti(Uzhavar Sandhai ),Green Chilli,Green Chilly,Local,20-09-2026,5500,6000,5750
Tamil Nadu,Tuticorin,Kovilpatti(Uzhavar Sandhai ),Coconut,Coconut,Local,20-09-2026,6500,7000,6750
Tamil Nadu,Tuticorin,Kovilpatti(Uzhavar Sandhai ),Drumstick,Drumstick,Local,20-09-2026,4500,5000,4750
Tamil Nadu,Tuticorin,Kovilpatti(Uzhavar Sandhai ),Lemon,Lemon,Local,20-09-2026,19000,19500,19250
Tamil Nadu,Vellore,Gudiyatham(Uzhavar Sandhai ),Papaya,Papaya,Local,20-09-2026,3500,3500,3500
Tamil Nadu,Vellore,Gudiyatham(Uzhavar Sandhai ),Bottle gourd,Bottle Gourd,Local,20-09-2026,1500,1500,1500
Tamil Nadu,Vellore,Gudiyatham(Uzhavar Sandhai ),Bhindi(Ladies Finger),Bhindi,Local,20-09-2026,2500,2500,2500
Tamil Nadu,Vellore,Gudiyatham(Uzhavar Sandhai ),Beans,Beans (Whole),Local,20-09-2026,7600,7600,7600
Tamil Nadu,Vellore,Gudiyatham(Uzhavar Sandhai ),Coconut,Coconut,Local,20-09-2026,4000,4000,4000
Tamil Nadu,Vellore,Gudiyatham(Uzhavar Sandhai ),Snakeguard,Snakeguard,Local,20-09-2026,3600,3600,3600
Tamil Nadu,Vellore,Gudiyatham(Uzhavar Sandhai ),Ridgeguard(Tori),Ridgeguard(Tori),Local,20-09-2026,3600,3600,3600
Tamil Nadu,Vellore,Gudiyatham(Uzhavar Sandhai ),Thondekai,Thondekai,Local,20-09-2026,5000,5000,5000
Tamil Nadu,Vellore,Gudiyatham(Uzhavar Sandhai ),Knool Khol,Knool Khol,Local,20-09-2026,4600,4600,4600
Tamil Nadu,Vellore,Gudiyatham(Uzhavar Sandhai ),Lime,Lime,Local,20-09-2026,5000,5000,5000
Tamil Nadu,Vellore,Gudiyatham(Uzhavar Sandhai ),Tamarind Fruit,Tamarind Fruit,Local,20-09-2026,15000,15000,15000
Tamil Nadu,Vellore,Gudiyatham(Uzhavar Sandhai ),Indian Beans(Seam),Indian Beans (Seam),Local,20-09-2026,5600,5600,5600
Tamil Nadu,Vellore,Gudiyatham(Uzhavar Sandhai ),Mint(Pudina),Mint(Pudina),Local,20-09-2026,4000,4000,4000
Tamil Nadu,Vellore,Kahithapattarai(Uzhavar Sandhai ),Banana,Besrai,Local,20-09-2026,5000,6000,5500
Tamil Nadu,Vellore,Kahithapattarai(Uzhavar Sandhai ),Cauliflower,Ranchi,Local,20-09-2026,3000,3000,3000
Tamil Nadu,Vellore,Kahithapattarai(Uzhavar Sandhai ),Papaya,Papaya,Local,20-09-2026,4500,4500,4500
Tamil Nadu,Vellore,Kahithapattarai(Uzhavar Sandhai ),Cluster beans,Cluster Beans,Local,20-09-2026,4000,4000,4000
Tamil Nadu,Vellore,Kahithapattarai(Uzhavar Sandhai ),Pumpkin,Pumpkin,Local,20-09-2026,2000,2000,2000
Tamil Nadu,Vellore,Kahithapattarai(Uzhavar Sandhai ),Bhindi(Ladies Finger),Bhindi,Local,20-09-2026,4000,4000,4000
Tamil Nadu,Vellore,Kahithapattarai(Uzhavar Sandhai ),Green Chilli,Green Chilly,Local,20-09-2026,4600,4600,4600
Tamil Nadu,Vellore,Kahithapattarai(Uzhavar Sandhai ),Ginger(Green),Green Ginger,Local,20-09-2026,8000,8000,8000
Tamil Nadu,Vellore,Kahithapattarai(Uzhavar Sandhai ),Carrot,Pusakesar,Local,20-09-2026,4600,4600,4600
Tamil Nadu,Vellore,Kahithapattarai(Uzhavar Sandhai ),Raddish,Raddish,Local,20-09-2026,2500,2500,2500
Tamil Nadu,Vellore,Kahithapattarai(Uzhavar Sandhai ),Drumstick,Drumstick,Local,20-09-2026,4000,4000,4000
Tamil Nadu,Vellore,Kahithapattarai(Uzhavar Sandhai ),Lemon,Lemon,Local,20-09-2026,25000,25000,25000
Tamil Nadu,Vellore,Kahithapattarai(Uzhavar Sandhai ),Colacasia,Colacasia,Local,20-09-2026,4000,4000,4000
Tamil Nadu,Vellore,Kahithapattarai(Uzhavar Sandhai ),Custard Apple(Sharifa),Custard Apple(Sharifa),Local,20-09-2026,5000,5000,5000
Tamil Nadu,Thiruvannamalai,Cheyyar(Uzhavar Sandhai ),Onion,Bellary,Local,20-09-2026,4800,6000,5400
Tamil Nadu,Thiruvannamalai,Cheyyar(Uzhavar Sandhai ),Papaya,Papaya,Local,20-09-2026,3200,4000,3600
Tamil Nadu,Thiruvannamalai,Cheyyar(Uzhavar Sandhai ),Bitter gourd,Other,Local,20-09-2026,3200,4000,3600
Tamil Nadu,Thiruvannamalai,Cheyyar(Uzhavar Sandhai ),Bhindi(Ladies Finger),Bhindi,Local,20-09-2026,2500,3000,2750
Tamil Nadu,Thiruvannamalai,Cheyyar(Uzhavar Sandhai ),Amaranthus,Amaranthus,Local,20-09-2026,2000,2500,2250
Tamil Nadu,Thiruvannamalai,Cheyyar(Uzhavar Sandhai ),Green Chilli,Green Chilly,Local,20-09-2026,4800,6000,5400
Tamil Nadu,Thiruvannamalai,Cheyyar(Uzhavar Sandhai ),Snakeguard,Snakeguard,Local,20-09-2026,2500,3000,2750
Tamil Nadu,Thiruvannamalai,Cheyyar(Uzhavar Sandhai ),Thondekai,Thondekai,Local,20-09-2026,3200,4000,3600
Tamil Nadu,Thiruvannamalai,Cheyyar(Uzhavar Sandhai ),Mint(Pudina),Mint(Pudina),Local,20-09-2026,3200,4000,3600
Andhra Pradesh,Kakinada,Kakinada (Urban) APMC,Paddy(Common),Paddy Medium,FAQ,20-09-2026,2369,2460,2441
Tamil Nadu,Ariyalur,Ariyalur(Uzhavar Sandhai),Cluster beans,Cluster Beans,Local,20-09-2026,3000,3500,3250
Tamil Nadu,Ariyalur,Ariyalur(Uzhavar Sandhai),Ginger(Green),Green Ginger,Local,20-09-2026,17000,18000,17500
Tamil Nadu,Ariyalur,Ariyalur(Uzhavar Sandhai),Cabbage,Cabbage,Local,20-09-2026,3000,3500,3250
Tamil Nadu,Ariyalur,Ariyalur(Uzhavar Sandhai),Drumstick,Drumstick,Local,20-09-2026,3500,4000,3750
Tamil Nadu,Ariyalur,Ariyalur(Uzhavar Sandhai),Mint(Pudina),Mint(Pudina),Local,20-09-2026,5000,5500,5250
Odisha,Mayurbhanja,Betnoti APMC,Pointed gourd(Parval),Other,FAQ,20-09-2026,3800,4200,4000
Odisha,Mayurbhanja,Betnoti APMC,Pumpkin,Pumpkin,FAQ,20-09-2026,1800,2200,2000
Tamil Nadu,Coimbatore,Sundarapuram(Uzhavar Sandhai ),Brinjal,Other,Local,20-09-2026,3500,4000,3750
Tamil Nadu,Coimbatore,Sundarapuram(Uzhavar Sandhai ),Potato,Other,Local,20-09-2026,6800,7200,7000
Tamil Nadu,Coimbatore,Sundarapuram(Uzhavar Sandhai ),Tomato,Local,Local,20-09-2026,2800,3200,3000
Tamil Nadu,Coimbatore,Sundarapuram(Uzhavar Sandhai ),Bhindi(Ladies Finger),Bhindi,Local,20-09-2026,4500,5000,4750
Tamil Nadu,Coimbatore,Sundarapuram(Uzhavar Sandhai ),Carrot,Pusakesar,Local,20-09-2026,4500,5000,4750
Tamil Nadu,Coimbatore,Sundarapuram(Uzhavar Sandhai ),Ridgeguard(Tori),Ridgeguard(Tori),Local,20-09-2026,4000,4500,4250
Tamil Nadu,Coimbatore,Sundarapuram(Uzhavar Sandhai ),Capsicum,Capsicum,Local,20-09-2026,6000,6500,6250
Tamil Nadu,Coimbatore,Sundarapuram(Uzhavar Sandhai ),Drumstick,Drumstick,Local,20-09-2026,3500,4000,3750
Tamil Nadu,Coimbatore,Sundarapuram(Uzhavar Sandhai ),Mango(Raw-Ripe),Mango - Raw-Ripe,Local,20-09-2026,9000,10000,9500
Tamil Nadu,Coimbatore,Sundarapuram(Uzhavar Sandhai ),Mint(Pudina),Mint(Pudina),Local,20-09-2026,5500,6000,5750
Haryana,Gurgaon,Gurgaon APMC,Capsicum,Other,Grade A,20-09-2026,2000,4000,3000
Haryana,Gurgaon,Gurgaon APMC,Potato,Other,Grade A,20-09-2026,600,1000,800
Tamil Nadu,Erode,Sathiyamagalam(Uzhavar Sandhai ),Papaya,Papaya,Local,20-09-2026,2000,2400,2200
Tamil Nadu,Erode,Sathiyamagalam(Uzhavar Sandhai ),Bitter gourd,Other,Local,20-09-2026,5000,5500,5250
Tamil Nadu,Erode,Sathiyamagalam(Uzhavar Sandhai ),Pumpkin,Pumpkin,Local,20-09-2026,2500,3000,2750
Tamil Nadu,Erode,Sathiyamagalam(Uzhavar Sandhai ),Ginger(Green),Green Ginger,Local,20-09-2026,15000,16000,15500
Tamil Nadu,Erode,Sathiyamagalam(Uzhavar Sandhai ),Ridgeguard(Tori),Ridgeguard(Tori),Local,20-09-2026,4000,4500,4250
Tamil Nadu,Erode,Sathiyamagalam(Uzhavar Sandhai ),Raddish,Raddish,Local,20-09-2026,2400,2800,2600
Tamil Nadu,Coimbatore,Mettupalayam(Uzhavar Sandhai ),Cauliflower,Ranchi,Local,20-09-2026,4000,4500,4250
Tamil Nadu,Coimbatore,Mettupalayam(Uzhavar Sandhai ),Water Melon,Water Melon,Local,20-09-2026,2000,2500,2250
Tamil Nadu,Coimbatore,Mettupalayam(Uzhavar Sandhai ),Bottle gourd,Bottle Gourd,Local,20-09-2026,2000,2500,2250
Tamil Nadu,Coimbatore,Mettupalayam(Uzhavar Sandhai ),Bhindi(Ladies Finger),Bhindi,Local,20-09-2026,3500,4000,3750
Tamil Nadu,Coimbatore,Mettupalayam(Uzhavar Sandhai ),Cowpea(Veg),Cowpea (Veg),Local,20-09-2026,3000,3500,3250
Tamil Nadu,Coimbatore,Mettupalayam(Uzhavar Sandhai ),Cabbage,Cabbage,Local,20-09-2026,2500,3000,2750
Tamil Nadu,Coimbatore,Mettupalayam(Uzhavar Sandhai ),Beetroot,Beetroot,Local,20-09-2026,5500,6000,5750
Tamil Nadu,Coimbatore,Mettupalayam(Uzhavar Sandhai ),Green Avare(W),Green Avare (W),Local,20-09-2026,5500,6000,5750
Tamil Nadu,Coimbatore,Mettupalayam(Uzhavar Sandhai ),Mango(Raw-Ripe),Mango - Raw-Ripe,Local,20-09-2026,10000,11000,10500
Tamil Nadu,Coimbatore,Mettupalayam(Uzhavar Sandhai ),Jack Fruit(Ripe),Jack Fruit,Local,20-09-2026,3500,4000,3750
Tamil Nadu,Coimbatore,Mettupalayam(Uzhavar Sandhai ),Guava,Guava Allahabad,Local,20-09-2026,5500,6000,5750
Tamil Nadu,Coimbatore,Mettupalayam(Uzhavar Sandhai ),Amla(Nelli Kai),Amla,Local,20-09-2026,9000,10000,9500
Tamil Nadu,Coimbatore,Mettupalayam(Uzhavar Sandhai ),Sweet Corn ,Sweet Corn ,Local,20-09-2026,3500,4000,3750
Uttar Pradesh,Auraiya,Dibiapur APMC,Wheat,Dara,FAQ,20-09-2026,2550,2550,2550
Tamil Nadu,Namakkal,Tiruchengode APMC,Cluster beans,Cluster Beans,Local,20-09-2026,3200,3600,3400
Tamil Nadu,Namakkal,Tiruchengode APMC,Pumpkin,Pumpkin,Local,20-09-2026,1800,2000,1900
Tamil Nadu,Namakkal,Tiruchengode APMC,Coconut,Coconut,Local,20-09-2026,5400,6000,5700
Tamil Nadu,Namakkal,Tiruchengode APMC,Guava,Guava Allahabad,Local,20-09-2026,7200,8000,7600
Tamil Nadu,Namakkal,Tiruchengode APMC,Tender Coconut,Tender Coconut,Local,20-09-2026,3500,4000,3750
Tamil Nadu,Namakkal,Tiruchengode APMC,Amla(Nelli Kai),Amla,Local,20-09-2026,8000,9000,8500
Telangana,Siddipet,Vantamamidi APMC,Tomato,Local,Local,20-09-2026,1000,1400,1200
Tamil Nadu,Coimbatore,RSPuram(Uzhavar Sandhai ),Brinjal,Other,Local,20-09-2026,3000,3600,3300
Tamil Nadu,Coimbatore,RSPuram(Uzhavar Sandhai ),Groundnut,Big (With Shell),Local,20-09-2026,6500,7000,6750
Tamil Nadu,Coimbatore,RSPuram(Uzhavar Sandhai ),Coriander(Leaves),I Sort,Local,20-09-2026,4400,4800,4600
Tamil Nadu,Coimbatore,RSPuram(Uzhavar Sandhai ),Green Peas,Green Peas,Local,20-09-2026,18000,20000,19000
Tamil Nadu,Coimbatore,RSPuram(Uzhavar Sandhai ),Tomato,Local,Local,20-09-2026,2600,2800,2700
Tamil Nadu,Coimbatore,RSPuram(Uzhavar Sandhai ),Pumpkin,Pumpkin,Local,20-09-2026,1600,1800,1700
Tamil Nadu,Coimbatore,RSPuram(Uzhavar Sandhai ),Beetroot,Beetroot,Local,20-09-2026,5000,5500,5250
Tamil Nadu,Coimbatore,RSPuram(Uzhavar Sandhai ),Thondekai,Thondekai,Local,20-09-2026,3600,4200,3900
Tamil Nadu,Coimbatore,RSPuram(Uzhavar Sandhai ),Drumstick,Drumstick,Local,20-09-2026,3200,3600,3400
Tamil Nadu,Coimbatore,RSPuram(Uzhavar Sandhai ),Amla(Nelli Kai),Amla,Local,20-09-2026,11000,12200,11600
Tamil Nadu,Coimbatore,Singanallur(Uzhavar Sandhai ),Orange,Darjeeling,Local,20-09-2026,14000,17000,15500
Tamil Nadu,Coimbatore,Singanallur(Uzhavar Sandhai ),Garlic,Garlic,Local,20-09-2026,20000,24000,22000
Tamil Nadu,Coimbatore,Singanallur(Uzhavar Sandhai ),Coconut,Coconut,Local,20-09-2026,5600,6000,5800
Tamil Nadu,Coimbatore,Singanallur(Uzhavar Sandhai ),Sweet Potato,Hosur Red,Local,20-09-2026,5400,6000,5700
Tamil Nadu,Coimbatore,Singanallur(Uzhavar Sandhai ),Cucumbar(Kheera),Cucumbar,Local,20-09-2026,4000,4500,4250
Tamil Nadu,Coimbatore,Singanallur(Uzhavar Sandhai ),Capsicum,Capsicum,Local,20-09-2026,5400,6000,5700
Tamil Nadu,Coimbatore,Singanallur(Uzhavar Sandhai ),Chow Chow,Chow Chow,Local,20-09-2026,3200,3500,3350
Tamil Nadu,Coimbatore,Singanallur(Uzhavar Sandhai ),Guava,Guava Allahabad,Local,20-09-2026,6000,7000,6500
Tamil Nadu,Coimbatore,Singanallur(Uzhavar Sandhai ),Lemon,Lemon,Local,20-09-2026,24000,26000,25000
Tamil Nadu,Coimbatore,Singanallur(Uzhavar Sandhai ),Amla(Nelli Kai),Amla,Local,20-09-2026,11000,12000,11500
Tamil Nadu,Coimbatore,Pollachi(Uzhavar Sandhai ),Garlic,Garlic,Local,20-09-2026,18000,22000,20000
Tamil Nadu,Coimbatore,Pollachi(Uzhavar Sandhai ),Cowpea(Veg),Cowpea (Veg),Local,20-09-2026,4000,4500,4250
Tamil Nadu,Coimbatore,Pollachi(Uzhavar Sandhai ),Coconut,Coconut,Local,20-09-2026,5500,6000,5750
Tamil Nadu,Coimbatore,Pollachi(Uzhavar Sandhai ),Beetroot,Beetroot,Local,20-09-2026,5000,6500,5750
Tamil Nadu,Coimbatore,Pollachi(Uzhavar Sandhai ),Ridgeguard(Tori),Ridgeguard(Tori),Local,20-09-2026,4500,5000,4750
Tamil Nadu,Coimbatore,Pollachi(Uzhavar Sandhai ),Drumstick,Drumstick,Local,20-09-2026,3500,4000,3750
Tamil Nadu,Coimbatore,Pollachi(Uzhavar Sandhai ),Lemon,Lemon,Local,20-09-2026,20000,25000,22500
Odisha,Bargarh,Godbhaga APMC,Brinjal,Other,Local,20-09-2026,2700,3100,2900
Odisha,Bargarh,Godbhaga APMC,Tomato,Other,Local,20-09-2026,1650,1950,1800
Odisha,Bargarh,Godbhaga APMC,Bottle gourd,Other,Local,20-09-2026,2000,2400,2200
Uttar Pradesh,Amroha,Dhanaura APMC,Tomato,Other,FAQ,20-09-2026,2300,2300,2300
Telangana,Ranga Reddy,"Vanasthalipuram,RBZ ",Ridgeguard(Tori),Ridgeguard(Tori),Grade A,20-09-2026,3500,3500,3500
Telangana,Ranga Reddy,"Vanasthalipuram,RBZ ",Tomato,Other,Grade A,20-09-2026,2300,2300,2300
Telangana,Ranga Reddy,"Vanasthalipuram,RBZ ",Bitter gourd,Bitter Gourd,Grade A,20-09-2026,3200,3200,3200
Telangana,Ranga Reddy,"Vanasthalipuram,RBZ ",Ladies Finger,Ladies Finger,Grade A,20-09-2026,4000,4000,4000
Telangana,Ranga Reddy,"Vanasthalipuram,RBZ ",Elephant Yam(Suran)/Amorphophallus,Elephant Yam (Suran),Grade A,20-09-2026,3500,3500,3500
Telangana,Ranga Reddy,"Vanasthalipuram,RBZ ",Onion,Onion,Grade A,20-09-2026,4000,4000,4000
Telangana,Ranga Reddy,"Vanasthalipuram,RBZ ",Drumstick,Drumstick,Grade A,20-09-2026,4500,4500,4500
Tamil Nadu,Karur,Karur(Uzhavar Sandhai ),Cluster beans,Cluster Beans,Local,20-09-2026,3500,4000,3750
Tamil Nadu,Karur,Karur(Uzhavar Sandhai ),Pumpkin,Pumpkin,Local,20-09-2026,2000,2500,2250
Tamil Nadu,Karur,Karur(Uzhavar Sandhai ),Cowpea(Veg),Cowpea (Veg),Local,20-09-2026,4000,4500,4250
Tamil Nadu,Karur,Karur(Uzhavar Sandhai ),Capsicum,Capsicum,Local,20-09-2026,6500,7000,6750
Tamil Nadu,Coimbatore,Kurichi(Uzhavar Sandhai ),Papaya,Papaya,Local,20-09-2026,5000,5500,5250
Tamil Nadu,Coimbatore,Kurichi(Uzhavar Sandhai ),Bhindi(Ladies Finger),Bhindi,Local,20-09-2026,4500,5000,4750
Tamil Nadu,Coimbatore,Kurichi(Uzhavar Sandhai ),Green Chilli,Green Chilly,Local,20-09-2026,6000,6500,6250
Tamil Nadu,Coimbatore,Kurichi(Uzhavar Sandhai ),Snakeguard,Snakeguard,Local,20-09-2026,3000,3500,3250
Tamil Nadu,Coimbatore,Kurichi(Uzhavar Sandhai ),Thondekai,Thondekai,Local,20-09-2026,3500,4000,3750
Tamil Nadu,Cuddalore,Chidambaram(Uzhavar Sandhai ),Brinjal,Round,Local,20-09-2026,3000,4000,3500
Tamil Nadu,Cuddalore,Chidambaram(Uzhavar Sandhai ),Onion,Bellary,Local,20-09-2026,5500,5500,5500
Tamil Nadu,Cuddalore,Chidambaram(Uzhavar Sandhai ),Bottle gourd,Bottle Gourd,Local,20-09-2026,3000,3000,3000
Tamil Nadu,Cuddalore,Cuddalore(Uzhavar Sandhai ),Onion,Bellary,Local,20-09-2026,6000,7000,6500
Tamil Nadu,Cuddalore,Cuddalore(Uzhavar Sandhai ),Cauliflower,Ranchi,Local,20-09-2026,4000,4000,4000
Tamil Nadu,Cuddalore,Cuddalore(Uzhavar Sandhai ),Coriander(Leaves),I Sort,Local,20-09-2026,5000,5000,5000
Tamil Nadu,Cuddalore,Cuddalore(Uzhavar Sandhai ),Tomato,Deshi,Local,20-09-2026,2800,3000,2900
Tamil Nadu,Cuddalore,Cuddalore(Uzhavar Sandhai ),Cluster beans,Cluster Beans,Local,20-09-2026,3500,3500,3500
Tamil Nadu,Cuddalore,Cuddalore(Uzhavar Sandhai ),Bitter gourd,Bitter Gourd,Local,20-09-2026,6000,7000,6500
Tamil Nadu,Cuddalore,Cuddalore(Uzhavar Sandhai ),Amaranthus,Amaranthus,Local,20-09-2026,2000,3000,2500
Tamil Nadu,Cuddalore,Cuddalore(Uzhavar Sandhai ),Tapioca,Tapioca,Local,20-09-2026,5000,6000,5500
Tamil Nadu,Cuddalore,Cuddalore(Uzhavar Sandhai ),Snakeguard,Snakeguard,Local,20-09-2026,3000,3000,3000
Tamil Nadu,Cuddalore,Cuddalore(Uzhavar Sandhai ),Knool Khol,Knool Khol,Local,20-09-2026,4000,4000,4000
Tamil Nadu,Tuticorin,Tuticorin(Uzhavar Sandhai ),Potato,Other,Local,20-09-2026,3000,3500,3250
Tamil Nadu,Tuticorin,Tuticorin(Uzhavar Sandhai ),Coriander(Leaves),I Sort,Local,20-09-2026,5000,6000,5500
Tamil Nadu,Tuticorin,Tuticorin(Uzhavar Sandhai ),Tomato,Local,Local,20-09-2026,2500,3000,2750
Tamil Nadu,Tuticorin,Tuticorin(Uzhavar Sandhai ),Amaranthus,Amaranthus,Local,20-09-2026,800,1000,900
Tamil Nadu,Tuticorin,Tuticorin(Uzhavar Sandhai ),Ginger(Green),Green Ginger,Local,20-09-2026,19000,20000,19500
Tamil Nadu,Tuticorin,Tuticorin(Uzhavar Sandhai ),Coconut,Coconut,Local,20-09-2026,6500,7000,6750
Tamil Nadu,Tuticorin,Tuticorin(Uzhavar Sandhai ),Thondekai,Thondekai,Local,20-09-2026,4500,5000,4750
Tamil Nadu,Tuticorin,Tuticorin(Uzhavar Sandhai ),Guava,Guava Allahabad,Local,20-09-2026,5000,6000,5500
Tamil Nadu,Nagercoil (Kannyiakumari),Vadaseri APMC,Bitter gourd,Bitter Gourd,Local,20-09-2026,5500,6000,5750
Tamil Nadu,Nagercoil (Kannyiakumari),Vadaseri APMC,Bhindi(Ladies Finger),Bhindi,Local,20-09-2026,4500,5000,4750
Tamil Nadu,Nagercoil (Kannyiakumari),Vadaseri APMC,Cucumbar(Kheera),Cucumbar,Local,20-09-2026,2200,2500,2350
Tamil Nadu,Nagercoil (Kannyiakumari),Vadaseri APMC,Chow Chow,Chow Chow,Local,20-09-2026,4300,4800,4550
Tamil Nadu,Nagercoil (Kannyiakumari),Vadaseri APMC,Lime,Lime,Local,20-09-2026,4500,5000,4750
Tamil Nadu,Nagercoil (Kannyiakumari),Vadaseri APMC,Jasmine,Jasmine,Local,20-09-2026,35000,40000,37500
Tamil Nadu,Nagercoil (Kannyiakumari),Vadaseri APMC,Tamarind Fruit,Tamarind Fruit,Local,20-09-2026,13000,14000,13500
Tamil Nadu,Nagercoil (Kannyiakumari),Vadaseri APMC,Colacasia,Colacasia,Local,20-09-2026,9000,10000,9500
Tamil Nadu,Nagercoil (Kannyiakumari),Vadaseri APMC,Onion Green,Onion Green,Local,20-09-2026,10000,11000,10500
Madhya Pradesh,Morena,Kailaras APMC,Potato,Other,FAQ,20-09-2026,700,700,700
Madhya Pradesh,Morena,Kailaras APMC,Ginger(Dry),Other,FAQ,20-09-2026,6500,6500,6500
Madhya Pradesh,Morena,Kailaras APMC,Pumpkin,Other,FAQ,20-09-2026,1200,1200,1200
Tamil Nadu,Vellore,Thirupathur APMC,Tomato,Deshi,Local,20-09-2026,3000,3000,3000
Tamil Nadu,Vellore,Thirupathur APMC,Bottle gourd,Bottle Gourd,Local,20-09-2026,2000,2000,2000
Tamil Nadu,Vellore,Thirupathur APMC,Ginger(Green),Green Ginger,Local,20-09-2026,22000,22000,22000
Tamil Nadu,Vellore,Thirupathur APMC,Capsicum,Capsicum,Local,20-09-2026,5000,5000,5000
Tamil Nadu,Vellore,Thirupathur APMC,Jack Fruit(Ripe),Jack Fruit,Local,20-09-2026,3000,3000,3000
Tamil Nadu,Vellore,Thirupathur APMC,Guava,Guava Allahabad,Local,20-09-2026,5000,5000,5000
Tamil Nadu,Vellore,Thirupathur APMC,Tender Coconut,Tender Coconut,Local,20-09-2026,3000,3000,3000
Tamil Nadu,Vellore,Vellore APMC,Apple,American,Local,20-09-2026,26000,26000,26000
Tamil Nadu,Vellore,Vellore APMC,Ashgourd,Gouard,Local,20-09-2026,2500,2500,2500
Tamil Nadu,Vellore,Vellore APMC,Amaranthus,Amaranthus,Local,20-09-2026,4000,4000,4000
Tamil Nadu,Vellore,Vellore APMC,Beans,Beans (Whole),Local,20-09-2026,6500,6500,6500
Tamil Nadu,Vellore,Vellore APMC,Cabbage,Cabbage,Local,20-09-2026,3000,3000,3000
Tamil Nadu,Vellore,Vellore APMC,Drumstick,Drumstick,Local,20-09-2026,4500,4500,4500
Tamil Nadu,Vellore,Vellore APMC,Knool Khol,Knool Khol,Local,20-09-2026,3000,3000,3000
Tamil Nadu,Vellore,Vellore APMC,Yam(Ratalu),Yam (Ratalu),Local,20-09-2026,5000,5000,5000
Tamil Nadu,Vellore,Vellore APMC,Colacasia,Colacasia,Local,20-09-2026,4000,4000,4000
Tamil Nadu,Vellore,Vellore APMC,Mint(Pudina),Mint(Pudina),Local,20-09-2026,4500,4500,4500
Bihar,Sheikhpura,Shekhpura APMC,Bottle gourd,Bottle Gourd,FAQ,20-09-2026,2980,3110,3040
Tamil Nadu,Dharmapuri,Harur(Uzhavar Sandhai ),Tomato,Deshi,Local,20-09-2026,2000,2500,2250
Tamil Nadu,Dharmapuri,Harur(Uzhavar Sandhai ),Bitter gourd,Bitter Gourd,Local,20-09-2026,5000,6000,5500
Tamil Nadu,Dharmapuri,Harur(Uzhavar Sandhai ),Amaranthus,Amaranthus,Local,20-09-2026,2500,3000,2750
Tamil Nadu,Dharmapuri,Harur(Uzhavar Sandhai ),Ginger(Green),Green Ginger,Local,20-09-2026,12000,18000,15000
Tamil Nadu,Dharmapuri,Harur(Uzhavar Sandhai ),Knool Khol,Knool Khol,Local,20-09-2026,4500,5000,4750
Tamil Nadu,Dharmapuri,Harur(Uzhavar Sandhai ),Lemon,Lemon,Local,20-09-2026,14000,15000,14500
Tamil Nadu,Krishnagiri,Kaveripattinam(Uzhavar Sandhai ),Cluster beans,Cluster Beans,Local,20-09-2026,4000,4000,4000
Tamil Nadu,Krishnagiri,Kaveripattinam(Uzhavar Sandhai ),Ridgeguard(Tori),Ridgeguard(Tori),Local,20-09-2026,5000,5000,5000
Tamil Nadu,Krishnagiri,Kaveripattinam(Uzhavar Sandhai ),Raddish,Raddish,Local,20-09-2026,3000,3000,3000
Tamil Nadu,Krishnagiri,Kaveripattinam(Uzhavar Sandhai ),Lemon,Lemon,Local,20-09-2026,12000,12000,12000
Tamil Nadu,The Nilgiris,Coonoor(Uzhavar Sandhai ),Brinjal,Other,Local,20-09-2026,3500,3800,3650
Tamil Nadu,The Nilgiris,Coonoor(Uzhavar Sandhai ),Onion,Bellary,Local,20-09-2026,6400,6800,6600
Tamil Nadu,The Nilgiris,Coonoor(Uzhavar Sandhai ),Coriander(Leaves),I Sort,Local,20-09-2026,5000,5400,5200
Tamil Nadu,The Nilgiris,Coonoor(Uzhavar Sandhai ),Bottle gourd,Bottle Gourd,Local,20-09-2026,3000,3300,3150
Tamil Nadu,The Nilgiris,Coonoor(Uzhavar Sandhai ),Tapioca,Tapioca,Local,20-09-2026,3000,3400,3200
Tamil Nadu,The Nilgiris,Gudalur(Uzhavar Sandhai ),Brinjal,Round,Local,20-09-2026,4000,4500,4250
Tamil Nadu,The Nilgiris,Gudalur(Uzhavar Sandhai ),Potato,Red Nanital,Local,20-09-2026,4000,5000,4500
Tamil Nadu,The Nilgiris,Gudalur(Uzhavar Sandhai ),Tomato,Deshi,Local,20-09-2026,2500,3000,2750
Tamil Nadu,The Nilgiris,Gudalur(Uzhavar Sandhai ),Green Chilli,Green Chilly,Local,20-09-2026,4500,5000,4750
Tamil Nadu,The Nilgiris,Gudalur(Uzhavar Sandhai ),Tapioca,Tapioca,Local,20-09-2026,3000,3500,3250
Tamil Nadu,The Nilgiris,Gudalur(Uzhavar Sandhai ),Ginger(Green),Green Ginger,Local,20-09-2026,10000,15000,12500
Tamil Nadu,The Nilgiris,Gudalur(Uzhavar Sandhai ),Snakeguard,Snakeguard,Local,20-09-2026,3500,4000,3750
Tamil Nadu,The Nilgiris,Gudalur(Uzhavar Sandhai ),Raddish,Raddish,Local,20-09-2026,3000,3500,3250
Tamil Nadu,The Nilgiris,Gudalur(Uzhavar Sandhai ),Knool Khol,Knool Khol,Local,20-09-2026,4500,5000,4750
Odisha,Angul,Angul APMC,Bhindi(Ladies Finger),Other,Grade B,20-09-2026,3200,3200,3200
Odisha,Angul,Angul APMC,Cucumbar(Kheera),Other,Grade B,20-09-2026,3500,3500,3500
Odisha,Bargarh,Attabira APMC,Brinjal,Other,Local,20-09-2026,2650,3100,2900
Uttar Pradesh,Agra,Agra APMC,Green Chilli,Other,FAQ,20-09-2026,1500,1500,1500
Punjab,Tarntaran,Patti APMC,Apple,Other,Grade B,20-09-2026,1000,1000,1000
Punjab,Tarntaran,Patti APMC,Bhindi(Ladies Finger),Other,Local,20-09-2026,0.02,0.02,0.02
Punjab,Tarntaran,Patti APMC,Cucumbar(Kheera),Cucumbar,Local,20-09-2026,0.04,0.04,0.04
Uttarakhand,Dehradoon,Vikasnagar APMC,Tomato,Other,Medium,20-09-2026,900,1200,1200
Uttarakhand,Dehradoon,Vikasnagar APMC,Cucumbar(Kheera),Other,Medium,20-09-2026,500,1200,1200
Uttarakhand,Dehradoon,Vikasnagar APMC,Bitter gourd,Other,Medium,20-09-2026,1200,1300,1300
Uttarakhand,Dehradoon,Vikasnagar APMC,Mousambi(Sweet Lime),Other,Medium,20-09-2026,1500,1600,1600
Odisha,Jharsuguda,Jharsuguda APMC,Tomato,Other,Grade A,20-09-2026,3000,4000,3500
Haryana,Hissar,Hansi APMC,Apple,Other,Grade B,20-09-2026,4000,12000,8000
Haryana,Hissar,Hansi APMC,Capsicum,Other,FAQ,20-09-2026,4000,5000,4500
Haryana,Hissar,Hansi APMC,Cucumbar(Kheera),Other,FAQ,20-09-2026,2000,3000,2500
Haryana,Hissar,Hansi APMC,Bottle gourd,Other,FAQ,20-09-2026,600,800,700
Haryana,Hissar,Hansi APMC,Bitter gourd,Other,FAQ,20-09-2026,3000,3500,3250
Haryana,Hissar,Hansi APMC,Karbuja(Musk Melon),Other,Grade B,20-09-2026,4000,5000,4500
Haryana,Hissar,Hansi APMC,Water Melon,Other,Grade B,20-09-2026,2500,3000,2750
Haryana,Hissar,Hansi APMC,Beetroot,Other,FAQ,20-09-2026,6000,8000,7000
Uttar Pradesh,Maharajganj,Partaval APMC,Wheat,Dara,FAQ,20-09-2026,2400,2400,2400
Uttarakhand,Haridwar,Lakshar APMC,Wheat,Other,Local,20-09-2026,2585,2600,2600
Keralam,Kollam,Chathanoor Market,Potato,Other,FAQ,20-09-2026,3800,4200,4000
Keralam,Kollam,Chathanoor Market,Ginger(Green),Other,FAQ,20-09-2026,20000,22500,21200
Keralam,Kollam,Chathanoor Market,Onion,Other,FAQ,20-09-2026,5800,6200,6000
Andhra Pradesh,Prakasam,Maddipadu APMC,Paddy(Common),B P T,FAQ,20-09-2026,2800,2800,2800
Keralam,Kozhikode(Calicut),Mukkom Market,Amaranthus,Amaranthus,FAQ,20-09-2026,3400,3600,3500
Telangana,Ranga Reddy,"Saroornagar,RBZ",Banana - Green,Banana - Green,Medium,20-09-2026,4000,4000,4000
Telangana,Ranga Reddy,"Saroornagar,RBZ",Beetroot,Beetroot,Medium,20-09-2026,2800,2800,2800
Telangana,Ranga Reddy,"Saroornagar,RBZ",Carrot,Other,Medium,20-09-2026,5000,5000,5000
Telangana,Ranga Reddy,"Saroornagar,RBZ",Cucumbar(Kheera),Cucumbar,Medium,20-09-2026,2300,2300,2300
Keralam,Idukki,Kattappana Market,Colacasia,Other,Medium,20-09-2026,5500,6400,6000
Keralam,Idukki,Kattappana Market,Drumstick,Other,Medium,20-09-2026,4500,5500,4800
Keralam,Idukki,Kattappana Market,Onion,Small,Medium,20-09-2026,8000,8700,8500
Keralam,Idukki,Kattappana Market,Onion,Big,Medium,20-09-2026,6000,6500,6500
Keralam,Idukki,Kattappana Market,Cowpea(Veg),Other,Medium,20-09-2026,5800,6000,6000
Keralam,Idukki,Kattappana Market,Apple,Other,Grade B,20-09-2026,21000,23000,21800
Keralam,Idukki,Kattappana Market,Pineapple,Other,Medium,20-09-2026,4800,6000,5500
Haryana,Rewari,Kosli APMC,Mousambi(Sweet Lime),Other,Medium,20-09-2026,3000,3000,3000
Haryana,Rewari,Kosli APMC,Cabbage,Other,FAQ,20-09-2026,2000,2000,2000
Haryana,Rewari,Kosli APMC,Onion,Other,FAQ,20-09-2026,2500,2500,2500
Haryana,Rewari,Kosli APMC,Raddish,Other,FAQ,20-09-2026,1000,1000,1000
Punjab,Gurdaspur,Quadian APMC,Ginger(Green),Other,Grade A,20-09-2026,7800,8000,7900
Punjab,Gurdaspur,Quadian APMC,Capsicum,Other,Grade A,20-09-2026,3500,3700,3600
Punjab,Gurdaspur,Quadian APMC,Cabbage,Other,Grade A,20-09-2026,1000,1200,1100
Rajasthan,Jalore,Jalore APMC,Bottle gourd,Bottle Gourd,Local,20-09-2026,800,1000,900
Rajasthan,Jalore,Jalore APMC,Banana - Green,Other,Local,20-09-2026,3500,4000,3800
Rajasthan,Jalore,Jalore APMC,Bitter gourd,Other,Local,20-09-2026,2500,2800,2600
Rajasthan,Jalore,Jalore APMC,Ridgeguard(Tori),Other,Local,20-09-2026,1800,2000,1900
Rajasthan,Jalore,Jalore APMC,Brinjal,Brinjal,Local,20-09-2026,1500,1800,1600
Rajasthan,Jalore,Jalore APMC,Onion Green,Onion Green,Local,20-09-2026,3500,4000,3800
Keralam,Alappuzha,Harippad Market,Banana - Green,Other,FAQ,20-09-2026,6000,6500,6000
Andhra Pradesh,Nandyal,Atmakur (Nandyal District) APMC,Paddy(Common),Sona,FAQ,20-09-2026,2320,2441,2400
Andhra Pradesh,Nandyal,Koilkunta APMC,Jowar(Sorghum),Jowar ( White),FAQ,20-09-2026,3000,3400,3200
Tamil Nadu,Thirupur,Tiruppur (South) (Uzhavar Sandhai ),Banana,Red Banana,Local,20-09-2026,5000,6000,5500
Tamil Nadu,Thirupur,Tiruppur (South) (Uzhavar Sandhai ),Cauliflower,Ranchi,Local,20-09-2026,3000,4000,3500
Tamil Nadu,Thirupur,Tiruppur (South) (Uzhavar Sandhai ),Bottle gourd,Bottle Gourd,Local,20-09-2026,1500,2000,1750
Tamil Nadu,Thirupur,Tiruppur (South) (Uzhavar Sandhai ),Ginger(Green),Green Ginger,Local,20-09-2026,13000,15000,14000
Tamil Nadu,Thirupur,Tiruppur (South) (Uzhavar Sandhai ),Coconut,Coconut,Local,20-09-2026,5000,6000,5500
Tamil Nadu,Thirupur,Tiruppur (South) (Uzhavar Sandhai ),Amla(Nelli Kai),Amla,Local,20-09-2026,7000,8000,7500
Tamil Nadu,Erode,Perundurai(Uzhavar Sandhai ),Brinjal,Round,Local,20-09-2026,3500,4000,3750
Tamil Nadu,Erode,Perundurai(Uzhavar Sandhai ),Banana,Besrai,Local,20-09-2026,3000,3500,3250
Tamil Nadu,Erode,Perundurai(Uzhavar Sandhai ),Tomato,Deshi,Local,20-09-2026,2500,2800,2650
Tamil Nadu,Erode,Perundurai(Uzhavar Sandhai ),Ashgourd,Gouard,Local,20-09-2026,2000,2200,2100
Tamil Nadu,Erode,Perundurai(Uzhavar Sandhai ),Amaranthus,Amaranthus,Local,20-09-2026,4000,4400,4200
Tamil Nadu,Erode,Perundurai(Uzhavar Sandhai ),Coconut,Coconut,Local,20-09-2026,5000,5500,5250
Tamil Nadu,Erode,Perundurai(Uzhavar Sandhai ),Ridgeguard(Tori),Ridgeguard(Tori),Local,20-09-2026,4000,4400,4200
Tamil Nadu,Erode,Perundurai(Uzhavar Sandhai ),Drumstick,Drumstick,Local,20-09-2026,3500,4000,3750
Tamil Nadu,Erode,Perundurai(Uzhavar Sandhai ),Mint(Pudina),Mint(Pudina),Local,20-09-2026,3000,3400,3200
Tamil Nadu,Dharmapuri,Dharmapuri(Uzhavar Sandhai ),Coriander(Leaves),I Sort,Local,20-09-2026,4600,5000,4800
Tamil Nadu,Dharmapuri,Dharmapuri(Uzhavar Sandhai ),Green Peas,Green Peas,Local,20-09-2026,15500,16200,15850
Tamil Nadu,Dharmapuri,Dharmapuri(Uzhavar Sandhai ),Ginger(Green),Green Ginger,Local,20-09-2026,21000,22000,21500
Tamil Nadu,Dharmapuri,Dharmapuri(Uzhavar Sandhai ),Beetroot,Beetroot,Local,20-09-2026,4800,5200,5000
Tamil Nadu,Dharmapuri,Dharmapuri(Uzhavar Sandhai ),Thondekai,Thondekai,Local,20-09-2026,4200,4500,4350
Tamil Nadu,Dharmapuri,Dharmapuri(Uzhavar Sandhai ),Capsicum,Capsicum,Local,20-09-2026,6500,7000,6750
Tamil Nadu,Dharmapuri,Dharmapuri(Uzhavar Sandhai ),Green Avare(W),Green Avare (W),Local,20-09-2026,4600,5000,4800
Tamil Nadu,Dharmapuri,Dharmapuri(Uzhavar Sandhai ),Drumstick,Drumstick,Local,20-09-2026,2600,3000,2800
Tamil Nadu,Dharmapuri,Dharmapuri(Uzhavar Sandhai ),Knool Khol,Knool Khol,Local,20-09-2026,4500,4800,4650
Tamil Nadu,Dharmapuri,Dharmapuri(Uzhavar Sandhai ),Elephant Yam(Suran)/Amorphophallus,Elephant Yam (Suran),Local,20-09-2026,6200,6400,6300
Tamil Nadu,Dharmapuri,Dharmapuri(Uzhavar Sandhai ),Amla(Nelli Kai),Amla,Local,20-09-2026,8500,9000,8750
Tamil Nadu,Dharmapuri,Dharmapuri(Uzhavar Sandhai ),Sweet Corn ,Sweet Corn ,Local,20-09-2026,2800,3000,2900
Tamil Nadu,Dharmapuri,Palacode(Uzhavar Sandhai ),Garlic,Garlic,Local,20-09-2026,20500,21000,20750
Tamil Nadu,Dharmapuri,Palacode(Uzhavar Sandhai ),Cauliflower,Ranchi,Local,20-09-2026,3000,3500,3250
Tamil Nadu,Dharmapuri,Palacode(Uzhavar Sandhai ),Banana - Green,Banana - Green,Local,20-09-2026,2000,2500,2250
Tamil Nadu,Dharmapuri,Palacode(Uzhavar Sandhai ),Carrot,Pusakesar,Local,20-09-2026,6000,6400,6200
Tamil Nadu,Dharmapuri,Palacode(Uzhavar Sandhai ),Cabbage,Cabbage,Local,20-09-2026,2800,3000,2900
Tamil Nadu,Dharmapuri,Palacode(Uzhavar Sandhai ),Ridgeguard(Tori),Ridgeguard(Tori),Local,20-09-2026,3400,3600,3500
Tamil Nadu,Dharmapuri,Palacode(Uzhavar Sandhai ),Green Avare(W),Green Avare (W),Local,20-09-2026,5500,6000,5750
Tamil Nadu,Dharmapuri,Palacode(Uzhavar Sandhai ),Tamarind Fruit,Tamarind Fruit,Local,20-09-2026,10500,11000,10750
Tamil Nadu,Dharmapuri,Pennagaram(Uzhavar Sandhai ),Onion,Bellary,Local,20-09-2026,6000,6500,6250
Tamil Nadu,Dharmapuri,Pennagaram(Uzhavar Sandhai ),Potato,Red Nanital,Local,20-09-2026,2800,3000,2900
Tamil Nadu,Dharmapuri,Pennagaram(Uzhavar Sandhai ),Coriander(Leaves),I Sort,Local,20-09-2026,7500,8000,7750
Tamil Nadu,Dharmapuri,Pennagaram(Uzhavar Sandhai ),Bottle gourd,Bottle Gourd,Local,20-09-2026,2200,2400,2300
Tamil Nadu,Dharmapuri,Pennagaram(Uzhavar Sandhai ),Green Chilli,Green Chilly,Local,20-09-2026,4000,4500,4250
Tamil Nadu,Dharmapuri,Pennagaram(Uzhavar Sandhai ),Raddish,Raddish,Local,20-09-2026,2200,2400,2300
Tamil Nadu,Dharmapuri,Pennagaram(Uzhavar Sandhai ),Capsicum,Capsicum,Local,20-09-2026,6500,7000,6750
Tamil Nadu,Dharmapuri,Pennagaram(Uzhavar Sandhai ),Lemon,Lemon,Local,20-09-2026,27000,28000,27500
Tamil Nadu,Dindigul,Chinnalapatti(Uzhavar Sandhai ),Banana,Besrai,Local,20-09-2026,6000,7000,6500
Tamil Nadu,Dindigul,Chinnalapatti(Uzhavar Sandhai ),Cluster beans,Cluster Beans,Local,20-09-2026,3600,4000,3800
Tamil Nadu,Dindigul,Chinnalapatti(Uzhavar Sandhai ),Bottle gourd,Bottle Gourd,Local,20-09-2026,2500,3000,2750
Tamil Nadu,Dindigul,Chinnalapatti(Uzhavar Sandhai ),Bhindi(Ladies Finger),Bhindi,Local,20-09-2026,3600,4000,3800
Tamil Nadu,Dindigul,Chinnalapatti(Uzhavar Sandhai ),Green Chilli,Green Chilly,Local,20-09-2026,5000,7000,6000
Tamil Nadu,Dindigul,Chinnalapatti(Uzhavar Sandhai ),Raddish,Raddish,Local,20-09-2026,3600,4000,3800
Tamil Nadu,Dindigul,Chinnalapatti(Uzhavar Sandhai ),Chow Chow,Chow Chow,Local,20-09-2026,3600,4000,3800
Tamil Nadu,Dindigul,Palani(Uzhavar Sandhai ),Brinjal,Other,Local,20-09-2026,4000,6000,5000
Tamil Nadu,Dindigul,Palani(Uzhavar Sandhai ),Banana,Red Banana,Local,20-09-2026,9000,10000,9500
Tamil Nadu,Dindigul,Palani(Uzhavar Sandhai ),Cluster beans,Cluster Beans,Local,20-09-2026,2400,3000,2700
Tamil Nadu,Dindigul,Palani(Uzhavar Sandhai ),Amaranthus,Amaranthus,Local,20-09-2026,3000,4000,3500
Tamil Nadu,Dindigul,Palani(Uzhavar Sandhai ),Green Chilli,Green Chilly,Local,20-09-2026,4000,5000,4500
Tamil Nadu,Dindigul,Palani(Uzhavar Sandhai ),Cowpea(Veg),Cowpea (Veg),Local,20-09-2026,2500,3000,2750
Tamil Nadu,Dindigul,Palani(Uzhavar Sandhai ),Coconut,Coconut,Local,20-09-2026,5000,5500,5250
Tamil Nadu,Dindigul,Palani(Uzhavar Sandhai ),Lemon,Lemon,Local,20-09-2026,10000,28000,19000
Tamil Nadu,Erode,Periyar Nagar(Uzhavar Sandhai ),Brinjal,Round,Local,20-09-2026,2000,2500,2250
Tamil Nadu,Erode,Periyar Nagar(Uzhavar Sandhai ),Banana,Red Banana,Local,20-09-2026,6000,6400,6200
Tamil Nadu,Erode,Periyar Nagar(Uzhavar Sandhai ),Snakeguard,Snakeguard,Local,20-09-2026,3000,3600,3300
Tamil Nadu,Erode,Periyar Nagar(Uzhavar Sandhai ),Green Avare(W),Green Avare (W),Local,20-09-2026,5500,6000,5750
Tamil Nadu,Erode,Periyar Nagar(Uzhavar Sandhai ),Tender Coconut,Tender Coconut,Local,20-09-2026,3500,4000,3750
Tamil Nadu,Kallakuruchi,Sankarapuram(Uzhavar Sandhai ),Potato,Red Nanital,Local,20-09-2026,3500,3500,3500
Tamil Nadu,Kallakuruchi,Sankarapuram(Uzhavar Sandhai ),Coriander(Leaves),I Sort,Local,20-09-2026,6000,6000,6000
Tamil Nadu,Kallakuruchi,Sankarapuram(Uzhavar Sandhai ),Chikoos(Sapota),Sapota,Local,20-09-2026,5000,5000,5000
Tamil Nadu,Kallakuruchi,Sankarapuram(Uzhavar Sandhai ),Bitter gourd,Bitter Gourd,Local,20-09-2026,6000,7000,6500
Tamil Nadu,Kallakuruchi,Sankarapuram(Uzhavar Sandhai ),Ginger(Green),Green Ginger,Local,20-09-2026,18000,18000,18000
Tamil Nadu,Kallakuruchi,Sankarapuram(Uzhavar Sandhai ),Carrot,Pusakesar,Local,20-09-2026,8000,8000,8000
Tamil Nadu,Kallakuruchi,Sankarapuram(Uzhavar Sandhai ),Elephant Yam(Suran)/Amorphophallus,Elephant Yam (Suran),Local,20-09-2026,3000,3000,3000
Tamil Nadu,Kancheepuram,Kundrathur(Uzhavar Sandhai ),Tomato,Other,Local,20-09-2026,3000,3000,3000
Tamil Nadu,Kancheepuram,Kundrathur(Uzhavar Sandhai ),Green Chilli,Green Chilly,Local,20-09-2026,5000,6000,5500
Tamil Nadu,Kancheepuram,Kundrathur(Uzhavar Sandhai ),Snakeguard,Snakeguard,Local,20-09-2026,4000,4000,4000
Tamil Nadu,Kancheepuram,Kundrathur(Uzhavar Sandhai ),Green Avare(W),Green Avare (W),Local,20-09-2026,4000,4000,4000
Tamil Nadu,Kancheepuram,Sunguvarchatram(Uzhavar Sandhai ),Amaranthus,Amaranthus,Local,20-09-2026,3000,3000,3000
Tamil Nadu,Kancheepuram,Sunguvarchatram(Uzhavar Sandhai ),Green Chilli,Green Chilly,Local,20-09-2026,5000,6000,5500
Tamil Nadu,Kancheepuram,Sunguvarchatram(Uzhavar Sandhai ),Snakeguard,Snakeguard,Local,20-09-2026,4000,4000,4000
Tamil Nadu,Kancheepuram,Sunguvarchatram(Uzhavar Sandhai ),Green Avare(W),Green Avare (W),Local,20-09-2026,4000,4000,4000
Tamil Nadu,Krishnagiri,Avallapalli(Uzhavar Sandhai ),Cauliflower,Ranchi,Local,20-09-2026,2500,3000,2750
Tamil Nadu,Krishnagiri,Avallapalli(Uzhavar Sandhai ),Ashgourd,Gouard,Local,20-09-2026,2000,2500,2250
Tamil Nadu,Krishnagiri,Avallapalli(Uzhavar Sandhai ),Cowpea(Veg),Cowpea (Veg),Local,20-09-2026,5500,6000,5750
Tamil Nadu,Krishnagiri,Avallapalli(Uzhavar Sandhai ),Banana - Green,Banana - Green,Local,20-09-2026,3500,4000,3750
Tamil Nadu,Krishnagiri,Avallapalli(Uzhavar Sandhai ),Raddish,Raddish,Local,20-09-2026,1000,1500,1250
Tamil Nadu,Krishnagiri,Avallapalli(Uzhavar Sandhai ),Thondekai,Thondekai,Local,20-09-2026,2500,3000,2750
Tamil Nadu,Krishnagiri,Avallapalli(Uzhavar Sandhai ),Tamarind Fruit,Tamarind Fruit,Local,20-09-2026,9000,10000,9500
Tamil Nadu,Krishnagiri,Avallapalli(Uzhavar Sandhai ),Indian Beans(Seam),Indian Beans (Seam),Local,20-09-2026,4500,5000,4750
Tamil Nadu,Dharmapuri,Karimangalam(Uzhavar Sandhai),Brinjal,Other,Local,20-09-2026,2300,2500,2400
Tamil Nadu,Dharmapuri,Karimangalam(Uzhavar Sandhai),Bottle gourd,Bottle Gourd,Local,20-09-2026,1800,2000,1900
Tamil Nadu,Dharmapuri,Karimangalam(Uzhavar Sandhai),Green Chilli,Green Chilly,Local,20-09-2026,3800,4000,3900
Tamil Nadu,Dharmapuri,Karimangalam(Uzhavar Sandhai),Tapioca,Tapioca,Local,20-09-2026,3000,3400,3200
Tamil Nadu,Krishnagiri,Denkanikottai(Uzhavar Sandhai ),Brinjal,Round,Local,20-09-2026,2500,3000,2750
Tamil Nadu,Krishnagiri,Denkanikottai(Uzhavar Sandhai ),Ashgourd,Gouard,Local,20-09-2026,2500,3000,2750
Tamil Nadu,Krishnagiri,Denkanikottai(Uzhavar Sandhai ),Amaranthus,Amaranthus,Local,20-09-2026,2500,3000,2750
Tamil Nadu,Krishnagiri,Denkanikottai(Uzhavar Sandhai ),Banana - Green,Banana - Green,Local,20-09-2026,3500,4000,3750
Tamil Nadu,Krishnagiri,Denkanikottai(Uzhavar Sandhai ),Cucumbar(Kheera),Cucumbar,Local,20-09-2026,2000,2500,2250
Tamil Nadu,Krishnagiri,Denkanikottai(Uzhavar Sandhai ),Ridgeguard(Tori),Ridgeguard(Tori),Local,20-09-2026,2500,3000,2750
Tamil Nadu,Krishnagiri,Denkanikottai(Uzhavar Sandhai ),Thondekai,Thondekai,Local,20-09-2026,2500,3000,2750
Tamil Nadu,Krishnagiri,Denkanikottai(Uzhavar Sandhai ),Onion Green,Onion Green,Local,20-09-2026,9000,9500,9250
Tamil Nadu,Krishnagiri,Hosur(Uzhavar Sandhai ),Water Melon,Water Melon,Local,20-09-2026,2000,2500,2250
Tamil Nadu,Krishnagiri,Hosur(Uzhavar Sandhai ),Green Chilli,Green Chilly,Local,20-09-2026,5500,6000,5750
Tamil Nadu,Krishnagiri,Hosur(Uzhavar Sandhai ),Banana - Green,Banana - Green,Local,20-09-2026,4500,5000,4750
Tamil Nadu,Krishnagiri,Hosur(Uzhavar Sandhai ),Beans,Beans (Whole),Local,20-09-2026,6500,7000,6750
Tamil Nadu,Madurai,Anaiyur(Uzhavar Sandhai ),Apple,American,Local,20-09-2026,18000,27000,22500
Tamil Nadu,Madurai,Anaiyur(Uzhavar Sandhai ),Green Peas,Green Peas,Local,20-09-2026,12000,14000,13000
Tamil Nadu,Madurai,Anaiyur(Uzhavar Sandhai ),Papaya,Papaya,Local,20-09-2026,4500,5000,4750
Tamil Nadu,Madurai,Anaiyur(Uzhavar Sandhai ),Amaranthus,Amaranthus,Local,20-09-2026,3000,3600,3300
Tamil Nadu,Madurai,Anaiyur(Uzhavar Sandhai ),Beans,Beans (Whole),Local,20-09-2026,8000,9000,8500
Tamil Nadu,Madurai,Anaiyur(Uzhavar Sandhai ),Tapioca,Tapioca,Local,20-09-2026,3600,4000,3800
Tamil Nadu,Madurai,Anaiyur(Uzhavar Sandhai ),Coconut,Coconut,Local,20-09-2026,6800,7000,6900
Tamil Nadu,Madurai,Anaiyur(Uzhavar Sandhai ),Thondekai,Thondekai,Local,20-09-2026,3600,4000,3800
Tamil Nadu,Madurai,Anaiyur(Uzhavar Sandhai ),Capsicum,Capsicum,Local,20-09-2026,6000,7000,6500
Tamil Nadu,Madurai,Anaiyur(Uzhavar Sandhai ),Green Avare(W),Green Avare (W),Local,20-09-2026,9000,11000,10000
Tamil Nadu,Madurai,Usilampatti(Uzhavar Sandhai ),Brinjal,Round,Local,20-09-2026,4500,5000,4750
Tamil Nadu,Madurai,Usilampatti(Uzhavar Sandhai ),Tomato,Deshi,Local,20-09-2026,2400,2800,2600
Tamil Nadu,Madurai,Usilampatti(Uzhavar Sandhai ),Ashgourd,Gouard,Local,20-09-2026,1600,1800,1700
Tamil Nadu,Madurai,Usilampatti(Uzhavar Sandhai ),Tapioca,Tapioca,Local,20-09-2026,3600,4000,3800
Tamil Nadu,Madurai,Usilampatti(Uzhavar Sandhai ),Drumstick,Drumstick,Local,20-09-2026,5000,6000,5500
Tamil Nadu,Madurai,Usilampatti(Uzhavar Sandhai ),Indian Beans(Seam),Indian Beans (Seam),Local,20-09-2026,5500,6000,5750
Tamil Nadu,Nagapattinam,Sirkali(Uzhavar Sandhai ),Coriander(Leaves),I Sort,Local,20-09-2026,3500,4000,3750
Tamil Nadu,Nagapattinam,Sirkali(Uzhavar Sandhai ),Tomato,Deshi,Local,20-09-2026,2500,3000,2750
Tamil Nadu,Nagapattinam,Sirkali(Uzhavar Sandhai ),Cluster beans,Cluster Beans,Local,20-09-2026,4500,5000,4750
Tamil Nadu,Nagapattinam,Sirkali(Uzhavar Sandhai ),Ashgourd,Gouard,Local,20-09-2026,2500,3000,2750
Tamil Nadu,Nagapattinam,Sirkali(Uzhavar Sandhai ),Bhindi(Ladies Finger),Bhindi,Local,20-09-2026,4500,5000,4750
Tamil Nadu,Nagapattinam,Sirkali(Uzhavar Sandhai ),Tapioca,Tapioca,Local,20-09-2026,4500,5000,4750
Tamil Nadu,Nagapattinam,Sirkali(Uzhavar Sandhai ),Coconut,Coconut,Local,20-09-2026,3500,4000,3750
Tamil Nadu,Nagapattinam,Sirkali(Uzhavar Sandhai ),Sweet Potato,Hosur Red,Local,20-09-2026,5500,6000,5750
Tamil Nadu,Nagapattinam,Sirkali(Uzhavar Sandhai ),Snakeguard,Snakeguard,Local,20-09-2026,4500,5000,4750
Tamil Nadu,Nagapattinam,Sirkali(Uzhavar Sandhai ),Drumstick,Drumstick,Local,20-09-2026,4500,5000,4750
Tamil Nadu,Nagapattinam,Sirkali(Uzhavar Sandhai ),Yam(Ratalu),Yam (Ratalu),Local,20-09-2026,5500,6000,5750
Tamil Nadu,Namakkal,Kumarapalayam(Uzhavar Sandhai ),Brinjal,Other,Local,20-09-2026,4700,5200,4950
Tamil Nadu,Namakkal,Kumarapalayam(Uzhavar Sandhai ),Pumpkin,Pumpkin,Local,20-09-2026,1600,2000,1800
Tamil Nadu,Namakkal,Kumarapalayam(Uzhavar Sandhai ),Banana - Green,Banana - Green,Local,20-09-2026,4000,4500,4250
Tamil Nadu,Namakkal,Kumarapalayam(Uzhavar Sandhai ),Onion Green,Onion Green,Local,20-09-2026,7000,9000,8000
Tamil Nadu,Namakkal,Mohanur(Uzhavar Sandhai ),Coriander(Leaves),I Sort,Local,20-09-2026,7000,8000,7500
Tamil Nadu,Namakkal,Mohanur(Uzhavar Sandhai ),Bitter gourd,Other,Local,20-09-2026,5500,6000,5750
Tamil Nadu,Namakkal,Mohanur(Uzhavar Sandhai ),Cabbage,Cabbage,Local,20-09-2026,3000,3500,3250
Tamil Nadu,Namakkal,Mohanur(Uzhavar Sandhai ),Drumstick,Drumstick,Local,20-09-2026,2800,3200,3000
Tamil Nadu,Namakkal,Mohanur(Uzhavar Sandhai ),Mint(Pudina),Mint(Pudina),Local,20-09-2026,5000,6000,5500
Tamil Nadu,Namakkal,Namakkal(Uzhavar Sandhai ),Green Peas,Green Peas,Local,20-09-2026,15000,16000,15500
Tamil Nadu,Namakkal,Namakkal(Uzhavar Sandhai ),Mousambi(Sweet Lime),Mousambi,Local,20-09-2026,3500,4000,3750
Tamil Nadu,Namakkal,Namakkal(Uzhavar Sandhai ),Pumpkin,Pumpkin,Local,20-09-2026,1200,1500,1350
Tamil Nadu,Namakkal,Namakkal(Uzhavar Sandhai ),Banana - Green,Banana - Green,Local,20-09-2026,4000,4500,4250
Tamil Nadu,Namakkal,Namakkal(Uzhavar Sandhai ),Beans,Beans (Whole),Local,20-09-2026,7000,7500,7250
Tamil Nadu,Namakkal,Namakkal(Uzhavar Sandhai ),Snakeguard,Snakeguard,Local,20-09-2026,5000,5500,5250
Tamil Nadu,Namakkal,Namakkal(Uzhavar Sandhai ),Ridgeguard(Tori),Ridgeguard(Tori),Local,20-09-2026,6000,6500,6250
Tamil Nadu,Namakkal,Namakkal(Uzhavar Sandhai ),Green Avare(W),Other,Local,20-09-2026,9000,10000,9500
Tamil Nadu,Namakkal,Namakkal(Uzhavar Sandhai ),Guava,Guava Allahabad,Local,20-09-2026,7000,8000,7500
Tamil Nadu,Namakkal,Namakkal(Uzhavar Sandhai ),Jasmine,Jasmine,Local,20-09-2026,45000,50000,47500
Tamil Nadu,Namakkal,Namakkal(Uzhavar Sandhai ),Lemon,Lemon,Local,20-09-2026,14000,15000,14500
Tamil Nadu,Namakkal,Namakkal(Uzhavar Sandhai ),Onion Green,Onion Green,Local,20-09-2026,4000,8800,6400
Tamil Nadu,Namakkal,Namakkal(Uzhavar Sandhai ),Baby Corn,Baby Corn,Grade A,20-09-2026,2000,2600,2300
Tamil Nadu,Namakkal,Rasipuram(Uzhavar Sandhai ),Pineapple,Pine Apple,Local,20-09-2026,4500,5500,5000
Tamil Nadu,Namakkal,Rasipuram(Uzhavar Sandhai ),Onion,Bellary,Local,20-09-2026,6000,6500,6250
Tamil Nadu,Namakkal,Rasipuram(Uzhavar Sandhai ),Water Melon,Water Melon,Local,20-09-2026,1500,2000,1750
Tamil Nadu,Namakkal,Rasipuram(Uzhavar Sandhai ),Bottle gourd,Bottle Gourd,Local,20-09-2026,1500,2200,1850
Tamil Nadu,Namakkal,Rasipuram(Uzhavar Sandhai ),Beans,Beans (Whole),Local,20-09-2026,7500,8500,8000
Tamil Nadu,Namakkal,Rasipuram(Uzhavar Sandhai ),Tapioca,Tapioca,Local,20-09-2026,3800,4000,3900
Tamil Nadu,Namakkal,Rasipuram(Uzhavar Sandhai ),Ridgeguard(Tori),Ridgeguard(Tori),Local,20-09-2026,5500,6000,5750
Tamil Nadu,Namakkal,Rasipuram(Uzhavar Sandhai ),Green Avare(W),Other,Local,20-09-2026,7500,8500,8000
Tamil Nadu,Namakkal,Rasipuram(Uzhavar Sandhai ),Drumstick,Drumstick,Local,20-09-2026,3000,3500,3250
Tamil Nadu,Namakkal,Rasipuram(Uzhavar Sandhai ),Tamarind Fruit,Tamarind Fruit,Local,20-09-2026,13000,15000,14000
Tamil Nadu,Namakkal,Rasipuram(Uzhavar Sandhai ),Elephant Yam(Suran)/Amorphophallus,Elephant Yam (Suran),Local,20-09-2026,3500,4000,3750
Tamil Nadu,Namakkal,Rasipuram(Uzhavar Sandhai ),Amla(Nelli Kai),Amla,Local,20-09-2026,8000,9000,8500
Tamil Nadu,Namakkal,Rasipuram(Uzhavar Sandhai ),Sweet Corn ,Sweet Corn ,Local,20-09-2026,2000,2500,2250
Tamil Nadu,Thanjavur,Tirukattupalli(Uzhavar Sandhai ),Brinjal,Round,Local,20-09-2026,4000,4400,4200
Tamil Nadu,Thanjavur,Tirukattupalli(Uzhavar Sandhai ),Tomato,Deshi,Local,20-09-2026,2800,2800,2800
Tamil Nadu,Thanjavur,Tirukattupalli(Uzhavar Sandhai ),Banana - Green,Banana - Green,Local,20-09-2026,4000,4000,4000
Tamil Nadu,Thanjavur,Tirukattupalli(Uzhavar Sandhai ),Coconut,Coconut,Local,20-09-2026,6000,6000,6000
Tamil Nadu,Thanjavur,Tirukattupalli(Uzhavar Sandhai ),Raddish,Raddish,Local,20-09-2026,2800,2800,2800
Tamil Nadu,Madurai,Palanganatham(Uzhavar Sandhai ),Onion,Bellary,Local,20-09-2026,6000,7000,6500
Tamil Nadu,Madurai,Palanganatham(Uzhavar Sandhai ),Potato,Other,Local,20-09-2026,4000,5500,4750
Tamil Nadu,Madurai,Palanganatham(Uzhavar Sandhai ),Bitter gourd,Bitter Gourd,Local,20-09-2026,5000,5500,5250
Tamil Nadu,Madurai,Palanganatham(Uzhavar Sandhai ),Coconut,Coconut,Local,20-09-2026,6800,7000,6900
Tamil Nadu,Madurai,Palanganatham(Uzhavar Sandhai ),Carrot,Pusakesar,Local,20-09-2026,3000,4000,3500
Tamil Nadu,Madurai,Palanganatham(Uzhavar Sandhai ),Raddish,Raddish,Local,20-09-2026,2400,2800,2600
Tamil Nadu,Madurai,Palanganatham(Uzhavar Sandhai ),Drumstick,Drumstick,Local,20-09-2026,5000,6000,5500
Tamil Nadu,Madurai,Palanganatham(Uzhavar Sandhai ),Mint(Pudina),Mint(Pudina),Local,20-09-2026,5000,6000,5500
Tamil Nadu,Madurai,Anna nagar(Uzhavar Sandhai ),Pumpkin,Pumpkin,Local,20-09-2026,1800,2000,1900
Tamil Nadu,Madurai,Anna nagar(Uzhavar Sandhai ),Amaranthus,Amaranthus,Local,20-09-2026,3000,3600,3300
Tamil Nadu,Madurai,Anna nagar(Uzhavar Sandhai ),Beans,Beans (Whole),Local,20-09-2026,10000,11000,10500
Tamil Nadu,Madurai,Anna nagar(Uzhavar Sandhai ),Coconut,Coconut,Local,20-09-2026,6500,7000,6750
Tamil Nadu,Madurai,Anna nagar(Uzhavar Sandhai ),Betal Leaves,Mysore,Local,20-09-2026,24000,28000,26000
Tamil Nadu,Madurai,Anna nagar(Uzhavar Sandhai ),Cabbage,Cabbage,Local,20-09-2026,2500,3000,2750
Tamil Nadu,Madurai,Anna nagar(Uzhavar Sandhai ),Snakeguard,Snakeguard,Local,20-09-2026,3500,4000,3750
Tamil Nadu,Madurai,Anna nagar(Uzhavar Sandhai ),Mango(Raw-Ripe),Mango - Raw-Ripe,Local,20-09-2026,10000,13000,11500
Tamil Nadu,Madurai,Anna nagar(Uzhavar Sandhai ),Guava,Guava Allahabad,Local,20-09-2026,6000,7000,6500
Tamil Nadu,Madurai,Anna nagar(Uzhavar Sandhai ),Elephant Yam(Suran)/Amorphophallus,Elephant Yam (Suran),Local,20-09-2026,4000,4500,4250
Tamil Nadu,Madurai,Anna nagar(Uzhavar Sandhai ),Mint(Pudina),Mint(Pudina),Local,20-09-2026,5500,6000,5750
Tamil Nadu,Perambalur,Perambalur(Uzhavar Sandhai ),Green Chilli,Green Chilly,Local,20-09-2026,4500,5000,4750
Tamil Nadu,Perambalur,Perambalur(Uzhavar Sandhai ),Ginger(Green),Green Ginger,Local,20-09-2026,12000,18000,15000
Tamil Nadu,Perambalur,Perambalur(Uzhavar Sandhai ),Green Avare(W),Other,Local,20-09-2026,8000,8400,8200
Tamil Nadu,Perambalur,Perambalur(Uzhavar Sandhai ),Pomegranate,Pomogranate,Local,20-09-2026,16000,18000,17000
Tamil Nadu,Perambalur,Perambalur(Uzhavar Sandhai ),Lemon,Lemon,Local,20-09-2026,12000,15000,13500
Tamil Nadu,Salem,Mecheri(Uzhavar Sandhai),Coriander(Leaves),I Sort,Local,20-09-2026,1500,2000,1750
Tamil Nadu,Salem,Mecheri(Uzhavar Sandhai),Tomato,Deshi,Local,20-09-2026,2000,2500,2250
Tamil Nadu,Salem,Mecheri(Uzhavar Sandhai),Cluster beans,Cluster Beans,Local,20-09-2026,3000,3500,3250
Tamil Nadu,Salem,Mecheri(Uzhavar Sandhai),Raddish,Raddish,Local,20-09-2026,2000,2500,2250
Tamil Nadu,Salem,Mecheri(Uzhavar Sandhai),Onion Green,Onion Green,Local,20-09-2026,7500,8000,7750
Tamil Nadu,Ranipet,Arcot(Uzhavar Sandhai ),Brinjal,Other,Local,20-09-2026,5600,5600,5600
Tamil Nadu,Ranipet,Arcot(Uzhavar Sandhai ),Groundnut,Big (With Shell),Local,20-09-2026,6000,6000,6000
Tamil Nadu,Ranipet,Arcot(Uzhavar Sandhai ),Garlic,Garlic,Local,20-09-2026,20000,20000,20000
Tamil Nadu,Ranipet,Arcot(Uzhavar Sandhai ),Cauliflower,Ranchi,Local,20-09-2026,3000,4000,3500
Tamil Nadu,Ranipet,Arcot(Uzhavar Sandhai ),Coriander(Leaves),I Sort,Local,20-09-2026,4000,4000,4000
Tamil Nadu,Ranipet,Arcot(Uzhavar Sandhai ),Mousambi(Sweet Lime),Mousambi,Local,20-09-2026,5000,5000,5000
Tamil Nadu,Ranipet,Arcot(Uzhavar Sandhai ),Bitter gourd,Bitter Gourd,Local,20-09-2026,4000,4000,4000
Tamil Nadu,Ranipet,Arcot(Uzhavar Sandhai ),Snakeguard,Snakeguard,Local,20-09-2026,2000,2000,2000
Tamil Nadu,Ranipet,Arcot(Uzhavar Sandhai ),Raddish,Raddish,Local,20-09-2026,2500,2500,2500
Tamil Nadu,Ranipet,Arcot(Uzhavar Sandhai ),Tender Coconut,Tender Coconut,Local,20-09-2026,2500,3000,2750
Tamil Nadu,Ranipet,Arcot(Uzhavar Sandhai ),Colacasia,Colacasia,Local,20-09-2026,4000,4000,4000
Tamil Nadu,Ranipet,Ranipettai(Uzhavar Sandhai ),Mango,Neelam,Local,20-09-2026,12000,12000,12000
Tamil Nadu,Ranipet,Ranipettai(Uzhavar Sandhai ),Onion,Bellary,Local,20-09-2026,5800,6000,5900
Tamil Nadu,Ranipet,Ranipettai(Uzhavar Sandhai ),Bhindi(Ladies Finger),Bhindi,Local,20-09-2026,3000,3000,3000
Tamil Nadu,Ranipet,Ranipettai(Uzhavar Sandhai ),Snakeguard,Snakeguard,Local,20-09-2026,3000,3000,3000
Tamil Nadu,Ranipet,Ranipettai(Uzhavar Sandhai ),Raddish,Raddish,Local,20-09-2026,2000,2500,2250
Tamil Nadu,Ranipet,Ranipettai(Uzhavar Sandhai ),Capsicum,Capsicum,Local,20-09-2026,5000,5000,5000
Tamil Nadu,Ranipet,Ranipettai(Uzhavar Sandhai ),Tender Coconut,Tender Coconut,Local,20-09-2026,3000,4000,3500
Tamil Nadu,Ranipet,Ranipettai(Uzhavar Sandhai ),Indian Beans(Seam),Indian Beans (Seam),Local,20-09-2026,5600,5600,5600
Tamil Nadu,Ranipet,Ranipettai(Uzhavar Sandhai ),Mint(Pudina),Mint(Pudina),Local,20-09-2026,4000,4000,4000
Tamil Nadu,Salem,Ammapet(Uzhavar Sandhai ),Apple,American,Local,20-09-2026,17000,18000,17500
Tamil Nadu,Salem,Ammapet(Uzhavar Sandhai ),Onion,Bellary,Local,20-09-2026,6000,6500,6250
Tamil Nadu,Salem,Ammapet(Uzhavar Sandhai ),Knool Khol,Knool Khol,Local,20-09-2026,4200,4500,4350
Tamil Nadu,Salem,Ammapet(Uzhavar Sandhai ),Onion Green,Onion Green,Local,20-09-2026,8000,8400,8200
Tamil Nadu,Salem,Mettur(Uzhavar Sandhai ),Brinjal,Other,Local,20-09-2026,2500,3000,2750
Tamil Nadu,Salem,Mettur(Uzhavar Sandhai ),Tomato,Local,Local,20-09-2026,2000,2800,2400
Tamil Nadu,Salem,Mettur(Uzhavar Sandhai ),Bottle gourd,Bottle Gourd,Local,20-09-2026,1500,2000,1750
Tamil Nadu,Salem,Mettur(Uzhavar Sandhai ),Beans,Beans (Whole),Local,20-09-2026,7000,7500,7250
Tamil Nadu,Salem,Mettur(Uzhavar Sandhai ),Cabbage,Cabbage,Local,20-09-2026,2500,3000,2750
Tamil Nadu,Salem,Mettur(Uzhavar Sandhai ),Ridgeguard(Tori),Ridgeguard(Tori),Local,20-09-2026,3500,4000,3750
Tamil Nadu,Salem,Mettur(Uzhavar Sandhai ),Raddish,Raddish,Local,20-09-2026,2000,2500,2250
Tamil Nadu,Salem,Mettur(Uzhavar Sandhai ),Capsicum,Capsicum,Local,20-09-2026,6500,7000,6750
Tamil Nadu,Salem,Mettur(Uzhavar Sandhai ),Chow Chow,Chow Chow,Local,20-09-2026,3500,4000,3750
Tamil Nadu,Salem,Mettur(Uzhavar Sandhai ),Marigold(Calcutta),Marigold(Calcutta),Local,20-09-2026,16000,18000,17000
Tamil Nadu,Salem,Mettur(Uzhavar Sandhai ),Rose(Local),Rose (Local),Local,20-09-2026,14000,15000,14500
Tamil Nadu,Salem,Sooramangalam(Uzhavar Sandhai ),Bottle gourd,Bottle Gourd,Local,20-09-2026,2000,3000,2500
Tamil Nadu,Salem,Sooramangalam(Uzhavar Sandhai ),Beans,Beans (Whole),Local,20-09-2026,9000,9400,9200
Tamil Nadu,Salem,Sooramangalam(Uzhavar Sandhai ),Green Avare(W),Other,Local,20-09-2026,5800,6000,5900
Tamil Nadu,Salem,Sooramangalam(Uzhavar Sandhai ),Baby Corn,Baby Corn,Grade A,20-09-2026,2500,3000,2750
Tamil Nadu,Thiruchirappalli,Thuraiyur APMC,Onion,Bellary,Local,20-09-2026,5000,6000,5500
Tamil Nadu,Thiruchirappalli,Thuraiyur APMC,Cauliflower,Ranchi,Local,20-09-2026,3000,4000,3500
Tamil Nadu,Thiruchirappalli,Thuraiyur APMC,Ashgourd,Gouard,Local,20-09-2026,1200,1800,1500
Tamil Nadu,Thiruchirappalli,Thuraiyur APMC,Green Chilli,Green Chilly,Local,20-09-2026,3600,4200,3900
Tamil Nadu,Thiruchirappalli,Thuraiyur APMC,Banana - Green,Banana - Green,Local,20-09-2026,2000,2500,2250
Tamil Nadu,Thiruchirappalli,Thuraiyur APMC,Beans,Beans (Whole),Local,20-09-2026,6500,7600,7050
Tamil Nadu,Thiruchirappalli,Thuraiyur APMC,Tapioca,Tapioca,Local,20-09-2026,3500,4000,3750
Tamil Nadu,Thiruchirappalli,Thuraiyur APMC,Mango(Raw-Ripe),Mango - Raw-Ripe,Local,20-09-2026,8000,10000,9000
Tamil Nadu,Thiruchirappalli,Thuraiyur APMC,Knool Khol,Knool Khol,Local,20-09-2026,3000,3500,3250
Tamil Nadu,Thiruchirappalli,Thuraiyur APMC,Lemon,Lemon,Local,20-09-2026,20000,22000,21000
Tamil Nadu,Salem,Thammampatti (Uzhavar Sandhai ),Brinjal,Round,Local,20-09-2026,3000,4000,3500
Tamil Nadu,Salem,Thammampatti (Uzhavar Sandhai ),Onion,Bellary,Local,20-09-2026,6000,6500,6250
Tamil Nadu,Salem,Thammampatti (Uzhavar Sandhai ),Garlic,Garlic,Local,20-09-2026,24000,28000,26000
Tamil Nadu,Salem,Thammampatti (Uzhavar Sandhai ),Raddish,Raddish,Local,20-09-2026,1500,2000,1750
Tamil Nadu,Salem,Thathakapatti(Uzhavar Sandhai ),Garlic,Garlic,Local,20-09-2026,25000,28000,26500
Tamil Nadu,Salem,Thathakapatti(Uzhavar Sandhai ),Chikoos(Sapota),Sapota,Local,20-09-2026,3500,4000,3750
Tamil Nadu,Salem,Thathakapatti(Uzhavar Sandhai ),Tomato,Deshi,Local,20-09-2026,2400,2800,2600
Tamil Nadu,Salem,Thathakapatti(Uzhavar Sandhai ),Amaranthus,Amaranthus,Local,20-09-2026,2000,2400,2200
Tamil Nadu,Salem,Thathakapatti(Uzhavar Sandhai ),Thondekai,Thondekai,Local,20-09-2026,3500,4000,3750
Tamil Nadu,Salem,Thathakapatti(Uzhavar Sandhai ),Pomegranate,Pomogranate,Local,20-09-2026,14000,16000,15000
Tamil Nadu,Salem,Thathakapatti(Uzhavar Sandhai ),Sweet Corn ,Sweet Corn ,Local,20-09-2026,3500,4000,3750
Tamil Nadu,Theni,Chinnamanur(Uzhavar Sandhai ),Cauliflower,Ranchi,Local,20-09-2026,3000,3500,3250
Tamil Nadu,Theni,Chinnamanur(Uzhavar Sandhai ),Cluster beans,Cluster Beans,Local,20-09-2026,3200,3200,3200
Tamil Nadu,Theni,Chinnamanur(Uzhavar Sandhai ),Beans,Beans (Whole),Local,20-09-2026,6800,8500,7650
Tamil Nadu,Theni,Chinnamanur(Uzhavar Sandhai ),Green Avare(W),Other,Local,20-09-2026,7600,7600,7600
Tamil Nadu,Theni,Chinnamanur(Uzhavar Sandhai ),Drumstick,Drumstick,Local,20-09-2026,4400,4500,4450
Tamil Nadu,Theni,Chinnamanur(Uzhavar Sandhai ),Onion Green,Onion Green,Local,20-09-2026,7000,9000,8000
Tamil Nadu,Theni,Kambam(Uzhavar Sandhai ),Cauliflower,Ranchi,Local,20-09-2026,3500,3500,3500
Tamil Nadu,Theni,Kambam(Uzhavar Sandhai ),Bitter gourd,Other,Local,20-09-2026,3800,3800,3800
Tamil Nadu,Theni,Kambam(Uzhavar Sandhai ),Amaranthus,Amaranthus,Local,20-09-2026,2500,2500,2500
Tamil Nadu,Theni,Kambam(Uzhavar Sandhai ),Beetroot,Beetroot,Local,20-09-2026,3600,3600,3600
Tamil Nadu,Theni,Kambam(Uzhavar Sandhai ),Cucumbar(Kheera),Cucumbar,Local,20-09-2026,2200,2200,2200
Tamil Nadu,Theni,Kambam(Uzhavar Sandhai ),Raddish,Raddish,Local,20-09-2026,2400,2400,2400
Tamil Nadu,Theni,Theni(Uzhavar Sandhai ),Brinjal,Other,Local,20-09-2026,3000,3600,3300
Tamil Nadu,Theni,Theni(Uzhavar Sandhai ),Pineapple,Pine Apple,Local,20-09-2026,8000,8000,8000
Tamil Nadu,Theni,Theni(Uzhavar Sandhai ),Papaya,Papaya,Local,20-09-2026,3000,3500,3250
Tamil Nadu,Theni,Theni(Uzhavar Sandhai ),Water Melon,Water Melon,Local,20-09-2026,2500,2500,2500
Tamil Nadu,Theni,Theni(Uzhavar Sandhai ),Amaranthus,Amaranthus,Local,20-09-2026,1500,2000,1750
Tamil Nadu,Theni,Theni(Uzhavar Sandhai ),Betal Leaves,Mysore,Local,20-09-2026,22000,22000,22000
Tamil Nadu,Theni,Theni(Uzhavar Sandhai ),Carrot,Pusakesar,Local,20-09-2026,2500,3400,2950
Tamil Nadu,Theni,Theni(Uzhavar Sandhai ),Cabbage,Cabbage,Local,20-09-2026,2800,2800,2800
Tamil Nadu,Theni,Theni(Uzhavar Sandhai ),Beetroot,Beetroot,Local,20-09-2026,3600,3600,3600
Tamil Nadu,Theni,Theni(Uzhavar Sandhai ),Raddish,Raddish,Local,20-09-2026,2400,2400,2400
Tamil Nadu,Theni,Theni(Uzhavar Sandhai ),Capsicum,Capsicum,Local,20-09-2026,5000,5000,5000
Tamil Nadu,Theni,Theni(Uzhavar Sandhai ),Drumstick,Drumstick,Local,20-09-2026,3000,4400,3700
Tamil Nadu,Theni,Theni(Uzhavar Sandhai ),Guava,Guava Allahabad,Local,20-09-2026,12000,12000,12000
Tamil Nadu,Theni,Theni(Uzhavar Sandhai ),Pomegranate,Pomogranate,Local,20-09-2026,14000,22000,18000
Tamil Nadu,Theni,Theni(Uzhavar Sandhai ),Baby Corn,Baby Corn,Grade A,20-09-2026,5000,5000,5000
Tamil Nadu,Thirunelveli,NGO Colony(Uzhavar Sandhai ),Cauliflower,Ranchi,Local,20-09-2026,3500,4400,3950
Tamil Nadu,Thirunelveli,NGO Colony(Uzhavar Sandhai ),Bitter gourd,Bitter Gourd,Local,20-09-2026,5000,5500,5250
Tamil Nadu,Thirunelveli,NGO Colony(Uzhavar Sandhai ),Ashgourd,Gouard,Local,20-09-2026,1000,1200,1100
Tamil Nadu,Thirunelveli,NGO Colony(Uzhavar Sandhai ),Bhindi(Ladies Finger),Bhindi,Local,20-09-2026,3500,4000,3750
Tamil Nadu,Thirunelveli,NGO Colony(Uzhavar Sandhai ),Green Chilli,Green Chilly,Local,20-09-2026,3500,4000,3750
Tamil Nadu,Thirunelveli,NGO Colony(Uzhavar Sandhai ),Ginger(Green),Green Ginger,Local,20-09-2026,16000,18000,17000
Tamil Nadu,Thirunelveli,NGO Colony(Uzhavar Sandhai ),Chow Chow,Chow Chow,Local,20-09-2026,3000,3600,3300
Tamil Nadu,Thirunelveli,Palayamkottai(Uzhavar Sandhai ),Apple,American,Local,20-09-2026,14000,20000,17000
Tamil Nadu,Thirunelveli,Palayamkottai(Uzhavar Sandhai ),Onion,Bellary,Local,20-09-2026,5600,6200,5900
Tamil Nadu,Thirunelveli,Palayamkottai(Uzhavar Sandhai ),Cauliflower,Ranchi,Local,20-09-2026,4200,4400,4300
Tamil Nadu,Thirunelveli,Palayamkottai(Uzhavar Sandhai ),Amaranthus,Amaranthus,Local,20-09-2026,1200,1500,1350
Tamil Nadu,Thirunelveli,Palayamkottai(Uzhavar Sandhai ),Beans,Beans (Whole),Local,20-09-2026,11000,12000,11500
Tamil Nadu,Thirunelveli,Palayamkottai(Uzhavar Sandhai ),Sweet Potato,Hosur Red,Local,20-09-2026,5500,6000,5750
Tamil Nadu,Thirunelveli,Palayamkottai(Uzhavar Sandhai ),Green Avare(W),Green Avare (W),Local,20-09-2026,8600,10000,9300
Tamil Nadu,Thirunelveli,Palayamkottai(Uzhavar Sandhai ),Lime,Lime,Local,20-09-2026,15000,17000,16000
Tamil Nadu,Thirunelveli,Palayamkottai(Uzhavar Sandhai ),Lemon,Lemon,Local,20-09-2026,18000,20000,19000
Tamil Nadu,Thirunelveli,Palayamkottai(Uzhavar Sandhai ),Amla(Nelli Kai),Amla,Local,20-09-2026,5500,6000,5750
Tamil Nadu,Thirunelveli,Palayamkottai(Uzhavar Sandhai ),Onion Green,Onion Green,Local,20-09-2026,9000,10600,9800
Tamil Nadu,Thirupur,Kangayam(Uzhavar Sandhai ),Cauliflower,Ranchi,Local,20-09-2026,3000,3500,3250
Tamil Nadu,Thirupur,Kangayam(Uzhavar Sandhai ),Coriander(Leaves),I Sort,Local,20-09-2026,4400,4800,4600
Tamil Nadu,Thirupur,Kangayam(Uzhavar Sandhai ),Cluster beans,Cluster Beans,Local,20-09-2026,3500,4000,3750
Tamil Nadu,Thirupur,Kangayam(Uzhavar Sandhai ),Pumpkin,Pumpkin,Local,20-09-2026,2000,2400,2200
Tamil Nadu,Thirupur,Kangayam(Uzhavar Sandhai ),Amaranthus,Amaranthus,Local,20-09-2026,2500,2700,2600
Tamil Nadu,Thirupur,Kangayam(Uzhavar Sandhai ),Green Chilli,Green Chilly,Local,20-09-2026,6000,7000,6500
Tamil Nadu,Thirupur,Kangayam(Uzhavar Sandhai ),Raddish,Raddish,Local,20-09-2026,3000,3500,3250
Tamil Nadu,Thirupur,Tiruppur (North) (Uzhavar Sandhai ),Onion,Bellary,Local,20-09-2026,5500,6000,5750
Tamil Nadu,Thirupur,Tiruppur (North) (Uzhavar Sandhai ),Cauliflower,Ranchi,Local,20-09-2026,3500,4000,3750
Tamil Nadu,Thirupur,Tiruppur (North) (Uzhavar Sandhai ),Papaya,Papaya,Local,20-09-2026,3000,3600,3300
Tamil Nadu,Thirupur,Tiruppur (North) (Uzhavar Sandhai ),Tomato,Local,Local,20-09-2026,2200,2500,2350
Tamil Nadu,Thirupur,Tiruppur (North) (Uzhavar Sandhai ),Bottle gourd,Bottle Gourd,Local,20-09-2026,1500,2000,1750
Tamil Nadu,Thirupur,Tiruppur (North) (Uzhavar Sandhai ),Ginger(Green),Green Ginger,Local,20-09-2026,15000,16000,15500
Tamil Nadu,Thirupur,Tiruppur (North) (Uzhavar Sandhai ),Ridgeguard(Tori),Ridgeguard(Tori),Local,20-09-2026,5000,5500,5250
Tamil Nadu,Thirupur,Tiruppur (North) (Uzhavar Sandhai ),Guava,Guava Allahabad,Local,20-09-2026,5000,6000,5500
Tamil Nadu,Thiruvannamalai,Chengam(Uzhavar Sandhai ),Banana,Besrai,Local,20-09-2026,5000,6000,5500
Tamil Nadu,Thiruvannamalai,Chengam(Uzhavar Sandhai ),Potato,Red Nanital,Local,20-09-2026,2500,3000,2750
Tamil Nadu,Thiruvannamalai,Chengam(Uzhavar Sandhai ),Cauliflower,Ranchi,Local,20-09-2026,3300,4000,3650
Tamil Nadu,Thiruvannamalai,Chengam(Uzhavar Sandhai ),Coriander(Leaves),I Sort,Local,20-09-2026,3300,4000,3650
Tamil Nadu,Thiruvannamalai,Chengam(Uzhavar Sandhai ),Tomato,Deshi,Local,20-09-2026,2000,2500,2250
Tamil Nadu,Thiruvannamalai,Chengam(Uzhavar Sandhai ),Green Chilli,Green Chilly,Local,20-09-2026,7000,8000,7500
Tamil Nadu,Thiruvannamalai,Chengam(Uzhavar Sandhai ),Snakeguard,Snakeguard,Local,20-09-2026,2500,3000,2750
Tamil Nadu,Thiruvannamalai,Chengam(Uzhavar Sandhai ),Cucumbar(Kheera),Cucumbar,Local,20-09-2026,4200,5000,4600
Tamil Nadu,Thiruvannamalai,Chengam(Uzhavar Sandhai ),Thondekai,Thondekai,Local,20-09-2026,5000,6000,5500
Tamil Nadu,Thiruvannamalai,Chengam(Uzhavar Sandhai ),Chow Chow,Chow Chow,Local,20-09-2026,4000,4800,4400
Tamil Nadu,Thiruvannamalai,Chengam(Uzhavar Sandhai ),Tamarind Fruit,Tamarind Fruit,Local,20-09-2026,8000,10000,9000
Tamil Nadu,Thiruvannamalai,Chengam(Uzhavar Sandhai ),Amla(Nelli Kai),Amla,Local,20-09-2026,8000,10000,9000
Tamil Nadu,Thiruvannamalai,Tamarainagar(Uzhavar Sandhai ),Coriander(Leaves),I Sort,Local,20-09-2026,4000,5000,4500
Tamil Nadu,Thiruvannamalai,Tamarainagar(Uzhavar Sandhai ),Tomato,Deshi,Local,20-09-2026,2500,3000,2750
Tamil Nadu,Thiruvannamalai,Tamarainagar(Uzhavar Sandhai ),Ashgourd,Gouard,Local,20-09-2026,2000,2400,2200
Tamil Nadu,Thiruvannamalai,Tamarainagar(Uzhavar Sandhai ),Bhindi(Ladies Finger),Bhindi,Local,20-09-2026,3500,4000,3750
Tamil Nadu,Thiruvannamalai,Tamarainagar(Uzhavar Sandhai ),Green Avare(W),Green Avare (W),Local,20-09-2026,5000,6000,5500
Tamil Nadu,Thiruvannamalai,Tamarainagar(Uzhavar Sandhai ),Drumstick,Drumstick,Local,20-09-2026,4000,5000,4500
Tamil Nadu,Thiruvannamalai,Tamarainagar(Uzhavar Sandhai ),Lime,Lime,Local,20-09-2026,5000,6000,5500
Tamil Nadu,Thiruvannamalai,Tamarainagar(Uzhavar Sandhai ),Guava,Guava Allahabad,Local,20-09-2026,7000,8000,7500
Tamil Nadu,Thiruvannamalai,Tamarainagar(Uzhavar Sandhai ),Tamarind Fruit,Tamarind Fruit,Local,20-09-2026,10000,12000,11000
Tamil Nadu,Thiruvannamalai,Vandavasi(Uzhavar Sandhai ),Brinjal,Other,Local,20-09-2026,4000,4800,4400
Tamil Nadu,Thiruvannamalai,Vandavasi(Uzhavar Sandhai ),Banana,Karpura,Local,20-09-2026,5000,6000,5500
Tamil Nadu,Thiruvannamalai,Vandavasi(Uzhavar Sandhai ),Tomato,Local,Local,20-09-2026,2500,3000,2750
Tamil Nadu,Thiruvannamalai,Vandavasi(Uzhavar Sandhai ),Cluster beans,Cluster Beans,Local,20-09-2026,3600,4200,3900
Tamil Nadu,Thiruvannamalai,Vandavasi(Uzhavar Sandhai ),Snakeguard,Snakeguard,Local,20-09-2026,2500,3000,2750
Tamil Nadu,Thiruvannamalai,Vandavasi(Uzhavar Sandhai ),Chow Chow,Chow Chow,Local,20-09-2026,2500,3000,2750
Tamil Nadu,Thiruvannamalai,Vandavasi(Uzhavar Sandhai ),Guava,Guava Allahabad,Local,20-09-2026,4000,5000,4500
Tamil Nadu,Thiruvannamalai,Vandavasi(Uzhavar Sandhai ),Lemon,Lemon,Local,20-09-2026,10000,12000,11000
Tamil Nadu,Thiruvarur,Muthupettai(Uzhavar Sandhai ),Tomato,Deshi,Local,20-09-2026,3000,3000,3000
Tamil Nadu,Thiruvarur,Muthupettai(Uzhavar Sandhai ),Pumpkin,Pumpkin,Local,20-09-2026,2600,2600,2600
Tamil Nadu,Thiruvarur,Muthupettai(Uzhavar Sandhai ),Coconut,Coconut,Local,20-09-2026,4000,4000,4000
Tamil Nadu,Thiruvarur,Muthupettai(Uzhavar Sandhai ),Cabbage,Cabbage,Local,20-09-2026,3400,3400,3400
Tamil Nadu,Thiruvarur,Muthupettai(Uzhavar Sandhai ),Beetroot,Beetroot,Local,20-09-2026,5400,5400,5400
Tamil Nadu,Thiruvarur,Muthupettai(Uzhavar Sandhai ),Mint(Pudina),Mint(Pudina),Local,20-09-2026,6500,6500,6500
Tamil Nadu,Coimbatore,Sulur(Uzhavar Sandhai ),Banana,Besrai,Local,20-09-2026,6000,9000,7500
Tamil Nadu,Coimbatore,Sulur(Uzhavar Sandhai ),Garlic,Garlic,Local,20-09-2026,20000,24000,22000
Tamil Nadu,Coimbatore,Sulur(Uzhavar Sandhai ),Cauliflower,Ranchi,Local,20-09-2026,4400,5000,4700
Tamil Nadu,Coimbatore,Sulur(Uzhavar Sandhai ),Cowpea(Veg),Cowpea (Veg),Local,20-09-2026,3600,4000,3800
Tamil Nadu,Coimbatore,Sulur(Uzhavar Sandhai ),Ginger(Green),Green Ginger,Local,20-09-2026,14000,16500,15250
Tamil Nadu,Coimbatore,Sulur(Uzhavar Sandhai ),Ridgeguard(Tori),Ridgeguard(Tori),Local,20-09-2026,4000,4500,4250
Tamil Nadu,Coimbatore,Sulur(Uzhavar Sandhai ),Drumstick,Drumstick,Local,20-09-2026,3600,4000,3800
Tamil Nadu,Coimbatore,Sulur(Uzhavar Sandhai ),Mango(Raw-Ripe),Mango - Raw-Ripe,Local,20-09-2026,8000,9000,8500
Tamil Nadu,Pudukkottai,Gandarvakottai(Uzhavar Sandhai ),Pumpkin,Pumpkin,Local,20-09-2026,1000,1500,1250
Tamil Nadu,Pudukkottai,Gandarvakottai(Uzhavar Sandhai ),Bhindi(Ladies Finger),Bhindi,Local,20-09-2026,2500,3000,2750
Tamil Nadu,Cuddalore,Panruti(Uzhavar Sandhai ),Potato,Red Nanital,Local,20-09-2026,3500,3500,3500
Tamil Nadu,Cuddalore,Panruti(Uzhavar Sandhai ),Green Avare(W),Green Avare (W),Local,20-09-2026,6000,6000,6000
Tamil Nadu,Cuddalore,Panruti(Uzhavar Sandhai ),Jack Fruit(Ripe),Jack Fruit,Local,20-09-2026,10000,10000,10000
Tamil Nadu,Cuddalore,Panruti(Uzhavar Sandhai ),Onion Green,Onion Green,Local,20-09-2026,8000,8000,8000
Tamil Nadu,Cuddalore,Panruti(Uzhavar Sandhai ),Mint(Pudina),Mint(Pudina),Local,20-09-2026,5000,5000,5000
Tamil Nadu,Cuddalore,Vadalur(Uzhavar Sandhai ),Onion,Bellary,Local,20-09-2026,5000,6000,5500
Tamil Nadu,Cuddalore,Vadalur(Uzhavar Sandhai ),Pumpkin,Pumpkin,Local,20-09-2026,2500,2500,2500
Tamil Nadu,Cuddalore,Vadalur(Uzhavar Sandhai ),Green Chilli,Green Chilly,Local,20-09-2026,5000,6000,5500
Tamil Nadu,Cuddalore,Vadalur(Uzhavar Sandhai ),Drumstick,Drumstick,Local,20-09-2026,3000,3000,3000
Tamil Nadu,Dharmapuri,AJattihalli(Uzhavar Sandhai ),Brinjal,Other,Local,20-09-2026,2000,2200,2100
Tamil Nadu,Dharmapuri,AJattihalli(Uzhavar Sandhai ),Papaya,Papaya,Local,20-09-2026,3500,4000,3750
Tamil Nadu,Dharmapuri,AJattihalli(Uzhavar Sandhai ),Cluster beans,Cluster Beans,Local,20-09-2026,1800,1800,1800
Tamil Nadu,Dharmapuri,AJattihalli(Uzhavar Sandhai ),Beetroot,Beetroot,Local,20-09-2026,5000,5200,5100
Tamil Nadu,Dharmapuri,AJattihalli(Uzhavar Sandhai ),Cucumbar(Kheera),Cucumbar,Local,20-09-2026,4500,4500,4500
Tamil Nadu,Dharmapuri,AJattihalli(Uzhavar Sandhai ),Green Avare(W),Green Avare (W),Local,20-09-2026,6000,6000,6000
Tamil Nadu,Dharmapuri,AJattihalli(Uzhavar Sandhai ),Lime,Lime,Local,20-09-2026,5000,5000,5000
Tamil Nadu,Dharmapuri,AJattihalli(Uzhavar Sandhai ),Lemon,Lemon,Local,20-09-2026,25000,32000,28500
Tamil Nadu,Dharmapuri,AJattihalli(Uzhavar Sandhai ),Baby Corn,Baby Corn,Grade A,20-09-2026,2500,2500,2500
Tamil Nadu,Karur,Pallapatti (Uzhavar Sandhai ),Papaya,Papaya,Local,20-09-2026,3500,4000,3750
Tamil Nadu,Karur,Pallapatti (Uzhavar Sandhai ),Amaranthus,Amaranthus,Local,20-09-2026,2500,3000,2750
Tamil Nadu,Karur,Pallapatti (Uzhavar Sandhai ),Green Chilli,Green Chilly,Local,20-09-2026,5000,6000,5500
Tamil Nadu,Karur,Pallapatti (Uzhavar Sandhai ),Ridgeguard(Tori),Ridgeguard(Tori),Local,20-09-2026,5500,6000,5750
Tamil Nadu,Karur,Pallapatti (Uzhavar Sandhai ),Raddish,Raddish,Local,20-09-2026,3500,4000,3750
Tamil Nadu,Karur,Pallapatti (Uzhavar Sandhai ),Guava,Guava Allahabad,Local,20-09-2026,5500,6000,5750
Tamil Nadu,Karur,Velayuthampalayam(Uzhavar Sandhai ),Brinjal,Other,Local,20-09-2026,2800,3500,3150
Tamil Nadu,Karur,Velayuthampalayam(Uzhavar Sandhai ),Tomato,Other,Local,20-09-2026,2400,3000,2700
Tamil Nadu,Karur,Velayuthampalayam(Uzhavar Sandhai ),Cluster beans,Cluster Beans,Local,20-09-2026,3200,4000,3600
Tamil Nadu,Karur,Velayuthampalayam(Uzhavar Sandhai ),Ashgourd,Gouard,Local,20-09-2026,2000,2500,2250
Tamil Nadu,Karur,Velayuthampalayam(Uzhavar Sandhai ),Green Chilli,Green Chilly,Local,20-09-2026,5200,6000,5600
Tamil Nadu,Karur,Velayuthampalayam(Uzhavar Sandhai ),Banana - Green,Banana - Green,Local,20-09-2026,2400,3000,2700
Tamil Nadu,Karur,Velayuthampalayam(Uzhavar Sandhai ),Ginger(Green),Green Ginger,Local,20-09-2026,17000,19000,18000
Tamil Nadu,Karur,Velayuthampalayam(Uzhavar Sandhai ),Snakeguard,Snakeguard,Local,20-09-2026,2800,3500,3150
Tamil Nadu,Karur,Velayuthampalayam(Uzhavar Sandhai ),Lemon,Lemon,Local,20-09-2026,28000,30000,29000
Tamil Nadu,Karur,Vengamedu(Uzhavar Sandhai ),Brinjal,Other,Local,20-09-2026,3500,4500,4000
Tamil Nadu,Karur,Vengamedu(Uzhavar Sandhai ),Cluster beans,Cluster Beans,Local,20-09-2026,3500,4000,3750
Tamil Nadu,Karur,Vengamedu(Uzhavar Sandhai ),Coconut,Coconut,Local,20-09-2026,5500,6000,5750
Tamil Nadu,Karur,Vengamedu(Uzhavar Sandhai ),Ridgeguard(Tori),Ridgeguard(Tori),Local,20-09-2026,4000,4500,4250
Tamil Nadu,Karur,Vengamedu(Uzhavar Sandhai ),Raddish,Raddish,Local,20-09-2026,2500,3000,2750
Tamil Nadu,Karur,Vengamedu(Uzhavar Sandhai ),Drumstick,Drumstick,Local,20-09-2026,2500,3000,2750
Tamil Nadu,Theni,Devaram(Uzhavar Sandhai ),Ridgeguard(Tori),Ridgeguard(Tori),Local,20-09-2026,3800,3800,3800
Tamil Nadu,Theni,Devaram(Uzhavar Sandhai ),Raddish,Raddish,Local,20-09-2026,2400,2400,2400
Tamil Nadu,Theni,Devaram(Uzhavar Sandhai ),Knool Khol,Knool Khol,Local,20-09-2026,3400,3400,3400
Tamil Nadu,Theni,Devaram(Uzhavar Sandhai ),Amla(Nelli Kai),Amla,Local,20-09-2026,6000,6000,6000
Tamil Nadu,Salem,Attayampatti(Uzhavar Sandhai ),Ashgourd,Gouard,Local,20-09-2026,2000,2200,2100
Tamil Nadu,Sivaganga,Sivagangai (Uzhavar Sandhai ),Cauliflower,Ranchi,Local,20-09-2026,2600,3200,2900
Tamil Nadu,Sivaganga,Sivagangai (Uzhavar Sandhai ),Ashgourd,Gouard,Local,20-09-2026,1800,2000,1900
Tamil Nadu,Sivaganga,Sivagangai (Uzhavar Sandhai ),Green Chilli,Green Chilly,Local,20-09-2026,3600,4200,3900
Tamil Nadu,Sivaganga,Sivagangai (Uzhavar Sandhai ),Banana - Green,Banana - Green,Local,20-09-2026,3000,3000,3000
Tamil Nadu,Sivaganga,Sivagangai (Uzhavar Sandhai ),Cabbage,Cabbage,Local,20-09-2026,2800,3200,3000
Tamil Nadu,Sivaganga,Sivagangai (Uzhavar Sandhai ),Snakeguard,Snakeguard,Local,20-09-2026,3800,4200,4000
Tamil Nadu,Sivaganga,Sivagangai (Uzhavar Sandhai ),Yam(Ratalu),Yam (Ratalu),Local,20-09-2026,6600,7200,6900
Tamil Nadu,Sivaganga,Sivagangai (Uzhavar Sandhai ),Colacasia,Colacasia,Local,20-09-2026,5200,6200,5700
Tamil Nadu,Salem,Edapadi (Uzhavar Sandhai ),Papaya,Papaya,Local,20-09-2026,3000,3500,3250
Tamil Nadu,Salem,Edapadi (Uzhavar Sandhai ),Tapioca,Tapioca,Local,20-09-2026,3000,3500,3250
Tamil Nadu,Salem,Edapadi (Uzhavar Sandhai ),Ginger(Green),Green Ginger,Local,20-09-2026,17500,18000,17750
Tamil Nadu,Salem,Edapadi (Uzhavar Sandhai ),Cabbage,Cabbage,Local,20-09-2026,2800,3000,2900
Tamil Nadu,Salem,Elampillai(Uzhavar Sandhai ),Banana,Red Banana,Local,20-09-2026,7500,8000,7750
Tamil Nadu,Salem,Elampillai(Uzhavar Sandhai ),Cauliflower,Ranchi,Local,20-09-2026,2500,3000,2750
Tamil Nadu,Salem,Elampillai(Uzhavar Sandhai ),Cluster beans,Cluster Beans,Local,20-09-2026,2500,3000,2750
Tamil Nadu,Salem,Elampillai(Uzhavar Sandhai ),Capsicum,Capsicum,Local,20-09-2026,5000,6000,5500
Tamil Nadu,Salem,Hasthampatti(Uzhavar Sandhai ),Groundnut,Big (With Shell),Local,20-09-2026,6500,7000,6750
Tamil Nadu,Salem,Hasthampatti(Uzhavar Sandhai ),Cauliflower,Ranchi,Local,20-09-2026,2500,3000,2750
Tamil Nadu,Salem,Hasthampatti(Uzhavar Sandhai ),Tomato,Local,Local,20-09-2026,2500,2800,2650
Tamil Nadu,Salem,Hasthampatti(Uzhavar Sandhai ),Green Chilli,Green Chilly,Local,20-09-2026,4200,4400,4300
Tamil Nadu,Salem,Hasthampatti(Uzhavar Sandhai ),Tapioca,Tapioca,Local,20-09-2026,3000,3500,3250
Tamil Nadu,Salem,Hasthampatti(Uzhavar Sandhai ),Snakeguard,Snakeguard,Local,20-09-2026,3600,3800,3700
Tamil Nadu,Salem,Hasthampatti(Uzhavar Sandhai ),Chow Chow,Chow Chow,Local,20-09-2026,4000,4500,4250
Tamil Nadu,Salem,Hasthampatti(Uzhavar Sandhai ),Drumstick,Drumstick,Local,20-09-2026,3500,4000,3750
Tamil Nadu,Salem,Hasthampatti(Uzhavar Sandhai ),Mango(Raw-Ripe),Mango - Raw-Ripe,Local,20-09-2026,7000,8000,7500
Tamil Nadu,Salem,Hasthampatti(Uzhavar Sandhai ),Lime,Lime,Local,20-09-2026,3500,4000,3750
Tamil Nadu,Salem,Hasthampatti(Uzhavar Sandhai ),Pomegranate,Pomogranate,Local,20-09-2026,10000,12000,11000
Tamil Nadu,Salem,Hasthampatti(Uzhavar Sandhai ),Tamarind Fruit,Tamarind Fruit,Local,20-09-2026,15000,16000,15500
Tamil Nadu,Salem,Hasthampatti(Uzhavar Sandhai ),Lemon,Lemon,Local,20-09-2026,4000,10000,7000
Tamil Nadu,Salem,Hasthampatti(Uzhavar Sandhai ),Onion Green,Onion Green,Local,20-09-2026,7500,8000,7750
Tamil Nadu,Salem,Jalagandapuram(Uzhavar Sandhai ),Potato,Other,Local,20-09-2026,2600,2800,2700
Tamil Nadu,Salem,Jalagandapuram(Uzhavar Sandhai ),Cauliflower,Ranchi,Local,20-09-2026,2000,2500,2250
Tamil Nadu,Salem,Jalagandapuram(Uzhavar Sandhai ),Tomato,Other,Local,20-09-2026,2200,2600,2400
Tamil Nadu,Salem,Jalagandapuram(Uzhavar Sandhai ),Bottle gourd,Bottle Gourd,Local,20-09-2026,1500,2000,1750
Tamil Nadu,Salem,Jalagandapuram(Uzhavar Sandhai ),Onion Green,Onion Green,Local,20-09-2026,7000,8000,7500
Tamil Nadu,Sivaganga,Singampunari(Uzhavar Sandhai ),Banana,Karpura,Local,20-09-2026,3500,4000,3750
Tamil Nadu,Sivaganga,Singampunari(Uzhavar Sandhai ),Potato,Other,Local,20-09-2026,5200,5600,5400
Tamil Nadu,Sivaganga,Singampunari(Uzhavar Sandhai ),Tomato,Other,Local,20-09-2026,2600,3000,2800
Tamil Nadu,Sivaganga,Singampunari(Uzhavar Sandhai ),Bottle gourd,Bottle Gourd,Local,20-09-2026,2200,2800,2500
Tamil Nadu,Sivaganga,Singampunari(Uzhavar Sandhai ),Pumpkin,Pumpkin,Local,20-09-2026,1800,2200,2000
Tamil Nadu,Sivaganga,Singampunari(Uzhavar Sandhai ),Bhindi(Ladies Finger),Bhindi,Local,20-09-2026,3000,3400,3200
Tamil Nadu,Sivaganga,Singampunari(Uzhavar Sandhai ),Cabbage,Cabbage,Local,20-09-2026,2800,3200,3000
Tamil Nadu,Sivaganga,Singampunari(Uzhavar Sandhai ),Green Avare(W),Other,Local,20-09-2026,8200,9200,8700
Tamil Nadu,Sivaganga,Singampunari(Uzhavar Sandhai ),Chow Chow,Chow Chow,Local,20-09-2026,2800,3200,3000
Tamil Nadu,Sivaganga,Singampunari(Uzhavar Sandhai ),Mango(Raw-Ripe),Mango - Raw-Ripe,Local,20-09-2026,12000,13000,12500
Tamil Nadu,Sivaganga,Karaikudi(Uzhavar Sandhai ),Tomato,Local,Local,20-09-2026,2800,3200,3000
Tamil Nadu,Sivaganga,Karaikudi(Uzhavar Sandhai ),Green Chilli,Green Chilly,Local,20-09-2026,4000,4500,4250
Tamil Nadu,Sivaganga,Karaikudi(Uzhavar Sandhai ),Snakeguard,Snakeguard,Local,20-09-2026,3500,4000,3750
Tamil Nadu,Sivaganga,Karaikudi(Uzhavar Sandhai ),Beetroot,Beetroot,Local,20-09-2026,4500,6000,5250
Tamil Nadu,Sivaganga,Karaikudi(Uzhavar Sandhai ),Ridgeguard(Tori),Ridgeguard(Tori),Local,20-09-2026,4500,5000,4750
Tamil Nadu,Sivaganga,Karaikudi(Uzhavar Sandhai ),Capsicum,Capsicum,Local,20-09-2026,6500,7500,7000
Tamil Nadu,Sivaganga,Tirupatthur(Uzhavar Sandhai ),Onion,Bellary,Local,20-09-2026,4400,5500,4950
Tamil Nadu,Sivaganga,Tirupatthur(Uzhavar Sandhai ),Potato,Red Nanital,Local,20-09-2026,3200,3500,3350
Tamil Nadu,Sivaganga,Tirupatthur(Uzhavar Sandhai ),Papaya,Papaya,Local,20-09-2026,5000,5500,5250
Tamil Nadu,Sivaganga,Tirupatthur(Uzhavar Sandhai ),Chow Chow,Chow Chow,Local,20-09-2026,3000,3500,3250
Tamil Nadu,Sivaganga,Tirupatthur(Uzhavar Sandhai ),Drumstick,Drumstick,Local,20-09-2026,4000,4500,4250
Tamil Nadu,Sivaganga,Tirupatthur(Uzhavar Sandhai ),Knool Khol,Knool Khol,Local,20-09-2026,4500,5000,4750
Tamil Nadu,Thanjavur,Pattukottai(Uzhavar Sandhai ),Cauliflower,Ranchi,Local,20-09-2026,4800,4800,4800
Tamil Nadu,Thanjavur,Pattukottai(Uzhavar Sandhai ),Ashgourd,Gouard,Local,20-09-2026,3000,3000,3000
Tamil Nadu,Thanjavur,Pattukottai(Uzhavar Sandhai ),Ginger(Green),Green Ginger,Local,20-09-2026,12000,18000,15000
Tamil Nadu,Thanjavur,Pattukottai(Uzhavar Sandhai ),Lime,Lime,Local,20-09-2026,4000,4000,4000
Tamil Nadu,Thanjavur,Pattukottai(Uzhavar Sandhai ),Mint(Pudina),Mint(Pudina),Local,20-09-2026,6800,6800,6800
Tamil Nadu,Thiruchirappalli,Lalgudi(Uzhavar Sandhai ),Banana,Poovan,Local,20-09-2026,4000,5000,4500
Tamil Nadu,Thiruchirappalli,Lalgudi(Uzhavar Sandhai ),Cauliflower,Ranchi,Local,20-09-2026,4000,4000,4000
Tamil Nadu,Thiruchirappalli,Lalgudi(Uzhavar Sandhai ),Tapioca,Tapioca,Local,20-09-2026,4000,4000,4000
Tamil Nadu,Thiruchirappalli,Lalgudi(Uzhavar Sandhai ),Coconut,Coconut,Local,20-09-2026,7000,7000,7000
Tamil Nadu,Thiruchirappalli,Lalgudi(Uzhavar Sandhai ),Green Avare(W),Other,Local,20-09-2026,9000,9000,9000
Tamil Nadu,Thiruchirappalli,Lalgudi(Uzhavar Sandhai ),Mango(Raw-Ripe),Mango - Raw-Ripe,Local,20-09-2026,10000,10000,10000
Tamil Nadu,Thiruchirappalli,Lalgudi(Uzhavar Sandhai ),Guava,Guava Allahabad,Local,20-09-2026,8000,8000,8000
Tamil Nadu,Thiruchirappalli,Manachanallur(Uzhavar Sandhai ),Cauliflower,Ranchi,Local,20-09-2026,4000,4500,4250
Tamil Nadu,Thiruchirappalli,Manachanallur(Uzhavar Sandhai ),Ashgourd,Gouard,Local,20-09-2026,1600,2000,1800
Tamil Nadu,Thiruchirappalli,Manachanallur(Uzhavar Sandhai ),Pumpkin,Pumpkin,Local,20-09-2026,1600,2000,1800
Tamil Nadu,Thiruchirappalli,Manachanallur(Uzhavar Sandhai ),Ginger(Green),Green Ginger,Local,20-09-2026,17000,19000,18000
Tamil Nadu,Thiruchirappalli,Manachanallur(Uzhavar Sandhai ),Sweet Potato,Hosur Red,Local,20-09-2026,4500,5000,4750
Tamil Nadu,Thiruchirappalli,Manachanallur(Uzhavar Sandhai ),Snakeguard,Snakeguard,Local,20-09-2026,3500,4000,3750
Tamil Nadu,Thiruchirappalli,Manapparai(Uzhavar Sandhai ),Chikoos(Sapota),Sapota,Local,20-09-2026,4000,4000,4000
Tamil Nadu,Thiruchirappalli,Manapparai(Uzhavar Sandhai ),Papaya,Papaya,Local,20-09-2026,4000,4000,4000
Tamil Nadu,Thiruchirappalli,Manapparai(Uzhavar Sandhai ),Bhindi(Ladies Finger),Bhindi,Local,20-09-2026,3000,3000,3000
Tamil Nadu,Thiruchirappalli,Manapparai(Uzhavar Sandhai ),Amaranthus,Amaranthus,Local,20-09-2026,2000,2000,2000
Tamil Nadu,Thiruchirappalli,Manapparai(Uzhavar Sandhai ),Green Chilli,Green Chilly,Local,20-09-2026,4500,4500,4500
Tamil Nadu,Thiruchirappalli,Manapparai(Uzhavar Sandhai ),Beans,Beans (Whole),Local,20-09-2026,8000,8000,8000
Tamil Nadu,Thiruchirappalli,Manapparai(Uzhavar Sandhai ),Carrot,Pusakesar,Local,20-09-2026,5000,5000,5000
Tamil Nadu,Thiruchirappalli,Manapparai(Uzhavar Sandhai ),Lemon,Lemon,Local,20-09-2026,20000,20000,20000
Tamil Nadu,Thiruchirappalli,Musiri(Uzhavar Sandhai ),Cauliflower,Ranchi,Local,20-09-2026,3000,3500,3250
Tamil Nadu,Thiruchirappalli,Musiri(Uzhavar Sandhai ),Coriander(Leaves),I Sort,Local,20-09-2026,3600,4000,3800
Tamil Nadu,Thiruchirappalli,Musiri(Uzhavar Sandhai ),Bitter gourd,Bitter Gourd,Local,20-09-2026,5000,6000,5500
Tamil Nadu,Thiruchirappalli,Musiri(Uzhavar Sandhai ),Bottle gourd,Bottle Gourd,Local,20-09-2026,1500,2000,1750
Tamil Nadu,Thiruchirappalli,Musiri(Uzhavar Sandhai ),Beans,Beans (Whole),Local,20-09-2026,7000,7600,7300
Tamil Nadu,Thiruchirappalli,Musiri(Uzhavar Sandhai ),Carrot,Pusakesar,Local,20-09-2026,5000,5500,5250
Tamil Nadu,Thiruchirappalli,Musiri(Uzhavar Sandhai ),Snakeguard,Snakeguard,Local,20-09-2026,3000,3600,3300
Tamil Nadu,Thiruchirappalli,Musiri(Uzhavar Sandhai ),Drumstick,Drumstick,Local,20-09-2026,3000,3600,3300
Tamil Nadu,Thiruchirappalli,Musiri(Uzhavar Sandhai ),Guava,Guava Allahabad,Local,20-09-2026,4000,5000,4500
Tamil Nadu,Thiruchirappalli,Musiri(Uzhavar Sandhai ),Yam(Ratalu),Yam (Ratalu),Local,20-09-2026,5000,5600,5300
Tamil Nadu,Thiruchirappalli,Musiri(Uzhavar Sandhai ),Colacasia,Colacasia,Local,20-09-2026,4500,5000,4750
Tamil Nadu,Thiruchirappalli,Musiri(Uzhavar Sandhai ),Turnip,Turnip,Local,20-09-2026,3000,3600,3300
Tamil Nadu,Thiruchirappalli,Musiri(Uzhavar Sandhai ),Amla(Nelli Kai),Amla,Local,20-09-2026,8000,9000,8500
Tamil Nadu,Thiruchirappalli,Thiruverumbur(Uzhavar Sandhai ),Brinjal,Other,Local,20-09-2026,4600,4600,4600
Tamil Nadu,Thiruchirappalli,Thiruverumbur(Uzhavar Sandhai ),Banana,Karpura,Local,20-09-2026,4000,5000,4500
Tamil Nadu,Thiruchirappalli,Thiruverumbur(Uzhavar Sandhai ),Onion,Bellary,Local,20-09-2026,5000,7000,6000
Tamil Nadu,Thiruchirappalli,Thiruverumbur(Uzhavar Sandhai ),Bitter gourd,Other,Local,20-09-2026,5600,6000,5800
Tamil Nadu,Thiruchirappalli,Thiruverumbur(Uzhavar Sandhai ),Ashgourd,Gouard,Local,20-09-2026,2000,2000,2000
Tamil Nadu,Thiruchirappalli,Thiruverumbur(Uzhavar Sandhai ),Cabbage,Cabbage,Local,20-09-2026,3000,3000,3000
Tamil Nadu,Thiruchirappalli,Thiruverumbur(Uzhavar Sandhai ),Beetroot,Beetroot,Local,20-09-2026,5600,5600,5600
Tamil Nadu,Thiruchirappalli,Thiruverumbur(Uzhavar Sandhai ),Ridgeguard(Tori),Ridgeguard(Tori),Local,20-09-2026,4600,4600,4600
Tamil Nadu,Thiruchirappalli,Thiruverumbur(Uzhavar Sandhai ),Raddish,Raddish,Local,20-09-2026,3600,3600,3600
Tamil Nadu,Thiruchirappalli,Thiruverumbur(Uzhavar Sandhai ),Thondekai,Thondekai,Local,20-09-2026,6000,6000,6000
Tamil Nadu,Thiruchirappalli,Thiruverumbur(Uzhavar Sandhai ),Onion Green,Onion Green,Local,20-09-2026,10000,11000,10500
Tamil Nadu,Virudhunagar,Rajapalayam(Uzhavar Sandhai ),Onion,Bellary,Local,20-09-2026,6000,7000,6500
Tamil Nadu,Virudhunagar,Rajapalayam(Uzhavar Sandhai ),Potato,Red Nanital,Local,20-09-2026,3000,3500,3250
Tamil Nadu,Virudhunagar,Rajapalayam(Uzhavar Sandhai ),Bitter gourd,Bitter Gourd,Local,20-09-2026,8000,9000,8500
Tamil Nadu,Virudhunagar,Rajapalayam(Uzhavar Sandhai ),Ashgourd,Gouard,Local,20-09-2026,2500,3000,2750
Tamil Nadu,Virudhunagar,Rajapalayam(Uzhavar Sandhai ),Amaranthus,Amaranthus,Local,20-09-2026,2500,3000,2750
Tamil Nadu,Virudhunagar,Rajapalayam(Uzhavar Sandhai ),Beans,Beans (Whole),Local,20-09-2026,8000,10000,9000
Tamil Nadu,Virudhunagar,Rajapalayam(Uzhavar Sandhai ),Knool Khol,Knool Khol,Local,20-09-2026,5000,6000,5500
Tamil Nadu,Virudhunagar,Rajapalayam(Uzhavar Sandhai ),Guava,Guava Allahabad,Local,20-09-2026,3500,4000,3750
Tamil Nadu,Virudhunagar,Sathur(Uzhavar Sandhai ),Brinjal,Round,Local,20-09-2026,3500,4000,3750
Tamil Nadu,Virudhunagar,Sathur(Uzhavar Sandhai ),Cauliflower,Ranchi,Local,20-09-2026,3500,4000,3750
Tamil Nadu,Virudhunagar,Sathur(Uzhavar Sandhai ),Papaya,Papaya,Local,20-09-2026,2500,3000,2750
Tamil Nadu,Virudhunagar,Sathur(Uzhavar Sandhai ),Pumpkin,Pumpkin,Local,20-09-2026,1800,2000,1900
Tamil Nadu,Virudhunagar,Sathur(Uzhavar Sandhai ),Cabbage,Cabbage,Local,20-09-2026,3500,4000,3750
Tamil Nadu,Virudhunagar,Sathur(Uzhavar Sandhai ),Snakeguard,Snakeguard,Local,20-09-2026,2500,3000,2750
Tamil Nadu,Virudhunagar,Sathur(Uzhavar Sandhai ),Ridgeguard(Tori),Ridgeguard(Tori),Local,20-09-2026,4500,5000,4750
Tamil Nadu,Virudhunagar,Sathur(Uzhavar Sandhai ),Drumstick,Drumstick,Local,20-09-2026,3500,4000,3750
Tamil Nadu,Virudhunagar,Sathur(Uzhavar Sandhai ),Guava,Guava Allahabad,Local,20-09-2026,4500,5000,4750
Tamil Nadu,Virudhunagar,Thalavaipuram(Uzhavar Sandhai ),Soyabean,Local,Local,20-09-2026,10000,12000,11000
Tamil Nadu,Virudhunagar,Thalavaipuram(Uzhavar Sandhai ),Onion,Bellary,Local,20-09-2026,5500,7000,6250
Tamil Nadu,Virudhunagar,Thalavaipuram(Uzhavar Sandhai ),Ashgourd,Gouard,Local,20-09-2026,2500,3000,2750
Tamil Nadu,Virudhunagar,Thalavaipuram(Uzhavar Sandhai ),Pumpkin,Pumpkin,Local,20-09-2026,1600,2000,1800
Tamil Nadu,Virudhunagar,Thalavaipuram(Uzhavar Sandhai ),Coconut,Coconut,Local,20-09-2026,5000,6000,5500
Tamil Nadu,Virudhunagar,Thalavaipuram(Uzhavar Sandhai ),Beetroot,Beetroot,Local,20-09-2026,4000,5200,4600
Tamil Nadu,Virudhunagar,Thalavaipuram(Uzhavar Sandhai ),Ridgeguard(Tori),Ridgeguard(Tori),Local,20-09-2026,3200,4000,3600
Tamil Nadu,Virudhunagar,Thalavaipuram(Uzhavar Sandhai ),Guava,Guava Allahabad,Local,20-09-2026,3200,4000,3600
Tamil Nadu,Virudhunagar,Virudhunagar(Uzhavar Sandhai ),Tomato,Deshi,Local,20-09-2026,2500,2600,2550
Tamil Nadu,Chengalpattu,Pallavaram(Uzhavar Sandhai ),Cauliflower,Ranchi,Local,20-09-2026,2500,3000,2750
Tamil Nadu,Chengalpattu,Pallavaram(Uzhavar Sandhai ),Coriander(Leaves),I Sort,Local,20-09-2026,5000,6000,5500
Tamil Nadu,Chengalpattu,Pallavaram(Uzhavar Sandhai ),Tomato,Deshi,Local,20-09-2026,2000,2500,2250
Tamil Nadu,Chengalpattu,Pallavaram(Uzhavar Sandhai ),Ashgourd,Gouard,Local,20-09-2026,2000,2500,2250
Tamil Nadu,Chengalpattu,Pallavaram(Uzhavar Sandhai ),Cowpea(Veg),Cowpea (Veg),Local,20-09-2026,6000,7000,6500
Tamil Nadu,Chengalpattu,Pallavaram(Uzhavar Sandhai ),Cucumbar(Kheera),Cucumbar,Local,20-09-2026,4000,5000,4500
Tamil Nadu,Chengalpattu,Pallavaram(Uzhavar Sandhai ),Raddish,Raddish,Local,20-09-2026,3500,4000,3750
Tamil Nadu,Chengalpattu,Pallavaram(Uzhavar Sandhai ),Drumstick,Drumstick,Local,20-09-2026,4000,5000,4500
Tamil Nadu,Nagercoil (Kannyiakumari),Myladi(Uzhavar Sandhai ),Banana,Besrai,Local,20-09-2026,6500,7000,6750
Tamil Nadu,Nagercoil (Kannyiakumari),Myladi(Uzhavar Sandhai ),Onion,Bellary,Local,20-09-2026,7000,7500,7250
Tamil Nadu,Nagercoil (Kannyiakumari),Myladi(Uzhavar Sandhai ),Bitter gourd,Bitter Gourd,Local,20-09-2026,5500,6000,5750
Tamil Nadu,Nagercoil (Kannyiakumari),Myladi(Uzhavar Sandhai ),Ashgourd,Gouard,Local,20-09-2026,2200,2500,2350
Tamil Nadu,Nagercoil (Kannyiakumari),Myladi(Uzhavar Sandhai ),Green Chilli,Green Chilly,Local,20-09-2026,7500,8000,7750
Tamil Nadu,Nagercoil (Kannyiakumari),Myladi(Uzhavar Sandhai ),Banana - Green,Banana - Green,Local,20-09-2026,5500,6000,5750
Tamil Nadu,Nagercoil (Kannyiakumari),Myladi(Uzhavar Sandhai ),Tapioca,Tapioca,Local,20-09-2026,3500,4000,3750
Tamil Nadu,Nagercoil (Kannyiakumari),Myladi(Uzhavar Sandhai ),Ginger(Green),Green Ginger,Local,20-09-2026,17500,18000,17750
Tamil Nadu,Nagercoil (Kannyiakumari),Myladi(Uzhavar Sandhai ),Snakeguard,Snakeguard,Local,20-09-2026,3500,4000,3750
Tamil Nadu,Nagercoil (Kannyiakumari),Myladi(Uzhavar Sandhai ),Drumstick,Drumstick,Local,20-09-2026,4500,5000,4750
Tamil Nadu,Nagercoil (Kannyiakumari),Myladi(Uzhavar Sandhai ),Tamarind Fruit,Tamarind Fruit,Local,20-09-2026,14500,15000,14750
Tamil Nadu,Nagercoil (Kannyiakumari),Myladi(Uzhavar Sandhai ),Onion Green,Onion Green,Local,20-09-2026,8500,9000,8750
Tamil Nadu,Villupuram,Tindivanam APMC,Papaya,Papaya,Local,20-09-2026,4000,4000,4000
Tamil Nadu,Villupuram,Tindivanam APMC,Water Melon,Water Melon,Local,20-09-2026,2000,2000,2000
Tamil Nadu,Villupuram,Tindivanam APMC,Green Chilli,Green Chilly,Local,20-09-2026,5500,5500,5500
Tamil Nadu,Villupuram,Tindivanam APMC,Tapioca,Tapioca,Local,20-09-2026,4500,4500,4500
Tamil Nadu,Villupuram,Tindivanam APMC,Carrot,Pusakesar,Local,20-09-2026,6000,6000,6000
Tamil Nadu,Villupuram,Tindivanam APMC,Snakeguard,Snakeguard,Local,20-09-2026,3000,3000,3000
Tamil Nadu,Villupuram,Tindivanam APMC,Cucumbar(Kheera),Cucumbar,Local,20-09-2026,4500,4500,4500
Tamil Nadu,Villupuram,Tindivanam APMC,Capsicum,Capsicum,Local,20-09-2026,6000,6000,6000
Tamil Nadu,Villupuram,Tindivanam APMC,Drumstick,Drumstick,Local,20-09-2026,4000,4000,4000
Tamil Nadu,Villupuram,Tindivanam APMC,Yam(Ratalu),Yam (Ratalu),Local,20-09-2026,6000,6000,6000
Tamil Nadu,Villupuram,Ulundurpettai APMC,Banana,Besrai,Local,20-09-2026,4000,4000,4000
Tamil Nadu,Villupuram,Ulundurpettai APMC,Onion,Bellary,Local,20-09-2026,6000,6000,6000
Tamil Nadu,Villupuram,Ulundurpettai APMC,Tomato,Deshi,Local,20-09-2026,2000,2000,2000
Tamil Nadu,Villupuram,Ulundurpettai APMC,Amaranthus,Amaranthus,Local,20-09-2026,2500,2500,2500
Tamil Nadu,Villupuram,Ulundurpettai APMC,Green Chilli,Green Chilly,Local,20-09-2026,6000,6000,6000
Tamil Nadu,Villupuram,Ulundurpettai APMC,Coconut,Coconut,Local,20-09-2026,3000,3000,3000
Tamil Nadu,Villupuram,Ulundurpettai APMC,Snakeguard,Snakeguard,Local,20-09-2026,4000,4000,4000
Tamil Nadu,Villupuram,Ulundurpettai APMC,Drumstick,Drumstick,Local,20-09-2026,4000,4000,4000
Tamil Nadu,Villupuram,Ulundurpettai APMC,Elephant Yam(Suran)/Amorphophallus,Elephant Yam (Suran),Local,20-09-2026,6000,6000,6000
Tamil Nadu,Villupuram,Ulundurpettai APMC,Amla(Nelli Kai),Amla,Local,20-09-2026,8000,8000,8000
Tamil Nadu,Villupuram,Ulundurpettai APMC,Onion Green,Onion Green,Local,20-09-2026,7000,7000,7000
Uttar Pradesh,Mirzapur,Ahirora APMC,Green Chilli,Other,FAQ,20-09-2026,3200,3200,3200
Uttar Pradesh,Fatehpur,Fatehpur APMC,Tomato,Other,FAQ,20-09-2026,2200,2200,2200
Uttar Pradesh,Jalaun (Orai),Kalpi APMC,Wheat,Other,FAQ,20-09-2026,2500,2500,2500
Uttar Pradesh,Kasganj,Kasganj APMC,Paddy(Common),Basmati,FAQ,20-09-2026,3300,3300,3300
Uttar Pradesh,Kasganj,Kasganj APMC,Wheat,C-83,FAQ,20-09-2026,2601,2601,2601
Uttar Pradesh,Aligarh,Khair APMC,Paddy(Common),Basmati,FAQ,20-09-2026,3300,3400,3321.36
Gujarat,Amreli,Damnagar APMC,Guar,Gwar,Local,20-09-2026,3500,3500,3500
Tamil Nadu,Madurai,Chokkikulam(Uzhavar Sandhai ),Soyabean,Local,Local,20-09-2026,9000,10000,9500
Tamil Nadu,Madurai,Chokkikulam(Uzhavar Sandhai ),Banana,Besrai,Local,20-09-2026,4000,5000,4500
Tamil Nadu,Madurai,Chokkikulam(Uzhavar Sandhai ),Potato,Red Nanital,Local,20-09-2026,5000,5500,5250
Tamil Nadu,Madurai,Chokkikulam(Uzhavar Sandhai ),Green Peas,Green Peas,Local,20-09-2026,12000,14000,13000
Tamil Nadu,Madurai,Chokkikulam(Uzhavar Sandhai ),Bottle gourd,Bottle Gourd,Local,20-09-2026,2000,2600,2300
Tamil Nadu,Madurai,Chokkikulam(Uzhavar Sandhai ),Tapioca,Tapioca,Local,20-09-2026,3600,4000,3800
Tamil Nadu,Madurai,Chokkikulam(Uzhavar Sandhai ),Ginger(Green),Green Ginger,Local,20-09-2026,11000,20000,15500
Tamil Nadu,Madurai,Chokkikulam(Uzhavar Sandhai ),Sweet Potato,Hosur Red,Local,20-09-2026,5000,6000,5500
Tamil Nadu,Madurai,Chokkikulam(Uzhavar Sandhai ),Carrot,Pusakesar,Local,20-09-2026,2800,4000,3400
Tamil Nadu,Madurai,Chokkikulam(Uzhavar Sandhai ),Thondekai,Thondekai,Local,20-09-2026,3600,4000,3800
Tamil Nadu,Madurai,Chokkikulam(Uzhavar Sandhai ),Mango(Raw-Ripe),Mango - Raw-Ripe,Local,20-09-2026,12000,13000,12500
Tamil Nadu,Madurai,Chokkikulam(Uzhavar Sandhai ),Lime,Lime,Local,20-09-2026,3600,4000,3800
Uttar Pradesh,Ghaziabad,Noida APMC,Onion,Other,FAQ,20-09-2026,4000,4000,4000
Uttar Pradesh,Saharanpur,Saharanpur APMC,Wood,Other,FAQ,20-09-2026,1300,1300,1300
Telangana,Bhadradri Kothagudem,Dammapet APMC,Paddy(Common),1001,FAQ,20-09-2026,2400,2500,2500
Andhra Pradesh,Prakasam,Kondapi APMC,Bengal Gram(Gram)(Whole),Average (Whole),Local,20-09-2026,5400,5800,5600
Uttar Pradesh,Bareilly,Baheri APMC,Wood,Other,FAQ,20-09-2026,450,450,450
Uttar Pradesh,Lalitpur,Lalitpur APMC,Wood,Other,FAQ,20-09-2026,200,450,322.76
Uttar Pradesh,Shahjahanpur,Shahjahanpur APMC,Wood,Other,FAQ,20-09-2026,580,1700,744.1
Uttar Pradesh,Varanasi,Varanasi APMC,Ginger(Green),Other,FAQ,20-09-2026,4000,4000,4000
Uttarakhand,Haridwar,Roorkee APMC,Brinjal,Other,Local,20-09-2026,800,1000,900
Uttarakhand,Haridwar,Roorkee APMC,Cauliflower,Other,Local,20-09-2026,1000,1500,1200
Maharashtra,Pune,Pune(Moshi) ,Amla(Nelli Kai),Other,Local,20-09-2026,8000,8000,8000
Maharashtra,Pune,Pune(Moshi) ,Carrot,Other,Local,20-09-2026,2000,2500,2250
Maharashtra,Pune,Pune(Moshi) ,Garlic,Other,Local,20-09-2026,10000,10000,10000
Maharashtra,Pune,Pune(Moshi) ,Raddish,Other,Local,20-09-2026,10,10,10
Maharashtra,Pune,Pune(Moshi) ,Spinach,Other,Local,20-09-2026,8,10,9
Tamil Nadu,Erode,Thalavadi(Uzhavar Sandhai ),Brinjal,Round,Local,20-09-2026,2800,3200,3000
Tamil Nadu,Erode,Thalavadi(Uzhavar Sandhai ),Banana,Red Banana,Local,20-09-2026,6500,7000,6750
Tamil Nadu,Erode,Thalavadi(Uzhavar Sandhai ),Cauliflower,Ranchi,Local,20-09-2026,3000,3500,3250
Tamil Nadu,Erode,Thalavadi(Uzhavar Sandhai ),Papaya,Papaya,Local,20-09-2026,2000,2400,2200
Tamil Nadu,Erode,Thalavadi(Uzhavar Sandhai ),Ashgourd,Gouard,Local,20-09-2026,1400,1800,1600
Tamil Nadu,Erode,Thalavadi(Uzhavar Sandhai ),Bhindi(Ladies Finger),Bhindi,Local,20-09-2026,2400,2800,2600
Tamil Nadu,Erode,Thalavadi(Uzhavar Sandhai ),Amaranthus,Amaranthus,Local,20-09-2026,3500,4000,3750
Tamil Nadu,Erode,Thalavadi(Uzhavar Sandhai ),Green Chilli,Green Chilly,Local,20-09-2026,4000,4500,4250
Tamil Nadu,Erode,Thalavadi(Uzhavar Sandhai ),Raddish,Raddish,Local,20-09-2026,2400,2800,2600
Tamil Nadu,Erode,Thalavadi(Uzhavar Sandhai ),Mint(Pudina),Mint(Pudina),Local,20-09-2026,4400,4800,4600
Tamil Nadu,Cuddalore,Viruthachalam(Uzhavar Sandhai ),Brinjal,Round,Local,20-09-2026,4000,5000,4500
Tamil Nadu,Cuddalore,Viruthachalam(Uzhavar Sandhai ),Beans,Beans (Whole),Local,20-09-2026,10000,10000,10000
Tamil Nadu,Cuddalore,Viruthachalam(Uzhavar Sandhai ),Cabbage,Cabbage,Local,20-09-2026,4000,4000,4000
Tamil Nadu,Cuddalore,Viruthachalam(Uzhavar Sandhai ),Snakeguard,Snakeguard,Local,20-09-2026,3000,3000,3000
Tamil Nadu,Cuddalore,Viruthachalam(Uzhavar Sandhai ),Raddish,Raddish,Local,20-09-2026,3000,3000,3000
Tamil Nadu,Cuddalore,Viruthachalam(Uzhavar Sandhai ),Drumstick,Drumstick,Local,20-09-2026,2000,2000,2000
Tamil Nadu,Cuddalore,Viruthachalam(Uzhavar Sandhai ),Mango(Raw-Ripe),Mango - Raw-Ripe,Local,20-09-2026,12000,18000,15000
Tamil Nadu,Cuddalore,Viruthachalam(Uzhavar Sandhai ),Onion Green,Onion Green,Local,20-09-2026,9000,9000,9000
Tamil Nadu,Krishnagiri,Krishnagiri(Uzhavar Sandhai ),Groundnut,Big (With Shell),Local,20-09-2026,6000,6500,6250
Tamil Nadu,Krishnagiri,Krishnagiri(Uzhavar Sandhai ),Banana,Red Banana,Local,20-09-2026,7500,8000,7750
Tamil Nadu,Krishnagiri,Krishnagiri(Uzhavar Sandhai ),Onion,Bellary,Local,20-09-2026,5500,6000,5750
Tamil Nadu,Krishnagiri,Krishnagiri(Uzhavar Sandhai ),Water Melon,Water Melon,Local,20-09-2026,1500,2000,1750
Tamil Nadu,Krishnagiri,Krishnagiri(Uzhavar Sandhai ),Pumpkin,Pumpkin,Local,20-09-2026,1500,2000,1750
Tamil Nadu,Krishnagiri,Krishnagiri(Uzhavar Sandhai ),Cowpea(Veg),Cowpea (Veg),Local,20-09-2026,5000,6000,5500
Tamil Nadu,Krishnagiri,Krishnagiri(Uzhavar Sandhai ),Banana - Green,Banana - Green,Local,20-09-2026,2600,3000,2800
Tamil Nadu,Krishnagiri,Krishnagiri(Uzhavar Sandhai ),Beans,Beans (Whole),Local,20-09-2026,7000,7500,7250
Tamil Nadu,Krishnagiri,Krishnagiri(Uzhavar Sandhai ),Knool Khol,Knool Khol,Local,20-09-2026,4500,5000,4750
Tamil Nadu,Krishnagiri,Krishnagiri(Uzhavar Sandhai ),Lemon,Lemon,Local,20-09-2026,22000,24000,23000
Tamil Nadu,Krishnagiri,Krishnagiri(Uzhavar Sandhai ),Sweet Corn ,Sweet Corn ,Local,20-09-2026,2500,3000,2750
Tamil Nadu,Nagapattinam,Nagapattinam(Uzhavar Sandhai ),Onion,Bellary,Local,20-09-2026,3900,5000,4450
Tamil Nadu,Nagapattinam,Nagapattinam(Uzhavar Sandhai ),Green Chilli,Green Chilly,Local,20-09-2026,6600,6600,6600
Tamil Nadu,Nagapattinam,Nagapattinam(Uzhavar Sandhai ),Beans,Beans (Whole),Local,20-09-2026,9800,9800,9800
Tamil Nadu,Nagapattinam,Nagapattinam(Uzhavar Sandhai ),Carrot,Pusakesar,Local,20-09-2026,7300,8800,8050
Tamil Nadu,Pudukkottai,Pudukottai(Uzhavar Sandhai ),Banana,Red Banana,Local,20-09-2026,8000,9000,8500
Tamil Nadu,Pudukkottai,Pudukottai(Uzhavar Sandhai ),Green Peas,Green Peas,Local,20-09-2026,10000,12000,11000
Tamil Nadu,Pudukkottai,Pudukottai(Uzhavar Sandhai ),Tomato,Deshi,Local,20-09-2026,2500,3000,2750
Tamil Nadu,Pudukkottai,Pudukottai(Uzhavar Sandhai ),Pumpkin,Pumpkin,Local,20-09-2026,1000,1500,1250
Tamil Nadu,Pudukkottai,Pudukottai(Uzhavar Sandhai ),Mango(Raw-Ripe),Mango - Raw-Ripe,Local,20-09-2026,9000,10000,9500
Tamil Nadu,Pudukkottai,Pudukottai(Uzhavar Sandhai ),Knool Khol,Knool Khol,Local,20-09-2026,3000,4000,3500
Tamil Nadu,Pudukkottai,Pudukottai(Uzhavar Sandhai ),Lime,Lime,Local,20-09-2026,1500,2000,1750
Tamil Nadu,Pudukkottai,Pudukottai(Uzhavar Sandhai ),Onion Green,Onion Green,Local,20-09-2026,10000,11000,10500
Tamil Nadu,The Nilgiris,Udhagamandalam(Uzhavar Sandhai ),Onion,Bellary,Local,20-09-2026,6500,6800,6650
Tamil Nadu,The Nilgiris,Udhagamandalam(Uzhavar Sandhai ),Bhindi(Ladies Finger),Bhindi,Local,20-09-2026,4000,4400,4200
Tamil Nadu,The Nilgiris,Udhagamandalam(Uzhavar Sandhai ),Elephant Yam(Suran)/Amorphophallus,Elephant Yam (Suran),Local,20-09-2026,3500,4000,3750
Tamil Nadu,The Nilgiris,Udhagamandalam(Uzhavar Sandhai ),Mint(Pudina),Mint(Pudina),Local,20-09-2026,4000,5000,4500
Tamil Nadu,Theni,Bodinayakanur(Uzhavar Sandhai ),Potato,Red Nanital,Local,20-09-2026,3000,3000,3000
Tamil Nadu,Theni,Bodinayakanur(Uzhavar Sandhai ),Cluster beans,Cluster Beans,Local,20-09-2026,3000,3000,3000
Tamil Nadu,Theni,Bodinayakanur(Uzhavar Sandhai ),Bitter gourd,Bitter Gourd,Local,20-09-2026,3800,3800,3800
Tamil Nadu,Theni,Bodinayakanur(Uzhavar Sandhai ),Green Chilli,Green Chilly,Local,20-09-2026,5000,5000,5000
Tamil Nadu,Theni,Bodinayakanur(Uzhavar Sandhai ),Tapioca,Tapioca,Local,20-09-2026,3500,3500,3500
Tamil Nadu,Theni,Bodinayakanur(Uzhavar Sandhai ),Coconut,Coconut,Local,20-09-2026,5800,5800,5800
Tamil Nadu,Theni,Bodinayakanur(Uzhavar Sandhai ),Carrot,Pusakesar,Local,20-09-2026,3400,3400,3400
Tamil Nadu,Theni,Bodinayakanur(Uzhavar Sandhai ),Beetroot,Beetroot,Local,20-09-2026,3600,3600,3600
Tamil Nadu,Theni,Bodinayakanur(Uzhavar Sandhai ),Raddish,Raddish,Local,20-09-2026,2400,2400,2400
Tamil Nadu,Theni,Bodinayakanur(Uzhavar Sandhai ),Drumstick,Drumstick,Local,20-09-2026,4000,4000,4000
Bihar,Sheikhpura,Barbigha APMC,Cucumbar(Kheera),Cucumbar,FAQ,20-09-2026,3900,4025,3960
Tamil Nadu,Villupuram,Gingee(Uzhavar Sandhai ),Papaya,Papaya,Local,20-09-2026,5000,5000,5000
Tamil Nadu,Villupuram,Gingee(Uzhavar Sandhai ),Bhindi(Ladies Finger),Bhindi,Local,20-09-2026,2500,2500,2500
Tamil Nadu,Villupuram,Gingee(Uzhavar Sandhai ),Green Chilli,Green Chilly,Local,20-09-2026,5000,5000,5000
Tamil Nadu,Villupuram,Gingee(Uzhavar Sandhai ),Carrot,Pusakesar,Local,20-09-2026,6000,6000,6000
Tamil Nadu,Villupuram,Gingee(Uzhavar Sandhai ),Raddish,Raddish,Local,20-09-2026,4000,4000,4000
Tamil Nadu,Villupuram,Gingee(Uzhavar Sandhai ),Mango(Raw-Ripe),Mango - Raw-Ripe,Local,20-09-2026,9000,9000,9000
Uttar Pradesh,Bareilly,Bareilly APMC,Capsicum,Other,FAQ,20-09-2026,2000,2000,2000
Tamil Nadu,Thiruvarur,Valangaiman APMC,Bottle gourd,Bottle Gourd,Local,20-09-2026,3000,3000,3000
Tamil Nadu,Thiruvarur,Valangaiman APMC,Ashgourd,Gouard,Local,20-09-2026,2400,2400,2400
Tamil Nadu,Thiruvarur,Valangaiman APMC,Pumpkin,Pumpkin,Local,20-09-2026,2400,2400,2400
Tamil Nadu,Thiruvarur,Valangaiman APMC,Amaranthus,Amaranthus,Local,20-09-2026,2000,2000,2000
Tamil Nadu,Virudhunagar,Kariyapatti(Uzhavar Sandhai ),Brinjal,Round,Local,20-09-2026,3500,4000,3750
Tamil Nadu,Virudhunagar,Kariyapatti(Uzhavar Sandhai ),Onion,Bellary,Local,20-09-2026,6500,7000,6750
Tamil Nadu,Virudhunagar,Kariyapatti(Uzhavar Sandhai ),Chikoos(Sapota),Sapota,Local,20-09-2026,3500,4000,3750
Tamil Nadu,Virudhunagar,Kariyapatti(Uzhavar Sandhai ),Papaya,Papaya,Local,20-09-2026,3000,3500,3250
Tamil Nadu,Virudhunagar,Kariyapatti(Uzhavar Sandhai ),Cluster beans,Cluster Beans,Local,20-09-2026,3000,3500,3250
Tamil Nadu,Virudhunagar,Kariyapatti(Uzhavar Sandhai ),Banana - Green,Banana - Green,Local,20-09-2026,3000,3500,3250
Tamil Nadu,Virudhunagar,Kariyapatti(Uzhavar Sandhai ),Onion Green,Onion Green,Local,20-09-2026,8500,9000,8750
Uttar Pradesh,Bulandshahar,Buland Shahr APMC,Wood,Other,FAQ,20-09-2026,550,550,550
Uttar Pradesh,Bulandshahar,Buland Shahr APMC,Onion,Other,FAQ,20-09-2026,2800,2800,2800
Uttar Pradesh,Aligarh,Charra APMC,Paddy(Common),Basmati,FAQ,20-09-2026,3200,3300,3234.98
Tamil Nadu,Vellore,Katpadi (Uzhavar Sandhai ),Cluster beans,Cluster Beans,Local,20-09-2026,3000,3500,3250
Tamil Nadu,Vellore,Katpadi (Uzhavar Sandhai ),Coconut,Coconut,Local,20-09-2026,3000,3500,3250
Tamil Nadu,Vellore,Katpadi (Uzhavar Sandhai ),Snakeguard,Snakeguard,Local,20-09-2026,3000,3000,3000
Tamil Nadu,Vellore,Katpadi (Uzhavar Sandhai ),Raddish,Raddish,Local,20-09-2026,2500,2500,2500
Tamil Nadu,Vellore,Katpadi (Uzhavar Sandhai ),Thondekai,Thondekai,Local,20-09-2026,3500,3500,3500
Tamil Nadu,Vellore,Katpadi (Uzhavar Sandhai ),Knool Khol,Knool Khol,Local,20-09-2026,3000,3000,3000
Tamil Nadu,Vellore,Katpadi (Uzhavar Sandhai ),Guava,Guava Allahabad,Local,20-09-2026,10000,10000,10000
Tamil Nadu,Vellore,Katpadi (Uzhavar Sandhai ),Elephant Yam(Suran)/Amorphophallus,Elephant Yam (Suran),Local,20-09-2026,5500,5500,5500
Tamil Nadu,Vellore,Katpadi (Uzhavar Sandhai ),Custard Apple(Sharifa),Custard Apple(Sharifa),Local,20-09-2026,5000,5000,5000
Tamil Nadu,Vellore,Katpadi (Uzhavar Sandhai ),Sweet Corn ,Sweet Corn ,Local,20-09-2026,2500,3000,2750
Tamil Nadu,Madurai,Thirumangalam(Uzhavar Sandhai ),Brinjal,Round,Local,20-09-2026,3000,3600,3300
Tamil Nadu,Madurai,Thirumangalam(Uzhavar Sandhai ),Banana,Besrai,Local,20-09-2026,3000,4000,3500
Tamil Nadu,Madurai,Thirumangalam(Uzhavar Sandhai ),Onion,Bellary,Local,20-09-2026,6000,7000,6500
Tamil Nadu,Madurai,Thirumangalam(Uzhavar Sandhai ),Bitter gourd,Bitter Gourd,Local,20-09-2026,5000,5500,5250
Tamil Nadu,Madurai,Thirumangalam(Uzhavar Sandhai ),Pumpkin,Pumpkin,Local,20-09-2026,1500,2000,1750
Tamil Nadu,Madurai,Thirumangalam(Uzhavar Sandhai ),Ridgeguard(Tori),Ridgeguard(Tori),Local,20-09-2026,4000,4500,4250
Tamil Nadu,Madurai,Thirumangalam(Uzhavar Sandhai ),Drumstick,Drumstick,Local,20-09-2026,5000,6000,5500
Tamil Nadu,Madurai,Thirumangalam(Uzhavar Sandhai ),Yam(Ratalu),Yam (Ratalu),Local,20-09-2026,6000,7000,6500
Tamil Nadu,Madurai,Melur(Uzhavar Sandhai ),Groundnut,Big (With Shell),Local,20-09-2026,7000,8000,7500
Tamil Nadu,Madurai,Melur(Uzhavar Sandhai ),Brinjal,Round,Local,20-09-2026,3000,3600,3300
Tamil Nadu,Madurai,Melur(Uzhavar Sandhai ),Papaya,Papaya,Local,20-09-2026,4500,5000,4750
Tamil Nadu,Madurai,Melur(Uzhavar Sandhai ),Bitter gourd,Other,Local,20-09-2026,5000,5500,5250
Tamil Nadu,Madurai,Melur(Uzhavar Sandhai ),Ashgourd,Gouard,Local,20-09-2026,1600,1800,1700
Tamil Nadu,Madurai,Melur(Uzhavar Sandhai ),Pumpkin,Pumpkin,Local,20-09-2026,1600,2000,1800
Tamil Nadu,Madurai,Melur(Uzhavar Sandhai ),Cowpea(Veg),Cowpea (Veg),Local,20-09-2026,3000,4000,3500
Tamil Nadu,Madurai,Melur(Uzhavar Sandhai ),Raddish,Raddish,Local,20-09-2026,2400,2800,2600
Tamil Nadu,Madurai,Melur(Uzhavar Sandhai ),Amla(Nelli Kai),Amla,Local,20-09-2026,8000,9000,8500
Tamil Nadu,Karur,Gandhigramam(Uzhavar Sandhai),Brinjal,Other,Local,20-09-2026,3000,3500,3250
Tamil Nadu,Karur,Gandhigramam(Uzhavar Sandhai),Cauliflower,Ranchi,Local,20-09-2026,4000,4500,4250
Tamil Nadu,Karur,Gandhigramam(Uzhavar Sandhai),Cluster beans,Cluster Beans,Local,20-09-2026,3500,4000,3750
Tamil Nadu,Karur,Gandhigramam(Uzhavar Sandhai),Pumpkin,Pumpkin,Local,20-09-2026,2200,2500,2350
Tamil Nadu,Karur,Gandhigramam(Uzhavar Sandhai),Banana - Green,Banana - Green,Local,20-09-2026,2000,3000,2500
Tamil Nadu,Karur,Gandhigramam(Uzhavar Sandhai),Sweet Potato,Hosur Red,Local,20-09-2026,4500,5000,4750
Karnataka,Bengaluru South,Ramanagara APMC,Brinjal,Round,Local,20-09-2026,1400,2000,1600
Karnataka,Bengaluru South,Ramanagara APMC,Bitter gourd,Bitter Gourd,Local,20-09-2026,3000,4000,3600
Karnataka,Bengaluru South,Ramanagara APMC,Ginger(Green),Green Ginger,Local,20-09-2026,3000,4500,4000
Tamil Nadu,Salem,Vazhapadi(Uzhavar Sandhai),Kakada,Kakada,Local,20-09-2026,25000,25000,25000
Tamil Nadu,Pudukkottai,Aranthangi(Uzhavar Sandhai ),Brinjal,Other,Local,20-09-2026,5000,6000,5500
Tamil Nadu,Pudukkottai,Aranthangi(Uzhavar Sandhai ),Tomato,Other,Local,20-09-2026,2500,3000,2750
Tamil Nadu,Pudukkottai,Aranthangi(Uzhavar Sandhai ),Pumpkin,Pumpkin,Local,20-09-2026,1000,1500,1250
Tamil Nadu,Pudukkottai,Aranthangi(Uzhavar Sandhai ),Green Chilli,Green Chilly,Local,20-09-2026,5000,6000,5500
Tamil Nadu,Pudukkottai,Aranthangi(Uzhavar Sandhai ),Banana - Green,Banana - Green,Local,20-09-2026,2500,3000,2750
Tamil Nadu,Pudukkottai,Aranthangi(Uzhavar Sandhai ),Ridgeguard(Tori),Ridgeguard(Tori),Local,20-09-2026,5000,6000,5500
Tamil Nadu,Nagapattinam,Vedaranyam(Uzhavar Sandhai),Banana,Other,Local,20-09-2026,3500,4000,3750
Tamil Nadu,Nagapattinam,Vedaranyam(Uzhavar Sandhai),Potato,Red Nanital,Local,20-09-2026,3200,3400,3300
Tamil Nadu,Nagapattinam,Vedaranyam(Uzhavar Sandhai),Bitter gourd,Bitter Gourd,Local,20-09-2026,5000,5500,5250
Tamil Nadu,Nagapattinam,Vedaranyam(Uzhavar Sandhai),Amaranthus,Amaranthus,Local,20-09-2026,2000,2200,2100
Tamil Nadu,Nagapattinam,Vedaranyam(Uzhavar Sandhai),Snakeguard,Snakeguard,Local,20-09-2026,3500,4000,3750
Tamil Nadu,Vellore,Perampet(Uzhavar Sandhai),Potato,Red Nanital,Local,20-09-2026,3000,3000,3000
Tamil Nadu,Vellore,Perampet(Uzhavar Sandhai),Coriander(Leaves),I Sort,Local,20-09-2026,5000,5000,5000
Tamil Nadu,Vellore,Perampet(Uzhavar Sandhai),Papaya,Papaya,Local,20-09-2026,3000,3500,3250
Tamil Nadu,Vellore,Perampet(Uzhavar Sandhai),Cluster beans,Cluster Beans,Local,20-09-2026,2500,3000,2750
Tamil Nadu,Vellore,Perampet(Uzhavar Sandhai),Green Chilli,Green Chilly,Local,20-09-2026,5000,6000,5500
Tamil Nadu,Vellore,Perampet(Uzhavar Sandhai),Beans,Beans (Whole),Local,20-09-2026,7000,7600,7300
Tamil Nadu,Vellore,Perampet(Uzhavar Sandhai),Knool Khol,Knool Khol,Local,20-09-2026,4000,4000,4000
Tamil Nadu,Vellore,Perampet(Uzhavar Sandhai),Tender Coconut,Tender Coconut,Local,20-09-2026,2500,2500,2500
Tamil Nadu,Vellore,Perampet(Uzhavar Sandhai),Onion Green,Onion Green,Local,20-09-2026,9000,10000,9500
Madhya Pradesh,Badwani,Sendhwa(F&V) APMC,Tomato,Hybrid,Medium,20-09-2026,1200,1500,1400
Madhya Pradesh,Badwani,Sendhwa(F&V) APMC,Cucumbar(Kheera),Cucumbar,Medium,20-09-2026,500,900,600
Madhya Pradesh,Badwani,Sendhwa(F&V) APMC,Onion,Red,Medium,20-09-2026,1200,1700,1400
Madhya Pradesh,Badwani,Sendhwa(F&V) APMC,Cabbage,Cabbage,Medium,20-09-2026,800,1000,900
Tamil Nadu,Karur,Kulithalai(Uzhavar Sandhai ),Bottle gourd,Bottle Gourd,Local,20-09-2026,1500,2000,1750
Tamil Nadu,Karur,Kulithalai(Uzhavar Sandhai ),Bhindi(Ladies Finger),Bhindi,Local,20-09-2026,3000,3600,3300
Tamil Nadu,Karur,Kulithalai(Uzhavar Sandhai ),Turnip,Turnip,Local,20-09-2026,5000,6000,5500
Tamil Nadu,Karur,Kulithalai(Uzhavar Sandhai ),Amla(Nelli Kai),Amla,Local,20-09-2026,7500,8000,7750
Tamil Nadu,Thirupur,Dharapuram(Uzhavar Sandhai ),Cauliflower,Ranchi,Local,20-09-2026,3000,3500,3250
Tamil Nadu,Thirupur,Dharapuram(Uzhavar Sandhai ),Bottle gourd,Bottle Gourd,Local,20-09-2026,1500,2000,1750
Tamil Nadu,Thirupur,Dharapuram(Uzhavar Sandhai ),Bhindi(Ladies Finger),Bhindi,Local,20-09-2026,4800,5200,5000
Tamil Nadu,Thirupur,Dharapuram(Uzhavar Sandhai ),Green Chilli,Green Chilly,Local,20-09-2026,5500,6000,5750
Tamil Nadu,Thirupur,Dharapuram(Uzhavar Sandhai ),Banana - Green,Banana - Green,Local,20-09-2026,2500,3000,2750
Tamil Nadu,Thirupur,Dharapuram(Uzhavar Sandhai ),Cabbage,Cabbage,Local,20-09-2026,3000,3500,3250
Tamil Nadu,Thirupur,Dharapuram(Uzhavar Sandhai ),Raddish,Raddish,Local,20-09-2026,3000,3500,3250
Tamil Nadu,Thirupur,Palladam(Uzhavar Sandhai ),Cluster beans,Cluster Beans,Local,20-09-2026,2500,3000,2750
Tamil Nadu,Thirupur,Palladam(Uzhavar Sandhai ),Ashgourd,Gouard,Local,20-09-2026,2000,2500,2250
Tamil Nadu,Thirupur,Palladam(Uzhavar Sandhai ),Coconut,Coconut,Local,20-09-2026,5500,5800,5650
Tamil Nadu,Thirupur,Palladam(Uzhavar Sandhai ),Raddish,Raddish,Local,20-09-2026,2500,3000,2750
Tamil Nadu,Thirupur,Palladam(Uzhavar Sandhai ),Thondekai,Thondekai,Local,20-09-2026,3500,4000,3750
Tamil Nadu,Thirupur,Palladam(Uzhavar Sandhai ),Onion Green,Onion Green,Local,20-09-2026,8000,9000,8500
Uttar Pradesh,Fatehpur,Jahanabad APMC,Wheat,Dara Mill Quality,FAQ,20-09-2026,2500,2500,2500
Uttar Pradesh,Raebarelli,Jayas APMC,Rice,Common,FAQ,20-09-2026,2600,2600,2600
Uttar Pradesh,Jalaun (Orai),Jalaun APMC,Wheat,Mill Quality,FAQ,20-09-2026,2540,2540,2540
Uttar Pradesh,Mathura,Kosikalan APMC,Paddy(Common),Common,FAQ,20-09-2026,3650,3650,3650
Tamil Nadu,Kallakuruchi,Kallakurichi(Uzhavar Sandhai ),Garlic,Garlic,Local,20-09-2026,26000,26000,26000
Tamil Nadu,Kallakuruchi,Kallakurichi(Uzhavar Sandhai ),Cauliflower,Ranchi,Local,20-09-2026,3000,3000,3000
Tamil Nadu,Kallakuruchi,Kallakurichi(Uzhavar Sandhai ),Bitter gourd,Bitter Gourd,Local,20-09-2026,6000,6000,6000
Tamil Nadu,Kallakuruchi,Kallakurichi(Uzhavar Sandhai ),Thondekai,Thondekai,Local,20-09-2026,5000,5000,5000
Tamil Nadu,Kallakuruchi,Kallakurichi(Uzhavar Sandhai ),Chow Chow,Chow Chow,Local,20-09-2026,5000,5000,5000
Tamil Nadu,Kallakuruchi,Kallakurichi(Uzhavar Sandhai ),Guava,Guava Allahabad,Local,20-09-2026,6000,6000,6000
Tamil Nadu,Kallakuruchi,Kallakurichi(Uzhavar Sandhai ),Elephant Yam(Suran)/Amorphophallus,Elephant Yam (Suran),Local,20-09-2026,4000,4000,4000
Tamil Nadu,Kallakuruchi,Kallakurichi(Uzhavar Sandhai ),Baby Corn,Baby Corn,Grade A,20-09-2026,3000,3000,3000
Uttar Pradesh,Hamirpur,Kurara APMC,Peas(Dry),Other,FAQ,20-09-2026,3500,3500,3500
Uttar Pradesh,Mathura,Mathura APMC,Ginger(Green),Other,FAQ,20-09-2026,8000,8000,8000
Uttar Pradesh,Mathura,Mathura APMC,Paddy(Common),Common,FAQ,20-09-2026,3401,3601,3506.77
Andhra Pradesh,Kakinada,Pithapuram APMC,Paddy(Common),B P T,FAQ,20-09-2026,2369,2389,2379
Andhra Pradesh,Dr.B.R.A.Konaseema,Razole APMC,Coconut,Medium,FAQ,20-09-2026,17500,18000,17500
Andhra Pradesh,NTR,Tiruvuru APMC,Maize,Hybrid,Local,20-09-2026,2400,2400,2400
Tripura,South Tripura,Kalsi APMC,Green Chilli,Other,FAQ,20-09-2026,12500,12600,12550
Tripura,South Tripura,Kalsi APMC,Tomato,Other,FAQ,20-09-2026,3800,3950,3880
Tamil Nadu,Salem,Athur(Uzhavar Sandhai ),Banana,Red Banana,Local,20-09-2026,7000,7500,7250
Tamil Nadu,Salem,Athur(Uzhavar Sandhai ),Garlic,Garlic,Local,20-09-2026,20000,22000,21000
Tamil Nadu,Salem,Athur(Uzhavar Sandhai ),Papaya,Papaya,Local,20-09-2026,3500,4000,3750
Tamil Nadu,Salem,Athur(Uzhavar Sandhai ),Cluster beans,Cluster Beans,Local,20-09-2026,2500,3000,2750
Tamil Nadu,Salem,Athur(Uzhavar Sandhai ),Bottle gourd,Bottle Gourd,Local,20-09-2026,2200,2500,2350
Tamil Nadu,Salem,Athur(Uzhavar Sandhai ),Cabbage,Cabbage,Local,20-09-2026,2500,3000,2750
Tamil Nadu,Salem,Athur(Uzhavar Sandhai ),Beetroot,Beetroot,Local,20-09-2026,5000,7000,6000
Tamil Nadu,Salem,Athur(Uzhavar Sandhai ),Elephant Yam(Suran)/Amorphophallus,Elephant Yam (Suran),Local,20-09-2026,3000,3500,3250
Tamil Nadu,Salem,Athur(Uzhavar Sandhai ),Rose(Local),Rose (Local),Local,20-09-2026,16000,18000,17000
Tamil Nadu,Salem,Athur(Uzhavar Sandhai ),Tube Rose(Loose),Tube Rose (Loose),Local,20-09-2026,12000,16000,14000
Tamil Nadu,Theni,Periyakulam(Uzhavar Sandhai ),Onion,Bellary,Local,20-09-2026,6300,6500,6400
Tamil Nadu,Theni,Periyakulam(Uzhavar Sandhai ),Potato,Other,Local,20-09-2026,2800,3000,2900
Tamil Nadu,Theni,Periyakulam(Uzhavar Sandhai ),Cluster beans,Cluster Beans,Local,20-09-2026,2800,3000,2900
Tamil Nadu,Theni,Periyakulam(Uzhavar Sandhai ),Bitter gourd,Other,Local,20-09-2026,3600,3800,3700
Tamil Nadu,Theni,Periyakulam(Uzhavar Sandhai ),Pumpkin,Pumpkin,Local,20-09-2026,1600,1800,1700
Tamil Nadu,Theni,Periyakulam(Uzhavar Sandhai ),Green Chilli,Green Chilly,Local,20-09-2026,5400,5800,5600
Tamil Nadu,Theni,Periyakulam(Uzhavar Sandhai ),Beetroot,Beetroot,Local,20-09-2026,3300,3600,3450
Tamil Nadu,Theni,Periyakulam(Uzhavar Sandhai ),Ridgeguard(Tori),Ridgeguard(Tori),Local,20-09-2026,3600,3800,3700
Tamil Nadu,Theni,Periyakulam(Uzhavar Sandhai ),Thondekai,Thondekai,Local,20-09-2026,3300,3500,3400
Tamil Nadu,Theni,Periyakulam(Uzhavar Sandhai ),Green Avare(W),Other,Local,20-09-2026,8500,9000,8750
Tamil Nadu,Theni,Periyakulam(Uzhavar Sandhai ),Drumstick,Drumstick,Local,20-09-2026,4000,4400,4200
Tamil Nadu,Virudhunagar,Srivilliputhur(Uzhavar Sandhai ),Papaya,Papaya,Local,20-09-2026,2500,3000,2750
Tamil Nadu,Virudhunagar,Srivilliputhur(Uzhavar Sandhai ),Banana - Green,Banana - Green,Local,20-09-2026,2500,3000,2750
Uttar Pradesh,Prayagraj,Prayagraj APMC,Ginger(Green),Other,FAQ,20-09-2026,6000,6000,6000
Uttar Pradesh,Prayagraj,Prayagraj APMC,Potato,Other,FAQ,20-09-2026,700,700,700
Uttar Pradesh,Badaun,Shahaswan APMC,Apple,Apple,Medium,20-09-2026,6500,7500,7000
Uttar Pradesh,Hathras,Shadabad APMC,Potato,Other,FAQ,20-09-2026,350,350,350
Uttar Pradesh,Ambedkarnagar,Tanda Akbarpur APMC,Mentha Oil,Other,FAQ,20-09-2026,130000,130000,130000
Odisha,Kalahandi,Mukhiguda APMC,Brinjal,Brinjal,Grade B,20-09-2026,2500,3500,3000
Odisha,Kalahandi,Mukhiguda APMC,Bitter gourd,Bitter Gourd,Grade B,20-09-2026,4000,4600,4300
Odisha,Kalahandi,Mukhiguda APMC,Ridgeguard(Tori),Other,Grade B,20-09-2026,3000,3300,3150
Tamil Nadu,Coimbatore,Vadavalli(Uzhavar Sandhai ),Banana,Red Banana,Local,20-09-2026,8000,8600,8300
Tamil Nadu,Coimbatore,Vadavalli(Uzhavar Sandhai ),Grapes,Annabesahai,Local,20-09-2026,10000,11000,10500
Tamil Nadu,Coimbatore,Vadavalli(Uzhavar Sandhai ),Cauliflower,Ranchi,Local,20-09-2026,4000,4600,4300
Tamil Nadu,Coimbatore,Vadavalli(Uzhavar Sandhai ),Tomato,Local,Local,20-09-2026,2600,2900,2750
Tamil Nadu,Coimbatore,Vadavalli(Uzhavar Sandhai ),Bitter gourd,Other,Local,20-09-2026,4400,5000,4700
Tamil Nadu,Coimbatore,Vadavalli(Uzhavar Sandhai ),Pumpkin,Pumpkin,Local,20-09-2026,1600,1800,1700
Tamil Nadu,Coimbatore,Vadavalli(Uzhavar Sandhai ),Beetroot,Beetroot,Local,20-09-2026,5000,5500,5250
Tamil Nadu,Coimbatore,Vadavalli(Uzhavar Sandhai ),Green Avare(W),Other,Local,20-09-2026,6000,6500,6250
Tamil Nadu,Coimbatore,Vadavalli(Uzhavar Sandhai ),Chow Chow,Chow Chow,Local,20-09-2026,2800,3200,3000
Tamil Nadu,Coimbatore,Vadavalli(Uzhavar Sandhai ),Pomegranate,Pomogranate,Local,20-09-2026,10000,16500,13250
West Bengal,Darjeeling,Karsiyang(Matigara) APMC,Onion,Nasik,FAQ,20-09-2026,5900,6100,6000
Tripura,South Tripura,Barpathari APMC,"Spiny Gourd / Kartali(Kantola)
",Kartali (Kantola),Local,20-09-2026,5900,6100,6000
Tamil Nadu,Coimbatore,Udumalpet APMC,Brinjal,Other,Local,20-09-2026,4000,4500,4250
Tamil Nadu,Coimbatore,Udumalpet APMC,Papaya,Papaya,Local,20-09-2026,3000,3500,3250
Tamil Nadu,Coimbatore,Udumalpet APMC,Tomato,Deshi,Local,20-09-2026,1500,2400,1950
Tamil Nadu,Coimbatore,Udumalpet APMC,Bitter gourd,Bitter Gourd,Local,20-09-2026,5500,6500,6000
Tamil Nadu,Coimbatore,Udumalpet APMC,Bottle gourd,Bottle Gourd,Local,20-09-2026,1500,2200,1850
Tamil Nadu,Coimbatore,Udumalpet APMC,Ashgourd,Gouard,Local,20-09-2026,1500,2000,1750
Tamil Nadu,Coimbatore,Udumalpet APMC,Cowpea(Veg),Cowpea (Veg),Local,20-09-2026,3500,4000,3750
Tamil Nadu,Coimbatore,Udumalpet APMC,Beans,Beans (Whole),Local,20-09-2026,8000,9000,8500
Tamil Nadu,Coimbatore,Udumalpet APMC,Elephant Yam(Suran)/Amorphophallus,Elephant Yam (Suran),Local,20-09-2026,6000,7000,6500
West Bengal,Darjeeling,Siliguri APMC,Tomato,Tomato,FAQ,20-09-2026,2600,2800,2700
West Bengal,Darjeeling,Siliguri APMC,Rice,Fine(Basmati),FAQ,20-09-2026,5100,5300,5200
West Bengal,Darjeeling,Siliguri APMC,Potato,Jyoti,FAQ,20-09-2026,600,630,620
Tamil Nadu,Erode,Gobichettipalayam(Uzhavar Sandhai ),Brinjal,Round,Local,20-09-2026,4000,4200,4100
Tamil Nadu,Erode,Gobichettipalayam(Uzhavar Sandhai ),Papaya,Papaya,Local,20-09-2026,3000,3400,3200
Tamil Nadu,Erode,Gobichettipalayam(Uzhavar Sandhai ),Mousambi(Sweet Lime),Mousambi,Local,20-09-2026,3600,4000,3800
Tamil Nadu,Erode,Gobichettipalayam(Uzhavar Sandhai ),Ashgourd,Gouard,Local,20-09-2026,2500,3000,2750
Tamil Nadu,Erode,Gobichettipalayam(Uzhavar Sandhai ),Pumpkin,Pumpkin,Local,20-09-2026,3000,3500,3250
Tamil Nadu,Erode,Gobichettipalayam(Uzhavar Sandhai ),Green Chilli,Green Chilly,Local,20-09-2026,5400,5600,5500
Tamil Nadu,Erode,Gobichettipalayam(Uzhavar Sandhai ),Beans,Beans (Whole),Local,20-09-2026,7400,7600,7500
Tamil Nadu,Erode,Gobichettipalayam(Uzhavar Sandhai ),Snakeguard,Snakeguard,Local,20-09-2026,4200,4500,4350
Punjab,Tarntaran,Bhikhiwind APMC,Bitter gourd,Bitter Gourd,Local,20-09-2026,1000,1000,1000
Punjab,Tarntaran,Bhikhiwind APMC,Brinjal,Brinjal,Local,20-09-2026,900,900,900
Tamil Nadu,Erode,Sampath Nagar(Uzhavar Sandhai ),Groundnut,Big (With Shell),Local,20-09-2026,5500,6000,5750
Tamil Nadu,Erode,Sampath Nagar(Uzhavar Sandhai ),Banana,Besrai,Local,20-09-2026,2500,2800,2650
Tamil Nadu,Erode,Sampath Nagar(Uzhavar Sandhai ),Bitter gourd,Other,Local,20-09-2026,4000,4400,4200
Tamil Nadu,Erode,Sampath Nagar(Uzhavar Sandhai ),Amaranthus,Amaranthus,Local,20-09-2026,3500,4000,3750
Tamil Nadu,Erode,Sampath Nagar(Uzhavar Sandhai ),Beans,Beans (Whole),Local,20-09-2026,7500,7800,7650
Tamil Nadu,Erode,Sampath Nagar(Uzhavar Sandhai ),Coconut,Coconut,Local,20-09-2026,5000,5400,5200
Tamil Nadu,Erode,Sampath Nagar(Uzhavar Sandhai ),Cabbage,Cabbage,Local,20-09-2026,2000,2200,2100
Tamil Nadu,Erode,Sampath Nagar(Uzhavar Sandhai ),Drumstick,Drumstick,Local,20-09-2026,3600,4000,3800
Tamil Nadu,Erode,Sampath Nagar(Uzhavar Sandhai ),Mango(Raw-Ripe),Mango - Raw-Ripe,Local,20-09-2026,7000,8000,7500
Tamil Nadu,Erode,Sampath Nagar(Uzhavar Sandhai ),Kakada,Kakada,Local,20-09-2026,27000,28000,27500
Tripura,Khowai,Kalyanpur APMC,Ridgeguard(Tori),Ridgeguard(Tori),FAQ,20-09-2026,4000,4200,4100
Tripura,Khowai,Kalyanpur APMC,Potato,Jalander,FAQ,20-09-2026,1750,1900,1800
Tamil Nadu,Pudukkottai,Ponnamaravathi(Uzhavar Sandhai),Bitter gourd,Other,Local,20-09-2026,6000,7000,6500
Tamil Nadu,Pudukkottai,Ponnamaravathi(Uzhavar Sandhai),Green Chilli,Green Chilly,Local,20-09-2026,5000,6000,5500
Tamil Nadu,Pudukkottai,Ponnamaravathi(Uzhavar Sandhai),Ridgeguard(Tori),Ridgeguard(Tori),Local,20-09-2026,5000,6000,5500
Tamil Nadu,Pudukkottai,Ponnamaravathi(Uzhavar Sandhai),Onion Green,Onion Green,Local,20-09-2026,9000,10000,9500
Tamil Nadu,Nagapattinam,Mayiladuthurai(Uzhavar Sandhai ),Cauliflower,Ranchi,Local,20-09-2026,4500,5000,4750
Tamil Nadu,Nagapattinam,Mayiladuthurai(Uzhavar Sandhai ),Coriander(Leaves),I Sort,Local,20-09-2026,3600,4000,3800
Tamil Nadu,Nagapattinam,Mayiladuthurai(Uzhavar Sandhai ),Tomato,Deshi,Local,20-09-2026,2500,3000,2750
Tamil Nadu,Nagapattinam,Mayiladuthurai(Uzhavar Sandhai ),Cluster beans,Cluster Beans,Local,20-09-2026,4500,5000,4750
Tamil Nadu,Pudukkottai,Viralimalai(Uzhavar Sandhai ),Brinjal,Other,Local,20-09-2026,5500,6000,5750
Tamil Nadu,Pudukkottai,Viralimalai(Uzhavar Sandhai ),Papaya,Papaya,Local,20-09-2026,2500,3000,2750
Tamil Nadu,Pudukkottai,Viralimalai(Uzhavar Sandhai ),Tomato,Deshi,Local,20-09-2026,2500,3000,2750
Tamil Nadu,Pudukkottai,Viralimalai(Uzhavar Sandhai ),Ashgourd,Gouard,Local,20-09-2026,2000,2500,2250
Tamil Nadu,Pudukkottai,Viralimalai(Uzhavar Sandhai ),Banana - Green,Banana - Green,Local,20-09-2026,2500,3000,2750
Tamil Nadu,Pudukkottai,Viralimalai(Uzhavar Sandhai ),Snakeguard,Snakeguard,Local,20-09-2026,2500,3000,2750
Tamil Nadu,Pudukkottai,Viralimalai(Uzhavar Sandhai ),Ridgeguard(Tori),Ridgeguard(Tori),Local,20-09-2026,4500,5000,4750
Tamil Nadu,Pudukkottai,Viralimalai(Uzhavar Sandhai ),Drumstick,Drumstick,Local,20-09-2026,4500,5000,4750
Tamil Nadu,Pudukkottai,Viralimalai(Uzhavar Sandhai ),Onion Green,Onion Green,Local,20-09-2026,8500,9000,8750
Tamil Nadu,Ramanathapuram,Kamuthi(Uzhavar Sandhai ),Brinjal,Round,Local,20-09-2026,5000,5500,5250
Tamil Nadu,Ramanathapuram,Kamuthi(Uzhavar Sandhai ),Coriander(Leaves),I Sort,Local,20-09-2026,7000,7500,7250
Tamil Nadu,Ramanathapuram,Kamuthi(Uzhavar Sandhai ),Tomato,Deshi,Local,20-09-2026,3000,3500,3250
Tamil Nadu,Ramanathapuram,Paramakudi(Uzhavar Sandhai ),Soyabean,Local,Local,20-09-2026,9000,10000,9500
Tamil Nadu,Ramanathapuram,Paramakudi(Uzhavar Sandhai ),Banana,Besrai,Local,20-09-2026,4500,5000,4750
Tamil Nadu,Ramanathapuram,Paramakudi(Uzhavar Sandhai ),Cauliflower,Ranchi,Local,20-09-2026,5000,5500,5250
Tamil Nadu,Ramanathapuram,Paramakudi(Uzhavar Sandhai ),Coriander(Leaves),I Sort,Local,20-09-2026,5500,6000,5750
Tamil Nadu,Ramanathapuram,Paramakudi(Uzhavar Sandhai ),Bhindi(Ladies Finger),Bhindi,Local,20-09-2026,5000,5500,5250
Tamil Nadu,Ramanathapuram,Paramakudi(Uzhavar Sandhai ),Tube Flower,Tube Flower,Local,20-09-2026,70000,80000,75000
Tamil Nadu,Ramanathapuram,Paramakudi(Uzhavar Sandhai ),Elephant Yam(Suran)/Amorphophallus,Elephant Yam (Suran),Local,20-09-2026,6500,7000,6750
Tamil Nadu,Pudukkottai,Alangudi(Uzhavar Sandhai ),Brinjal,Round,Local,20-09-2026,6000,7000,6500
Tamil Nadu,Pudukkottai,Alangudi(Uzhavar Sandhai ),Banana,Poovan,Local,20-09-2026,4500,5000,4750
Tamil Nadu,Pudukkottai,Alangudi(Uzhavar Sandhai ),Tomato,Other,Local,20-09-2026,2500,3000,2750
Tamil Nadu,Pudukkottai,Alangudi(Uzhavar Sandhai ),Coconut,Coconut,Local,20-09-2026,3500,4000,3750
Tamil Nadu,Thiruvannamalai,Arani(Uzhavar Sandhai ),Banana,Other,Local,20-09-2026,5000,6000,5500
Tamil Nadu,Thiruvannamalai,Arani(Uzhavar Sandhai ),Coriander(Leaves),I Sort,Local,20-09-2026,4000,5000,4500
Tamil Nadu,Thiruvannamalai,Arani(Uzhavar Sandhai ),Tomato,Deshi,Local,20-09-2026,2500,3000,2750
Tamil Nadu,Thiruvannamalai,Arani(Uzhavar Sandhai ),Bitter gourd,Bitter Gourd,Local,20-09-2026,4000,4800,4400
Tamil Nadu,Thiruvannamalai,Arani(Uzhavar Sandhai ),Beetroot,Beetroot,Local,20-09-2026,3500,4200,3850
Tamil Nadu,Thiruvannamalai,Arani(Uzhavar Sandhai ),Thondekai,Thondekai,Local,20-09-2026,3000,3600,3300
Tamil Nadu,Thiruvannamalai,Polur(Uzhavar Sandhai ),Groundnut,Big (With Shell),Local,20-09-2026,5000,6000,5500
Tamil Nadu,Thiruvannamalai,Polur(Uzhavar Sandhai ),Bhindi(Ladies Finger),Bhindi,Local,20-09-2026,3300,4000,3650
Tamil Nadu,Thiruvannamalai,Polur(Uzhavar Sandhai ),Sweet Potato,Hosur Red,Local,20-09-2026,3300,4000,3650
Tamil Nadu,Thiruvannamalai,Polur(Uzhavar Sandhai ),Beetroot,Beetroot,Local,20-09-2026,4000,4800,4400
Tamil Nadu,Thiruvannamalai,Polur(Uzhavar Sandhai ),Drumstick,Drumstick,Local,20-09-2026,4000,4800,4400
Tamil Nadu,Thiruvannamalai,Polur(Uzhavar Sandhai ),Rose(Local),Rose (Local),Local,20-09-2026,16000,20000,18000
Tamil Nadu,Thiruvannamalai,Tiruvannamalai(Uzhavar Sandhai ),Brinjal,Round,Local,20-09-2026,6400,7200,6800
Tamil Nadu,Thiruvannamalai,Tiruvannamalai(Uzhavar Sandhai ),Orange,Darjeeling,Local,20-09-2026,16000,18000,17000
Tamil Nadu,Thiruvannamalai,Tiruvannamalai(Uzhavar Sandhai ),Bitter gourd,Bitter Gourd,Local,20-09-2026,3600,4000,3800
Tamil Nadu,Thiruvannamalai,Tiruvannamalai(Uzhavar Sandhai ),Pumpkin,Pumpkin,Local,20-09-2026,2000,2500,2250
Tamil Nadu,Thiruvannamalai,Tiruvannamalai(Uzhavar Sandhai ),Thondekai,Thondekai,Local,20-09-2026,3000,3600,3300
Tamil Nadu,Thiruvannamalai,Tiruvannamalai(Uzhavar Sandhai ),Green Avare(W),Green Avare (W),Local,20-09-2026,5000,6000,5500
Tamil Nadu,Thiruvannamalai,Tiruvannamalai(Uzhavar Sandhai ),Drumstick,Drumstick,Local,20-09-2026,5000,6000,5500
Tamil Nadu,Thiruvannamalai,Tiruvannamalai(Uzhavar Sandhai ),Knool Khol,Knool Khol,Local,20-09-2026,4000,4800,4400
Tamil Nadu,Thiruvannamalai,Tiruvannamalai(Uzhavar Sandhai ),Colacasia,Colacasia,Local,20-09-2026,3500,4000,3750
Tamil Nadu,Thiruvannamalai,Tiruvannamalai(Uzhavar Sandhai ),Sweet Corn ,Sweet Corn ,Local,20-09-2026,3500,4000,3750
Tamil Nadu,Thiruvarur,Mannargudi I(Uzhavar Sandhai ),Brinjal,Round,Local,20-09-2026,3800,3800,3800
Tamil Nadu,Thiruvarur,Mannargudi I(Uzhavar Sandhai ),Green Chilli,Green Chilly,Local,20-09-2026,4800,4800,4800
Tamil Nadu,Thiruvarur,Mannargudi I(Uzhavar Sandhai ),Beans,Beans (Whole),Local,20-09-2026,7000,7000,7000
Tamil Nadu,Thiruvarur,Mannargudi I(Uzhavar Sandhai ),Chow Chow,Chow Chow,Local,20-09-2026,4000,4000,4000
Tamil Nadu,Thiruvarur,Mannargudi I(Uzhavar Sandhai ),Drumstick,Drumstick,Local,20-09-2026,4400,4400,4400
Tamil Nadu,Tuticorin,Kovilpatti(Uzhavar Sandhai ),Brinjal,Other,Local,20-09-2026,3000,3500,3250
Tamil Nadu,Tuticorin,Kovilpatti(Uzhavar Sandhai ),Potato,Other,Local,20-09-2026,3500,4000,3750
Tamil Nadu,Tuticorin,Kovilpatti(Uzhavar Sandhai ),Banana - Green,Banana - Green,Local,20-09-2026,3500,4000,3750
Tamil Nadu,Tuticorin,Kovilpatti(Uzhavar Sandhai ),Beans,Beans (Whole),Local,20-09-2026,9000,9500,9250
Tamil Nadu,Tuticorin,Kovilpatti(Uzhavar Sandhai ),Beetroot,Beetroot,Local,20-09-2026,5500,6000,5750
Tamil Nadu,Tuticorin,Kovilpatti(Uzhavar Sandhai ),Ridgeguard(Tori),Ridgeguard(Tori),Local,20-09-2026,5500,6000,5750
Tamil Nadu,Tuticorin,Kovilpatti(Uzhavar Sandhai ),Thondekai,Thondekai,Local,20-09-2026,5000,5500,5250
Tamil Nadu,Tuticorin,Kovilpatti(Uzhavar Sandhai ),Capsicum,Capsicum,Local,20-09-2026,5500,6000,5750
Tamil Nadu,Tuticorin,Kovilpatti(Uzhavar Sandhai ),Green Avare(W),Other,Local,20-09-2026,9500,10000,9750
Tamil Nadu,Tuticorin,Kovilpatti(Uzhavar Sandhai ),Yam(Ratalu),Yam (Ratalu),Local,20-09-2026,5500,6000,5750
Tamil Nadu,Tuticorin,Kovilpatti(Uzhavar Sandhai ),Mint(Pudina),Mint(Pudina),Local,20-09-2026,7000,7500,7250
Tamil Nadu,Vellore,Gudiyatham(Uzhavar Sandhai ),Bitter gourd,Bitter Gourd,Local,20-09-2026,4500,4500,4500
Tamil Nadu,Vellore,Gudiyatham(Uzhavar Sandhai ),Pumpkin,Pumpkin,Local,20-09-2026,2400,2400,2400
Tamil Nadu,Vellore,Gudiyatham(Uzhavar Sandhai ),Green Chilli,Green Chilly,Local,20-09-2026,6600,6600,6600
Tamil Nadu,Vellore,Gudiyatham(Uzhavar Sandhai ),Cowpea(Veg),Cowpea (Veg),Local,20-09-2026,5600,5600,5600
Tamil Nadu,Vellore,Gudiyatham(Uzhavar Sandhai ),Sweet Potato,Hosur Red,Local,20-09-2026,3600,3600,3600
Tamil Nadu,Vellore,Gudiyatham(Uzhavar Sandhai ),Cabbage,Cabbage,Local,20-09-2026,3000,3000,3000
Tamil Nadu,Vellore,Gudiyatham(Uzhavar Sandhai ),Raddish,Raddish,Local,20-09-2026,3000,3000,3000
Tamil Nadu,Vellore,Gudiyatham(Uzhavar Sandhai ),Green Avare(W),Green Avare (W),Local,20-09-2026,6600,6600,6600
Tamil Nadu,Vellore,Kahithapattarai(Uzhavar Sandhai ),Potato,Other,Local,20-09-2026,2500,2500,2500
Tamil Nadu,Vellore,Kahithapattarai(Uzhavar Sandhai ),Banana - Green,Banana - Green,Local,20-09-2026,6000,6000,6000
Tamil Nadu,Vellore,Kahithapattarai(Uzhavar Sandhai ),Cabbage,Cabbage,Local,20-09-2026,2500,2500,2500
Tamil Nadu,Vellore,Kahithapattarai(Uzhavar Sandhai ),Green Avare(W),Other,Local,20-09-2026,5600,5600,5600
Tamil Nadu,Vellore,Kahithapattarai(Uzhavar Sandhai ),Marigold(Calcutta),Marigold(Calcutta),Local,20-09-2026,16000,16000,16000
Tamil Nadu,Vellore,Kahithapattarai(Uzhavar Sandhai ),Mint(Pudina),Mint(Pudina),Local,20-09-2026,4500,4500,4500
Tamil Nadu,Vellore,Kahithapattarai(Uzhavar Sandhai ),Rose(Local),Rose (Local),Local,20-09-2026,15000,17000,16000
Tamil Nadu,Thiruvannamalai,Cheyyar(Uzhavar Sandhai ),Brinjal,Other,Local,20-09-2026,4000,4800,4400
Tamil Nadu,Thiruvannamalai,Cheyyar(Uzhavar Sandhai ),Coriander(Leaves),I Sort,Local,20-09-2026,4000,5000,4500
Tamil Nadu,Thiruvannamalai,Cheyyar(Uzhavar Sandhai ),Coconut,Coconut,Local,20-09-2026,3700,4500,4100
Tamil Nadu,Thiruvannamalai,Cheyyar(Uzhavar Sandhai ),Colacasia,Colacasia,Local,20-09-2026,3500,4200,3850
Tamil Nadu,Thiruvannamalai,Cheyyar(Uzhavar Sandhai ),Onion Green,Onion Green,Local,20-09-2026,4800,6000,5400
Andhra Pradesh,Dr.B.R.A.Konaseema,Ramachandrapuram APMC,Paddy(Common),Paddy,FAQ,20-09-2026,2441,2450,2441
Andhra Pradesh,Markapuram,Markapur APMC,Cotton,Desi,FAQ,20-09-2026,8000,8000,8000
Andhra Pradesh,Dr.B.R.A.Konaseema,Mummidivaram APMC,Fish,Katla (Small),FAQ,20-09-2026,9900,10000,9900
Tamil Nadu,Ariyalur,Ariyalur(Uzhavar Sandhai),Potato,Red Nanital,Local,20-09-2026,3500,4000,3750
Tamil Nadu,Ariyalur,Ariyalur(Uzhavar Sandhai),Bottle gourd,Bottle Gourd,Local,20-09-2026,2000,2500,2250
Tamil Nadu,Ariyalur,Ariyalur(Uzhavar Sandhai),Bhindi(Ladies Finger),Bhindi,Local,20-09-2026,3500,4000,3750
Tamil Nadu,Ariyalur,Ariyalur(Uzhavar Sandhai),Raddish,Raddish,Local,20-09-2026,3000,3500,3250
Punjab,Gurdaspur,Dhariwal APMC,Bhindi(Ladies Finger),Bhindi,Grade A,20-09-2026,870,870,870
Odisha,Mayurbhanja,Betnoti APMC,Brinjal,Brinjal,FAQ,20-09-2026,4800,5200,5000
Odisha,Mayurbhanja,Betnoti APMC,Papaya(Raw),Other,FAQ,20-09-2026,1800,2200,2000
Tamil Nadu,Coimbatore,Sundarapuram(Uzhavar Sandhai ),Onion,Bellary,Local,20-09-2026,6000,6400,6200
Tamil Nadu,Coimbatore,Sundarapuram(Uzhavar Sandhai ),Garlic,Garlic,Local,20-09-2026,23000,24000,23500
Tamil Nadu,Coimbatore,Sundarapuram(Uzhavar Sandhai ),Cowpea(Veg),Cowpea (Veg),Local,20-09-2026,3500,4000,3750
Tamil Nadu,Coimbatore,Sundarapuram(Uzhavar Sandhai ),Coconut,Coconut,Local,20-09-2026,5500,5800,5650
Tamil Nadu,Coimbatore,Sundarapuram(Uzhavar Sandhai ),Sweet Potato,Hosur Red,Local,20-09-2026,5500,6000,5750
Tamil Nadu,Coimbatore,Sundarapuram(Uzhavar Sandhai ),Amla(Nelli Kai),Amla,Local,20-09-2026,11000,12000,11500
Tamil Nadu,Coimbatore,Sundarapuram(Uzhavar Sandhai ),Onion Green,Onion Green,Local,20-09-2026,8500,9000,8750
Haryana,Gurgaon,Gurgaon APMC,Bhindi(Ladies Finger),Other,Grade A,20-09-2026,1500,2500,2000
Haryana,Gurgaon,Gurgaon APMC,Pomegranate,Other,Grade B,20-09-2026,5000,7000,6000
Haryana,Gurgaon,Gurgaon APMC,Brinjal,Brinjal,Grade B,20-09-2026,1000,1500,1250
Andhra Pradesh,Kakinada,Prattipadu APMC,Paddy(Common),1001,FAQ,20-09-2026,2369,2389,2379
Punjab,Amritsar,Rayya(Sathiala) APMC,Paddy(Basmati),Basmati 1509,FAQ,20-09-2026,3750,3750,3750
Tamil Nadu,Erode,Sathiyamagalam(Uzhavar Sandhai ),Potato,Other,Local,20-09-2026,3500,4000,3750
Tamil Nadu,Erode,Sathiyamagalam(Uzhavar Sandhai ),Guava,Guava Allahabad,Local,20-09-2026,5500,6000,5750
Tamil Nadu,Coimbatore,Mettupalayam(Uzhavar Sandhai ),Brinjal,Round,Local,20-09-2026,2400,2800,2600
Tamil Nadu,Coimbatore,Mettupalayam(Uzhavar Sandhai ),Onion,Bellary,Local,20-09-2026,5800,6400,6100
Tamil Nadu,Coimbatore,Mettupalayam(Uzhavar Sandhai ),Coriander(Leaves),I Sort,Local,20-09-2026,5500,6000,5750
Tamil Nadu,Coimbatore,Mettupalayam(Uzhavar Sandhai ),Green Peas,Green Peas,Local,20-09-2026,14000,16000,15000
Tamil Nadu,Coimbatore,Mettupalayam(Uzhavar Sandhai ),Pumpkin,Pumpkin,Local,20-09-2026,1500,1800,1650
Tamil Nadu,Coimbatore,Mettupalayam(Uzhavar Sandhai ),Amaranthus,Amaranthus,Local,20-09-2026,3000,4000,3500
Tamil Nadu,Coimbatore,Mettupalayam(Uzhavar Sandhai ),Beans,Beans (Whole),Local,20-09-2026,6000,7000,6500
Tamil Nadu,Coimbatore,Mettupalayam(Uzhavar Sandhai ),Carrot,Pusakesar,Local,20-09-2026,4500,5000,4750
Tamil Nadu,Coimbatore,Mettupalayam(Uzhavar Sandhai ),Snakeguard,Snakeguard,Local,20-09-2026,3000,3500,3250
Tamil Nadu,Coimbatore,Mettupalayam(Uzhavar Sandhai ),Thondekai,Thondekai,Local,20-09-2026,3500,3800,3650
Tamil Nadu,Coimbatore,Mettupalayam(Uzhavar Sandhai ),Capsicum,Capsicum,Local,20-09-2026,5000,6000,5500
Tamil Nadu,Coimbatore,Mettupalayam(Uzhavar Sandhai ),Pomegranate,Pomogranate,Local,20-09-2026,12000,15000,13500
Uttar Pradesh,Sant Kabir Nagar,Khalilabad APMC,Wheat,Dara,FAQ,20-09-2026,2530,2530,2530
Tamil Nadu,Namakkal,Tiruchengode APMC,Onion,Bellary,Local,20-09-2026,5800,6500,6150
Tamil Nadu,Namakkal,Tiruchengode APMC,Coriander(Leaves),I Sort,Local,20-09-2026,11500,13000,12250
Tamil Nadu,Namakkal,Tiruchengode APMC,Chikoos(Sapota),Sapota,Local,20-09-2026,4000,4500,4250
Tamil Nadu,Namakkal,Tiruchengode APMC,Bottle gourd,Bottle Gourd,Local,20-09-2026,1800,2000,1900
Tamil Nadu,Namakkal,Tiruchengode APMC,Bhindi(Ladies Finger),Bhindi,Local,20-09-2026,3000,3500,3250
Tamil Nadu,Namakkal,Tiruchengode APMC,Sweet Potato,Hosur Red,Local,20-09-2026,5400,6000,5700
Tamil Nadu,Namakkal,Tiruchengode APMC,Carrot,Pusakesar,Local,20-09-2026,5400,6000,5700
Tamil Nadu,Namakkal,Tiruchengode APMC,Snakeguard,Snakeguard,Local,20-09-2026,4500,5000,4750
Tamil Nadu,Namakkal,Tiruchengode APMC,Ridgeguard(Tori),Ridgeguard(Tori),Local,20-09-2026,5400,6000,5700
Tamil Nadu,Namakkal,Tiruchengode APMC,Thondekai,Thondekai,Local,20-09-2026,6200,7000,6600
Tamil Nadu,Namakkal,Tiruchengode APMC,Green Avare(W),Other,Local,20-09-2026,6200,7000,6600
Tamil Nadu,Namakkal,Tiruchengode APMC,Onion Green,Onion Green,Local,20-09-2026,7000,8000,7500
Tamil Nadu,Namakkal,Tiruchengode APMC,Sweet Corn ,Sweet Corn ,Local,20-09-2026,4800,5500,5150
Telangana,Siddipet,Vantamamidi APMC,Green Chilli,Green Chilly,Local,20-09-2026,1500,1500,1500
Telangana,Siddipet,Vantamamidi APMC,Field Pea,Field Pea,Local,20-09-2026,2200,2200,2200
Telangana,Siddipet,Vantamamidi APMC,Ridgeguard(Tori),Ridgeguard(Tori),Local,20-09-2026,1400,2000,1700
Tamil Nadu,Coimbatore,RSPuram(Uzhavar Sandhai ),Cluster beans,Cluster Beans,Local,20-09-2026,3400,3800,3600
Tamil Nadu,Coimbatore,RSPuram(Uzhavar Sandhai ),Bitter gourd,Other,Local,20-09-2026,4000,4800,4400
Tamil Nadu,Coimbatore,RSPuram(Uzhavar Sandhai ),Ashgourd,Gouard,Local,20-09-2026,1600,1800,1700
Tamil Nadu,Coimbatore,RSPuram(Uzhavar Sandhai ),Green Chilli,Green Chilly,Local,20-09-2026,4600,5200,4900
Tamil Nadu,Coimbatore,RSPuram(Uzhavar Sandhai ),Banana - Green,Banana - Green,Local,20-09-2026,3500,4200,3850
Tamil Nadu,Coimbatore,RSPuram(Uzhavar Sandhai ),Tapioca,Tapioca,Local,20-09-2026,3000,3500,3250
Tamil Nadu,Coimbatore,RSPuram(Uzhavar Sandhai ),Ginger(Green),Green Ginger,Local,20-09-2026,14800,15800,15300
Tamil Nadu,Coimbatore,RSPuram(Uzhavar Sandhai ),Ridgeguard(Tori),Ridgeguard(Tori),Local,20-09-2026,3800,4200,4000
Tamil Nadu,Coimbatore,RSPuram(Uzhavar Sandhai ),Green Avare(W),Other,Local,20-09-2026,6000,6500,6250
Tamil Nadu,Coimbatore,RSPuram(Uzhavar Sandhai ),Yam(Ratalu),Yam (Ratalu),Local,20-09-2026,7500,8000,7750
Tamil Nadu,Coimbatore,RSPuram(Uzhavar Sandhai ),Custard Apple(Sharifa),Custard Apple(Sharifa),Local,20-09-2026,5000,6000,5500
Tamil Nadu,Coimbatore,RSPuram(Uzhavar Sandhai ),Onion Green,Onion Green,Local,20-09-2026,8400,9000,8700
Tamil Nadu,Coimbatore,RSPuram(Uzhavar Sandhai ),Sweet Corn ,Sweet Corn ,Local,20-09-2026,3500,4000,3750
Tamil Nadu,Coimbatore,Singanallur(Uzhavar Sandhai ),Brinjal,Round,Local,20-09-2026,3600,5000,4300
Tamil Nadu,Coimbatore,Singanallur(Uzhavar Sandhai ),Apple,American,Local,20-09-2026,20000,28000,24000
Tamil Nadu,Coimbatore,Singanallur(Uzhavar Sandhai ),Grapes,Annabesahai,Local,20-09-2026,10000,11000,10500
Tamil Nadu,Coimbatore,Singanallur(Uzhavar Sandhai ),Coriander(Leaves),I Sort,Local,20-09-2026,4400,5000,4700
Tamil Nadu,Coimbatore,Singanallur(Uzhavar Sandhai ),Green Peas,Green Peas,Local,20-09-2026,20000,21000,20500
Tamil Nadu,Coimbatore,Singanallur(Uzhavar Sandhai ),Papaya,Papaya,Local,20-09-2026,4600,5400,5000
Tamil Nadu,Coimbatore,Singanallur(Uzhavar Sandhai ),Bottle gourd,Bottle Gourd,Local,20-09-2026,2800,3200,3000
Tamil Nadu,Coimbatore,Singanallur(Uzhavar Sandhai ),Ashgourd,Gouard,Local,20-09-2026,1800,2000,1900
Tamil Nadu,Coimbatore,Singanallur(Uzhavar Sandhai ),Pumpkin,Pumpkin,Local,20-09-2026,1600,2000,1800
Tamil Nadu,Coimbatore,Singanallur(Uzhavar Sandhai ),Bhindi(Ladies Finger),Bhindi,Local,20-09-2026,4000,4600,4300
Tamil Nadu,Coimbatore,Singanallur(Uzhavar Sandhai ),Amaranthus,Amaranthus,Local,20-09-2026,5000,6000,5500
Tamil Nadu,Coimbatore,Singanallur(Uzhavar Sandhai ),Green Chilli,Green Chilly,Local,20-09-2026,5000,5600,5300
Tamil Nadu,Coimbatore,Singanallur(Uzhavar Sandhai ),Cowpea(Veg),Cowpea (Veg),Local,20-09-2026,3600,4000,3800
Tamil Nadu,Coimbatore,Singanallur(Uzhavar Sandhai ),Banana - Green,Banana - Green,Local,20-09-2026,4000,4500,4250
Tamil Nadu,Coimbatore,Singanallur(Uzhavar Sandhai ),Betal Leaves,Mysore,Local,20-09-2026,20000,24000,22000
Tamil Nadu,Coimbatore,Singanallur(Uzhavar Sandhai ),Raddish,Raddish,Local,20-09-2026,2800,3200,3000
Tamil Nadu,Coimbatore,Singanallur(Uzhavar Sandhai ),Thondekai,Thondekai,Local,20-09-2026,4000,4400,4200
Tamil Nadu,Coimbatore,Singanallur(Uzhavar Sandhai ),Mango(Raw-Ripe),Mango - Raw-Ripe,Local,20-09-2026,8000,9000,8500
Tamil Nadu,Coimbatore,Singanallur(Uzhavar Sandhai ),Pomegranate,Pomogranate,Local,20-09-2026,14000,17000,15500
Tamil Nadu,Coimbatore,Singanallur(Uzhavar Sandhai ),Elephant Yam(Suran)/Amorphophallus,Elephant Yam (Suran),Local,20-09-2026,3600,4000,3800
Tamil Nadu,Coimbatore,Singanallur(Uzhavar Sandhai ),Colacasia,Colacasia,Local,20-09-2026,4600,5000,4800
Tamil Nadu,Coimbatore,Singanallur(Uzhavar Sandhai ),Onion Green,Onion Green,Local,20-09-2026,8600,9200,8900
Tamil Nadu,Coimbatore,Singanallur(Uzhavar Sandhai ),Sweet Corn ,Sweet Corn ,Local,20-09-2026,3600,4000,3800
Tamil Nadu,Coimbatore,Pollachi(Uzhavar Sandhai ),Banana,Red Banana,Local,20-09-2026,8000,9000,8500
Tamil Nadu,Coimbatore,Pollachi(Uzhavar Sandhai ),Onion,Bellary,Local,20-09-2026,5500,6400,5950
Tamil Nadu,Coimbatore,Pollachi(Uzhavar Sandhai ),Pumpkin,Pumpkin,Local,20-09-2026,2000,2500,2250
Tamil Nadu,Coimbatore,Pollachi(Uzhavar Sandhai ),Amaranthus,Amaranthus,Local,20-09-2026,3000,4000,3500
Tamil Nadu,Coimbatore,Pollachi(Uzhavar Sandhai ),Banana - Green,Banana - Green,Local,20-09-2026,4000,4500,4250
Tamil Nadu,Coimbatore,Pollachi(Uzhavar Sandhai ),Ginger(Green),Green Ginger,Local,20-09-2026,16000,18000,17000
Tamil Nadu,Coimbatore,Pollachi(Uzhavar Sandhai ),Snakeguard,Snakeguard,Local,20-09-2026,3500,3800,3650
Tamil Nadu,Coimbatore,Pollachi(Uzhavar Sandhai ),Raddish,Raddish,Local,20-09-2026,3000,3500,3250
Tamil Nadu,Coimbatore,Pollachi(Uzhavar Sandhai ),Tender Coconut,Tender Coconut,Local,20-09-2026,3500,4000,3750
Uttar Pradesh,Muzaffarnagar,Khatauli APMC,Potato,Other,FAQ,20-09-2026,600,600,600
Telangana,Ranga Reddy,"Vanasthalipuram,RBZ ",Cauliflower,Cauliflower,Grade A,20-09-2026,2100,2100,2100
Telangana,Ranga Reddy,"Vanasthalipuram,RBZ ",Banana - Green,Banana - Green,Grade A,20-09-2026,4000,4000,4000
Telangana,Ranga Reddy,"Vanasthalipuram,RBZ ",Cucumbar(Kheera),Other,Grade A,20-09-2026,2300,2300,2300
Tamil Nadu,Karur,Karur(Uzhavar Sandhai ),Cauliflower,Ranchi,Local,20-09-2026,3500,4000,3750
Tamil Nadu,Karur,Karur(Uzhavar Sandhai ),Papaya,Papaya,Local,20-09-2026,4500,5000,4750
Tamil Nadu,Karur,Karur(Uzhavar Sandhai ),Ridgeguard(Tori),Ridgeguard(Tori),Local,20-09-2026,4000,4500,4250
Tamil Nadu,Karur,Karur(Uzhavar Sandhai ),Green Avare(W),Other,Local,20-09-2026,9000,10000,9500
Tamil Nadu,Karur,Karur(Uzhavar Sandhai ),Chow Chow,Chow Chow,Local,20-09-2026,3500,4000,3750
Tamil Nadu,Karur,Karur(Uzhavar Sandhai ),Yam(Ratalu),Yam (Ratalu),Local,20-09-2026,9000,10000,9500
Tripura,South Tripura,Biokhora,Brinjal,Brinjal,FAQ,20-09-2026,3800,3900,3850
Tamil Nadu,Coimbatore,Kurichi(Uzhavar Sandhai ),Onion,Bellary,Local,20-09-2026,6000,6400,6200
Tamil Nadu,Coimbatore,Kurichi(Uzhavar Sandhai ),Tomato,Local,Local,20-09-2026,2800,3200,3000
Tamil Nadu,Coimbatore,Kurichi(Uzhavar Sandhai ),Bottle gourd,Bottle Gourd,Local,20-09-2026,2500,3000,2750
Tamil Nadu,Coimbatore,Kurichi(Uzhavar Sandhai ),Cucumbar(Kheera),Cucumbar,Local,20-09-2026,4000,4500,4250
Tamil Nadu,Coimbatore,Kurichi(Uzhavar Sandhai ),Drumstick,Drumstick,Local,20-09-2026,3500,4000,3750
Tamil Nadu,Coimbatore,Kurichi(Uzhavar Sandhai ),Guava,Guava Allahabad,Local,20-09-2026,5500,6000,5750
Tamil Nadu,Coimbatore,Kurichi(Uzhavar Sandhai ),Lemon,Lemon,Local,20-09-2026,25000,26000,25500
Tamil Nadu,Coimbatore,Kurichi(Uzhavar Sandhai ),Mint(Pudina),Mint(Pudina),Local,20-09-2026,5500,6000,5750
Tamil Nadu,Cuddalore,Chidambaram(Uzhavar Sandhai ),Tomato,Local,Local,20-09-2026,3000,3000,3000
Tamil Nadu,Cuddalore,Chidambaram(Uzhavar Sandhai ),Snakeguard,Snakeguard,Local,20-09-2026,3000,3000,3000
Tamil Nadu,Cuddalore,Cuddalore(Uzhavar Sandhai ),Groundnut,Big (With Shell),Local,20-09-2026,8000,8000,8000
Tamil Nadu,Cuddalore,Cuddalore(Uzhavar Sandhai ),Banana - Green,Banana - Green,Local,20-09-2026,3000,3500,3250
Tamil Nadu,Cuddalore,Cuddalore(Uzhavar Sandhai ),Beans,Beans (Whole),Local,20-09-2026,11000,11000,11000
Tamil Nadu,Cuddalore,Cuddalore(Uzhavar Sandhai ),Sweet Potato,Hosur Red,Local,20-09-2026,8000,10000,9000
Tamil Nadu,Cuddalore,Cuddalore(Uzhavar Sandhai ),Carrot,Pusakesar,Local,20-09-2026,5000,5000,5000
Tamil Nadu,Cuddalore,Cuddalore(Uzhavar Sandhai ),Cabbage,Cabbage,Local,20-09-2026,2500,2500,2500
Tamil Nadu,Cuddalore,Cuddalore(Uzhavar Sandhai ),Ridgeguard(Tori),Ridgeguard(Tori),Local,20-09-2026,6000,6000,6000
Tamil Nadu,Cuddalore,Cuddalore(Uzhavar Sandhai ),Capsicum,Capsicum,Local,20-09-2026,5000,5000,5000
Tamil Nadu,Cuddalore,Cuddalore(Uzhavar Sandhai ),Green Avare(W),Green Avare (W),Local,20-09-2026,7500,7500,7500
Tamil Nadu,Cuddalore,Cuddalore(Uzhavar Sandhai ),Drumstick,Drumstick,Local,20-09-2026,6000,6000,6000
Tamil Nadu,Cuddalore,Cuddalore(Uzhavar Sandhai ),Mango(Raw-Ripe),Mango - Raw-Ripe,Local,20-09-2026,13000,13000,13000
Tamil Nadu,Cuddalore,Cuddalore(Uzhavar Sandhai ),Lemon,Lemon,Local,20-09-2026,30000,35000,32500
Tamil Nadu,Tuticorin,Tuticorin(Uzhavar Sandhai ),Orange,Darjeeling,Local,20-09-2026,14000,15000,14500
Tamil Nadu,Tuticorin,Tuticorin(Uzhavar Sandhai ),Banana,Besrai,Local,20-09-2026,2500,3000,2750
Tamil Nadu,Tuticorin,Tuticorin(Uzhavar Sandhai ),Mango,Safeda,Local,20-09-2026,14000,15000,14500
Tamil Nadu,Tuticorin,Tuticorin(Uzhavar Sandhai ),Grapes,Annabesahai,Local,20-09-2026,13000,14000,13500
Tamil Nadu,Tuticorin,Tuticorin(Uzhavar Sandhai ),Onion,Bellary,Local,20-09-2026,5000,6000,5500
Tamil Nadu,Tuticorin,Tuticorin(Uzhavar Sandhai ),Tapioca,Tapioca,Local,20-09-2026,3000,3500,3250
Tamil Nadu,Tuticorin,Tuticorin(Uzhavar Sandhai ),Carrot,Pusakesar,Local,20-09-2026,5000,6000,5500
Tamil Nadu,Tuticorin,Tuticorin(Uzhavar Sandhai ),Snakeguard,Snakeguard,Local,20-09-2026,4500,5000,4750
Tamil Nadu,Tuticorin,Tuticorin(Uzhavar Sandhai ),Raddish,Raddish,Local,20-09-2026,3000,3500,3250
Tamil Nadu,Tuticorin,Tuticorin(Uzhavar Sandhai ),Drumstick,Drumstick,Local,20-09-2026,4500,5000,4750
Tamil Nadu,Tuticorin,Tuticorin(Uzhavar Sandhai ),Mango(Raw-Ripe),Mango - Raw-Ripe,Local,20-09-2026,12000,13000,12500
Tamil Nadu,Tuticorin,Tuticorin(Uzhavar Sandhai ),Pomegranate,Pomogranate,Local,20-09-2026,21000,22000,21500
Tamil Nadu,Tuticorin,Tuticorin(Uzhavar Sandhai ),Mashrooms,Mashrooms,Local,20-09-2026,24000,25000,24500
Tamil Nadu,Nagercoil (Kannyiakumari),Vadaseri APMC,Mango,Safeda,Local,20-09-2026,6500,7000,6750
Tamil Nadu,Nagercoil (Kannyiakumari),Vadaseri APMC,Pineapple,Pine Apple,Local,20-09-2026,4500,5000,4750
Tamil Nadu,Nagercoil (Kannyiakumari),Vadaseri APMC,Cauliflower,Ranchi,Local,20-09-2026,5500,6000,5750
Tamil Nadu,Nagercoil (Kannyiakumari),Vadaseri APMC,Papaya,Papaya,Local,20-09-2026,3500,4000,3750
Tamil Nadu,Nagercoil (Kannyiakumari),Vadaseri APMC,Tomato,Local,Local,20-09-2026,2500,2800,2650
Tamil Nadu,Nagercoil (Kannyiakumari),Vadaseri APMC,Pumpkin,Pumpkin,Local,20-09-2026,1500,1800,1650
Tamil Nadu,Nagercoil (Kannyiakumari),Vadaseri APMC,Amaranthus,Amaranthus,Local,20-09-2026,1500,2000,1750
Tamil Nadu,Nagercoil (Kannyiakumari),Vadaseri APMC,Banana - Green,Banana - Green,Local,20-09-2026,5500,6000,5750
Tamil Nadu,Nagercoil (Kannyiakumari),Vadaseri APMC,Beetroot,Beetroot,Local,20-09-2026,5000,5500,5250
Tamil Nadu,Nagercoil (Kannyiakumari),Vadaseri APMC,Drumstick,Drumstick,Local,20-09-2026,4500,5000,4750
Tamil Nadu,Nagercoil (Kannyiakumari),Vadaseri APMC,Mango(Raw-Ripe),Mango - Raw-Ripe,Local,20-09-2026,9000,10000,9500
Tamil Nadu,Nagercoil (Kannyiakumari),Vadaseri APMC,Mint(Pudina),Mint(Pudina),Local,20-09-2026,7500,8000,7750
Maharashtra,Raigad,APMC Murud ,Rice,Other,Local,20-09-2026,4000,4500,4250
Madhya Pradesh,Morena,Kailaras APMC,Onion,Other,FAQ,20-09-2026,3200,3200,3200
Madhya Pradesh,Morena,Kailaras APMC,Chili Red,Geeli Mirchi,FAQ,20-09-2026,1500,2200,1500
Madhya Pradesh,Morena,Kailaras APMC,Water chestnut,Water chestnut,FAQ,20-09-2026,4000,4000,4000
Tamil Nadu,Vellore,Thirupathur APMC,Banana,Besrai,Local,20-09-2026,4000,4000,4000
Tamil Nadu,Vellore,Thirupathur APMC,Potato,Red Nanital,Local,20-09-2026,3000,3000,3000
Tamil Nadu,Vellore,Thirupathur APMC,Garlic,Garlic,Local,20-09-2026,26000,26000,26000
Tamil Nadu,Vellore,Thirupathur APMC,Cauliflower,Ranchi,Local,20-09-2026,3000,3000,3000
Tamil Nadu,Vellore,Thirupathur APMC,Ashgourd,Gouard,Local,20-09-2026,2000,2000,2000
Tamil Nadu,Vellore,Thirupathur APMC,Bhindi(Ladies Finger),Bhindi,Local,20-09-2026,3000,3000,3000
Tamil Nadu,Vellore,Thirupathur APMC,Banana - Green,Banana - Green,Local,20-09-2026,2500,2500,2500
Tamil Nadu,Vellore,Thirupathur APMC,Tapioca,Tapioca,Local,20-09-2026,3000,3000,3000
Tamil Nadu,Vellore,Thirupathur APMC,Coconut,Coconut,Local,20-09-2026,5000,5000,5000
Tamil Nadu,Vellore,Thirupathur APMC,Carrot,Pusakesar,Local,20-09-2026,6400,6400,6400
Tamil Nadu,Vellore,Thirupathur APMC,Beetroot,Beetroot,Local,20-09-2026,5000,5000,5000
Tamil Nadu,Vellore,Thirupathur APMC,Ridgeguard(Tori),Ridgeguard(Tori),Local,20-09-2026,4000,4000,4000
Tamil Nadu,Vellore,Thirupathur APMC,Green Avare(W),Green Avare (W),Local,20-09-2026,7000,7000,7000
Tamil Nadu,Vellore,Thirupathur APMC,Onion Green,Onion Green,Local,20-09-2026,7500,7500,7500
Tamil Nadu,Vellore,Thirupathur APMC,Mint(Pudina),Mint(Pudina),Local,20-09-2026,5000,5000,5000
Tamil Nadu,Vellore,Vellore APMC,Garlic,Garlic,Local,20-09-2026,22000,22000,22000
Tamil Nadu,Vellore,Vellore APMC,Cauliflower,Ranchi,Local,20-09-2026,2500,2500,2500
Tamil Nadu,Vellore,Vellore APMC,Papaya,Papaya,Local,20-09-2026,4500,4500,4500
Tamil Nadu,Vellore,Vellore APMC,Bitter gourd,Bitter Gourd,Local,20-09-2026,3000,3000,3000
Tamil Nadu,Vellore,Vellore APMC,Pumpkin,Pumpkin,Local,20-09-2026,2500,2500,2500
Tamil Nadu,Vellore,Vellore APMC,Carrot,Pusakesar,Local,20-09-2026,4600,4600,4600
Tamil Nadu,Vellore,Vellore APMC,Ridgeguard(Tori),Ridgeguard(Tori),Local,20-09-2026,3500,3500,3500
Tamil Nadu,Vellore,Vellore APMC,Raddish,Raddish,Local,20-09-2026,2000,2000,2000
Tamil Nadu,Dharmapuri,Harur(Uzhavar Sandhai ),Brinjal,Round,Local,20-09-2026,2500,3000,2750
Tamil Nadu,Dharmapuri,Harur(Uzhavar Sandhai ),Pumpkin,Pumpkin,Local,20-09-2026,1500,2000,1750
Tamil Nadu,Dharmapuri,Harur(Uzhavar Sandhai ),Coconut,Coconut,Local,20-09-2026,6000,7000,6500
Tamil Nadu,Dharmapuri,Harur(Uzhavar Sandhai ),Snakeguard,Snakeguard,Local,20-09-2026,3000,3500,3250
Tamil Nadu,Dharmapuri,Harur(Uzhavar Sandhai ),Thondekai,Thondekai,Local,20-09-2026,4500,5000,4750
Tamil Nadu,Dharmapuri,Harur(Uzhavar Sandhai ),Chow Chow,Chow Chow,Local,20-09-2026,4000,4500,4250
Tamil Nadu,Krishnagiri,Kaveripattinam(Uzhavar Sandhai ),Potato,Red Nanital,Local,20-09-2026,4000,4000,4000
Tamil Nadu,Krishnagiri,Kaveripattinam(Uzhavar Sandhai ),Banana - Green,Banana - Green,Local,20-09-2026,2500,3000,2750
Tamil Nadu,Krishnagiri,Kaveripattinam(Uzhavar Sandhai ),Snakeguard,Snakeguard,Local,20-09-2026,3000,3000,3000
Tamil Nadu,Krishnagiri,Kaveripattinam(Uzhavar Sandhai ),Drumstick,Drumstick,Local,20-09-2026,4000,4000,4000
Tamil Nadu,Krishnagiri,Kaveripattinam(Uzhavar Sandhai ),Mango(Raw-Ripe),Mango - Raw-Ripe,Local,20-09-2026,9000,9000,9000
Tamil Nadu,Krishnagiri,Kaveripattinam(Uzhavar Sandhai ),Mint(Pudina),Mint(Pudina),Local,20-09-2026,5000,5000,5000
Tamil Nadu,The Nilgiris,Coonoor(Uzhavar Sandhai ),Bitter gourd,Other,Local,20-09-2026,4500,5000,4750
Tamil Nadu,The Nilgiris,Coonoor(Uzhavar Sandhai ),Cucumbar(Kheera),Cucumbar,Local,20-09-2026,4500,4800,4650
Tamil Nadu,The Nilgiris,Coonoor(Uzhavar Sandhai ),Green Avare(W),Other,Local,20-09-2026,5800,6200,6000
Tamil Nadu,The Nilgiris,Coonoor(Uzhavar Sandhai ),Drumstick,Drumstick,Local,20-09-2026,3000,3300,3150
Tamil Nadu,The Nilgiris,Coonoor(Uzhavar Sandhai ),Elephant Yam(Suran)/Amorphophallus,Elephant Yam (Suran),Local,20-09-2026,4000,4400,4200
Tamil Nadu,The Nilgiris,Coonoor(Uzhavar Sandhai ),Onion Green,Onion Green,Local,20-09-2026,8800,9200,9000
Tamil Nadu,The Nilgiris,Coonoor(Uzhavar Sandhai ),Mint(Pudina),Mint(Pudina),Local,20-09-2026,5500,6000,5750
Tamil Nadu,The Nilgiris,Gudalur(Uzhavar Sandhai ),Banana,Besrai,Local,20-09-2026,4000,5000,4500
Tamil Nadu,The Nilgiris,Gudalur(Uzhavar Sandhai ),Cauliflower,Ranchi,Local,20-09-2026,3500,4000,3750
Tamil Nadu,The Nilgiris,Gudalur(Uzhavar Sandhai ),Bitter gourd,Bitter Gourd,Local,20-09-2026,4500,5000,4750
Tamil Nadu,The Nilgiris,Gudalur(Uzhavar Sandhai ),Cucumbar(Kheera),Cucumbar,Local,20-09-2026,3500,4000,3750
Tamil Nadu,The Nilgiris,Gudalur(Uzhavar Sandhai ),Thondekai,Thondekai,Local,20-09-2026,3500,4000,3750
Tamil Nadu,The Nilgiris,Gudalur(Uzhavar Sandhai ),Capsicum,Capsicum,Local,20-09-2026,5000,6000,5500
Tamil Nadu,The Nilgiris,Gudalur(Uzhavar Sandhai ),Green Avare(W),Green Avare (W),Local,20-09-2026,6000,6500,6250
Tamil Nadu,The Nilgiris,Gudalur(Uzhavar Sandhai ),Elephant Yam(Suran)/Amorphophallus,Elephant Yam (Suran),Local,20-09-2026,3500,4000,3750
Tamil Nadu,The Nilgiris,Gudalur(Uzhavar Sandhai ),Lemon,Lemon,Local,20-09-2026,24000,25000,24500
Tamil Nadu,The Nilgiris,Gudalur(Uzhavar Sandhai ),Onion Green,Onion Green,Local,20-09-2026,8500,9000,8750
Tamil Nadu,The Nilgiris,Gudalur(Uzhavar Sandhai ),Mint(Pudina),Mint(Pudina),Local,20-09-2026,5000,6000,5500
Odisha,Angul,Angul APMC,Brinjal,Other,Grade B,20-09-2026,3000,3000,3000
Odisha,Angul,Angul APMC,Bitter gourd,Bitter Gourd,Grade B,20-09-2026,2500,2500,2500
Odisha,Angul,Angul APMC,Little gourd(Kundru),Other,Grade B,20-09-2026,3200,3200,3200
Odisha,Angul,Angul APMC,Onion,Other,Grade B,20-09-2026,4200,4200,4200
Odisha,Bargarh,Attabira APMC,Bhindi(Ladies Finger),Bhindi,Local,20-09-2026,3400,3800,3600
Odisha,Bargarh,Attabira APMC,Bottle gourd,Bottle Gourd,Local,20-09-2026,2050,2400,2200
Punjab,Tarntaran,Patti APMC,Garlic,Other,Local,20-09-2026,12.6,12.6,12.6
Punjab,Tarntaran,Patti APMC,Pea Pod/Pea Cod/हरी मटर,Other,Local,20-09-2026,5000,5000,5000
Uttarakhand,Dehradoon,Vikasnagar APMC,Cabbage,Cabbage,Medium,20-09-2026,600,1500,1500
Uttarakhand,Dehradoon,Vikasnagar APMC,Colacasia,Other,Medium,20-09-2026,1500,1800,1800
Uttarakhand,Dehradoon,Vikasnagar APMC,Pumpkin,Pumpkin,Medium,20-09-2026,400,600,600
Uttar Pradesh,Auraiya,Auraiya APMC,Firewood,Firewood,FAQ,20-09-2026,500,500,500
Odisha,Jharsuguda,Jharsuguda APMC,Onion,Other,Grade A,20-09-2026,5000,5500,5000
Odisha,Jharsuguda,Jharsuguda APMC,Ginger(Green),Other,Grade A,20-09-2026,14000,15000,15000
Haryana,Hissar,Hansi APMC,Cauliflower,Other,FAQ,20-09-2026,4000,5000,4500
Haryana,Hissar,Hansi APMC,Garlic,Other,FAQ,20-09-2026,10000,20000,15000
Haryana,Hissar,Hansi APMC,Pineapple,Other,Grade B,20-09-2026,4000,6000,5000
Haryana,Hissar,Hansi APMC,Bhindi(Ladies Finger),Other,FAQ,20-09-2026,1800,2000,1900
Haryana,Hissar,Hansi APMC,Lemon,Other,FAQ,20-09-2026,8000,10000,9000
Haryana,Hissar,Hansi APMC,Raddish,Other,FAQ,20-09-2026,1500,2000,1750
Keralam,Kollam,Chathanoor Market,Pumpkin,Other,FAQ,20-09-2026,2000,2700,2400
Keralam,Kollam,Chathanoor Market,Banana,Palayamthodan,Medium,20-09-2026,3000,4000,3500
Keralam,Kollam,Chathanoor Market,Bhindi(Ladies Finger),Other,FAQ,20-09-2026,5000,6000,5500
Keralam,Kollam,Chathanoor Market,Bitter gourd,Other,FAQ,20-09-2026,7500,9000,8300
Keralam,Kollam,Chathanoor Market,Cowpea(Veg),Other,FAQ,20-09-2026,5500,6500,6000
Keralam,Kollam,Chathanoor Market,Little gourd(Kundru),Other,FAQ,20-09-2026,5500,6500,6000
Keralam,Kollam,Chathanoor Market,Tomato,Other,FAQ,20-09-2026,3500,4500,4000
Keralam,Kollam,Chathanoor Market,Banana,Robusta,Medium,20-09-2026,3000,4000,3500
Andhra Pradesh,Prakasam,Santhamaguluru APMC,Maize,Hybrid,FAQ,20-09-2026,2400,2480,2450
Andhra Pradesh,Prakasam,Maddipadu APMC,Bajra(Pearl Millet/Cumbu),Bold,FAQ,20-09-2026,2850,2850,2850
Keralam,Kozhikode(Calicut),Mukkom Market,Beetroot,Beetroot,FAQ,20-09-2026,4800,5200,5000
Keralam,Kozhikode(Calicut),Mukkom Market,Green Chilli,Green Chilly,FAQ,20-09-2026,6000,6400,6200
Keralam,Kozhikode(Calicut),Mukkom Market,Banana,Other,Large,20-09-2026,7000,7600,7400
Keralam,Kozhikode(Calicut),Mukkom Market,Grapes,Other,Large,20-09-2026,8000,9000,8500
Telangana,Ranga Reddy,"Saroornagar,RBZ",Cabbage,Other,Medium,20-09-2026,1300,1300,1300
Telangana,Ranga Reddy,"Saroornagar,RBZ",Brinjal,Other,Medium,20-09-2026,3500,3500,3500
Telangana,Ranga Reddy,"Saroornagar,RBZ",Cauliflower,Cauliflower,Medium,20-09-2026,2100,2100,2100
Telangana,Ranga Reddy,"Saroornagar,RBZ",Cluster beans,Cluster Beans,Medium,20-09-2026,4000,4000,4000
Keralam,Idukki,Kattappana Market,Banana - Green,Other,Medium,20-09-2026,6000,6800,6500
Keralam,Idukki,Kattappana Market,Cabbage,Other,Medium,20-09-2026,3000,3300,3200
Keralam,Idukki,Kattappana Market,Pumpkin,Other,Medium,20-09-2026,2100,2300,2300
Haryana,Rewari,Kosli APMC,Banana,Other,Medium,20-09-2026,2000,2000,2000
Haryana,Rewari,Kosli APMC,Cucumbar(Kheera),Other,FAQ,20-09-2026,3000,3000,3000
Punjab,Gurdaspur,Quadian APMC,Green Chilli,Other,Grade A,20-09-2026,2200,2400,2300
Punjab,Gurdaspur,Quadian APMC,Potato,Other,Grade A,20-09-2026,400,600,500
Rajasthan,Jalore,Jalore APMC,Cabbage,Cabbage,Local,20-09-2026,1500,2000,1800
Rajasthan,Jalore,Jalore APMC,Bhindi(Ladies Finger),Bhindi,Local,20-09-2026,1200,1600,1400
Rajasthan,Jalore,Jalore APMC,Tomato,Tomato,Local,20-09-2026,1500,2000,1800
Rajasthan,Jalore,Jalore APMC,Cucumbar(Kheera),Cucumbar,Local,20-09-2026,1200,1400,1300
Keralam,Alappuzha,Harippad Market,Ashgourd,Other,FAQ,20-09-2026,4000,4500,4000
Keralam,Alappuzha,Harippad Market,Amaranthus,Other,FAQ,20-09-2026,5000,5500,5000
Tamil Nadu,Thirupur,Tiruppur (South) (Uzhavar Sandhai ),Amaranthus,Amaranthus,Local,20-09-2026,2500,3000,2750
Tamil Nadu,Thirupur,Tiruppur (South) (Uzhavar Sandhai ),Ridgeguard(Tori),Ridgeguard(Tori),Local,20-09-2026,4000,5000,4500
Tamil Nadu,Thirupur,Tiruppur (South) (Uzhavar Sandhai ),Raddish,Raddish,Local,20-09-2026,1500,2000,1750
Tamil Nadu,Erode,Perundurai(Uzhavar Sandhai ),Papaya,Papaya,Local,20-09-2026,3000,3500,3250
Tamil Nadu,Erode,Perundurai(Uzhavar Sandhai ),Cluster beans,Cluster Beans,Local,20-09-2026,3000,3400,3200
Tamil Nadu,Erode,Perundurai(Uzhavar Sandhai ),Beans,Beans (Whole),Local,20-09-2026,7000,7500,7250
Tamil Nadu,Erode,Perundurai(Uzhavar Sandhai ),Beetroot,Beetroot,Local,20-09-2026,5000,5500,5250
Tamil Nadu,Erode,Perundurai(Uzhavar Sandhai ),Elephant Yam(Suran)/Amorphophallus,Elephant Yam (Suran),Local,20-09-2026,3000,3500,3250
Tamil Nadu,Dharmapuri,Dharmapuri(Uzhavar Sandhai ),Banana,Besrai,Local,20-09-2026,5200,5500,5350
Tamil Nadu,Dharmapuri,Dharmapuri(Uzhavar Sandhai ),Garlic,Garlic,Local,20-09-2026,23000,24000,23500
Tamil Nadu,Dharmapuri,Dharmapuri(Uzhavar Sandhai ),Cauliflower,Ranchi,Local,20-09-2026,3300,3500,3400
Tamil Nadu,Dharmapuri,Dharmapuri(Uzhavar Sandhai ),Cluster beans,Cluster Beans,Local,20-09-2026,1700,1800,1750
Tamil Nadu,Dharmapuri,Dharmapuri(Uzhavar Sandhai ),Pumpkin,Pumpkin,Local,20-09-2026,1400,1500,1450
Tamil Nadu,Dharmapuri,Dharmapuri(Uzhavar Sandhai ),Amaranthus,Amaranthus,Local,20-09-2026,2400,2500,2450
Tamil Nadu,Dharmapuri,Dharmapuri(Uzhavar Sandhai ),Coconut,Coconut,Local,20-09-2026,7000,7400,7200
Tamil Nadu,Dharmapuri,Dharmapuri(Uzhavar Sandhai ),Carrot,Pusakesar,Local,20-09-2026,6200,6400,6300
Tamil Nadu,Dharmapuri,Dharmapuri(Uzhavar Sandhai ),Cabbage,Cabbage,Local,20-09-2026,2800,3000,2900
Tamil Nadu,Dharmapuri,Dharmapuri(Uzhavar Sandhai ),Cucumbar(Kheera),Cucumbar,Local,20-09-2026,4200,4500,4350
Tamil Nadu,Dharmapuri,Dharmapuri(Uzhavar Sandhai ),Tamarind Fruit,Tamarind Fruit,Local,20-09-2026,11000,11600,11300
Tamil Nadu,Dharmapuri,Dharmapuri(Uzhavar Sandhai ),Indian Beans(Seam),Indian Beans (Seam),Local,20-09-2026,5500,6000,5750
Tamil Nadu,Dharmapuri,Dharmapuri(Uzhavar Sandhai ),Colacasia,Colacasia,Local,20-09-2026,6200,6600,6400
Tamil Nadu,Dharmapuri,Dharmapuri(Uzhavar Sandhai ),Mashrooms,Mashrooms,Local,20-09-2026,15300,16000,15650
Tamil Nadu,Dharmapuri,Palacode(Uzhavar Sandhai ),Banana,Poovan,Local,20-09-2026,5000,5500,5250
Tamil Nadu,Dharmapuri,Palacode(Uzhavar Sandhai ),Tomato,Local,Local,20-09-2026,2300,2500,2400
Tamil Nadu,Dharmapuri,Palacode(Uzhavar Sandhai ),Bottle gourd,Bottle Gourd,Local,20-09-2026,1800,2000,1900
Tamil Nadu,Dharmapuri,Palacode(Uzhavar Sandhai ),Ashgourd,Gouard,Local,20-09-2026,1200,1500,1350
Tamil Nadu,Dharmapuri,Palacode(Uzhavar Sandhai ),Pumpkin,Pumpkin,Local,20-09-2026,1800,2000,1900
Tamil Nadu,Dharmapuri,Palacode(Uzhavar Sandhai ),Amaranthus,Amaranthus,Local,20-09-2026,2000,2500,2250
Tamil Nadu,Dharmapuri,Palacode(Uzhavar Sandhai ),Cowpea(Veg),Cowpea (Veg),Local,20-09-2026,5800,6000,5900
Tamil Nadu,Dharmapuri,Palacode(Uzhavar Sandhai ),Beetroot,Beetroot,Local,20-09-2026,4600,5000,4800
Tamil Nadu,Dharmapuri,Palacode(Uzhavar Sandhai ),Cucumbar(Kheera),Cucumbar,Local,20-09-2026,3800,4000,3900
Tamil Nadu,Dharmapuri,Palacode(Uzhavar Sandhai ),Raddish,Raddish,Local,20-09-2026,1400,1600,1500
Tamil Nadu,Dharmapuri,Palacode(Uzhavar Sandhai ),Chow Chow,Chow Chow,Local,20-09-2026,4200,4500,4350
Tamil Nadu,Dharmapuri,Palacode(Uzhavar Sandhai ),Knool Khol,Knool Khol,Local,20-09-2026,4500,4800,4650
Tamil Nadu,Dharmapuri,Palacode(Uzhavar Sandhai ),Guava,Guava Allahabad,Local,20-09-2026,6600,7000,6800
Tamil Nadu,Dharmapuri,Palacode(Uzhavar Sandhai ),Lemon,Lemon,Local,20-09-2026,21500,22000,21750
Tamil Nadu,Dharmapuri,Palacode(Uzhavar Sandhai ),Sweet Corn ,Sweet Corn ,Local,20-09-2026,2800,3000,2900
Tamil Nadu,Dharmapuri,Pennagaram(Uzhavar Sandhai ),Groundnut,Big (With Shell),Local,20-09-2026,6000,6500,6250
Tamil Nadu,Dharmapuri,Pennagaram(Uzhavar Sandhai ),Brinjal,Round,Local,20-09-2026,2800,3000,2900
Tamil Nadu,Dharmapuri,Pennagaram(Uzhavar Sandhai ),Pumpkin,Pumpkin,Local,20-09-2026,1800,2000,1900
Tamil Nadu,Dharmapuri,Pennagaram(Uzhavar Sandhai ),Cowpea(Veg),Cowpea (Veg),Local,20-09-2026,5500,6000,5750
Tamil Nadu,Dharmapuri,Pennagaram(Uzhavar Sandhai ),Sweet Potato,Hosur Red,Local,20-09-2026,2800,3000,2900
Tamil Nadu,Dharmapuri,Pennagaram(Uzhavar Sandhai ),Carrot,Pusakesar,Local,20-09-2026,7000,7500,7250
Tamil Nadu,Dharmapuri,Pennagaram(Uzhavar Sandhai ),Cabbage,Cabbage,Local,20-09-2026,3000,3500,3250
Tamil Nadu,Dharmapuri,Pennagaram(Uzhavar Sandhai ),Snakeguard,Snakeguard,Local,20-09-2026,2800,3000,2900
Tamil Nadu,Dharmapuri,Pennagaram(Uzhavar Sandhai ),Cucumbar(Kheera),Cucumbar,Local,20-09-2026,4000,4500,4250
Tamil Nadu,Dharmapuri,Pennagaram(Uzhavar Sandhai ),Thondekai,Thondekai,Local,20-09-2026,5500,6000,5750
Tamil Nadu,Dharmapuri,Pennagaram(Uzhavar Sandhai ),Drumstick,Drumstick,Local,20-09-2026,2500,3000,2750
Tamil Nadu,Dindigul,Chinnalapatti(Uzhavar Sandhai ),Tomato,Deshi,Local,20-09-2026,2500,3000,2750
Tamil Nadu,Dindigul,Chinnalapatti(Uzhavar Sandhai ),Beetroot,Beetroot,Local,20-09-2026,3000,8000,5500
Tamil Nadu,Dindigul,Chinnalapatti(Uzhavar Sandhai ),Amla(Nelli Kai),Amla,Local,20-09-2026,6000,6000,6000
Tamil Nadu,Dindigul,Palani(Uzhavar Sandhai ),Soyabean,Local,Local,20-09-2026,10000,12000,11000
Tamil Nadu,Dindigul,Palani(Uzhavar Sandhai ),Garlic,Garlic,Local,20-09-2026,16000,25000,20500
Tamil Nadu,Dindigul,Palani(Uzhavar Sandhai ),Cauliflower,Ranchi,Local,20-09-2026,2000,4000,3000
Tamil Nadu,Dindigul,Palani(Uzhavar Sandhai ),Bitter gourd,Other,Local,20-09-2026,4000,4500,4250
Tamil Nadu,Dindigul,Palani(Uzhavar Sandhai ),Ginger(Green),Green Ginger,Local,20-09-2026,8000,16500,12250
Tamil Nadu,Dindigul,Palani(Uzhavar Sandhai ),Carrot,Pusakesar,Local,20-09-2026,4500,5400,4950
Tamil Nadu,Dindigul,Palani(Uzhavar Sandhai ),Thondekai,Thondekai,Local,20-09-2026,3000,4000,3500
Tamil Nadu,Dindigul,Palani(Uzhavar Sandhai ),Chow Chow,Chow Chow,Local,20-09-2026,3000,3600,3300
Tamil Nadu,Erode,Periyar Nagar(Uzhavar Sandhai ),Coriander(Leaves),I Sort,Local,20-09-2026,3500,4000,3750
Tamil Nadu,Kallakuruchi,Sankarapuram(Uzhavar Sandhai ),Tomato,Deshi,Local,20-09-2026,2500,2500,2500
Tamil Nadu,Kallakuruchi,Sankarapuram(Uzhavar Sandhai ),Cluster beans,Cluster Beans,Local,20-09-2026,5000,5000,5000
Tamil Nadu,Kallakuruchi,Sankarapuram(Uzhavar Sandhai ),Pumpkin,Pumpkin,Local,20-09-2026,2000,2000,2000
Tamil Nadu,Kallakuruchi,Sankarapuram(Uzhavar Sandhai ),Sweet Potato,Hosur Red,Local,20-09-2026,6000,6000,6000
Tamil Nadu,Kallakuruchi,Sankarapuram(Uzhavar Sandhai ),Ridgeguard(Tori),Ridgeguard(Tori),Local,20-09-2026,4000,4000,4000
Tamil Nadu,Kallakuruchi,Sankarapuram(Uzhavar Sandhai ),Thondekai,Thondekai,Local,20-09-2026,6000,6000,6000
Tamil Nadu,Kallakuruchi,Sankarapuram(Uzhavar Sandhai ),Jack Fruit(Ripe),Jack Fruit,Local,20-09-2026,2000,2000,2000
Tamil Nadu,Kallakuruchi,Sankarapuram(Uzhavar Sandhai ),Yam(Ratalu),Yam (Ratalu),Local,20-09-2026,3000,3000,3000
Tamil Nadu,Kancheepuram,Kundrathur(Uzhavar Sandhai ),Onion,Bellary,Local,20-09-2026,5000,6000,5500
Tamil Nadu,Kancheepuram,Kundrathur(Uzhavar Sandhai ),Cauliflower,Ranchi,Local,20-09-2026,3000,3500,3250
Tamil Nadu,Kancheepuram,Kundrathur(Uzhavar Sandhai ),Ashgourd,Gouard,Local,20-09-2026,2000,2000,2000
Tamil Nadu,Kancheepuram,Kundrathur(Uzhavar Sandhai ),Drumstick,Drumstick,Local,20-09-2026,4000,4000,4000
Tamil Nadu,Kancheepuram,Kundrathur(Uzhavar Sandhai ),Colacasia,Colacasia,Local,20-09-2026,3000,3000,3000
Tamil Nadu,Kancheepuram,Sunguvarchatram(Uzhavar Sandhai ),Ashgourd,Gouard,Local,20-09-2026,2000,2000,2000
Tamil Nadu,Kancheepuram,Sunguvarchatram(Uzhavar Sandhai ),Coconut,Coconut,Local,20-09-2026,5000,6000,5500
Tamil Nadu,Kancheepuram,Sunguvarchatram(Uzhavar Sandhai ),Carrot,Pusakesar,Local,20-09-2026,5000,5000,5000
Tamil Nadu,Kancheepuram,Sunguvarchatram(Uzhavar Sandhai ),Colacasia,Colacasia,Local,20-09-2026,3000,3000,3000
Tamil Nadu,Kancheepuram,Sunguvarchatram(Uzhavar Sandhai ),Onion Green,Onion Green,Local,20-09-2026,7000,8000,7500
Tamil Nadu,Krishnagiri,Avallapalli(Uzhavar Sandhai ),Brinjal,Round,Local,20-09-2026,2500,3000,2750
Tamil Nadu,Krishnagiri,Avallapalli(Uzhavar Sandhai ),Garlic,Garlic,Local,20-09-2026,22000,24000,23000
Tamil Nadu,Krishnagiri,Avallapalli(Uzhavar Sandhai ),Tomato,Deshi,Local,20-09-2026,2000,2500,2250
Tamil Nadu,Krishnagiri,Avallapalli(Uzhavar Sandhai ),Carrot,Pusakesar,Local,20-09-2026,3500,4000,3750
Tamil Nadu,Krishnagiri,Avallapalli(Uzhavar Sandhai ),Snakeguard,Snakeguard,Local,20-09-2026,3000,3500,3250
Tamil Nadu,Krishnagiri,Avallapalli(Uzhavar Sandhai ),Beetroot,Beetroot,Local,20-09-2026,3000,3500,3250
Tamil Nadu,Krishnagiri,Avallapalli(Uzhavar Sandhai ),Ridgeguard(Tori),Ridgeguard(Tori),Local,20-09-2026,3000,3500,3250
Tamil Nadu,Krishnagiri,Avallapalli(Uzhavar Sandhai ),Green Avare(W),Green Avare (W),Local,20-09-2026,5500,6000,5750
Tamil Nadu,Krishnagiri,Avallapalli(Uzhavar Sandhai ),Knool Khol,Knool Khol,Local,20-09-2026,2000,2500,2250
Tamil Nadu,Krishnagiri,Avallapalli(Uzhavar Sandhai ),Colacasia,Colacasia,Local,20-09-2026,4500,5000,4750
Tamil Nadu,Dharmapuri,Karimangalam(Uzhavar Sandhai),Banana,Karpura,Local,20-09-2026,6500,7000,6750
Tamil Nadu,Dharmapuri,Karimangalam(Uzhavar Sandhai),Onion,Bellary,Local,20-09-2026,6000,6400,6200
Tamil Nadu,Dharmapuri,Karimangalam(Uzhavar Sandhai),Garlic,Garlic,Local,20-09-2026,21000,22000,21500
Tamil Nadu,Dharmapuri,Karimangalam(Uzhavar Sandhai),Cauliflower,Ranchi,Local,20-09-2026,3800,4000,3900
Tamil Nadu,Dharmapuri,Karimangalam(Uzhavar Sandhai),Coriander(Leaves),I Sort,Local,20-09-2026,4500,5000,4750
Tamil Nadu,Dharmapuri,Karimangalam(Uzhavar Sandhai),Tomato,Local,Local,20-09-2026,2300,2500,2400
Tamil Nadu,Dharmapuri,Karimangalam(Uzhavar Sandhai),Cabbage,Cabbage,Local,20-09-2026,2800,3000,2900
Tamil Nadu,Dharmapuri,Karimangalam(Uzhavar Sandhai),Knool Khol,Knool Khol,Local,20-09-2026,4400,4800,4600
Tamil Nadu,Dharmapuri,Karimangalam(Uzhavar Sandhai),Amla(Nelli Kai),Amla,Local,20-09-2026,8000,8500,8250
Tamil Nadu,Krishnagiri,Denkanikottai(Uzhavar Sandhai ),Potato,Red Nanital,Local,20-09-2026,2000,2500,2250
Tamil Nadu,Krishnagiri,Denkanikottai(Uzhavar Sandhai ),Cauliflower,Ranchi,Local,20-09-2026,3000,3500,3250
Tamil Nadu,Krishnagiri,Denkanikottai(Uzhavar Sandhai ),Cluster beans,Cluster Beans,Local,20-09-2026,3500,4000,3750
Tamil Nadu,Krishnagiri,Denkanikottai(Uzhavar Sandhai ),Knool Khol,Knool Khol,Local,20-09-2026,2000,2500,2250
Tamil Nadu,Krishnagiri,Denkanikottai(Uzhavar Sandhai ),Lemon,Lemon,Local,20-09-2026,22000,24000,23000
Tamil Nadu,Krishnagiri,Hosur(Uzhavar Sandhai ),Orange,Darjeeling,Local,20-09-2026,22000,24000,23000
Tamil Nadu,Krishnagiri,Hosur(Uzhavar Sandhai ),Onion,Bellary,Local,20-09-2026,6000,6500,6250
Tamil Nadu,Krishnagiri,Hosur(Uzhavar Sandhai ),Papaya,Papaya,Local,20-09-2026,3500,4000,3750
Tamil Nadu,Krishnagiri,Hosur(Uzhavar Sandhai ),Bhindi(Ladies Finger),Bhindi,Local,20-09-2026,3000,3500,3250
Tamil Nadu,Krishnagiri,Hosur(Uzhavar Sandhai ),Cabbage,Cabbage,Local,20-09-2026,1000,1500,1250
Tamil Nadu,Krishnagiri,Hosur(Uzhavar Sandhai ),Capsicum,Capsicum,Local,20-09-2026,3000,3500,3250
Tamil Nadu,Krishnagiri,Hosur(Uzhavar Sandhai ),Pomegranate,Pomogranate,Local,20-09-2026,18000,20000,19000
Tamil Nadu,Krishnagiri,Hosur(Uzhavar Sandhai ),Tube Flower,Tube Flower,Local,20-09-2026,70000,80000,75000
Tamil Nadu,Krishnagiri,Hosur(Uzhavar Sandhai ),Tamarind Fruit,Tamarind Fruit,Local,20-09-2026,12000,15000,13500
Tamil Nadu,Madurai,Anaiyur(Uzhavar Sandhai ),Brinjal,Round,Local,20-09-2026,3600,4500,4050
Tamil Nadu,Madurai,Anaiyur(Uzhavar Sandhai ),Groundnut,Big (With Shell),Local,20-09-2026,7000,8000,7500
Tamil Nadu,Madurai,Anaiyur(Uzhavar Sandhai ),Onion,Bellary,Local,20-09-2026,5000,7000,6000
Tamil Nadu,Madurai,Anaiyur(Uzhavar Sandhai ),Chikoos(Sapota),Sapota,Local,20-09-2026,4000,6000,5000
Tamil Nadu,Madurai,Anaiyur(Uzhavar Sandhai ),Bitter gourd,Bitter Gourd,Local,20-09-2026,5500,6000,5750
Tamil Nadu,Madurai,Anaiyur(Uzhavar Sandhai ),Pumpkin,Pumpkin,Local,20-09-2026,1600,2000,1800
Tamil Nadu,Madurai,Anaiyur(Uzhavar Sandhai ),Banana - Green,Banana - Green,Local,20-09-2026,2000,2400,2200
Tamil Nadu,Madurai,Anaiyur(Uzhavar Sandhai ),Cucumbar(Kheera),Cucumbar,Local,20-09-2026,4000,5000,4500
Tamil Nadu,Madurai,Anaiyur(Uzhavar Sandhai ),Yam(Ratalu),Yam (Ratalu),Local,20-09-2026,6500,7000,6750
Tamil Nadu,Madurai,Anaiyur(Uzhavar Sandhai ),Indian Beans(Seam),Indian Beans (Seam),Local,20-09-2026,5500,6000,5750
Tamil Nadu,Madurai,Anaiyur(Uzhavar Sandhai ),Amla(Nelli Kai),Amla,Local,20-09-2026,8000,9000,8500
Tamil Nadu,Madurai,Anaiyur(Uzhavar Sandhai ),Onion Green,Onion Green,Local,20-09-2026,8000,9000,8500
Tamil Nadu,Madurai,Usilampatti(Uzhavar Sandhai ),Onion,Bellary,Local,20-09-2026,6500,7000,6750
Tamil Nadu,Madurai,Usilampatti(Uzhavar Sandhai ),Green Chilli,Green Chilly,Local,20-09-2026,4500,5000,4750
Tamil Nadu,Madurai,Usilampatti(Uzhavar Sandhai ),Coconut,Coconut,Local,20-09-2026,6800,7000,6900
Tamil Nadu,Madurai,Usilampatti(Uzhavar Sandhai ),Snakeguard,Snakeguard,Local,20-09-2026,3600,4000,3800
Tamil Nadu,Nagapattinam,Sirkali(Uzhavar Sandhai ),Cauliflower,Ranchi,Local,20-09-2026,5000,5000,5000
Tamil Nadu,Nagapattinam,Sirkali(Uzhavar Sandhai ),Amaranthus,Amaranthus,Local,20-09-2026,1500,2000,1750
Tamil Nadu,Nagapattinam,Sirkali(Uzhavar Sandhai ),Beans,Beans (Whole),Local,20-09-2026,9000,9000,9000
Tamil Nadu,Nagapattinam,Sirkali(Uzhavar Sandhai ),Cucumbar(Kheera),Cucumbar,Local,20-09-2026,3000,3000,3000
Tamil Nadu,Nagapattinam,Sirkali(Uzhavar Sandhai ),Raddish,Raddish,Local,20-09-2026,3600,4000,3800
Tamil Nadu,Nagapattinam,Sirkali(Uzhavar Sandhai ),Guava,Guava Allahabad,Local,20-09-2026,4500,5000,4750
Tamil Nadu,Namakkal,Kumarapalayam(Uzhavar Sandhai ),Potato,Other,Local,20-09-2026,3300,3500,3400
Tamil Nadu,Namakkal,Kumarapalayam(Uzhavar Sandhai ),Coriander(Leaves),I Sort,Local,20-09-2026,9000,10000,9500
Tamil Nadu,Namakkal,Kumarapalayam(Uzhavar Sandhai ),Bitter gourd,Other,Local,20-09-2026,5200,5800,5500
Tamil Nadu,Namakkal,Kumarapalayam(Uzhavar Sandhai ),Bottle gourd,Bottle Gourd,Local,20-09-2026,1800,2000,1900
Tamil Nadu,Namakkal,Kumarapalayam(Uzhavar Sandhai ),Amaranthus,Amaranthus,Local,20-09-2026,4500,5000,4750
Tamil Nadu,Namakkal,Kumarapalayam(Uzhavar Sandhai ),Coconut,Coconut,Local,20-09-2026,6000,6400,6200
Tamil Nadu,Namakkal,Kumarapalayam(Uzhavar Sandhai ),Snakeguard,Snakeguard,Local,20-09-2026,4300,4800,4550
Tamil Nadu,Namakkal,Kumarapalayam(Uzhavar Sandhai ),Guava,Guava Allahabad,Local,20-09-2026,6500,7500,7000
Tamil Nadu,Namakkal,Kumarapalayam(Uzhavar Sandhai ),Tender Coconut,Tender Coconut,Local,20-09-2026,3000,3500,3250
Tamil Nadu,Namakkal,Kumarapalayam(Uzhavar Sandhai ),Lemon,Lemon,Local,20-09-2026,14000,16000,15000
Tamil Nadu,Namakkal,Mohanur(Uzhavar Sandhai ),Papaya,Papaya,Local,20-09-2026,3200,3600,3400
Tamil Nadu,Namakkal,Mohanur(Uzhavar Sandhai ),Cluster beans,Cluster Beans,Local,20-09-2026,3500,4000,3750
Tamil Nadu,Namakkal,Mohanur(Uzhavar Sandhai ),Ashgourd,Gouard,Local,20-09-2026,2000,2500,2250
Tamil Nadu,Namakkal,Mohanur(Uzhavar Sandhai ),Amaranthus,Amaranthus,Local,20-09-2026,4500,5000,4750
Tamil Nadu,Namakkal,Mohanur(Uzhavar Sandhai ),Green Chilli,Green Chilly,Local,20-09-2026,6000,7000,6500
Tamil Nadu,Namakkal,Mohanur(Uzhavar Sandhai ),Banana - Green,Banana - Green,Local,20-09-2026,4000,4500,4250
Tamil Nadu,Namakkal,Mohanur(Uzhavar Sandhai ),Snakeguard,Snakeguard,Local,20-09-2026,5000,6000,5500
Tamil Nadu,Namakkal,Mohanur(Uzhavar Sandhai ),Green Avare(W),Other,Local,20-09-2026,9000,10000,9500
Tamil Nadu,Namakkal,Mohanur(Uzhavar Sandhai ),Onion Green,Onion Green,Local,20-09-2026,5000,8000,6500
Tamil Nadu,Namakkal,Namakkal(Uzhavar Sandhai ),Groundnut,Big (With Shell),Local,20-09-2026,6500,7000,6750
Tamil Nadu,Namakkal,Namakkal(Uzhavar Sandhai ),Banana,Red Banana,Local,20-09-2026,7000,7500,7250
Tamil Nadu,Namakkal,Namakkal(Uzhavar Sandhai ),Water Melon,Water Melon,Local,20-09-2026,1200,1600,1400
Tamil Nadu,Namakkal,Namakkal(Uzhavar Sandhai ),Cluster beans,Cluster Beans,Local,20-09-2026,3000,3500,3250
Tamil Nadu,Namakkal,Namakkal(Uzhavar Sandhai ),Bitter gourd,Other,Local,20-09-2026,5500,6000,5750
Tamil Nadu,Namakkal,Namakkal(Uzhavar Sandhai ),Bhindi(Ladies Finger),Bhindi,Local,20-09-2026,3500,4000,3750
Tamil Nadu,Namakkal,Namakkal(Uzhavar Sandhai ),Betal Leaves,Mysore,Local,20-09-2026,12000,13000,12500
Tamil Nadu,Namakkal,Namakkal(Uzhavar Sandhai ),Chow Chow,Chow Chow,Local,20-09-2026,3000,3200,3100
Tamil Nadu,Namakkal,Namakkal(Uzhavar Sandhai ),Knool Khol,Knool Khol,Local,20-09-2026,3500,4000,3750
Tamil Nadu,Namakkal,Namakkal(Uzhavar Sandhai ),Yam(Ratalu),Yam (Ratalu),Local,20-09-2026,7500,8000,7750
Tamil Nadu,Namakkal,Rasipuram(Uzhavar Sandhai ),Chili Red,Bold,Local,20-09-2026,17000,18000,17500
Tamil Nadu,Namakkal,Rasipuram(Uzhavar Sandhai ),Coriander(Leaves),I Sort,Local,20-09-2026,9000,10000,9500
Tamil Nadu,Namakkal,Rasipuram(Uzhavar Sandhai ),Papaya,Papaya,Local,20-09-2026,3000,3500,3250
Tamil Nadu,Namakkal,Rasipuram(Uzhavar Sandhai ),Banana - Green,Banana - Green,Local,20-09-2026,3500,4000,3750
Tamil Nadu,Namakkal,Rasipuram(Uzhavar Sandhai ),Carrot,Pusakesar,Local,20-09-2026,5500,6500,6000
Tamil Nadu,Namakkal,Rasipuram(Uzhavar Sandhai ),Cabbage,Cabbage,Local,20-09-2026,3600,3800,3700
Tamil Nadu,Namakkal,Rasipuram(Uzhavar Sandhai ),Chow Chow,Chow Chow,Local,20-09-2026,2500,3000,2750
Tamil Nadu,Namakkal,Rasipuram(Uzhavar Sandhai ),Lemon,Lemon,Local,20-09-2026,13000,15000,14000
Tamil Nadu,Namakkal,Rasipuram(Uzhavar Sandhai ),Onion Green,Onion Green,Local,20-09-2026,6500,9500,8000
Tamil Nadu,Namakkal,Rasipuram(Uzhavar Sandhai ),Mint(Pudina),Mint(Pudina),Local,20-09-2026,5500,6000,5750
Tamil Nadu,Thanjavur,Tirukattupalli(Uzhavar Sandhai ),Onion,Bellary,Local,20-09-2026,6000,6800,6400
Tamil Nadu,Thanjavur,Tirukattupalli(Uzhavar Sandhai ),Bhindi(Ladies Finger),Bhindi,Local,20-09-2026,4000,4000,4000
Tamil Nadu,Thanjavur,Tirukattupalli(Uzhavar Sandhai ),Onion Green,Onion Green,Local,20-09-2026,8800,8800,8800
Tamil Nadu,Madurai,Palanganatham(Uzhavar Sandhai ),Brinjal,Other,Local,20-09-2026,3000,3600,3300
Tamil Nadu,Madurai,Palanganatham(Uzhavar Sandhai ),Soyabean,Local,Local,20-09-2026,9000,10000,9500
Tamil Nadu,Madurai,Palanganatham(Uzhavar Sandhai ),Coriander(Leaves),I Sort,Local,20-09-2026,4000,4800,4400
Tamil Nadu,Madurai,Palanganatham(Uzhavar Sandhai ),Mousambi(Sweet Lime),Mousambi,Local,20-09-2026,6000,7000,6500
Tamil Nadu,Madurai,Palanganatham(Uzhavar Sandhai ),Green Chilli,Green Chilly,Local,20-09-2026,4000,5000,4500
Tamil Nadu,Madurai,Palanganatham(Uzhavar Sandhai ),Snakeguard,Snakeguard,Local,20-09-2026,3600,4000,3800
Tamil Nadu,Madurai,Palanganatham(Uzhavar Sandhai ),Beetroot,Beetroot,Local,20-09-2026,4000,5000,4500
Tamil Nadu,Madurai,Palanganatham(Uzhavar Sandhai ),Mango(Raw-Ripe),Mango - Raw-Ripe,Local,20-09-2026,10000,13000,11500
Tamil Nadu,Madurai,Palanganatham(Uzhavar Sandhai ),Lime,Lime,Local,20-09-2026,10000,13000,11500
Tamil Nadu,Madurai,Palanganatham(Uzhavar Sandhai ),Mashrooms,Mashrooms,Local,20-09-2026,30000,35000,32500
Tamil Nadu,Madurai,Palanganatham(Uzhavar Sandhai ),Onion Green,Onion Green,Local,20-09-2026,8000,9000,8500
Tamil Nadu,Madurai,Anna nagar(Uzhavar Sandhai ),Soyabean,Local,Local,20-09-2026,8000,10000,9000
Tamil Nadu,Madurai,Anna nagar(Uzhavar Sandhai ),Apple,American,Local,20-09-2026,18000,20000,19000
Tamil Nadu,Madurai,Anna nagar(Uzhavar Sandhai ),Orange,Darjeeling,Local,20-09-2026,14000,16000,15000
Tamil Nadu,Madurai,Anna nagar(Uzhavar Sandhai ),Grapes,Annabesahai,Local,20-09-2026,11000,12000,11500
Tamil Nadu,Madurai,Anna nagar(Uzhavar Sandhai ),Potato,Red Nanital,Local,20-09-2026,5000,5500,5250
Tamil Nadu,Madurai,Anna nagar(Uzhavar Sandhai ),Cauliflower,Ranchi,Local,20-09-2026,2500,3000,2750
Tamil Nadu,Madurai,Anna nagar(Uzhavar Sandhai ),Green Peas,Green Peas,Local,20-09-2026,12000,14000,13000
Tamil Nadu,Madurai,Anna nagar(Uzhavar Sandhai ),Ashgourd,Gouard,Local,20-09-2026,1600,1800,1700
Tamil Nadu,Madurai,Anna nagar(Uzhavar Sandhai ),Bhindi(Ladies Finger),Bhindi,Local,20-09-2026,2400,2800,2600
Tamil Nadu,Madurai,Anna nagar(Uzhavar Sandhai ),Banana - Green,Banana - Green,Local,20-09-2026,2500,3000,2750
Tamil Nadu,Madurai,Anna nagar(Uzhavar Sandhai ),Ginger(Green),Green Ginger,Local,20-09-2026,18000,20000,19000
Tamil Nadu,Madurai,Anna nagar(Uzhavar Sandhai ),Beetroot,Beetroot,Local,20-09-2026,4500,5500,5000
Tamil Nadu,Madurai,Anna nagar(Uzhavar Sandhai ),Raddish,Raddish,Local,20-09-2026,2500,3000,2750
Tamil Nadu,Madurai,Anna nagar(Uzhavar Sandhai ),Thondekai,Thondekai,Local,20-09-2026,3000,3600,3300
Tamil Nadu,Madurai,Anna nagar(Uzhavar Sandhai ),Pomegranate,Pomogranate,Local,20-09-2026,20000,23000,21500
Tamil Nadu,Madurai,Anna nagar(Uzhavar Sandhai ),Turnip,Turnip,Local,20-09-2026,6000,7000,6500
Tamil Nadu,Perambalur,Perambalur(Uzhavar Sandhai ),Grapes,Annabesahai,Local,20-09-2026,10000,12000,11000
Tamil Nadu,Perambalur,Perambalur(Uzhavar Sandhai ),Amaranthus,Amaranthus,Local,20-09-2026,1500,2000,1750
Tamil Nadu,Perambalur,Perambalur(Uzhavar Sandhai ),Cabbage,Cabbage,Local,20-09-2026,3000,3200,3100
Tamil Nadu,Perambalur,Perambalur(Uzhavar Sandhai ),Snakeguard,Snakeguard,Local,20-09-2026,2800,3200,3000
Tamil Nadu,Perambalur,Perambalur(Uzhavar Sandhai ),Beetroot,Beetroot,Local,20-09-2026,5000,6000,5500
Tamil Nadu,Perambalur,Perambalur(Uzhavar Sandhai ),Raddish,Raddish,Local,20-09-2026,2400,2800,2600
Tamil Nadu,Perambalur,Perambalur(Uzhavar Sandhai ),Chow Chow,Chow Chow,Local,20-09-2026,4000,4600,4300
Tamil Nadu,Perambalur,Perambalur(Uzhavar Sandhai ),Drumstick,Drumstick,Local,20-09-2026,3000,3600,3300
Tamil Nadu,Perambalur,Perambalur(Uzhavar Sandhai ),Mango(Raw-Ripe),Mango - Raw-Ripe,Local,20-09-2026,11600,16800,14200
Tamil Nadu,Perambalur,Perambalur(Uzhavar Sandhai ),Guava,Guava Allahabad,Local,20-09-2026,6000,7000,6500
Tamil Nadu,Perambalur,Perambalur(Uzhavar Sandhai ),Elephant Yam(Suran)/Amorphophallus,Elephant Yam (Suran),Local,20-09-2026,4000,4800,4400
Tamil Nadu,Perambalur,Perambalur(Uzhavar Sandhai ),Indian Beans(Seam),Indian Beans (Seam),Local,20-09-2026,7000,8000,7500
Tamil Nadu,Perambalur,Perambalur(Uzhavar Sandhai ),Onion Green,Onion Green,Local,20-09-2026,3500,6000,4750
Tamil Nadu,Perambalur,Perambalur(Uzhavar Sandhai ),Mint(Pudina),Mint(Pudina),Local,20-09-2026,6500,7200,6850
Tamil Nadu,Salem,Mecheri(Uzhavar Sandhai),Banana,Karpura,Local,20-09-2026,4500,5000,4750
Tamil Nadu,Salem,Mecheri(Uzhavar Sandhai),Papaya,Papaya,Local,20-09-2026,2500,3000,2750
Tamil Nadu,Salem,Mecheri(Uzhavar Sandhai),Amaranthus,Amaranthus,Local,20-09-2026,2000,2500,2250
Tamil Nadu,Salem,Mecheri(Uzhavar Sandhai),Ridgeguard(Tori),Ridgeguard(Tori),Local,20-09-2026,3500,4000,3750
Tamil Nadu,Ranipet,Arcot(Uzhavar Sandhai ),Pumpkin,Pumpkin,Local,20-09-2026,2000,2000,2000
Tamil Nadu,Ranipet,Arcot(Uzhavar Sandhai ),Amaranthus,Amaranthus,Local,20-09-2026,2500,3000,2750
Tamil Nadu,Ranipet,Arcot(Uzhavar Sandhai ),Banana - Green,Banana - Green,Local,20-09-2026,4000,5000,4500
Tamil Nadu,Ranipet,Arcot(Uzhavar Sandhai ),Cabbage,Cabbage,Local,20-09-2026,3000,3000,3000
Tamil Nadu,Ranipet,Arcot(Uzhavar Sandhai ),Beetroot,Beetroot,Local,20-09-2026,5500,5500,5500
Tamil Nadu,Ranipet,Arcot(Uzhavar Sandhai ),Chow Chow,Chow Chow,Local,20-09-2026,4000,4000,4000
Tamil Nadu,Ranipet,Arcot(Uzhavar Sandhai ),Pomegranate,Pomogranate,Local,20-09-2026,15000,15000,15000
Tamil Nadu,Ranipet,Arcot(Uzhavar Sandhai ),Elephant Yam(Suran)/Amorphophallus,Elephant Yam (Suran),Local,20-09-2026,6000,6000,6000
Tamil Nadu,Ranipet,Arcot(Uzhavar Sandhai ),Amla(Nelli Kai),Amla,Local,20-09-2026,12000,12000,12000
Tamil Nadu,Ranipet,Arcot(Uzhavar Sandhai ),Onion Green,Onion Green,Local,20-09-2026,9000,9000,9000
Tamil Nadu,Ranipet,Ranipettai(Uzhavar Sandhai ),Brinjal,Other,Local,20-09-2026,3600,4000,3800
Tamil Nadu,Ranipet,Ranipettai(Uzhavar Sandhai ),Groundnut,Big (With Shell),Local,20-09-2026,6000,6000,6000
Tamil Nadu,Ranipet,Ranipettai(Uzhavar Sandhai ),Potato,Other,Local,20-09-2026,3300,3300,3300
Tamil Nadu,Ranipet,Ranipettai(Uzhavar Sandhai ),Mousambi(Sweet Lime),Mousambi,Local,20-09-2026,8000,8000,8000
Tamil Nadu,Ranipet,Ranipettai(Uzhavar Sandhai ),Cluster beans,Cluster Beans,Local,20-09-2026,3000,3000,3000
Tamil Nadu,Ranipet,Ranipettai(Uzhavar Sandhai ),Ashgourd,Gouard,Local,20-09-2026,3000,3000,3000
Tamil Nadu,Ranipet,Ranipettai(Uzhavar Sandhai ),Beans,Beans (Whole),Local,20-09-2026,7000,9000,8000
Tamil Nadu,Ranipet,Ranipettai(Uzhavar Sandhai ),Tapioca,Tapioca,Local,20-09-2026,4000,4000,4000
Tamil Nadu,Ranipet,Ranipettai(Uzhavar Sandhai ),Coconut,Coconut,Local,20-09-2026,5000,6000,5500
Tamil Nadu,Ranipet,Ranipettai(Uzhavar Sandhai ),Beetroot,Beetroot,Local,20-09-2026,5500,5500,5500
Tamil Nadu,Ranipet,Ranipettai(Uzhavar Sandhai ),Thondekai,Thondekai,Local,20-09-2026,3000,3000,3000
Tamil Nadu,Ranipet,Ranipettai(Uzhavar Sandhai ),Elephant Yam(Suran)/Amorphophallus,Elephant Yam (Suran),Local,20-09-2026,5600,5600,5600
Tamil Nadu,Ranipet,Ranipettai(Uzhavar Sandhai ),Sweet Corn ,Sweet Corn ,Local,20-09-2026,3600,4000,3800
Tamil Nadu,Salem,Ammapet(Uzhavar Sandhai ),Grapes,Annabesahai,Local,20-09-2026,9000,10000,9500
Tamil Nadu,Salem,Ammapet(Uzhavar Sandhai ),Ashgourd,Gouard,Local,20-09-2026,2000,2200,2100
Tamil Nadu,Salem,Ammapet(Uzhavar Sandhai ),Bhindi(Ladies Finger),Bhindi,Local,20-09-2026,3200,3400,3300
Tamil Nadu,Salem,Ammapet(Uzhavar Sandhai ),Carrot,Pusakesar,Local,20-09-2026,5000,5500,5250
Tamil Nadu,Salem,Ammapet(Uzhavar Sandhai ),Ridgeguard(Tori),Ridgeguard(Tori),Local,20-09-2026,4200,4500,4350
Tamil Nadu,Salem,Ammapet(Uzhavar Sandhai ),Capsicum,Capsicum,Local,20-09-2026,5000,5500,5250
Tamil Nadu,Salem,Ammapet(Uzhavar Sandhai ),Green Avare(W),Other,Local,20-09-2026,5600,6000,5800
Tamil Nadu,Salem,Ammapet(Uzhavar Sandhai ),Pomegranate,Pomogranate,Local,20-09-2026,15000,16000,15500
Tamil Nadu,Salem,Ammapet(Uzhavar Sandhai ),Elephant Yam(Suran)/Amorphophallus,Elephant Yam (Suran),Local,20-09-2026,4600,5000,4800
Tamil Nadu,Salem,Ammapet(Uzhavar Sandhai ),Lemon,Lemon,Local,20-09-2026,11000,12000,11500
Tamil Nadu,Salem,Mettur(Uzhavar Sandhai ),Groundnut,Big (With Shell),Local,20-09-2026,6000,6500,6250
Tamil Nadu,Salem,Mettur(Uzhavar Sandhai ),Coriander(Leaves),I Sort,Local,20-09-2026,4500,5000,4750
Tamil Nadu,Salem,Mettur(Uzhavar Sandhai ),Papaya,Papaya,Local,20-09-2026,2500,3000,2750
Tamil Nadu,Salem,Mettur(Uzhavar Sandhai ),Bitter gourd,Bitter Gourd,Local,20-09-2026,4000,4500,4250
Tamil Nadu,Salem,Mettur(Uzhavar Sandhai ),Ashgourd,Gouard,Local,20-09-2026,1500,2000,1750
Tamil Nadu,Salem,Mettur(Uzhavar Sandhai ),Amaranthus,Amaranthus,Local,20-09-2026,2000,2500,2250
Tamil Nadu,Salem,Mettur(Uzhavar Sandhai ),Banana - Green,Banana - Green,Local,20-09-2026,2500,3000,2750
Tamil Nadu,Salem,Mettur(Uzhavar Sandhai ),Ginger(Green),Green Ginger,Local,20-09-2026,17000,18000,17500
Tamil Nadu,Salem,Mettur(Uzhavar Sandhai ),Coconut,Coconut,Local,20-09-2026,5500,6000,5750
Tamil Nadu,Salem,Mettur(Uzhavar Sandhai ),Beetroot,Beetroot,Local,20-09-2026,5500,6000,5750
Tamil Nadu,Salem,Mettur(Uzhavar Sandhai ),Thondekai,Thondekai,Local,20-09-2026,4500,5000,4750
Tamil Nadu,Salem,Mettur(Uzhavar Sandhai ),Onion Green,Onion Green,Local,20-09-2026,7000,8000,7500
Tamil Nadu,Salem,Sooramangalam(Uzhavar Sandhai ),Bhindi(Ladies Finger),Bhindi,Local,20-09-2026,2800,3000,2900
Tamil Nadu,Thiruchirappalli,Thuraiyur APMC,Banana,Besrai,Local,20-09-2026,5000,6000,5500
Tamil Nadu,Thiruchirappalli,Thuraiyur APMC,Tomato,Other,Local,20-09-2026,2500,3000,2750
Tamil Nadu,Thiruchirappalli,Thuraiyur APMC,Amaranthus,Amaranthus,Local,20-09-2026,1500,2000,1750
Tamil Nadu,Thiruchirappalli,Thuraiyur APMC,Sweet Potato,Hosur Red,Local,20-09-2026,4000,4500,4250
Tamil Nadu,Thiruchirappalli,Thuraiyur APMC,Snakeguard,Snakeguard,Local,20-09-2026,3500,4000,3750
Tamil Nadu,Thiruchirappalli,Thuraiyur APMC,Ridgeguard(Tori),Ridgeguard(Tori),Local,20-09-2026,4500,5000,4750
Tamil Nadu,Thiruchirappalli,Thuraiyur APMC,Green Avare(W),Green Avare (W),Local,20-09-2026,7000,8000,7500
Tamil Nadu,Thiruchirappalli,Thuraiyur APMC,Drumstick,Drumstick,Local,20-09-2026,4000,4500,4250
Tamil Nadu,Thiruchirappalli,Thuraiyur APMC,Tender Coconut,Tender Coconut,Local,20-09-2026,4000,5000,4500
Tamil Nadu,Thiruchirappalli,Thuraiyur APMC,Onion Green,Onion Green,Local,20-09-2026,7000,11000,9000
Tamil Nadu,Salem,Thammampatti (Uzhavar Sandhai ),Banana,Red Banana,Local,20-09-2026,6500,7000,6750
Tamil Nadu,Salem,Thammampatti (Uzhavar Sandhai ),Cauliflower,Ranchi,Local,20-09-2026,2500,3500,3000
Tamil Nadu,Salem,Thammampatti (Uzhavar Sandhai ),Cluster beans,Cluster Beans,Local,20-09-2026,4000,4000,4000
Tamil Nadu,Salem,Thammampatti (Uzhavar Sandhai ),Ashgourd,Gouard,Local,20-09-2026,2000,2000,2000
Tamil Nadu,Salem,Thammampatti (Uzhavar Sandhai ),Tapioca,Tapioca,Local,20-09-2026,4000,4000,4000
Tamil Nadu,Salem,Thammampatti (Uzhavar Sandhai ),Beetroot,Beetroot,Local,20-09-2026,6500,7000,6750
Tamil Nadu,Salem,Thammampatti (Uzhavar Sandhai ),Knool Khol,Knool Khol,Local,20-09-2026,4000,4500,4250
Tamil Nadu,Salem,Thammampatti (Uzhavar Sandhai ),Tender Coconut,Tender Coconut,Local,20-09-2026,3500,4000,3750
Tamil Nadu,Salem,Thammampatti (Uzhavar Sandhai ),Elephant Yam(Suran)/Amorphophallus,Elephant Yam (Suran),Local,20-09-2026,2500,3000,2750
Tamil Nadu,Salem,Thammampatti (Uzhavar Sandhai ),Lemon,Lemon,Local,20-09-2026,8000,9000,8500
Tamil Nadu,Salem,Thathakapatti(Uzhavar Sandhai ),Green Peas,Green Peas,Local,20-09-2026,12000,14000,13000
Tamil Nadu,Salem,Thathakapatti(Uzhavar Sandhai ),Water Melon,Water Melon,Local,20-09-2026,1500,2000,1750
Tamil Nadu,Salem,Thathakapatti(Uzhavar Sandhai ),Mousambi(Sweet Lime),Mousambi,Local,20-09-2026,3500,4000,3750
Tamil Nadu,Salem,Thathakapatti(Uzhavar Sandhai ),Ashgourd,Gouard,Local,20-09-2026,1500,2000,1750
Tamil Nadu,Salem,Thathakapatti(Uzhavar Sandhai ),Coconut,Coconut,Local,20-09-2026,6000,6500,6250
Tamil Nadu,Salem,Thathakapatti(Uzhavar Sandhai ),Ridgeguard(Tori),Ridgeguard(Tori),Local,20-09-2026,3000,4000,3500
Tamil Nadu,Salem,Thathakapatti(Uzhavar Sandhai ),Capsicum,Capsicum,Local,20-09-2026,5500,6000,5750
Tamil Nadu,Salem,Thathakapatti(Uzhavar Sandhai ),Chow Chow,Chow Chow,Local,20-09-2026,3500,4000,3750
Tamil Nadu,Salem,Thathakapatti(Uzhavar Sandhai ),Jasmine,Jasmine,Local,20-09-2026,34000,36000,35000
Tamil Nadu,Salem,Thathakapatti(Uzhavar Sandhai ),Indian Beans(Seam),Indian Beans (Seam),Local,20-09-2026,6000,6500,6250
Tamil Nadu,Salem,Thathakapatti(Uzhavar Sandhai ),Lemon,Lemon,Local,20-09-2026,18000,20000,19000
Tamil Nadu,Salem,Thathakapatti(Uzhavar Sandhai ),Rose(Local),Rose (Local),Local,20-09-2026,10000,12000,11000
Tamil Nadu,Salem,Thathakapatti(Uzhavar Sandhai ),Tube Rose(Loose),Tube Rose (Loose),Local,20-09-2026,10000,12000,11000
Tamil Nadu,Theni,Chinnamanur(Uzhavar Sandhai ),Onion,Bellary,Local,20-09-2026,6000,6600,6300
Tamil Nadu,Theni,Chinnamanur(Uzhavar Sandhai ),Cabbage,Cabbage,Local,20-09-2026,2800,2800,2800
Tamil Nadu,Theni,Chinnamanur(Uzhavar Sandhai ),Beetroot,Beetroot,Local,20-09-2026,3600,3600,3600
Tamil Nadu,Theni,Chinnamanur(Uzhavar Sandhai ),Raddish,Raddish,Local,20-09-2026,2400,2400,2400
Tamil Nadu,Theni,Chinnamanur(Uzhavar Sandhai ),Indian Beans(Seam),Indian Beans (Seam),Local,20-09-2026,5400,5400,5400
Tamil Nadu,Theni,Kambam(Uzhavar Sandhai ),Brinjal,Round,Local,20-09-2026,3200,3200,3200
Tamil Nadu,Theni,Kambam(Uzhavar Sandhai ),Soyabean,Local,Local,20-09-2026,9500,9500,9500
Tamil Nadu,Theni,Kambam(Uzhavar Sandhai ),Papaya,Papaya,Local,20-09-2026,3000,3000,3000
Tamil Nadu,Theni,Kambam(Uzhavar Sandhai ),Tomato,Local,Local,20-09-2026,2400,2400,2400
Tamil Nadu,Theni,Kambam(Uzhavar Sandhai ),Green Chilli,Green Chilly,Local,20-09-2026,4600,5000,4800
Tamil Nadu,Theni,Kambam(Uzhavar Sandhai ),Beans,Beans (Whole),Local,20-09-2026,7000,8000,7500
Tamil Nadu,Theni,Kambam(Uzhavar Sandhai ),Ginger(Green),Green Ginger,Local,20-09-2026,16500,16500,16500
Tamil Nadu,Theni,Kambam(Uzhavar Sandhai ),Coconut,Coconut,Local,20-09-2026,5800,5800,5800
Tamil Nadu,Theni,Kambam(Uzhavar Sandhai ),Ridgeguard(Tori),Ridgeguard(Tori),Local,20-09-2026,3800,3800,3800
Tamil Nadu,Theni,Kambam(Uzhavar Sandhai ),Thondekai,Thondekai,Local,20-09-2026,3600,3600,3600
Tamil Nadu,Theni,Kambam(Uzhavar Sandhai ),Green Avare(W),Green Avare (W),Local,20-09-2026,7200,7200,7200
Tamil Nadu,Theni,Kambam(Uzhavar Sandhai ),Indian Beans(Seam),Indian Beans (Seam),Local,20-09-2026,6000,6000,6000
Tamil Nadu,Theni,Kambam(Uzhavar Sandhai ),Onion Green,Onion Green,Local,20-09-2026,8000,8000,8000
Tamil Nadu,Theni,Theni(Uzhavar Sandhai ),Apple,American,Local,20-09-2026,14000,26000,20000
Tamil Nadu,Theni,Theni(Uzhavar Sandhai ),Potato,Other,Local,20-09-2026,5500,5500,5500
Tamil Nadu,Theni,Theni(Uzhavar Sandhai ),Chili Red,Bold,Local,20-09-2026,10000,10000,10000
Tamil Nadu,Theni,Theni(Uzhavar Sandhai ),Green Peas,Green Peas,Local,20-09-2026,13500,13500,13500
Tamil Nadu,Theni,Theni(Uzhavar Sandhai ),Cluster beans,Cluster Beans,Local,20-09-2026,3000,3000,3000
Tamil Nadu,Theni,Theni(Uzhavar Sandhai ),Pumpkin,Pumpkin,Local,20-09-2026,1500,1800,1650
Tamil Nadu,Theni,Theni(Uzhavar Sandhai ),Karbuja(Musk Melon),Karbhuja,Local,20-09-2026,6000,6000,6000
Tamil Nadu,Theni,Theni(Uzhavar Sandhai ),Elephant Yam(Suran)/Amorphophallus,Elephant Yam (Suran),Local,20-09-2026,3500,3500,3500
Tamil Nadu,Theni,Theni(Uzhavar Sandhai ),Indian Beans(Seam),Indian Beans (Seam),Local,20-09-2026,5400,5400,5400
Tamil Nadu,Theni,Theni(Uzhavar Sandhai ),Lemon,Lemon,Local,20-09-2026,20000,22000,21000
Tamil Nadu,Theni,Theni(Uzhavar Sandhai ),Custard Apple(Sharifa),Custard Apple(Sharifa),Local,20-09-2026,8000,8000,8000
Tamil Nadu,Theni,Theni(Uzhavar Sandhai ),Onion Green,Onion Green,Local,20-09-2026,8000,8500,8250
Tamil Nadu,Theni,Theni(Uzhavar Sandhai ),Mint(Pudina),Mint(Pudina),Local,20-09-2026,5500,5500,5500
Tamil Nadu,Thirunelveli,NGO Colony(Uzhavar Sandhai ),Brinjal,Round,Local,20-09-2026,3000,3800,3400
Tamil Nadu,Thirunelveli,NGO Colony(Uzhavar Sandhai ),Coriander(Leaves),I Sort,Local,20-09-2026,4000,4500,4250
Tamil Nadu,Thirunelveli,NGO Colony(Uzhavar Sandhai ),Tomato,Deshi,Local,20-09-2026,1500,2000,1750
Tamil Nadu,Thirunelveli,NGO Colony(Uzhavar Sandhai ),Pumpkin,Pumpkin,Local,20-09-2026,1000,1200,1100
Tamil Nadu,Thirunelveli,NGO Colony(Uzhavar Sandhai ),Amaranthus,Amaranthus,Local,20-09-2026,1000,1500,1250
Tamil Nadu,Thirunelveli,NGO Colony(Uzhavar Sandhai ),Beans,Beans (Whole),Local,20-09-2026,10000,12000,11000
Tamil Nadu,Thirunelveli,NGO Colony(Uzhavar Sandhai ),Beetroot,Beetroot,Local,20-09-2026,4000,4600,4300
Tamil Nadu,Thirunelveli,NGO Colony(Uzhavar Sandhai ),Raddish,Raddish,Local,20-09-2026,3000,3500,3250
Tamil Nadu,Thirunelveli,NGO Colony(Uzhavar Sandhai ),Mint(Pudina),Mint(Pudina),Local,20-09-2026,6500,7000,6750
Tamil Nadu,Thirunelveli,Palayamkottai(Uzhavar Sandhai ),Brinjal,Other,Local,20-09-2026,2000,2500,2250
Tamil Nadu,Thirunelveli,Palayamkottai(Uzhavar Sandhai ),Grapes,Annabesahai,Local,20-09-2026,11000,12000,11500
Tamil Nadu,Thirunelveli,Palayamkottai(Uzhavar Sandhai ),Green Peas,Green Peas,Local,20-09-2026,16000,18000,17000
Tamil Nadu,Thirunelveli,Palayamkottai(Uzhavar Sandhai ),Tomato,Deshi,Local,20-09-2026,1800,2000,1900
Tamil Nadu,Thirunelveli,Palayamkottai(Uzhavar Sandhai ),Cluster beans,Cluster Beans,Local,20-09-2026,1800,2000,1900
Tamil Nadu,Thirunelveli,Palayamkottai(Uzhavar Sandhai ),Ashgourd,Gouard,Local,20-09-2026,1000,1200,1100
Tamil Nadu,Thirunelveli,Palayamkottai(Uzhavar Sandhai ),Ginger(Green),Green Ginger,Local,20-09-2026,17000,18000,17500
Tamil Nadu,Thirunelveli,Palayamkottai(Uzhavar Sandhai ),Cabbage,Cabbage,Local,20-09-2026,2400,2600,2500
Tamil Nadu,Thirunelveli,Palayamkottai(Uzhavar Sandhai ),Thondekai,Thondekai,Local,20-09-2026,4500,5000,4750
Tamil Nadu,Thirunelveli,Palayamkottai(Uzhavar Sandhai ),Chow Chow,Chow Chow,Local,20-09-2026,3400,3600,3500
Tamil Nadu,Thirunelveli,Palayamkottai(Uzhavar Sandhai ),Guava,Guava Allahabad,Local,20-09-2026,6000,8000,7000
Tamil Nadu,Thirunelveli,Palayamkottai(Uzhavar Sandhai ),Elephant Yam(Suran)/Amorphophallus,Elephant Yam (Suran),Local,20-09-2026,3600,4000,3800
Tamil Nadu,Thirunelveli,Palayamkottai(Uzhavar Sandhai ),Mint(Pudina),Mint(Pudina),Local,20-09-2026,6500,7000,6750
Tamil Nadu,Thirupur,Kangayam(Uzhavar Sandhai ),Onion,Bellary,Local,20-09-2026,4500,5200,4850
Tamil Nadu,Thirupur,Kangayam(Uzhavar Sandhai ),Papaya,Papaya,Local,20-09-2026,2000,2500,2250
Tamil Nadu,Thirupur,Kangayam(Uzhavar Sandhai ),Banana - Green,Banana - Green,Local,20-09-2026,2500,3000,2750
Tamil Nadu,Thirupur,Kangayam(Uzhavar Sandhai ),Coconut,Coconut,Local,20-09-2026,5000,5200,5100
Tamil Nadu,Thirupur,Kangayam(Uzhavar Sandhai ),Beetroot,Beetroot,Local,20-09-2026,2400,2800,2600
Tamil Nadu,Thirupur,Kangayam(Uzhavar Sandhai ),Ridgeguard(Tori),Ridgeguard(Tori),Local,20-09-2026,5000,5500,5250
Tamil Nadu,Thirupur,Kangayam(Uzhavar Sandhai ),Drumstick,Drumstick,Local,20-09-2026,2500,3000,2750
Tamil Nadu,Thirupur,Kangayam(Uzhavar Sandhai ),Lemon,Lemon,Local,20-09-2026,20000,22000,21000
Tamil Nadu,Thirupur,Kangayam(Uzhavar Sandhai ),Amla(Nelli Kai),Amla,Local,20-09-2026,8000,8500,8250
Tamil Nadu,Thirupur,Tiruppur (North) (Uzhavar Sandhai ),Groundnut,Big (With Shell),Local,20-09-2026,5000,6000,5500
Tamil Nadu,Thirupur,Tiruppur (North) (Uzhavar Sandhai ),Potato,Other,Local,20-09-2026,5000,6000,5500
Tamil Nadu,Thirupur,Tiruppur (North) (Uzhavar Sandhai ),Pumpkin,Pumpkin,Local,20-09-2026,1200,1500,1350
Tamil Nadu,Thirupur,Tiruppur (North) (Uzhavar Sandhai ),Beans,Beans (Whole),Local,20-09-2026,6000,7000,6500
Tamil Nadu,Thirupur,Tiruppur (North) (Uzhavar Sandhai ),Coconut,Coconut,Local,20-09-2026,5500,5800,5650
Tamil Nadu,Thirupur,Tiruppur (North) (Uzhavar Sandhai ),Elephant Yam(Suran)/Amorphophallus,Elephant Yam (Suran),Local,20-09-2026,4500,5000,4750
Tamil Nadu,Thirupur,Tiruppur (North) (Uzhavar Sandhai ),Yam(Ratalu),Yam (Ratalu),Local,20-09-2026,6000,7000,6500
Tamil Nadu,Thirupur,Tiruppur (North) (Uzhavar Sandhai ),Lemon,Lemon,Local,20-09-2026,26000,27000,26500
Tamil Nadu,Thiruvannamalai,Chengam(Uzhavar Sandhai ),Brinjal,Round,Local,20-09-2026,2500,3000,2750
Tamil Nadu,Thiruvannamalai,Chengam(Uzhavar Sandhai ),Groundnut,Big (With Shell),Local,20-09-2026,7000,8000,7500
Tamil Nadu,Thiruvannamalai,Chengam(Uzhavar Sandhai ),Garlic,Garlic,Local,20-09-2026,20000,24000,22000
Tamil Nadu,Thiruvannamalai,Chengam(Uzhavar Sandhai ),Water Melon,Water Melon,Local,20-09-2026,1200,1500,1350
Tamil Nadu,Thiruvannamalai,Chengam(Uzhavar Sandhai ),Bottle gourd,Bottle Gourd,Local,20-09-2026,1600,2000,1800
Tamil Nadu,Thiruvannamalai,Chengam(Uzhavar Sandhai ),Pumpkin,Pumpkin,Local,20-09-2026,2000,2500,2250
Tamil Nadu,Thiruvannamalai,Chengam(Uzhavar Sandhai ),Bhindi(Ladies Finger),Bhindi,Local,20-09-2026,2500,3000,2750
Tamil Nadu,Thiruvannamalai,Chengam(Uzhavar Sandhai ),Amaranthus,Amaranthus,Local,20-09-2026,1200,1500,1350
Tamil Nadu,Thiruvannamalai,Chengam(Uzhavar Sandhai ),Coconut,Coconut,Local,20-09-2026,4200,5000,4600
Tamil Nadu,Thiruvannamalai,Chengam(Uzhavar Sandhai ),Carrot,Pusakesar,Local,20-09-2026,6000,7200,6600
Tamil Nadu,Thiruvannamalai,Chengam(Uzhavar Sandhai ),Cabbage,Cabbage,Local,20-09-2026,2500,3000,2750
Tamil Nadu,Thiruvannamalai,Chengam(Uzhavar Sandhai ),Beetroot,Beetroot,Local,20-09-2026,4000,4800,4400
Tamil Nadu,Thiruvannamalai,Chengam(Uzhavar Sandhai ),Ridgeguard(Tori),Ridgeguard(Tori),Local,20-09-2026,3300,4000,3650
Tamil Nadu,Thiruvannamalai,Chengam(Uzhavar Sandhai ),Green Avare(W),Green Avare (W),Local,20-09-2026,5000,6000,5500
Tamil Nadu,Thiruvannamalai,Chengam(Uzhavar Sandhai ),Guava,Guava Allahabad,Local,20-09-2026,5000,6000,5500
Tamil Nadu,Thiruvannamalai,Chengam(Uzhavar Sandhai ),Mint(Pudina),Mint(Pudina),Local,20-09-2026,3300,4000,3650
Tamil Nadu,Thiruvannamalai,Tamarainagar(Uzhavar Sandhai ),Bitter gourd,Bitter Gourd,Local,20-09-2026,3500,4000,3750
Tamil Nadu,Thiruvannamalai,Tamarainagar(Uzhavar Sandhai ),Amaranthus,Amaranthus,Local,20-09-2026,4000,5000,4500
Tamil Nadu,Thiruvannamalai,Tamarainagar(Uzhavar Sandhai ),Green Chilli,Green Chilly,Local,20-09-2026,4000,5000,4500
Tamil Nadu,Thiruvannamalai,Tamarainagar(Uzhavar Sandhai ),Banana - Green,Banana - Green,Local,20-09-2026,4000,5000,4500
Tamil Nadu,Thiruvannamalai,Tamarainagar(Uzhavar Sandhai ),Beans,Beans (Whole),Local,20-09-2026,7000,8000,7500
Tamil Nadu,Thiruvannamalai,Tamarainagar(Uzhavar Sandhai ),Tapioca,Tapioca,Local,20-09-2026,2000,2400,2200
Tamil Nadu,Thiruvannamalai,Tamarainagar(Uzhavar Sandhai ),Thondekai,Thondekai,Local,20-09-2026,3500,4000,3750
Tamil Nadu,Thiruvannamalai,Tamarainagar(Uzhavar Sandhai ),Colacasia,Colacasia,Local,20-09-2026,3500,4000,3750
Tamil Nadu,Thiruvannamalai,Tamarainagar(Uzhavar Sandhai ),Amla(Nelli Kai),Amla,Local,20-09-2026,12000,14000,13000
Tamil Nadu,Thiruvannamalai,Tamarainagar(Uzhavar Sandhai ),Mint(Pudina),Mint(Pudina),Local,20-09-2026,5000,6000,5500
Tamil Nadu,Thiruvannamalai,Vandavasi(Uzhavar Sandhai ),Potato,Other,Local,20-09-2026,3000,3600,3300
Tamil Nadu,Thiruvannamalai,Vandavasi(Uzhavar Sandhai ),Papaya,Papaya,Local,20-09-2026,3500,4000,3750
Tamil Nadu,Thiruvannamalai,Vandavasi(Uzhavar Sandhai ),Bottle gourd,Bottle Gourd,Local,20-09-2026,1600,2000,1800
Tamil Nadu,Thiruvannamalai,Vandavasi(Uzhavar Sandhai ),Ashgourd,Gouard,Local,20-09-2026,2000,2500,2250
Tamil Nadu,Thiruvannamalai,Vandavasi(Uzhavar Sandhai ),Bhindi(Ladies Finger),Bhindi,Local,20-09-2026,2500,3000,2750
Tamil Nadu,Thiruvannamalai,Vandavasi(Uzhavar Sandhai ),Green Avare(W),Other,Local,20-09-2026,5000,6000,5500
Tamil Nadu,Thiruvannamalai,Vandavasi(Uzhavar Sandhai ),Drumstick,Drumstick,Local,20-09-2026,3600,4200,3900
Tamil Nadu,Thiruvarur,Muthupettai(Uzhavar Sandhai ),Coriander(Leaves),I Sort,Local,20-09-2026,4000,4000,4000
Tamil Nadu,Thiruvarur,Muthupettai(Uzhavar Sandhai ),Green Chilli,Green Chilly,Local,20-09-2026,4800,4800,4800
Tamil Nadu,Thiruvarur,Muthupettai(Uzhavar Sandhai ),Banana - Green,Banana - Green,Local,20-09-2026,4000,4000,4000
Tamil Nadu,Thiruvarur,Muthupettai(Uzhavar Sandhai ),Lime,Lime,Local,20-09-2026,3000,3000,3000
Tamil Nadu,Coimbatore,Sulur(Uzhavar Sandhai ),Brinjal,Round,Local,20-09-2026,3600,5000,4300
Tamil Nadu,Coimbatore,Sulur(Uzhavar Sandhai ),Potato,Red Nanital,Local,20-09-2026,5000,7000,6000
Tamil Nadu,Coimbatore,Sulur(Uzhavar Sandhai ),Tomato,Deshi,Local,20-09-2026,2400,2800,2600
Tamil Nadu,Coimbatore,Sulur(Uzhavar Sandhai ),Beans,Beans (Whole),Local,20-09-2026,6600,7200,6900
Tamil Nadu,Coimbatore,Sulur(Uzhavar Sandhai ),Coconut,Coconut,Local,20-09-2026,5600,6000,5800
Tamil Nadu,Coimbatore,Sulur(Uzhavar Sandhai ),Cucumbar(Kheera),Cucumbar,Local,20-09-2026,4000,4500,4250
Tamil Nadu,Coimbatore,Sulur(Uzhavar Sandhai ),Green Avare(W),Green Avare (W),Local,20-09-2026,6000,6500,6250
Tamil Nadu,Coimbatore,Sulur(Uzhavar Sandhai ),Chow Chow,Chow Chow,Local,20-09-2026,3200,3500,3350
Tamil Nadu,Coimbatore,Sulur(Uzhavar Sandhai ),Guava,Guava Allahabad,Local,20-09-2026,6000,7000,6500
Tamil Nadu,Coimbatore,Sulur(Uzhavar Sandhai ),Mint(Pudina),Mint(Pudina),Local,20-09-2026,5400,6000,5700
Tamil Nadu,Pudukkottai,Gandarvakottai(Uzhavar Sandhai ),Onion,Bellary,Local,20-09-2026,6500,7000,6750
Tamil Nadu,Pudukkottai,Gandarvakottai(Uzhavar Sandhai ),Bitter gourd,Bitter Gourd,Local,20-09-2026,6500,7000,6750
Tamil Nadu,Pudukkottai,Gandarvakottai(Uzhavar Sandhai ),Snakeguard,Snakeguard,Local,20-09-2026,2500,3000,2750
Tamil Nadu,Pudukkottai,Gandarvakottai(Uzhavar Sandhai ),Raddish,Raddish,Local,20-09-2026,2500,3000,2750
Tamil Nadu,Pudukkottai,Gandarvakottai(Uzhavar Sandhai ),Green Avare(W),Green Avare (W),Local,20-09-2026,6500,7000,6750
Tamil Nadu,Pudukkottai,Gandarvakottai(Uzhavar Sandhai ),Onion Green,Onion Green,Local,20-09-2026,9500,10000,9750
Tamil Nadu,Cuddalore,Panruti(Uzhavar Sandhai ),Cluster beans,Cluster Beans,Local,20-09-2026,3000,3000,3000
Tamil Nadu,Cuddalore,Panruti(Uzhavar Sandhai ),Pumpkin,Pumpkin,Local,20-09-2026,2000,2000,2000
Tamil Nadu,Cuddalore,Panruti(Uzhavar Sandhai ),Bhindi(Ladies Finger),Bhindi,Local,20-09-2026,3000,3000,3000
Tamil Nadu,Cuddalore,Panruti(Uzhavar Sandhai ),Amaranthus,Amaranthus,Local,20-09-2026,2000,2000,2000
Tamil Nadu,Cuddalore,Panruti(Uzhavar Sandhai ),Green Chilli,Green Chilly,Local,20-09-2026,5000,5000,5000
Tamil Nadu,Cuddalore,Panruti(Uzhavar Sandhai ),Coconut,Coconut,Local,20-09-2026,6000,6000,6000
Tamil Nadu,Cuddalore,Vadalur(Uzhavar Sandhai ),Potato,Other,Local,20-09-2026,3000,4000,3500
Tamil Nadu,Cuddalore,Vadalur(Uzhavar Sandhai ),Bottle gourd,Bottle Gourd,Local,20-09-2026,2000,2000,2000
Tamil Nadu,Cuddalore,Vadalur(Uzhavar Sandhai ),Bhindi(Ladies Finger),Bhindi,Local,20-09-2026,3000,3000,3000
Tamil Nadu,Cuddalore,Vadalur(Uzhavar Sandhai ),Coconut,Coconut,Local,20-09-2026,5000,6000,5500
Tamil Nadu,Cuddalore,Vadalur(Uzhavar Sandhai ),Chow Chow,Chow Chow,Local,20-09-2026,3000,3000,3000
Tamil Nadu,Cuddalore,Vadalur(Uzhavar Sandhai ),Mango(Raw-Ripe),Mango - Raw-Ripe,Local,20-09-2026,8000,8000,8000
Tamil Nadu,Cuddalore,Vadalur(Uzhavar Sandhai ),Tender Coconut,Tender Coconut,Local,20-09-2026,2500,3000,2750
Tamil Nadu,Dharmapuri,AJattihalli(Uzhavar Sandhai ),Garlic,Garlic,Local,20-09-2026,20000,24000,22000
Tamil Nadu,Dharmapuri,AJattihalli(Uzhavar Sandhai ),Amaranthus,Amaranthus,Local,20-09-2026,2500,3000,2750
Tamil Nadu,Dharmapuri,AJattihalli(Uzhavar Sandhai ),Chow Chow,Chow Chow,Local,20-09-2026,4600,4600,4600
Tamil Nadu,Dharmapuri,AJattihalli(Uzhavar Sandhai ),Drumstick,Drumstick,Local,20-09-2026,3000,3000,3000
Tamil Nadu,Karur,Pallapatti (Uzhavar Sandhai ),Bottle gourd,Bottle Gourd,Local,20-09-2026,2000,2500,2250
Tamil Nadu,Karur,Pallapatti (Uzhavar Sandhai ),Sweet Potato,Hosur Red,Local,20-09-2026,4500,5000,4750
Tamil Nadu,Karur,Velayuthampalayam(Uzhavar Sandhai ),Coriander(Leaves),I Sort,Local,20-09-2026,5200,6000,5600
Tamil Nadu,Karur,Velayuthampalayam(Uzhavar Sandhai ),Bitter gourd,Other,Local,20-09-2026,4500,5500,5000
Tamil Nadu,Karur,Velayuthampalayam(Uzhavar Sandhai ),Ridgeguard(Tori),Ridgeguard(Tori),Local,20-09-2026,3800,4500,4150
Tamil Nadu,Karur,Velayuthampalayam(Uzhavar Sandhai ),Onion Green,Onion Green,Local,20-09-2026,8500,9500,9000
Tamil Nadu,Karur,Vengamedu(Uzhavar Sandhai ),Banana,Red Banana,Local,20-09-2026,5000,6000,5500
Tamil Nadu,Karur,Vengamedu(Uzhavar Sandhai ),Tomato,Deshi,Local,20-09-2026,2500,3000,2750
Tamil Nadu,Theni,Devaram(Uzhavar Sandhai ),Onion,Bellary,Local,20-09-2026,6500,6500,6500
Tamil Nadu,Theni,Devaram(Uzhavar Sandhai ),Papaya,Papaya,Local,20-09-2026,3000,3000,3000
Tamil Nadu,Theni,Devaram(Uzhavar Sandhai ),Cabbage,Cabbage,Local,20-09-2026,2800,2800,2800
Tamil Nadu,Theni,Devaram(Uzhavar Sandhai ),Thondekai,Thondekai,Local,20-09-2026,3500,3500,3500
Tamil Nadu,Theni,Devaram(Uzhavar Sandhai ),Drumstick,Drumstick,Local,20-09-2026,4200,4200,4200
Tamil Nadu,Salem,Attayampatti(Uzhavar Sandhai ),Coriander(Leaves),I Sort,Local,20-09-2026,2000,2000,2000
Tamil Nadu,Salem,Attayampatti(Uzhavar Sandhai ),Raddish,Raddish,Local,20-09-2026,2600,3000,2800
Tamil Nadu,Salem,Attayampatti(Uzhavar Sandhai ),Green Avare(W),Green Avare (W),Local,20-09-2026,6000,7000,6500
Tamil Nadu,Salem,Attayampatti(Uzhavar Sandhai ),Guava,Guava Allahabad,Local,20-09-2026,5000,6000,5500
Tamil Nadu,Salem,Attayampatti(Uzhavar Sandhai ),Elephant Yam(Suran)/Amorphophallus,Elephant Yam (Suran),Local,20-09-2026,5000,5000,5000
Tamil Nadu,Sivaganga,Sivagangai (Uzhavar Sandhai ),Brinjal,Other,Local,20-09-2026,3400,3800,3600
Tamil Nadu,Sivaganga,Sivagangai (Uzhavar Sandhai ),Soyabean,Local,Local,20-09-2026,10000,11000,10500
Tamil Nadu,Sivaganga,Sivagangai (Uzhavar Sandhai ),Onion,Bellary,Local,20-09-2026,5200,7000,6100
Tamil Nadu,Sivaganga,Sivagangai (Uzhavar Sandhai ),Chikoos(Sapota),Sapota,Local,20-09-2026,4200,6200,5200
Tamil Nadu,Sivaganga,Sivagangai (Uzhavar Sandhai ),Amaranthus,Amaranthus,Local,20-09-2026,3000,4000,3500
Tamil Nadu,Sivaganga,Sivagangai (Uzhavar Sandhai ),Beetroot,Beetroot,Local,20-09-2026,4200,5200,4700
Tamil Nadu,Sivaganga,Sivagangai (Uzhavar Sandhai ),Green Avare(W),Other,Local,20-09-2026,8500,10500,9500
Tamil Nadu,Sivaganga,Sivagangai (Uzhavar Sandhai ),Elephant Yam(Suran)/Amorphophallus,Elephant Yam (Suran),Local,20-09-2026,4200,4600,4400
Tamil Nadu,Salem,Edapadi (Uzhavar Sandhai ),Banana,Red Banana,Local,20-09-2026,7500,8000,7750
Tamil Nadu,Salem,Edapadi (Uzhavar Sandhai ),Cluster beans,Cluster Beans,Local,20-09-2026,3000,3500,3250
Tamil Nadu,Salem,Edapadi (Uzhavar Sandhai ),Pumpkin,Pumpkin,Local,20-09-2026,1800,2000,1900
Tamil Nadu,Salem,Edapadi (Uzhavar Sandhai ),Amaranthus,Amaranthus,Local,20-09-2026,2400,2600,2500
Tamil Nadu,Salem,Edapadi (Uzhavar Sandhai ),Beans,Beans (Whole),Local,20-09-2026,7500,8000,7750
Tamil Nadu,Salem,Edapadi (Uzhavar Sandhai ),Coconut,Coconut,Local,20-09-2026,5500,6000,5750
Tamil Nadu,Salem,Edapadi (Uzhavar Sandhai ),Thondekai,Thondekai,Local,20-09-2026,3500,4000,3750
Tamil Nadu,Salem,Edapadi (Uzhavar Sandhai ),Drumstick,Drumstick,Local,20-09-2026,3000,3500,3250
Tamil Nadu,Salem,Edapadi (Uzhavar Sandhai ),Lemon,Lemon,Local,20-09-2026,11000,12000,11500
Tamil Nadu,Salem,Edapadi (Uzhavar Sandhai ),Amla(Nelli Kai),Amla,Local,20-09-2026,11000,12000,11500
Tamil Nadu,Salem,Elampillai(Uzhavar Sandhai ),Onion,Bellary,Local,20-09-2026,6000,6500,6250
Tamil Nadu,Salem,Elampillai(Uzhavar Sandhai ),Papaya,Papaya,Local,20-09-2026,2500,3000,2750
Tamil Nadu,Salem,Elampillai(Uzhavar Sandhai ),Bhindi(Ladies Finger),Bhindi,Local,20-09-2026,2500,3000,2750
Tamil Nadu,Salem,Elampillai(Uzhavar Sandhai ),Amaranthus,Amaranthus,Local,20-09-2026,2000,2500,2250
Tamil Nadu,Salem,Elampillai(Uzhavar Sandhai ),Ginger(Green),Green Ginger,Local,20-09-2026,17000,17500,17250
Tamil Nadu,Salem,Elampillai(Uzhavar Sandhai ),Cabbage,Cabbage,Local,20-09-2026,3000,3400,3200
Tamil Nadu,Salem,Elampillai(Uzhavar Sandhai ),Cucumbar(Kheera),Cucumbar,Local,20-09-2026,4000,4500,4250
Tamil Nadu,Salem,Elampillai(Uzhavar Sandhai ),Raddish,Raddish,Local,20-09-2026,2000,2600,2300
Tamil Nadu,Salem,Elampillai(Uzhavar Sandhai ),Lemon,Lemon,Local,20-09-2026,7000,8000,7500
Tamil Nadu,Salem,Hasthampatti(Uzhavar Sandhai ),Brinjal,Round,Local,20-09-2026,3500,4000,3750
Tamil Nadu,Salem,Hasthampatti(Uzhavar Sandhai ),Orange,Darjeeling,Local,20-09-2026,8000,10000,9000
Tamil Nadu,Salem,Hasthampatti(Uzhavar Sandhai ),Grapes,Annabesahai,Local,20-09-2026,8000,10000,9000
Tamil Nadu,Salem,Hasthampatti(Uzhavar Sandhai ),Onion,Bellary,Local,20-09-2026,6000,6500,6250
Tamil Nadu,Salem,Hasthampatti(Uzhavar Sandhai ),Cluster beans,Cluster Beans,Local,20-09-2026,3000,3500,3250
Tamil Nadu,Salem,Hasthampatti(Uzhavar Sandhai ),Bottle gourd,Bottle Gourd,Local,20-09-2026,2000,2500,2250
Tamil Nadu,Salem,Hasthampatti(Uzhavar Sandhai ),Ashgourd,Gouard,Local,20-09-2026,1800,2000,1900
Tamil Nadu,Salem,Hasthampatti(Uzhavar Sandhai ),Cowpea(Veg),Cowpea (Veg),Local,20-09-2026,4000,4500,4250
Tamil Nadu,Salem,Hasthampatti(Uzhavar Sandhai ),Carrot,Pusakesar,Local,20-09-2026,5000,5500,5250
Tamil Nadu,Salem,Hasthampatti(Uzhavar Sandhai ),Beetroot,Beetroot,Local,20-09-2026,6500,7000,6750
Tamil Nadu,Salem,Hasthampatti(Uzhavar Sandhai ),Ridgeguard(Tori),Ridgeguard(Tori),Local,20-09-2026,3500,4000,3750
Tamil Nadu,Salem,Hasthampatti(Uzhavar Sandhai ),Green Avare(W),Other,Local,20-09-2026,5500,6000,5750
Tamil Nadu,Salem,Hasthampatti(Uzhavar Sandhai ),Knool Khol,Knool Khol,Local,20-09-2026,4000,4600,4300
Tamil Nadu,Salem,Hasthampatti(Uzhavar Sandhai ),Yam(Ratalu),Yam (Ratalu),Local,20-09-2026,5500,6000,5750
Tamil Nadu,Salem,Hasthampatti(Uzhavar Sandhai ),Amla(Nelli Kai),Amla,Local,20-09-2026,9000,10000,9500
Tamil Nadu,Salem,Jalagandapuram(Uzhavar Sandhai ),Onion,Bellary,Local,20-09-2026,6000,6800,6400
Tamil Nadu,Salem,Jalagandapuram(Uzhavar Sandhai ),Coriander(Leaves),I Sort,Local,20-09-2026,1600,2000,1800
Tamil Nadu,Salem,Jalagandapuram(Uzhavar Sandhai ),Ashgourd,Gouard,Local,20-09-2026,1600,1800,1700
Tamil Nadu,Salem,Jalagandapuram(Uzhavar Sandhai ),Amaranthus,Amaranthus,Local,20-09-2026,2000,2400,2200
Tamil Nadu,Salem,Jalagandapuram(Uzhavar Sandhai ),Ginger(Green),Green Ginger,Local,20-09-2026,17000,18000,17500
Tamil Nadu,Salem,Jalagandapuram(Uzhavar Sandhai ),Carrot,Pusakesar,Local,20-09-2026,5200,6000,5600
Tamil Nadu,Salem,Jalagandapuram(Uzhavar Sandhai ),Lemon,Lemon,Local,20-09-2026,5000,6000,5500
Tamil Nadu,Salem,Jalagandapuram(Uzhavar Sandhai ),Amla(Nelli Kai),Amla,Local,20-09-2026,7000,8000,7500
Tamil Nadu,Sivaganga,Singampunari(Uzhavar Sandhai ),Coriander(Leaves),I Sort,Local,20-09-2026,4600,5000,4800
Tamil Nadu,Sivaganga,Singampunari(Uzhavar Sandhai ),Ashgourd,Gouard,Local,20-09-2026,1800,2000,1900
Tamil Nadu,Sivaganga,Singampunari(Uzhavar Sandhai ),Amaranthus,Amaranthus,Local,20-09-2026,3000,4000,3500
Tamil Nadu,Sivaganga,Singampunari(Uzhavar Sandhai ),Banana - Green,Banana - Green,Local,20-09-2026,2500,3000,2750
Tamil Nadu,Sivaganga,Singampunari(Uzhavar Sandhai ),Beans,Beans (Whole),Local,20-09-2026,8400,9200,8800
Tamil Nadu,Sivaganga,Singampunari(Uzhavar Sandhai ),Ginger(Green),Green Ginger,Local,20-09-2026,11000,20000,15500
Tamil Nadu,Sivaganga,Singampunari(Uzhavar Sandhai ),Carrot,Pusakesar,Local,20-09-2026,3000,4200,3600
Tamil Nadu,Sivaganga,Singampunari(Uzhavar Sandhai ),Raddish,Raddish,Local,20-09-2026,2600,3000,2800
Tamil Nadu,Sivaganga,Singampunari(Uzhavar Sandhai ),Knool Khol,Knool Khol,Local,20-09-2026,4600,5000,4800
Tamil Nadu,Sivaganga,Singampunari(Uzhavar Sandhai ),Yam(Ratalu),Yam (Ratalu),Local,20-09-2026,6600,7200,6900
Tamil Nadu,Sivaganga,Karaikudi(Uzhavar Sandhai ),Bottle gourd,Bottle Gourd,Local,20-09-2026,2500,3000,2750
Tamil Nadu,Sivaganga,Karaikudi(Uzhavar Sandhai ),Banana - Green,Banana - Green,Local,20-09-2026,3000,4000,3500
Tamil Nadu,Sivaganga,Karaikudi(Uzhavar Sandhai ),Cabbage,Cabbage,Local,20-09-2026,3000,3500,3250
Tamil Nadu,Sivaganga,Karaikudi(Uzhavar Sandhai ),Raddish,Raddish,Local,20-09-2026,2800,3200,3000
Tamil Nadu,Sivaganga,Karaikudi(Uzhavar Sandhai ),Green Avare(W),Other,Local,20-09-2026,9000,10000,9500
Tamil Nadu,Sivaganga,Karaikudi(Uzhavar Sandhai ),Drumstick,Drumstick,Local,20-09-2026,5000,7000,6000
Tamil Nadu,Sivaganga,Karaikudi(Uzhavar Sandhai ),Elephant Yam(Suran)/Amorphophallus,Elephant Yam (Suran),Local,20-09-2026,5000,5500,5250
Tamil Nadu,Sivaganga,Tirupatthur(Uzhavar Sandhai ),Banana,Karpura,Local,20-09-2026,4000,4000,4000
Tamil Nadu,Sivaganga,Tirupatthur(Uzhavar Sandhai ),Cauliflower,Ranchi,Local,20-09-2026,3000,3500,3250
Tamil Nadu,Sivaganga,Tirupatthur(Uzhavar Sandhai ),Coriander(Leaves),I Sort,Local,20-09-2026,4400,5500,4950
Tamil Nadu,Sivaganga,Tirupatthur(Uzhavar Sandhai ),Chikoos(Sapota),Sapota,Local,20-09-2026,4400,6500,5450
Tamil Nadu,Sivaganga,Tirupatthur(Uzhavar Sandhai ),Coconut,Coconut,Local,20-09-2026,7000,7500,7250
Tamil Nadu,Sivaganga,Tirupatthur(Uzhavar Sandhai ),Yam(Ratalu),Yam (Ratalu),Local,20-09-2026,7000,7500,7250
Tamil Nadu,Sivaganga,Tirupatthur(Uzhavar Sandhai ),Onion Green,Onion Green,Local,20-09-2026,8400,9500,8950
Tamil Nadu,Thanjavur,Pattukottai(Uzhavar Sandhai ),Coriander(Leaves),I Sort,Local,20-09-2026,3800,3800,3800
Tamil Nadu,Thanjavur,Pattukottai(Uzhavar Sandhai ),Raddish,Raddish,Local,20-09-2026,4400,4400,4400
Tamil Nadu,Thanjavur,Pattukottai(Uzhavar Sandhai ),Capsicum,Capsicum,Local,20-09-2026,6000,6000,6000
Tamil Nadu,Thanjavur,Pattukottai(Uzhavar Sandhai ),Green Avare(W),Green Avare (W),Local,20-09-2026,11400,11400,11400
Tamil Nadu,Thanjavur,Pattukottai(Uzhavar Sandhai ),Colacasia,Colacasia,Local,20-09-2026,7000,7000,7000
Tamil Nadu,Thiruchirappalli,Lalgudi(Uzhavar Sandhai ),Brinjal,Other,Local,20-09-2026,5000,5000,5000
Tamil Nadu,Thiruchirappalli,Lalgudi(Uzhavar Sandhai ),Bitter gourd,Other,Local,20-09-2026,6000,6000,6000
Tamil Nadu,Thiruchirappalli,Lalgudi(Uzhavar Sandhai ),Banana - Green,Banana - Green,Local,20-09-2026,3000,3000,3000
Tamil Nadu,Thiruchirappalli,Lalgudi(Uzhavar Sandhai ),Ginger(Green),Green Ginger,Local,20-09-2026,18000,18000,18000
Tamil Nadu,Thiruchirappalli,Lalgudi(Uzhavar Sandhai ),Snakeguard,Snakeguard,Local,20-09-2026,4000,4000,4000
Tamil Nadu,Thiruchirappalli,Lalgudi(Uzhavar Sandhai ),Cucumbar(Kheera),Cucumbar,Local,20-09-2026,5000,5000,5000
Tamil Nadu,Thiruchirappalli,Lalgudi(Uzhavar Sandhai ),Thondekai,Thondekai,Local,20-09-2026,5000,5000,5000
Tamil Nadu,Thiruchirappalli,Lalgudi(Uzhavar Sandhai ),Yam(Ratalu),Yam (Ratalu),Local,20-09-2026,5600,5600,5600
Tamil Nadu,Thiruchirappalli,Lalgudi(Uzhavar Sandhai ),Indian Beans(Seam),Indian Beans (Seam),Local,20-09-2026,7000,7000,7000
Tamil Nadu,Thiruchirappalli,Lalgudi(Uzhavar Sandhai ),Lemon,Lemon,Local,20-09-2026,20000,20000,20000
Tamil Nadu,Thiruchirappalli,Lalgudi(Uzhavar Sandhai ),Colacasia,Colacasia,Local,20-09-2026,5000,5000,5000
Tamil Nadu,Thiruchirappalli,Manachanallur(Uzhavar Sandhai ),Potato,Other,Local,20-09-2026,3000,3500,3250
Tamil Nadu,Thiruchirappalli,Manachanallur(Uzhavar Sandhai ),Tomato,Other,Local,20-09-2026,2500,3000,2750
Tamil Nadu,Thiruchirappalli,Manachanallur(Uzhavar Sandhai ),Cluster beans,Cluster Beans,Local,20-09-2026,3000,3500,3250
Tamil Nadu,Thiruchirappalli,Manachanallur(Uzhavar Sandhai ),Banana - Green,Banana - Green,Local,20-09-2026,2000,2500,2250
Tamil Nadu,Thiruchirappalli,Manachanallur(Uzhavar Sandhai ),Coconut,Coconut,Local,20-09-2026,5800,6500,6150
Tamil Nadu,Thiruchirappalli,Manachanallur(Uzhavar Sandhai ),Carrot,Pusakesar,Local,20-09-2026,5000,5000,5000
Tamil Nadu,Thiruchirappalli,Manachanallur(Uzhavar Sandhai ),Mint(Pudina),Mint(Pudina),Local,20-09-2026,6000,6500,6250
Tamil Nadu,Thiruchirappalli,Manapparai(Uzhavar Sandhai ),Coriander(Leaves),I Sort,Local,20-09-2026,3600,3600,3600
Tamil Nadu,Thiruchirappalli,Manapparai(Uzhavar Sandhai ),Tomato,Other,Local,20-09-2026,2600,2600,2600
Tamil Nadu,Thiruchirappalli,Manapparai(Uzhavar Sandhai ),Bitter gourd,Other,Local,20-09-2026,5000,6000,5500
Tamil Nadu,Thiruchirappalli,Manapparai(Uzhavar Sandhai ),Bottle gourd,Bottle Gourd,Local,20-09-2026,2000,2500,2250
Tamil Nadu,Thiruchirappalli,Manapparai(Uzhavar Sandhai ),Coconut,Coconut,Local,20-09-2026,7000,7000,7000
Tamil Nadu,Thiruchirappalli,Manapparai(Uzhavar Sandhai ),Beetroot,Beetroot,Local,20-09-2026,5000,5000,5000
Tamil Nadu,Thiruchirappalli,Manapparai(Uzhavar Sandhai ),Drumstick,Drumstick,Local,20-09-2026,4000,4000,4000
Tamil Nadu,Thiruchirappalli,Manapparai(Uzhavar Sandhai ),Onion Green,Onion Green,Local,20-09-2026,9000,10000,9500
Tamil Nadu,Thiruchirappalli,Musiri(Uzhavar Sandhai ),Brinjal,Other,Local,20-09-2026,2000,2600,2300
Tamil Nadu,Thiruchirappalli,Musiri(Uzhavar Sandhai ),Potato,Other,Local,20-09-2026,2600,3000,2800
Tamil Nadu,Thiruchirappalli,Musiri(Uzhavar Sandhai ),Papaya,Papaya,Local,20-09-2026,3500,4000,3750
Tamil Nadu,Thiruchirappalli,Musiri(Uzhavar Sandhai ),Bhindi(Ladies Finger),Bhindi,Local,20-09-2026,3000,3600,3300
Tamil Nadu,Thiruchirappalli,Musiri(Uzhavar Sandhai ),Amaranthus,Amaranthus,Local,20-09-2026,2000,2000,2000
Tamil Nadu,Thiruchirappalli,Musiri(Uzhavar Sandhai ),Tapioca,Tapioca,Local,20-09-2026,3000,3600,3300
Tamil Nadu,Thiruchirappalli,Musiri(Uzhavar Sandhai ),Ginger(Green),Green Ginger,Local,20-09-2026,16000,18000,17000
Tamil Nadu,Thiruchirappalli,Musiri(Uzhavar Sandhai ),Raddish,Raddish,Local,20-09-2026,3000,3600,3300
Tamil Nadu,Thiruchirappalli,Musiri(Uzhavar Sandhai ),Capsicum,Capsicum,Local,20-09-2026,4000,5000,4500
Tamil Nadu,Thiruchirappalli,Musiri(Uzhavar Sandhai ),Lime,Lime,Local,20-09-2026,4000,4000,4000
Tamil Nadu,Thiruchirappalli,Musiri(Uzhavar Sandhai ),Sweet Corn ,Sweet Corn ,Local,20-09-2026,3500,4000,3750
Tamil Nadu,Thiruchirappalli,Thiruverumbur(Uzhavar Sandhai ),Cauliflower,Ranchi,Local,20-09-2026,5000,5000,5000
Tamil Nadu,Thiruchirappalli,Thiruverumbur(Uzhavar Sandhai ),Coriander(Leaves),I Sort,Local,20-09-2026,3600,3600,3600
Tamil Nadu,Thiruchirappalli,Thiruverumbur(Uzhavar Sandhai ),Bhindi(Ladies Finger),Bhindi,Local,20-09-2026,3600,3600,3600
Tamil Nadu,Thiruchirappalli,Thiruverumbur(Uzhavar Sandhai ),Banana - Green,Banana - Green,Local,20-09-2026,2500,2500,2500
Tamil Nadu,Thiruchirappalli,Thiruverumbur(Uzhavar Sandhai ),Carrot,Pusakesar,Local,20-09-2026,5400,5400,5400
Tamil Nadu,Thiruchirappalli,Thiruverumbur(Uzhavar Sandhai ),Snakeguard,Snakeguard,Local,20-09-2026,3600,3600,3600
Tamil Nadu,Thiruchirappalli,Thiruverumbur(Uzhavar Sandhai ),Capsicum,Capsicum,Local,20-09-2026,5400,5400,5400
Tamil Nadu,Thiruchirappalli,Thiruverumbur(Uzhavar Sandhai ),Mint(Pudina),Mint(Pudina),Local,20-09-2026,7000,7000,7000
Tamil Nadu,Virudhunagar,Rajapalayam(Uzhavar Sandhai ),Cauliflower,Ranchi,Local,20-09-2026,3000,3500,3250
Tamil Nadu,Virudhunagar,Rajapalayam(Uzhavar Sandhai ),Bottle gourd,Bottle Gourd,Local,20-09-2026,1500,2000,1750
Tamil Nadu,Virudhunagar,Rajapalayam(Uzhavar Sandhai ),Green Chilli,Green Chilly,Local,20-09-2026,6000,6500,6250
Tamil Nadu,Virudhunagar,Rajapalayam(Uzhavar Sandhai ),Coconut,Coconut,Local,20-09-2026,5000,6000,5500
Tamil Nadu,Virudhunagar,Rajapalayam(Uzhavar Sandhai ),Beetroot,Beetroot,Local,20-09-2026,4500,5200,4850
Tamil Nadu,Virudhunagar,Rajapalayam(Uzhavar Sandhai ),Lime,Lime,Local,20-09-2026,18000,20000,19000
Tamil Nadu,Virudhunagar,Sathur(Uzhavar Sandhai ),Banana,Besrai,Local,20-09-2026,3500,4000,3750
Tamil Nadu,Virudhunagar,Sathur(Uzhavar Sandhai ),Potato,Red Nanital,Local,20-09-2026,3500,4000,3750
Tamil Nadu,Virudhunagar,Sathur(Uzhavar Sandhai ),Banana - Green,Banana - Green,Local,20-09-2026,3500,4000,3750
Tamil Nadu,Virudhunagar,Sathur(Uzhavar Sandhai ),Beans,Beans (Whole),Local,20-09-2026,8000,9000,8500
Tamil Nadu,Virudhunagar,Sathur(Uzhavar Sandhai ),Beetroot,Beetroot,Local,20-09-2026,3500,4000,3750
Tamil Nadu,Virudhunagar,Sathur(Uzhavar Sandhai ),Green Avare(W),Green Avare (W),Local,20-09-2026,8000,9000,8500
Tamil Nadu,Virudhunagar,Sathur(Uzhavar Sandhai ),Onion Green,Onion Green,Local,20-09-2026,6500,7000,6750
Tamil Nadu,Virudhunagar,Thalavaipuram(Uzhavar Sandhai ),Banana,Besrai,Local,20-09-2026,3200,4000,3600
Tamil Nadu,Virudhunagar,Thalavaipuram(Uzhavar Sandhai ),Cauliflower,Ranchi,Local,20-09-2026,2500,3000,2750
Tamil Nadu,Virudhunagar,Thalavaipuram(Uzhavar Sandhai ),Bitter gourd,Other,Local,20-09-2026,7500,9000,8250
Tamil Nadu,Virudhunagar,Thalavaipuram(Uzhavar Sandhai ),Drumstick,Drumstick,Local,20-09-2026,5000,6000,5500
Tamil Nadu,Virudhunagar,Thalavaipuram(Uzhavar Sandhai ),Elephant Yam(Suran)/Amorphophallus,Elephant Yam (Suran),Local,20-09-2026,4000,5000,4500
Tamil Nadu,Virudhunagar,Thalavaipuram(Uzhavar Sandhai ),Lemon,Lemon,Local,20-09-2026,18000,22000,20000
Tamil Nadu,Virudhunagar,Virudhunagar(Uzhavar Sandhai ),Bitter gourd,Bitter Gourd,Local,20-09-2026,5600,5700,5650
Tamil Nadu,Virudhunagar,Virudhunagar(Uzhavar Sandhai ),Bhindi(Ladies Finger),Bhindi,Local,20-09-2026,2700,2800,2750
Tamil Nadu,Virudhunagar,Virudhunagar(Uzhavar Sandhai ),Amaranthus,Amaranthus,Local,20-09-2026,1400,1500,1450
Tamil Nadu,Virudhunagar,Virudhunagar(Uzhavar Sandhai ),Banana - Green,Banana - Green,Local,20-09-2026,3100,3200,3150
Tamil Nadu,Virudhunagar,Virudhunagar(Uzhavar Sandhai ),Cabbage,Cabbage,Local,20-09-2026,3300,3400,3350
Tamil Nadu,Chengalpattu,Pallavaram(Uzhavar Sandhai ),Brinjal,Round,Local,20-09-2026,4000,5000,4500
Tamil Nadu,Chengalpattu,Pallavaram(Uzhavar Sandhai ),Groundnut,Big (With Shell),Local,20-09-2026,8000,9000,8500
Tamil Nadu,Chengalpattu,Pallavaram(Uzhavar Sandhai ),Onion,Bellary,Local,20-09-2026,5000,6000,5500
Tamil Nadu,Chengalpattu,Pallavaram(Uzhavar Sandhai ),Banana - Green,Banana - Green,Local,20-09-2026,3500,4000,3750
Tamil Nadu,Chengalpattu,Pallavaram(Uzhavar Sandhai ),Beans,Beans (Whole),Local,20-09-2026,8000,9000,8500
Tamil Nadu,Chengalpattu,Pallavaram(Uzhavar Sandhai ),Sweet Potato,Hosur Red,Local,20-09-2026,5000,6000,5500
Tamil Nadu,Chengalpattu,Pallavaram(Uzhavar Sandhai ),Green Avare(W),Green Avare (W),Local,20-09-2026,6000,7000,6500
Tamil Nadu,Chengalpattu,Pallavaram(Uzhavar Sandhai ),Knool Khol,Knool Khol,Local,20-09-2026,4000,5000,4500
Tamil Nadu,Chengalpattu,Pallavaram(Uzhavar Sandhai ),Lemon,Lemon,Local,20-09-2026,23000,26000,24500
Tamil Nadu,Chengalpattu,Pallavaram(Uzhavar Sandhai ),Mint(Pudina),Mint(Pudina),Local,20-09-2026,3500,4000,3750
Tamil Nadu,Nagercoil (Kannyiakumari),Myladi(Uzhavar Sandhai ),Cauliflower,Ranchi,Local,20-09-2026,5500,6000,5750
Tamil Nadu,Nagercoil (Kannyiakumari),Myladi(Uzhavar Sandhai ),Amaranthus,Amaranthus,Local,20-09-2026,1200,1500,1350
Tamil Nadu,Nagercoil (Kannyiakumari),Myladi(Uzhavar Sandhai ),Coconut,Coconut,Local,20-09-2026,5800,6000,5900
Tamil Nadu,Nagercoil (Kannyiakumari),Myladi(Uzhavar Sandhai ),Cucumbar(Kheera),Cucumbar,Local,20-09-2026,2200,2500,2350
Tamil Nadu,Villupuram,Tindivanam APMC,Banana,Besrai,Local,20-09-2026,5000,6000,5500
Tamil Nadu,Villupuram,Tindivanam APMC,Potato,Red Nanital,Local,20-09-2026,3800,3800,3800
Tamil Nadu,Villupuram,Tindivanam APMC,Bottle gourd,Bottle Gourd,Local,20-09-2026,2000,2000,2000
Tamil Nadu,Villupuram,Tindivanam APMC,Beans,Beans (Whole),Local,20-09-2026,11000,11000,11000
Tamil Nadu,Villupuram,Tindivanam APMC,Ginger(Green),Green Ginger,Local,20-09-2026,9000,9000,9000
Tamil Nadu,Villupuram,Tindivanam APMC,Ridgeguard(Tori),Ridgeguard(Tori),Local,20-09-2026,4000,4000,4000
Tamil Nadu,Villupuram,Tindivanam APMC,Marigold(Calcutta),Marigold(Calcutta),Local,20-09-2026,25000,25000,25000
Tamil Nadu,Villupuram,Ulundurpettai APMC,Cluster beans,Cluster Beans,Local,20-09-2026,5000,5000,5000
Tamil Nadu,Villupuram,Ulundurpettai APMC,Ridgeguard(Tori),Ridgeguard(Tori),Local,20-09-2026,6000,6000,6000
Tamil Nadu,Villupuram,Ulundurpettai APMC,Raddish,Raddish,Local,20-09-2026,5000,5000,5000
Tamil Nadu,Villupuram,Ulundurpettai APMC,Thondekai,Thondekai,Local,20-09-2026,5000,5000,5000
Tamil Nadu,Villupuram,Ulundurpettai APMC,Green Avare(W),Green Avare (W),Local,20-09-2026,12000,12000,12000
Tamil Nadu,Villupuram,Ulundurpettai APMC,Mint(Pudina),Mint(Pudina),Local,20-09-2026,3000,3000,3000
Uttar Pradesh,Fatehpur,Fatehpur APMC,Lemon,Other,FAQ,20-09-2026,4800,4800,4800
Uttar Pradesh,Fatehpur,Fatehpur APMC,Potato,Other,FAQ,20-09-2026,700,710,702.63
Uttar Pradesh,Jhansi,Jhansi APMC,Barley(Jau),Other,FAQ,20-09-2026,1685,1694,1690.07
Uttar Pradesh,Kasganj,Kasganj APMC,Paddy(Common),Other,FAQ,20-09-2026,3550,3550,3550
Uttar Pradesh,Kasganj,Kasganj APMC,Wheat,Medium,FAQ,20-09-2026,2602,2602,2602
Gujarat,Amreli,Damnagar APMC,Bottle gourd,Bottle Gourd,Local,20-09-2026,3000,3000,3000
Gujarat,Amreli,Damnagar APMC,Brinjal,Other,Local,20-09-2026,3000,3000,3000
Gujarat,Amreli,Damnagar APMC,Coriander(Leaves),Coriander,Local,20-09-2026,4500,4500,4500
Tamil Nadu,Madurai,Chokkikulam(Uzhavar Sandhai ),Groundnut,Big (With Shell),Local,20-09-2026,7000,8000,7500
Tamil Nadu,Madurai,Chokkikulam(Uzhavar Sandhai ),Pineapple,Pine Apple,Local,20-09-2026,6000,7000,6500
Tamil Nadu,Madurai,Chokkikulam(Uzhavar Sandhai ),Garlic,Garlic,Local,20-09-2026,14000,27000,20500
Tamil Nadu,Madurai,Chokkikulam(Uzhavar Sandhai ),Brinjal,Round,Local,20-09-2026,3600,4500,4050
Tamil Nadu,Madurai,Chokkikulam(Uzhavar Sandhai ),Mousambi(Sweet Lime),Mousambi,Local,20-09-2026,6500,7000,6750
Tamil Nadu,Madurai,Chokkikulam(Uzhavar Sandhai ),Cluster beans,Cluster Beans,Local,20-09-2026,3600,4000,3800
Tamil Nadu,Madurai,Chokkikulam(Uzhavar Sandhai ),Bhindi(Ladies Finger),Bhindi,Local,20-09-2026,2800,3200,3000
Tamil Nadu,Madurai,Chokkikulam(Uzhavar Sandhai ),Amaranthus,Amaranthus,Local,20-09-2026,3000,3600,3300
Tamil Nadu,Madurai,Chokkikulam(Uzhavar Sandhai ),Cabbage,Cabbage,Local,20-09-2026,2600,3000,2800
Tamil Nadu,Madurai,Chokkikulam(Uzhavar Sandhai ),Raddish,Raddish,Local,20-09-2026,2400,2800,2600
Tamil Nadu,Madurai,Chokkikulam(Uzhavar Sandhai ),Pomegranate,Pomogranate,Local,20-09-2026,20000,23000,21500
Tamil Nadu,Madurai,Chokkikulam(Uzhavar Sandhai ),Mashrooms,Mashrooms,Local,20-09-2026,30000,35000,32500
Tamil Nadu,Madurai,Chokkikulam(Uzhavar Sandhai ),Onion Green,Onion Green,Local,20-09-2026,8000,9000,8500
Uttar Pradesh,Ghaziabad,Noida APMC,Capsicum,Other,FAQ,20-09-2026,3500,3500,3500
Uttar Pradesh,Ghaziabad,Noida APMC,Tomato,Other,FAQ,20-09-2026,2500,4000,2567.9
Uttar Pradesh,Bulandshahar,Sikanderabad APMC,Tomato,Other,FAQ,20-09-2026,2000,2000,2000
Andhra Pradesh,Prakasam,Ongole APMC,Paddy(Common),B P T,Local,20-09-2026,2500,2500,2500
Uttar Pradesh,Kanpur,Kanpur(Grain) APMC,Sweet Saag,Other,FAQ,20-09-2026,17105,17105,17105
Uttar Pradesh,Kanpur,Kanpur(Grain) APMC,Tomato,Other,FAQ,20-09-2026,2100,2100,2100
Uttarakhand,Haridwar,Roorkee APMC,Bitter gourd,Other,Local,20-09-2026,650,850,750
Uttarakhand,Haridwar,Roorkee APMC,Banana,Other,Medium,20-09-2026,800,1200,1000
Uttarakhand,Haridwar,Roorkee APMC,Bhindi(Ladies Finger),Other,Local,20-09-2026,1000,1600,1300
Maharashtra,Pune,Pune(Moshi) ,Seetapal,Other,Local,20-09-2026,5000,5000,5000
Maharashtra,Pune,Pune(Moshi) ,Beetroot,Other,Local,20-09-2026,2000,2500,2250
Maharashtra,Pune,Pune(Moshi) ,Bhindi(Ladies Finger),Other,Local,20-09-2026,1000,2000,1500
Maharashtra,Pune,Pune(Moshi) ,Tomato,Local,Local,20-09-2026,1000,1500,1250
Maharashtra,Pune,Pune(Moshi) ,Little gourd(Kundru),Other,Local,20-09-2026,3500,3500,3500
Maharashtra,Raigad,APMC Alibagh ,Rice,Other,Local,20-09-2026,4000,4500,4250
Tamil Nadu,Erode,Thalavadi(Uzhavar Sandhai ),Onion,Bellary,Local,20-09-2026,5500,6000,5750
Tamil Nadu,Erode,Thalavadi(Uzhavar Sandhai ),Potato,Red Nanital,Local,20-09-2026,3500,4000,3750
Tamil Nadu,Erode,Thalavadi(Uzhavar Sandhai ),Tomato,Other,Local,20-09-2026,2000,2500,2250
Tamil Nadu,Erode,Thalavadi(Uzhavar Sandhai ),Beans,Beans (Whole),Local,20-09-2026,7000,8000,7500
Tamil Nadu,Erode,Thalavadi(Uzhavar Sandhai ),Tapioca,Tapioca,Local,20-09-2026,2500,3000,2750
Tamil Nadu,Erode,Thalavadi(Uzhavar Sandhai ),Carrot,Pusakesar,Local,20-09-2026,5000,6000,5500
Tamil Nadu,Erode,Thalavadi(Uzhavar Sandhai ),Cabbage,Cabbage,Local,20-09-2026,1400,1800,1600
Tamil Nadu,Erode,Thalavadi(Uzhavar Sandhai ),Green Avare(W),Other,Local,20-09-2026,4000,4500,4250
Tamil Nadu,Erode,Thalavadi(Uzhavar Sandhai ),Lemon,Lemon,Local,20-09-2026,10000,11000,10500
Tamil Nadu,Cuddalore,Viruthachalam(Uzhavar Sandhai ),Onion,Bellary,Local,20-09-2026,5500,5500,5500
Tamil Nadu,Cuddalore,Viruthachalam(Uzhavar Sandhai ),Tomato,Deshi,Local,20-09-2026,3000,3000,3000
Tamil Nadu,Cuddalore,Viruthachalam(Uzhavar Sandhai ),Cluster beans,Cluster Beans,Local,20-09-2026,4000,4000,4000
Tamil Nadu,Cuddalore,Viruthachalam(Uzhavar Sandhai ),Bitter gourd,Bitter Gourd,Local,20-09-2026,5000,5000,5000
Tamil Nadu,Cuddalore,Viruthachalam(Uzhavar Sandhai ),Amaranthus,Amaranthus,Local,20-09-2026,2000,2500,2250
Tamil Nadu,Cuddalore,Viruthachalam(Uzhavar Sandhai ),Banana - Green,Banana - Green,Local,20-09-2026,2500,3000,2750
Tamil Nadu,Cuddalore,Viruthachalam(Uzhavar Sandhai ),Chow Chow,Chow Chow,Local,20-09-2026,4000,4000,4000
Tamil Nadu,Cuddalore,Viruthachalam(Uzhavar Sandhai ),Lemon,Lemon,Local,20-09-2026,15000,15000,15000
Tamil Nadu,Krishnagiri,Krishnagiri(Uzhavar Sandhai ),Tomato,Deshi,Local,20-09-2026,2000,2400,2200
Tamil Nadu,Krishnagiri,Krishnagiri(Uzhavar Sandhai ),Cluster beans,Cluster Beans,Local,20-09-2026,2600,3000,2800
Tamil Nadu,Krishnagiri,Krishnagiri(Uzhavar Sandhai ),Bitter gourd,Bitter Gourd,Local,20-09-2026,2500,3000,2750
Tamil Nadu,Krishnagiri,Krishnagiri(Uzhavar Sandhai ),Green Chilli,Green Chilly,Local,20-09-2026,3600,4000,3800
Tamil Nadu,Krishnagiri,Krishnagiri(Uzhavar Sandhai ),Ginger(Green),Green Ginger,Local,20-09-2026,16000,18000,17000
Tamil Nadu,Krishnagiri,Krishnagiri(Uzhavar Sandhai ),Carrot,Pusakesar,Local,20-09-2026,7000,7500,7250
Tamil Nadu,Krishnagiri,Krishnagiri(Uzhavar Sandhai ),Snakeguard,Snakeguard,Local,20-09-2026,2500,3000,2750
Tamil Nadu,Krishnagiri,Krishnagiri(Uzhavar Sandhai ),Beetroot,Beetroot,Local,20-09-2026,4000,4500,4250
Tamil Nadu,Krishnagiri,Krishnagiri(Uzhavar Sandhai ),Capsicum,Capsicum,Local,20-09-2026,4500,5000,4750
Tamil Nadu,Krishnagiri,Krishnagiri(Uzhavar Sandhai ),Drumstick,Drumstick,Local,20-09-2026,3000,4000,3500
Tamil Nadu,Krishnagiri,Krishnagiri(Uzhavar Sandhai ),Tender Coconut,Tender Coconut,Local,20-09-2026,3500,4000,3750
Tamil Nadu,Krishnagiri,Krishnagiri(Uzhavar Sandhai ),Mint(Pudina),Mint(Pudina),Local,20-09-2026,2000,2500,2250
Tamil Nadu,Nagapattinam,Nagapattinam(Uzhavar Sandhai ),Banana,Poovan,Local,20-09-2026,3700,4400,4050
Tamil Nadu,Nagapattinam,Nagapattinam(Uzhavar Sandhai ),Bottle gourd,Bottle Gourd,Local,20-09-2026,3200,3200,3200
Tamil Nadu,Nagapattinam,Nagapattinam(Uzhavar Sandhai ),Coconut,Coconut,Local,20-09-2026,5000,5500,5250
Tamil Nadu,Nagapattinam,Nagapattinam(Uzhavar Sandhai ),Ridgeguard(Tori),Ridgeguard(Tori),Local,20-09-2026,5000,5500,5250
Uttar Pradesh,Ghazipur,Saidpur APMC,Rice,Common,FAQ,20-09-2026,3500,3500,3500
Tamil Nadu,Pudukkottai,Pudukottai(Uzhavar Sandhai ),Brinjal,Round,Local,20-09-2026,7000,7500,7250
Tamil Nadu,Pudukkottai,Pudukottai(Uzhavar Sandhai ),Cauliflower,Ranchi,Local,20-09-2026,5000,6000,5500
Tamil Nadu,Pudukkottai,Pudukottai(Uzhavar Sandhai ),Tapioca,Tapioca,Local,20-09-2026,3000,4000,3500
Tamil Nadu,Pudukkottai,Pudukottai(Uzhavar Sandhai ),Ridgeguard(Tori),Ridgeguard(Tori),Local,20-09-2026,6000,7000,6500
Tamil Nadu,The Nilgiris,Udhagamandalam(Uzhavar Sandhai ),Pineapple,Pine Apple,Local,20-09-2026,8000,9000,8500
Tamil Nadu,The Nilgiris,Udhagamandalam(Uzhavar Sandhai ),Grapes,Annabesahai,Local,20-09-2026,9000,10000,9500
Tamil Nadu,The Nilgiris,Udhagamandalam(Uzhavar Sandhai ),Pumpkin,Pumpkin,Local,20-09-2026,1500,2000,1750
Tamil Nadu,The Nilgiris,Udhagamandalam(Uzhavar Sandhai ),Banana - Green,Banana - Green,Local,20-09-2026,4000,4500,4250
Tamil Nadu,The Nilgiris,Udhagamandalam(Uzhavar Sandhai ),Coconut,Coconut,Local,20-09-2026,6000,6500,6250
Tamil Nadu,The Nilgiris,Udhagamandalam(Uzhavar Sandhai ),Sweet Potato,Hosur Red,Local,20-09-2026,4000,4500,4250
Tamil Nadu,The Nilgiris,Udhagamandalam(Uzhavar Sandhai ),Capsicum,Capsicum,Local,20-09-2026,5000,6000,5500
Tamil Nadu,The Nilgiris,Udhagamandalam(Uzhavar Sandhai ),Chow Chow,Chow Chow,Local,20-09-2026,2000,2500,2250
Tamil Nadu,The Nilgiris,Udhagamandalam(Uzhavar Sandhai ),Drumstick,Drumstick,Local,20-09-2026,3000,3400,3200
Tamil Nadu,The Nilgiris,Udhagamandalam(Uzhavar Sandhai ),Mango(Raw-Ripe),Mango - Raw-Ripe,Local,20-09-2026,9000,10000,9500
Tamil Nadu,The Nilgiris,Udhagamandalam(Uzhavar Sandhai ),Pomegranate,Pomogranate,Local,20-09-2026,13000,15000,14000
Tamil Nadu,The Nilgiris,Udhagamandalam(Uzhavar Sandhai ),Onion Green,Onion Green,Local,20-09-2026,9000,9500,9250
Tamil Nadu,Theni,Bodinayakanur(Uzhavar Sandhai ),Papaya,Papaya,Local,20-09-2026,3000,3000,3000
Tamil Nadu,Theni,Bodinayakanur(Uzhavar Sandhai ),Tomato,Deshi,Local,20-09-2026,2400,2400,2400
Tamil Nadu,Theni,Bodinayakanur(Uzhavar Sandhai ),Banana - Green,Banana - Green,Local,20-09-2026,3600,3600,3600
Bihar,Sheikhpura,Barbigha APMC,Wheat,147 Average,FAQ,20-09-2026,2585,2720,2640
Tamil Nadu,Villupuram,Gingee(Uzhavar Sandhai ),Potato,Red Nanital,Local,20-09-2026,4000,4000,4000
Tamil Nadu,Villupuram,Gingee(Uzhavar Sandhai ),Bottle gourd,Bottle Gourd,Local,20-09-2026,2500,2500,2500
Tamil Nadu,Villupuram,Gingee(Uzhavar Sandhai ),Amaranthus,Amaranthus,Local,20-09-2026,4000,5000,4500
Tamil Nadu,Villupuram,Gingee(Uzhavar Sandhai ),Banana - Green,Banana - Green,Local,20-09-2026,4000,4000,4000
Tamil Nadu,Villupuram,Gingee(Uzhavar Sandhai ),Coconut,Coconut,Local,20-09-2026,6000,6000,6000
Tamil Nadu,Villupuram,Gingee(Uzhavar Sandhai ),Snakeguard,Snakeguard,Local,20-09-2026,3000,3000,3000
Tamil Nadu,Villupuram,Gingee(Uzhavar Sandhai ),Tender Coconut,Tender Coconut,Local,20-09-2026,3500,4000,3750
Tamil Nadu,Villupuram,Gingee(Uzhavar Sandhai ),Amla(Nelli Kai),Amla,Local,20-09-2026,9000,10000,9500
Tamil Nadu,Villupuram,Gingee(Uzhavar Sandhai ),Mint(Pudina),Mint(Pudina),Local,20-09-2026,4000,4000,4000
Tamil Nadu,Thiruvarur,Valangaiman APMC,Cluster beans,Cluster Beans,Local,20-09-2026,4000,4000,4000
Tamil Nadu,Thiruvarur,Valangaiman APMC,Banana - Green,Banana - Green,Local,20-09-2026,4000,4000,4000
Tamil Nadu,Thiruvarur,Valangaiman APMC,Raddish,Raddish,Local,20-09-2026,3000,3000,3000
Andhra Pradesh,Srikakulam,Ichapuram APMC,Paddy(Common),Sannalu,Local,20-09-2026,2369,2369,2369
Tamil Nadu,Virudhunagar,Kariyapatti(Uzhavar Sandhai ),Tomato,Deshi,Local,20-09-2026,2000,2500,2250
Tamil Nadu,Virudhunagar,Kariyapatti(Uzhavar Sandhai ),Bottle gourd,Bottle Gourd,Local,20-09-2026,1800,2000,1900
Tamil Nadu,Virudhunagar,Kariyapatti(Uzhavar Sandhai ),Ashgourd,Gouard,Local,20-09-2026,2000,2500,2250
Tamil Nadu,Virudhunagar,Kariyapatti(Uzhavar Sandhai ),Beans,Beans (Whole),Local,20-09-2026,9000,10000,9500
Tamil Nadu,Virudhunagar,Kariyapatti(Uzhavar Sandhai ),Cabbage,Cabbage,Local,20-09-2026,3500,4000,3750
Tamil Nadu,Virudhunagar,Kariyapatti(Uzhavar Sandhai ),Yam(Ratalu),Yam (Ratalu),Local,20-09-2026,6500,7000,6750
Tamil Nadu,Virudhunagar,Kariyapatti(Uzhavar Sandhai ),Mint(Pudina),Mint(Pudina),Local,20-09-2026,6500,7000,6750
Tamil Nadu,Vellore,Katpadi (Uzhavar Sandhai ),Apple,American,Local,20-09-2026,26000,26000,26000
Tamil Nadu,Vellore,Katpadi (Uzhavar Sandhai ),Papaya,Papaya,Local,20-09-2026,4500,5000,4750
Tamil Nadu,Vellore,Katpadi (Uzhavar Sandhai ),Mousambi(Sweet Lime),Mousambi,Local,20-09-2026,8000,8000,8000
Tamil Nadu,Vellore,Katpadi (Uzhavar Sandhai ),Tomato,Deshi,Local,20-09-2026,2800,3000,2900
Tamil Nadu,Vellore,Katpadi (Uzhavar Sandhai ),Bitter gourd,Bitter Gourd,Local,20-09-2026,3000,4000,3500
Tamil Nadu,Vellore,Katpadi (Uzhavar Sandhai ),Green Chilli,Green Chilly,Local,20-09-2026,5000,5000,5000
Tamil Nadu,Vellore,Katpadi (Uzhavar Sandhai ),Cabbage,Cabbage,Local,20-09-2026,2500,2500,2500
Tamil Nadu,Vellore,Katpadi (Uzhavar Sandhai ),Green Avare(W),Green Avare (W),Local,20-09-2026,6000,6000,6000
Tamil Nadu,Madurai,Thirumangalam(Uzhavar Sandhai ),Tomato,Deshi,Local,20-09-2026,2500,2800,2650
Tamil Nadu,Madurai,Thirumangalam(Uzhavar Sandhai ),Coconut,Coconut,Local,20-09-2026,6000,7000,6500
Tamil Nadu,Madurai,Melur(Uzhavar Sandhai ),Banana,Besrai,Local,20-09-2026,4000,5000,4500
Tamil Nadu,Madurai,Melur(Uzhavar Sandhai ),Chikoos(Sapota),Sapota,Local,20-09-2026,4000,6000,5000
Tamil Nadu,Madurai,Melur(Uzhavar Sandhai ),Cluster beans,Cluster Beans,Local,20-09-2026,3600,4000,3800
Tamil Nadu,Madurai,Melur(Uzhavar Sandhai ),Tapioca,Tapioca,Local,20-09-2026,3600,4000,3800
Tamil Nadu,Madurai,Melur(Uzhavar Sandhai ),Snakeguard,Snakeguard,Local,20-09-2026,3600,4000,3800
Tamil Nadu,Madurai,Melur(Uzhavar Sandhai ),Cucumbar(Kheera),Cucumbar,Local,20-09-2026,4000,5000,4500
Tamil Nadu,Madurai,Melur(Uzhavar Sandhai ),Ridgeguard(Tori),Ridgeguard(Tori),Local,20-09-2026,4000,4500,4250
Tamil Nadu,Karur,Gandhigramam(Uzhavar Sandhai),Bhindi(Ladies Finger),Bhindi,Local,20-09-2026,3500,4000,3750
Tamil Nadu,Karur,Gandhigramam(Uzhavar Sandhai),Beans,Beans (Whole),Local,20-09-2026,7000,8000,7500
Tamil Nadu,Karur,Gandhigramam(Uzhavar Sandhai),Tapioca,Tapioca,Local,20-09-2026,3000,3500,3250
Tamil Nadu,Karur,Gandhigramam(Uzhavar Sandhai),Thondekai,Thondekai,Local,20-09-2026,4500,5000,4750
Tamil Nadu,Karur,Gandhigramam(Uzhavar Sandhai),Drumstick,Drumstick,Local,20-09-2026,2500,3000,2750
Tamil Nadu,Karur,Gandhigramam(Uzhavar Sandhai),Elephant Yam(Suran)/Amorphophallus,Elephant Yam (Suran),Local,20-09-2026,4000,5000,4500
Tamil Nadu,Karur,Gandhigramam(Uzhavar Sandhai),Baby Corn,Baby Corn,Grade A,20-09-2026,3500,4000,3750
Karnataka,Bengaluru South,Ramanagara APMC,Tomato,Tomato,Local,20-09-2026,1500,2300,2000
Karnataka,Bengaluru South,Ramanagara APMC,Green Chilli,Green Chilly,Local,20-09-2026,3000,5000,4000
Karnataka,Bengaluru South,Ramanagara APMC,Carrot,Carrot,Local,20-09-2026,3000,4500,4000
Karnataka,Bengaluru South,Ramanagara APMC,Ridgeguard(Tori),Ridgeguard(Tori),Local,20-09-2026,2000,3200,2400
Karnataka,Bengaluru South,Ramanagara APMC,Seemebadnekai,Seemebadanekai,Local,20-09-2026,2000,2600,2400
Karnataka,Bengaluru South,Ramanagara APMC,Knool Khol,Knool Khol,Local,20-09-2026,2400,3500,3000
Tamil Nadu,Pudukkottai,Aranthangi(Uzhavar Sandhai ),Bottle gourd,Bottle Gourd,Local,20-09-2026,1500,2000,1750
Tamil Nadu,Pudukkottai,Aranthangi(Uzhavar Sandhai ),Ashgourd,Gouard,Local,20-09-2026,1000,1500,1250
Tamil Nadu,Pudukkottai,Aranthangi(Uzhavar Sandhai ),Snakeguard,Snakeguard,Local,20-09-2026,3000,3500,3250
Tamil Nadu,Nagapattinam,Vedaranyam(Uzhavar Sandhai),Bottle gourd,Bottle Gourd,Local,20-09-2026,2800,3000,2900
Tamil Nadu,Nagapattinam,Vedaranyam(Uzhavar Sandhai),Ashgourd,Gouard,Local,20-09-2026,2500,2600,2550
Tamil Nadu,Nagapattinam,Vedaranyam(Uzhavar Sandhai),Ginger(Green),Green Ginger,Local,20-09-2026,14500,15000,14750
Tamil Nadu,Nagapattinam,Vedaranyam(Uzhavar Sandhai),Ridgeguard(Tori),Ridgeguard(Tori),Local,20-09-2026,3200,3500,3350
Tamil Nadu,Nagapattinam,Vedaranyam(Uzhavar Sandhai),Lemon,Lemon,Local,20-09-2026,8500,9000,8750
Tamil Nadu,Vellore,Perampet(Uzhavar Sandhai),Onion,Bellary,Local,20-09-2026,5000,6000,5500
Tamil Nadu,Vellore,Perampet(Uzhavar Sandhai),Garlic,Garlic,Local,20-09-2026,22000,23000,22500
Tamil Nadu,Vellore,Perampet(Uzhavar Sandhai),Bitter gourd,Bitter Gourd,Local,20-09-2026,4000,4500,4250
Tamil Nadu,Vellore,Perampet(Uzhavar Sandhai),Ashgourd,Gouard,Local,20-09-2026,2400,2400,2400
Tamil Nadu,Vellore,Perampet(Uzhavar Sandhai),Amaranthus,Amaranthus,Local,20-09-2026,4000,4000,4000
Tamil Nadu,Vellore,Perampet(Uzhavar Sandhai),Ginger(Green),Green Ginger,Local,20-09-2026,18000,19000,18500
Tamil Nadu,Vellore,Perampet(Uzhavar Sandhai),Raddish,Raddish,Local,20-09-2026,3000,3000,3000
Tamil Nadu,Vellore,Perampet(Uzhavar Sandhai),Green Avare(W),Green Avare (W),Local,20-09-2026,6000,6600,6300
Tamil Nadu,Vellore,Perampet(Uzhavar Sandhai),Lemon,Lemon,Local,20-09-2026,12000,13000,12500
Tamil Nadu,Vellore,Perampet(Uzhavar Sandhai),Amla(Nelli Kai),Amla,Local,20-09-2026,10000,10000,10000
Madhya Pradesh,Badwani,Sendhwa(F&V) APMC,Green Chilli,Green Chilly,Medium,20-09-2026,900,1200,1100
Madhya Pradesh,Badwani,Sendhwa(F&V) APMC,Bhindi(Ladies Finger),Bhindi,Local,20-09-2026,700,1000,800
Tamil Nadu,Karur,Kulithalai(Uzhavar Sandhai ),Papaya,Papaya,Local,20-09-2026,2500,3000,2750
Tamil Nadu,Karur,Kulithalai(Uzhavar Sandhai ),Ginger(Green),Green Ginger,Local,20-09-2026,18500,19000,18750
Tamil Nadu,Karur,Kulithalai(Uzhavar Sandhai ),Coconut,Coconut,Local,20-09-2026,6000,6500,6250
Tamil Nadu,Karur,Kulithalai(Uzhavar Sandhai ),Betal Leaves,Mysore,Local,20-09-2026,9000,10000,9500
Tamil Nadu,Karur,Kulithalai(Uzhavar Sandhai ),Cabbage,Cabbage,Local,20-09-2026,3000,3200,3100
Tamil Nadu,Karur,Kulithalai(Uzhavar Sandhai ),Ridgeguard(Tori),Ridgeguard(Tori),Local,20-09-2026,5000,5400,5200
Tamil Nadu,Karur,Kulithalai(Uzhavar Sandhai ),Green Avare(W),Other,Local,20-09-2026,7000,9000,8000
Tamil Nadu,Karur,Kulithalai(Uzhavar Sandhai ),Drumstick,Drumstick,Local,20-09-2026,3000,3500,3250
Tamil Nadu,Karur,Kulithalai(Uzhavar Sandhai ),Knool Khol,Knool Khol,Local,20-09-2026,5500,6000,5750
Tamil Nadu,Karur,Kulithalai(Uzhavar Sandhai ),Yam(Ratalu),Yam (Ratalu),Local,20-09-2026,7000,8000,7500
Tamil Nadu,Karur,Kulithalai(Uzhavar Sandhai ),Mashrooms,Mashrooms,Local,20-09-2026,24000,26000,25000
Tamil Nadu,Thirupur,Dharapuram(Uzhavar Sandhai ),Papaya,Papaya,Local,20-09-2026,2500,3000,2750
Tamil Nadu,Thirupur,Dharapuram(Uzhavar Sandhai ),Ashgourd,Gouard,Local,20-09-2026,2000,2500,2250
Tamil Nadu,Thirupur,Dharapuram(Uzhavar Sandhai ),Amaranthus,Amaranthus,Local,20-09-2026,2000,2500,2250
Tamil Nadu,Thirupur,Dharapuram(Uzhavar Sandhai ),Ginger(Green),Green Ginger,Local,20-09-2026,16000,18000,17000
Tamil Nadu,Thirupur,Dharapuram(Uzhavar Sandhai ),Chow Chow,Chow Chow,Local,20-09-2026,3000,3500,3250
Tamil Nadu,Thirupur,Dharapuram(Uzhavar Sandhai ),Drumstick,Drumstick,Local,20-09-2026,2500,3000,2750
Tamil Nadu,Thirupur,Dharapuram(Uzhavar Sandhai ),Elephant Yam(Suran)/Amorphophallus,Elephant Yam (Suran),Local,20-09-2026,4500,5000,4750
Tamil Nadu,Thirupur,Palladam(Uzhavar Sandhai ),Brinjal,Other,Local,20-09-2026,3500,4000,3750
Tamil Nadu,Thirupur,Palladam(Uzhavar Sandhai ),Coriander(Leaves),I Sort,Local,20-09-2026,5000,6000,5500
Tamil Nadu,Thirupur,Palladam(Uzhavar Sandhai ),Bhindi(Ladies Finger),Bhindi,Local,20-09-2026,4000,4500,4250
Tamil Nadu,Thirupur,Palladam(Uzhavar Sandhai ),Green Chilli,Green Chilly,Local,20-09-2026,4000,5000,4500
Tamil Nadu,Thirupur,Palladam(Uzhavar Sandhai ),Carrot,Pusakesar,Local,20-09-2026,4500,5000,4750
Tamil Nadu,Thirupur,Palladam(Uzhavar Sandhai ),Ridgeguard(Tori),Ridgeguard(Tori),Local,20-09-2026,4000,5000,4500
Tamil Nadu,Thirupur,Palladam(Uzhavar Sandhai ),Guava,Guava Allahabad,Local,20-09-2026,4000,5000,4500
Tamil Nadu,Thirupur,Palladam(Uzhavar Sandhai ),Mint(Pudina),Mint(Pudina),Local,20-09-2026,3000,3500,3250
Uttar Pradesh,Hathras,Haathras APMC,Firewood,Firewood,FAQ,20-09-2026,500,500,500
Uttar Pradesh,Raebarelli,Jayas APMC,Wheat,Dara,FAQ,20-09-2026,2400,2400,2400
Uttar Pradesh,Ghazipur,Jangipura APMC,Green Chilli,Other,FAQ,20-09-2026,1500,1500,1500
Tamil Nadu,Kallakuruchi,Kallakurichi(Uzhavar Sandhai ),Banana,Red Banana,Local,20-09-2026,7000,7000,7000
Tamil Nadu,Kallakuruchi,Kallakurichi(Uzhavar Sandhai ),Coriander(Leaves),I Sort,Local,20-09-2026,6000,6000,6000
Tamil Nadu,Kallakuruchi,Kallakurichi(Uzhavar Sandhai ),Water Melon,Water Melon,Local,20-09-2026,2000,2000,2000
Tamil Nadu,Kallakuruchi,Kallakurichi(Uzhavar Sandhai ),Amaranthus,Amaranthus,Local,20-09-2026,3000,3000,3000
Tamil Nadu,Kallakuruchi,Kallakurichi(Uzhavar Sandhai ),Green Chilli,Green Chilly,Local,20-09-2026,6000,6000,6000
Tamil Nadu,Kallakuruchi,Kallakurichi(Uzhavar Sandhai ),Ginger(Green),Green Ginger,Local,20-09-2026,18000,18000,18000
Tamil Nadu,Kallakuruchi,Kallakurichi(Uzhavar Sandhai ),Ridgeguard(Tori),Ridgeguard(Tori),Local,20-09-2026,4000,4000,4000
Tamil Nadu,Kallakuruchi,Kallakurichi(Uzhavar Sandhai ),Raddish,Raddish,Local,20-09-2026,4000,4000,4000
Tamil Nadu,Kallakuruchi,Kallakurichi(Uzhavar Sandhai ),Capsicum,Capsicum,Local,20-09-2026,9000,9000,9000
Tamil Nadu,Kallakuruchi,Kallakurichi(Uzhavar Sandhai ),Drumstick,Drumstick,Local,20-09-2026,5000,5000,5000
Tamil Nadu,Kallakuruchi,Kallakurichi(Uzhavar Sandhai ),Tender Coconut,Tender Coconut,Local,20-09-2026,3000,3000,3000
Uttar Pradesh,Mathura,Mathura APMC,Wheat,Dara,FAQ,20-09-2026,2500,2500,2500
Uttar Pradesh,Mathura,Mathura APMC,Green Chilli,Other,FAQ,20-09-2026,4000,4000,4000
Andhra Pradesh,Srikakulam,Jalumuru APMC,Paddy(Common),1121,FAQ,20-09-2026,2369,2369,2369
Andhra Pradesh,Markapuram,Podili APMC,Red gram/Arhar/Tur(whole),Arhar (Whole),Non-FAQ,20-09-2026,8200,8400,8300
Tamil Nadu,Salem,Athur(Uzhavar Sandhai ),Onion,Bellary,Local,20-09-2026,5500,6500,6000
Tamil Nadu,Salem,Athur(Uzhavar Sandhai ),Mousambi(Sweet Lime),Mousambi,Local,20-09-2026,6000,7000,6500
Tamil Nadu,Salem,Athur(Uzhavar Sandhai ),Ashgourd,Gouard,Local,20-09-2026,2000,2400,2200
Tamil Nadu,Salem,Athur(Uzhavar Sandhai ),Bhindi(Ladies Finger),Bhindi,Local,20-09-2026,2500,2800,2650
Tamil Nadu,Salem,Athur(Uzhavar Sandhai ),Amaranthus,Amaranthus,Local,20-09-2026,2000,2500,2250
Tamil Nadu,Salem,Athur(Uzhavar Sandhai ),Ginger(Green),Green Ginger,Local,20-09-2026,8000,18000,13000
Tamil Nadu,Salem,Athur(Uzhavar Sandhai ),Green Avare(W),Green Avare (W),Local,20-09-2026,7000,8500,7750
Tamil Nadu,Salem,Athur(Uzhavar Sandhai ),Kakada,Kakada,Local,20-09-2026,20000,24000,22000
Tamil Nadu,Theni,Periyakulam(Uzhavar Sandhai ),Brinjal,Other,Local,20-09-2026,3400,3600,3500
Tamil Nadu,Theni,Periyakulam(Uzhavar Sandhai ),Cauliflower,Ranchi,Local,20-09-2026,3000,3500,3250
Tamil Nadu,Theni,Periyakulam(Uzhavar Sandhai ),Tomato,Other,Local,20-09-2026,2300,2500,2400
Tamil Nadu,Theni,Periyakulam(Uzhavar Sandhai ),Bhindi(Ladies Finger),Bhindi,Local,20-09-2026,3600,3800,3700
Tamil Nadu,Theni,Periyakulam(Uzhavar Sandhai ),Ginger(Green),Green Ginger,Local,20-09-2026,9000,16000,12500
Tamil Nadu,Theni,Periyakulam(Uzhavar Sandhai ),Coconut,Coconut,Local,20-09-2026,5400,5600,5500
Tamil Nadu,Theni,Periyakulam(Uzhavar Sandhai ),Carrot,Pusakesar,Local,20-09-2026,3200,3400,3300
Tamil Nadu,Theni,Periyakulam(Uzhavar Sandhai ),Elephant Yam(Suran)/Amorphophallus,Elephant Yam (Suran),Local,20-09-2026,3300,3500,3400
Tamil Nadu,Theni,Periyakulam(Uzhavar Sandhai ),Onion Green,Onion Green,Local,20-09-2026,8000,8500,8250
Tamil Nadu,Virudhunagar,Srivilliputhur(Uzhavar Sandhai ),Brinjal,Round,Local,20-09-2026,2500,3000,2750
Tamil Nadu,Virudhunagar,Srivilliputhur(Uzhavar Sandhai ),Banana,Besrai,Local,20-09-2026,3500,4000,3750
Tamil Nadu,Virudhunagar,Srivilliputhur(Uzhavar Sandhai ),Potato,Red Nanital,Local,20-09-2026,3000,3500,3250
Tamil Nadu,Virudhunagar,Srivilliputhur(Uzhavar Sandhai ),Chikoos(Sapota),Sapota,Local,20-09-2026,3500,4000,3750
Tamil Nadu,Virudhunagar,Srivilliputhur(Uzhavar Sandhai ),Tomato,Deshi,Local,20-09-2026,2000,2500,2250
Tamil Nadu,Virudhunagar,Srivilliputhur(Uzhavar Sandhai ),Beans,Beans (Whole),Local,20-09-2026,9000,10000,9500
Tamil Nadu,Virudhunagar,Srivilliputhur(Uzhavar Sandhai ),Chow Chow,Chow Chow,Local,20-09-2026,3000,3500,3250
Tamil Nadu,Virudhunagar,Srivilliputhur(Uzhavar Sandhai ),Drumstick,Drumstick,Local,20-09-2026,4500,5000,4750
Tamil Nadu,Virudhunagar,Srivilliputhur(Uzhavar Sandhai ),Elephant Yam(Suran)/Amorphophallus,Elephant Yam (Suran),Local,20-09-2026,4500,5000,4750
Tamil Nadu,Virudhunagar,Srivilliputhur(Uzhavar Sandhai ),Mint(Pudina),Mint(Pudina),Local,20-09-2026,6000,7000,6500
Uttar Pradesh,Badaun,Shahaswan APMC,Banana,Amruthapani,Medium,20-09-2026,2000,2200,2100
Uttar Pradesh,Barabanki,Safdarganj APMC,Wheat,Dara,FAQ,20-09-2026,2450,2450,2450
Uttar Pradesh,Siddharth Nagar,Sahiyapur APMC,Wheat,Dara,FAQ,20-09-2026,2430,2430,2430
Uttar Pradesh,Ambedkarnagar,Tanda Akbarpur APMC,Tobacco,Other,FAQ,20-09-2026,4200,4200,4200
Odisha,Kalahandi,Mukhiguda APMC,Cabbage,Cabbage,Grade B,20-09-2026,2400,2700,2550
Odisha,Kalahandi,Mukhiguda APMC,Bhindi(Ladies Finger),Bhindi,Grade B,20-09-2026,2500,3300,2900
Odisha,Kalahandi,Mukhiguda APMC,Tomato,Tomato,Grade B,20-09-2026,2400,3400,2900
Tamil Nadu,Coimbatore,Vadavalli(Uzhavar Sandhai ),Onion,Bellary,Local,20-09-2026,5800,6200,6000
Tamil Nadu,Coimbatore,Vadavalli(Uzhavar Sandhai ),Potato,Other,Local,20-09-2026,5500,6000,5750
Tamil Nadu,Coimbatore,Vadavalli(Uzhavar Sandhai ),Brinjal,Other,Local,20-09-2026,3400,3800,3600
Tamil Nadu,Coimbatore,Vadavalli(Uzhavar Sandhai ),Coriander(Leaves),I Sort,Local,20-09-2026,4400,4800,4600
Tamil Nadu,Coimbatore,Vadavalli(Uzhavar Sandhai ),Mousambi(Sweet Lime),Mousambi,Local,20-09-2026,4000,4500,4250
Tamil Nadu,Coimbatore,Vadavalli(Uzhavar Sandhai ),Bottle gourd,Bottle Gourd,Local,20-09-2026,2800,3200,3000
Tamil Nadu,Coimbatore,Vadavalli(Uzhavar Sandhai ),Ashgourd,Gouard,Local,20-09-2026,1600,1800,1700
Tamil Nadu,Coimbatore,Vadavalli(Uzhavar Sandhai ),Banana - Green,Banana - Green,Local,20-09-2026,3800,4400,4100
Tamil Nadu,Coimbatore,Vadavalli(Uzhavar Sandhai ),Ginger(Green),Green Ginger,Local,20-09-2026,12000,15800,13900
Tamil Nadu,Coimbatore,Vadavalli(Uzhavar Sandhai ),Ridgeguard(Tori),Ridgeguard(Tori),Local,20-09-2026,3800,4200,4000
Tamil Nadu,Coimbatore,Vadavalli(Uzhavar Sandhai ),Raddish,Raddish,Local,20-09-2026,2500,3000,2750
Tamil Nadu,Coimbatore,Vadavalli(Uzhavar Sandhai ),Thondekai,Thondekai,Local,20-09-2026,3500,4000,3750
Tamil Nadu,Coimbatore,Vadavalli(Uzhavar Sandhai ),Drumstick,Drumstick,Local,20-09-2026,3000,3600,3300
Tamil Nadu,Coimbatore,Vadavalli(Uzhavar Sandhai ),Guava,Guava Allahabad,Local,20-09-2026,5500,6000,5750
Tamil Nadu,Coimbatore,Vadavalli(Uzhavar Sandhai ),Onion Green,Onion Green,Local,20-09-2026,8500,9000,8750
Tamil Nadu,Coimbatore,Vadavalli(Uzhavar Sandhai ),Mint(Pudina),Mint(Pudina),Local,20-09-2026,4500,5000,4750
Uttar Pradesh,Shahjahanpur,Powayan APMC,Paddy(Common),Other,FAQ,20-09-2026,1740,1750,1745
West Bengal,Darjeeling,Karsiyang(Matigara) APMC,Squash(Chappal Kadoo),Other,FAQ,20-09-2026,1400,1600,1500
West Bengal,Darjeeling,Darjeeling APMC,Tomato,Other,FAQ,20-09-2026,3600,3800,3700
Uttar Pradesh,Bulandshahar,Gulavati APMC,Cauliflower,Cauliflower,FAQ,20-09-2026,2100,2300,2200
Tripura,South Tripura,Barpathari APMC,Pointed gourd(Parval),Pointed gourd (Parval),Local,20-09-2026,3900,4100,4000
Tamil Nadu,Coimbatore,Udumalpet APMC,Onion,Bellary,Local,20-09-2026,6000,6800,6400
Tamil Nadu,Coimbatore,Udumalpet APMC,Green Chilli,Green Chilly,Local,20-09-2026,4500,5400,4950
Tamil Nadu,Coimbatore,Udumalpet APMC,Banana - Green,Banana - Green,Local,20-09-2026,2500,3000,2750
Tamil Nadu,Coimbatore,Udumalpet APMC,Cabbage,Cabbage,Local,20-09-2026,3000,3500,3250
Tamil Nadu,Coimbatore,Udumalpet APMC,Cucumbar(Kheera),Cucumbar,Local,20-09-2026,4000,4500,4250
Tamil Nadu,Erode,Gobichettipalayam(Uzhavar Sandhai ),Banana,Besrai,Local,20-09-2026,2800,4800,3800
Tamil Nadu,Erode,Gobichettipalayam(Uzhavar Sandhai ),Onion,Bellary,Local,20-09-2026,6500,7000,6750
Tamil Nadu,Erode,Gobichettipalayam(Uzhavar Sandhai ),Coriander(Leaves),I Sort,Local,20-09-2026,5000,5500,5250
Tamil Nadu,Erode,Gobichettipalayam(Uzhavar Sandhai ),Chikoos(Sapota),Sapota,Local,20-09-2026,3000,3500,3250
Tamil Nadu,Erode,Gobichettipalayam(Uzhavar Sandhai ),Tomato,Deshi,Local,20-09-2026,2200,2500,2350
Tamil Nadu,Erode,Gobichettipalayam(Uzhavar Sandhai ),Bottle gourd,Bottle Gourd,Local,20-09-2026,1800,2000,1900
Tamil Nadu,Erode,Gobichettipalayam(Uzhavar Sandhai ),Sweet Potato,Hosur Red,Local,20-09-2026,4500,5000,4750
Tamil Nadu,Erode,Gobichettipalayam(Uzhavar Sandhai ),Carrot,Pusakesar,Local,20-09-2026,5200,5500,5350
Tamil Nadu,Erode,Gobichettipalayam(Uzhavar Sandhai ),Cabbage,Cabbage,Local,20-09-2026,1800,2000,1900
Tamil Nadu,Erode,Gobichettipalayam(Uzhavar Sandhai ),Raddish,Raddish,Local,20-09-2026,2000,2200,2100
Tamil Nadu,Erode,Gobichettipalayam(Uzhavar Sandhai ),Lemon,Lemon,Local,20-09-2026,17500,18000,17750
Tamil Nadu,Erode,Gobichettipalayam(Uzhavar Sandhai ),Onion Green,Onion Green,Local,20-09-2026,7500,8000,7750
Tamil Nadu,Erode,Sampath Nagar(Uzhavar Sandhai ),Brinjal,Other,Local,20-09-2026,2000,2500,2250
Tamil Nadu,Erode,Sampath Nagar(Uzhavar Sandhai ),Tomato,Other,Local,20-09-2026,2500,2800,2650
Tamil Nadu,Erode,Sampath Nagar(Uzhavar Sandhai ),Cluster beans,Cluster Beans,Local,20-09-2026,2800,3000,2900
Tamil Nadu,Erode,Sampath Nagar(Uzhavar Sandhai ),Bottle gourd,Bottle Gourd,Local,20-09-2026,1500,2000,1750
Tamil Nadu,Erode,Sampath Nagar(Uzhavar Sandhai ),Green Chilli,Green Chilly,Local,20-09-2026,5200,5500,5350
Tamil Nadu,Erode,Sampath Nagar(Uzhavar Sandhai ),Ginger(Green),Green Ginger,Local,20-09-2026,16000,16400,16200
Tamil Nadu,Erode,Sampath Nagar(Uzhavar Sandhai ),Green Avare(W),Other,Local,20-09-2026,5600,6000,5800
Tamil Nadu,Erode,Sampath Nagar(Uzhavar Sandhai ),Tender Coconut,Tender Coconut,Local,20-09-2026,3000,4500,3750
Tamil Nadu,Erode,Sampath Nagar(Uzhavar Sandhai ),Lemon,Lemon,Local,20-09-2026,25000,26000,25500
Tamil Nadu,Erode,Sampath Nagar(Uzhavar Sandhai ),Onion Green,Onion Green,Local,20-09-2026,6500,7500,7000
Uttar Pradesh,Kannuj,Kannauj APMC,Potato,Other,FAQ,20-09-2026,550,550,550
Tripura,Khowai,Kalyanpur APMC,Banana,Champa,Medium,20-09-2026,1900,2100,2000
Tripura,Khowai,Kalyanpur APMC,Hen,Local,FAQ,20-09-2026,480,490,485
Tamil Nadu,Vellore,Pallikonda(Uzhavar Sandhai),Banana - Green,Banana - Green,Local,20-09-2026,2500,3000,2750
Tamil Nadu,Pudukkottai,Ponnamaravathi(Uzhavar Sandhai),Brinjal,Round,Local,20-09-2026,6000,7000,6500
Tamil Nadu,Pudukkottai,Ponnamaravathi(Uzhavar Sandhai),Papaya,Papaya,Local,20-09-2026,3000,4000,3500
Tamil Nadu,Pudukkottai,Ponnamaravathi(Uzhavar Sandhai),Pumpkin,Pumpkin,Local,20-09-2026,1000,1500,1250
Tamil Nadu,Pudukkottai,Ponnamaravathi(Uzhavar Sandhai),Cowpea(Veg),Cowpea (Veg),Local,20-09-2026,1000,2000,1500
Tamil Nadu,Pudukkottai,Ponnamaravathi(Uzhavar Sandhai),Banana - Green,Banana - Green,Local,20-09-2026,2000,3000,2500
Tamil Nadu,Pudukkottai,Ponnamaravathi(Uzhavar Sandhai),Drumstick,Drumstick,Local,20-09-2026,4000,5000,4500
Tamil Nadu,Nagapattinam,Mayiladuthurai(Uzhavar Sandhai ),Bitter gourd,Bitter Gourd,Local,20-09-2026,5500,6000,5750
Tamil Nadu,Nagapattinam,Mayiladuthurai(Uzhavar Sandhai ),Bottle gourd,Bottle Gourd,Local,20-09-2026,2500,3000,2750
Tamil Nadu,Nagapattinam,Mayiladuthurai(Uzhavar Sandhai ),Pumpkin,Pumpkin,Local,20-09-2026,1500,2000,1750
Tamil Nadu,Nagapattinam,Mayiladuthurai(Uzhavar Sandhai ),Snakeguard,Snakeguard,Local,20-09-2026,3600,4000,3800
Tamil Nadu,Nagapattinam,Mayiladuthurai(Uzhavar Sandhai ),Chow Chow,Chow Chow,Local,20-09-2026,4000,4000,4000
Tamil Nadu,Nagapattinam,Mayiladuthurai(Uzhavar Sandhai ),Mint(Pudina),Mint(Pudina),Local,20-09-2026,4000,4500,4250
Uttar Pradesh,Mainpuri,Mainpuri APMC,Wheat,2329,FAQ,20-09-2026,2551,2551,2551
Tamil Nadu,Pudukkottai,Viralimalai(Uzhavar Sandhai ),Pumpkin,Pumpkin,Local,20-09-2026,1200,1500,1350
Tamil Nadu,Pudukkottai,Viralimalai(Uzhavar Sandhai ),Raddish,Raddish,Local,20-09-2026,2500,3000,2750
Tamil Nadu,Pudukkottai,Viralimalai(Uzhavar Sandhai ),Green Avare(W),Green Avare (W),Local,20-09-2026,6500,7000,6750
Tamil Nadu,Ramanathapuram,Kamuthi(Uzhavar Sandhai ),Bhindi(Ladies Finger),Bhindi,Local,20-09-2026,6000,6500,6250
Tamil Nadu,Ramanathapuram,Paramakudi(Uzhavar Sandhai ),Onion,Bellary,Local,20-09-2026,4500,5000,4750
Tamil Nadu,Ramanathapuram,Paramakudi(Uzhavar Sandhai ),Potato,Red Nanital,Local,20-09-2026,4800,5000,4900
Tamil Nadu,Ramanathapuram,Paramakudi(Uzhavar Sandhai ),Ashgourd,Gouard,Local,20-09-2026,2000,2200,2100
Tamil Nadu,Ramanathapuram,Paramakudi(Uzhavar Sandhai ),Ginger(Green),Green Ginger,Local,20-09-2026,16000,17000,16500
Tamil Nadu,Ramanathapuram,Paramakudi(Uzhavar Sandhai ),Snakeguard,Snakeguard,Local,20-09-2026,5000,5200,5100
Tamil Nadu,Ramanathapuram,Paramakudi(Uzhavar Sandhai ),Drumstick,Drumstick,Local,20-09-2026,7000,8000,7500
Tamil Nadu,Ramanathapuram,Paramakudi(Uzhavar Sandhai ),Yam(Ratalu),Yam (Ratalu),Local,20-09-2026,7000,7500,7250
Tamil Nadu,Ramanathapuram,Paramakudi(Uzhavar Sandhai ),Colacasia,Colacasia,Local,20-09-2026,6800,7000,6900
Tamil Nadu,Pudukkottai,Alangudi(Uzhavar Sandhai ),Onion,Bellary,Local,20-09-2026,6000,7000,6500
Tamil Nadu,Pudukkottai,Alangudi(Uzhavar Sandhai ),Bitter gourd,Other,Local,20-09-2026,6000,7000,6500
Tamil Nadu,Pudukkottai,Alangudi(Uzhavar Sandhai ),Raddish,Raddish,Local,20-09-2026,2500,3000,2750
Tamil Nadu,Pudukkottai,Alangudi(Uzhavar Sandhai ),Drumstick,Drumstick,Local,20-09-2026,4500,5000,4750
Tamil Nadu,Thiruvannamalai,Arani(Uzhavar Sandhai ),Onion,Bellary,Local,20-09-2026,5500,6000,5750
Tamil Nadu,Thiruvannamalai,Arani(Uzhavar Sandhai ),Bottle gourd,Bottle Gourd,Local,20-09-2026,1500,2000,1750
Tamil Nadu,Thiruvannamalai,Arani(Uzhavar Sandhai ),Ashgourd,Gouard,Local,20-09-2026,1500,2000,1750
Tamil Nadu,Thiruvannamalai,Arani(Uzhavar Sandhai ),Beans,Beans (Whole),Local,20-09-2026,5000,6000,5500
Tamil Nadu,Thiruvannamalai,Arani(Uzhavar Sandhai ),Sweet Potato,Hosur Red,Local,20-09-2026,3500,4000,3750
Tamil Nadu,Thiruvannamalai,Arani(Uzhavar Sandhai ),Cabbage,Cabbage,Local,20-09-2026,2000,2500,2250
Tamil Nadu,Thiruvannamalai,Arani(Uzhavar Sandhai ),Knool Khol,Knool Khol,Local,20-09-2026,2500,3000,2750
Tamil Nadu,Thiruvannamalai,Arani(Uzhavar Sandhai ),Tender Coconut,Tender Coconut,Local,20-09-2026,1500,2000,1750
Tamil Nadu,Thiruvannamalai,Arani(Uzhavar Sandhai ),Lemon,Lemon,Local,20-09-2026,10000,12000,11000
Andhra Pradesh,Srikakulam,Narasannapet APMC,Paddy(Common),Paddy,FAQ,20-09-2026,2369,2369,2369
Tamil Nadu,Thiruvannamalai,Polur(Uzhavar Sandhai ),Brinjal,Round,Local,20-09-2026,5000,6000,5500
Tamil Nadu,Thiruvannamalai,Polur(Uzhavar Sandhai ),Coriander(Leaves),I Sort,Local,20-09-2026,4200,5000,4600
Tamil Nadu,Thiruvannamalai,Polur(Uzhavar Sandhai ),Ashgourd,Gouard,Local,20-09-2026,1600,2000,1800
Tamil Nadu,Thiruvannamalai,Polur(Uzhavar Sandhai ),Coconut,Coconut,Local,20-09-2026,4200,5000,4600
Tamil Nadu,Thiruvannamalai,Polur(Uzhavar Sandhai ),Carrot,Pusakesar,Local,20-09-2026,5000,6000,5500
Tamil Nadu,Thiruvannamalai,Polur(Uzhavar Sandhai ),Raddish,Raddish,Local,20-09-2026,1600,2000,1800
Tamil Nadu,Thiruvannamalai,Polur(Uzhavar Sandhai ),Tender Coconut,Tender Coconut,Local,20-09-2026,1500,2000,1750
Tamil Nadu,Thiruvannamalai,Polur(Uzhavar Sandhai ),Yam(Ratalu),Yam (Ratalu),Local,20-09-2026,5000,6000,5500
Tamil Nadu,Thiruvannamalai,Polur(Uzhavar Sandhai ),Onion Green,Onion Green,Local,20-09-2026,5000,6000,5500
Tamil Nadu,Thiruvannamalai,Tiruvannamalai(Uzhavar Sandhai ),Groundnut,Big (With Shell),Local,20-09-2026,8000,10000,9000
Tamil Nadu,Thiruvannamalai,Tiruvannamalai(Uzhavar Sandhai ),Garlic,Garlic,Local,20-09-2026,25000,28000,26500
Tamil Nadu,Thiruvannamalai,Tiruvannamalai(Uzhavar Sandhai ),Cauliflower,Ranchi,Local,20-09-2026,3600,4000,3800
Tamil Nadu,Thiruvannamalai,Tiruvannamalai(Uzhavar Sandhai ),Cluster beans,Cluster Beans,Local,20-09-2026,3000,3600,3300
Tamil Nadu,Thiruvannamalai,Tiruvannamalai(Uzhavar Sandhai ),Bottle gourd,Bottle Gourd,Local,20-09-2026,2000,2500,2250
Tamil Nadu,Thiruvannamalai,Tiruvannamalai(Uzhavar Sandhai ),Ashgourd,Gouard,Local,20-09-2026,2000,2500,2250
Tamil Nadu,Thiruvannamalai,Tiruvannamalai(Uzhavar Sandhai ),Amaranthus,Amaranthus,Local,20-09-2026,3500,4000,3750
Tamil Nadu,Thiruvannamalai,Tiruvannamalai(Uzhavar Sandhai ),Cowpea(Veg),Cowpea (Veg),Local,20-09-2026,5000,6000,5500
Tamil Nadu,Thiruvannamalai,Tiruvannamalai(Uzhavar Sandhai ),Beans,Beans (Whole),Local,20-09-2026,8000,10000,9000
Tamil Nadu,Thiruvannamalai,Tiruvannamalai(Uzhavar Sandhai ),Coconut,Coconut,Local,20-09-2026,4000,5000,4500
Tamil Nadu,Thiruvannamalai,Tiruvannamalai(Uzhavar Sandhai ),Sweet Potato,Hosur Red,Local,20-09-2026,4000,5000,4500
Tamil Nadu,Thiruvannamalai,Tiruvannamalai(Uzhavar Sandhai ),Carrot,Pusakesar,Local,20-09-2026,5000,6000,5500
Tamil Nadu,Thiruvannamalai,Tiruvannamalai(Uzhavar Sandhai ),Snakeguard,Snakeguard,Local,20-09-2026,2500,3000,2750
Tamil Nadu,Thiruvannamalai,Tiruvannamalai(Uzhavar Sandhai ),Beetroot,Beetroot,Local,20-09-2026,4000,4800,4400
Tamil Nadu,Thiruvannamalai,Tiruvannamalai(Uzhavar Sandhai ),Ridgeguard(Tori),Ridgeguard(Tori),Local,20-09-2026,4000,5000,4500
Tamil Nadu,Thiruvannamalai,Tiruvannamalai(Uzhavar Sandhai ),Elephant Yam(Suran)/Amorphophallus,Elephant Yam (Suran),Local,20-09-2026,5000,6000,5500
Tamil Nadu,Thiruvannamalai,Tiruvannamalai(Uzhavar Sandhai ),Lemon,Lemon,Local,20-09-2026,25000,28000,26500
Tamil Nadu,Thiruvannamalai,Tiruvannamalai(Uzhavar Sandhai ),Custard Apple(Sharifa),Custard Apple(Sharifa),Local,20-09-2026,7000,8000,7500
Tamil Nadu,Thiruvannamalai,Tiruvannamalai(Uzhavar Sandhai ),Amla(Nelli Kai),Amla,Local,20-09-2026,10000,12000,11000
Tamil Nadu,Thiruvannamalai,Tiruvannamalai(Uzhavar Sandhai ),Onion Green,Onion Green,Local,20-09-2026,8000,10000,9000
Tamil Nadu,Thiruvarur,Mannargudi I(Uzhavar Sandhai ),Potato,Other,Local,20-09-2026,3000,3000,3000
Tamil Nadu,Thiruvarur,Mannargudi I(Uzhavar Sandhai ),Coriander(Leaves),I Sort,Local,20-09-2026,4000,4000,4000
Tamil Nadu,Thiruvarur,Mannargudi I(Uzhavar Sandhai ),Beetroot,Beetroot,Local,20-09-2026,5400,5400,5400
Tamil Nadu,Thiruvarur,Mannargudi I(Uzhavar Sandhai ),Elephant Yam(Suran)/Amorphophallus,Elephant Yam (Suran),Local,20-09-2026,5600,5600,5600
Tamil Nadu,Tuticorin,Kovilpatti(Uzhavar Sandhai ),Ashgourd,Gouard,Local,20-09-2026,2500,3000,2750
Tamil Nadu,Tuticorin,Kovilpatti(Uzhavar Sandhai ),Pumpkin,Pumpkin,Local,20-09-2026,3000,3500,3250
Tamil Nadu,Tuticorin,Kovilpatti(Uzhavar Sandhai ),Carrot,Pusakesar,Local,20-09-2026,5500,6000,5750
Tamil Nadu,Tuticorin,Kovilpatti(Uzhavar Sandhai ),Chow Chow,Chow Chow,Local,20-09-2026,4000,4500,4250
Tamil Nadu,Tuticorin,Kovilpatti(Uzhavar Sandhai ),Lime,Lime,Local,20-09-2026,12000,12500,12250
Tamil Nadu,Tuticorin,Kovilpatti(Uzhavar Sandhai ),Elephant Yam(Suran)/Amorphophallus,Elephant Yam (Suran),Local,20-09-2026,4500,5000,4750
Tamil Nadu,Tuticorin,Kovilpatti(Uzhavar Sandhai ),Onion Green,Onion Green,Local,20-09-2026,9000,9500,9250
Tamil Nadu,Vellore,Gudiyatham(Uzhavar Sandhai ),Brinjal,Other,Local,20-09-2026,2500,3000,2750
Tamil Nadu,Vellore,Gudiyatham(Uzhavar Sandhai ),Tomato,Other,Local,20-09-2026,2000,2400,2200
Tamil Nadu,Vellore,Gudiyatham(Uzhavar Sandhai ),Tapioca,Tapioca,Local,20-09-2026,3000,3000,3000
Tamil Nadu,Vellore,Gudiyatham(Uzhavar Sandhai ),Beetroot,Beetroot,Local,20-09-2026,4600,4600,4600
Tamil Nadu,Vellore,Gudiyatham(Uzhavar Sandhai ),Drumstick,Drumstick,Local,20-09-2026,3600,3600,3600
Tamil Nadu,Vellore,Gudiyatham(Uzhavar Sandhai ),Tender Coconut,Tender Coconut,Local,20-09-2026,3000,3500,3250
Tamil Nadu,Vellore,Gudiyatham(Uzhavar Sandhai ),Lemon,Lemon,Local,20-09-2026,15000,15000,15000
Tamil Nadu,Vellore,Gudiyatham(Uzhavar Sandhai ),Colacasia,Colacasia,Local,20-09-2026,5600,5600,5600
Tamil Nadu,Vellore,Gudiyatham(Uzhavar Sandhai ),Onion Green,Onion Green,Local,20-09-2026,11000,11000,11000
Tamil Nadu,Vellore,Kahithapattarai(Uzhavar Sandhai ),Brinjal,Other,Local,20-09-2026,4600,4600,4600
Tamil Nadu,Vellore,Kahithapattarai(Uzhavar Sandhai ),Onion,Bellary,Local,20-09-2026,6800,6800,6800
Tamil Nadu,Vellore,Kahithapattarai(Uzhavar Sandhai ),Garlic,Garlic,Local,20-09-2026,22000,22000,22000
Tamil Nadu,Vellore,Kahithapattarai(Uzhavar Sandhai ),Mousambi(Sweet Lime),Mousambi,Local,20-09-2026,6000,6000,6000
Tamil Nadu,Vellore,Kahithapattarai(Uzhavar Sandhai ),Cowpea(Veg),Cowpea (Veg),Local,20-09-2026,3000,3000,3000
Tamil Nadu,Vellore,Kahithapattarai(Uzhavar Sandhai ),Tapioca,Tapioca,Local,20-09-2026,4000,4000,4000
Tamil Nadu,Vellore,Kahithapattarai(Uzhavar Sandhai ),Sweet Potato,Hosur Red,Local,20-09-2026,3500,3500,3500
Tamil Nadu,Vellore,Kahithapattarai(Uzhavar Sandhai ),Cucumbar(Kheera),Cucumbar,Local,20-09-2026,3500,3500,3500
Tamil Nadu,Vellore,Kahithapattarai(Uzhavar Sandhai ),Knool Khol,Knool Khol,Local,20-09-2026,3000,3000,3000
Tamil Nadu,Vellore,Kahithapattarai(Uzhavar Sandhai ),Tamarind Fruit,Tamarind Fruit,Local,20-09-2026,14000,14000,14000
Tamil Nadu,Vellore,Kahithapattarai(Uzhavar Sandhai ),Sweet Corn ,Sweet Corn ,Local,20-09-2026,3000,3000,3000
Tamil Nadu,Thiruvannamalai,Cheyyar(Uzhavar Sandhai ),Cluster beans,Cluster Beans,Local,20-09-2026,3500,4200,3850
Tamil Nadu,Thiruvannamalai,Cheyyar(Uzhavar Sandhai ),Ashgourd,Gouard,Local,20-09-2026,2000,2500,2250
Tamil Nadu,Thiruvannamalai,Cheyyar(Uzhavar Sandhai ),Banana - Green,Banana - Green,Local,20-09-2026,1500,2000,1750
Tamil Nadu,Thiruvannamalai,Cheyyar(Uzhavar Sandhai ),Carrot,Pusakesar,Local,20-09-2026,4800,6000,5400
Tamil Nadu,Thiruvannamalai,Cheyyar(Uzhavar Sandhai ),Cucumbar(Kheera),Cucumbar,Local,20-09-2026,2500,3000,2750
Tamil Nadu,Thiruvannamalai,Cheyyar(Uzhavar Sandhai ),Mango(Raw-Ripe),Mango - Raw-Ripe,Local,20-09-2026,6500,8000,7250
Tamil Nadu,Thiruvannamalai,Cheyyar(Uzhavar Sandhai ),Lemon,Lemon,Local,20-09-2026,10000,12000,11000
Andhra Pradesh,Dr.B.R.A.Konaseema,Mummidivaram APMC,Prawn,Prawn-White Prawn,FAQ,20-09-2026,20000,21000,20000
Andhra Pradesh,YSR Kadapa,Rajampet APMC,Papaya,Papaya,Grade A,20-09-2026,1500,1700,1600
Tamil Nadu,Ariyalur,Ariyalur(Uzhavar Sandhai),Onion,Bellary,Local,20-09-2026,5000,5500,5250
Tamil Nadu,Ariyalur,Ariyalur(Uzhavar Sandhai),Brinjal,Round,Local,20-09-2026,4500,5000,4750
Tamil Nadu,Ariyalur,Ariyalur(Uzhavar Sandhai),Chow Chow,Chow Chow,Local,20-09-2026,4000,4500,4250
Tamil Nadu,Ariyalur,Ariyalur(Uzhavar Sandhai),Onion Green,Onion Green,Local,20-09-2026,7000,7500,7250
Uttar Pradesh,Kasganj,Ganj Dundwara APMC,Rice,Common,FAQ,20-09-2026,2700,2700,2700
Punjab,Gurdaspur,Dhariwal APMC,Onion,Onion,Grade A,20-09-2026,1550,1550,1550
Punjab,Gurdaspur,Dhariwal APMC,Cauliflower,Cauliflower,Grade A,20-09-2026,3580,3580,3580
Odisha,Mayurbhanja,Betnoti APMC,Tomato,Tomato,FAQ,20-09-2026,3800,4200,4000
Tamil Nadu,Coimbatore,Sundarapuram(Uzhavar Sandhai ),Banana,Red Banana,Local,20-09-2026,8000,8500,8250
Tamil Nadu,Coimbatore,Sundarapuram(Uzhavar Sandhai ),Papaya,Papaya,Local,20-09-2026,5000,5500,5250
Tamil Nadu,Coimbatore,Sundarapuram(Uzhavar Sandhai ),Green Chilli,Green Chilly,Local,20-09-2026,5200,5800,5500
Tamil Nadu,Coimbatore,Sundarapuram(Uzhavar Sandhai ),Tapioca,Tapioca,Local,20-09-2026,3000,3500,3250
Tamil Nadu,Coimbatore,Sundarapuram(Uzhavar Sandhai ),Cucumbar(Kheera),Cucumbar,Local,20-09-2026,4000,4500,4250
Tamil Nadu,Coimbatore,Sundarapuram(Uzhavar Sandhai ),Elephant Yam(Suran)/Amorphophallus,Elephant Yam (Suran),Local,20-09-2026,3500,4000,3750
Haryana,Gurgaon,Gurgaon APMC,Guava,Other,Grade B,20-09-2026,4000,6000,5000
Haryana,Gurgaon,Gurgaon APMC,Bottle gourd,Other,Grade A,20-09-2026,800,1200,1000
Tamil Nadu,Erode,Sathiyamagalam(Uzhavar Sandhai ),Banana,Red Banana,Local,20-09-2026,6500,7000,6750
Tamil Nadu,Erode,Sathiyamagalam(Uzhavar Sandhai ),Cauliflower,Ranchi,Local,20-09-2026,3000,3500,3250
Tamil Nadu,Erode,Sathiyamagalam(Uzhavar Sandhai ),Coriander(Leaves),I Sort,Local,20-09-2026,4500,5000,4750
Tamil Nadu,Erode,Sathiyamagalam(Uzhavar Sandhai ),Tomato,Local,Local,20-09-2026,2400,2800,2600
Tamil Nadu,Erode,Sathiyamagalam(Uzhavar Sandhai ),Bhindi(Ladies Finger),Bhindi,Local,20-09-2026,3500,4000,3750
Tamil Nadu,Erode,Sathiyamagalam(Uzhavar Sandhai ),Green Chilli,Green Chilly,Local,20-09-2026,6500,7000,6750
Tamil Nadu,Erode,Sathiyamagalam(Uzhavar Sandhai ),Tapioca,Tapioca,Local,20-09-2026,2500,3000,2750
Tamil Nadu,Erode,Sathiyamagalam(Uzhavar Sandhai ),Cabbage,Cabbage,Local,20-09-2026,2500,3000,2750
Tamil Nadu,Erode,Sathiyamagalam(Uzhavar Sandhai ),Green Avare(W),Other,Local,20-09-2026,6000,6400,6200
Tamil Nadu,Erode,Sathiyamagalam(Uzhavar Sandhai ),Drumstick,Drumstick,Local,20-09-2026,4000,4300,4150
Tamil Nadu,Erode,Sathiyamagalam(Uzhavar Sandhai ),Knool Khol,Knool Khol,Local,20-09-2026,6400,6800,6600
Tamil Nadu,Erode,Sathiyamagalam(Uzhavar Sandhai ),Lemon,Lemon,Local,20-09-2026,13000,14000,13500
Tamil Nadu,Coimbatore,Mettupalayam(Uzhavar Sandhai ),Apple,American,Local,20-09-2026,18000,20000,19000
Tamil Nadu,Coimbatore,Mettupalayam(Uzhavar Sandhai ),Mousambi(Sweet Lime),Mousambi,Local,20-09-2026,5000,6000,5500
Tamil Nadu,Coimbatore,Mettupalayam(Uzhavar Sandhai ),Banana - Green,Banana - Green,Local,20-09-2026,4500,5000,4750
Tamil Nadu,Coimbatore,Mettupalayam(Uzhavar Sandhai ),Tapioca,Tapioca,Local,20-09-2026,3000,3500,3250
Tamil Nadu,Coimbatore,Mettupalayam(Uzhavar Sandhai ),Chow Chow,Chow Chow,Local,20-09-2026,3000,3500,3250
Tamil Nadu,Coimbatore,Mettupalayam(Uzhavar Sandhai ),Tender Coconut,Tender Coconut,Local,20-09-2026,4500,5000,4750
Tamil Nadu,Coimbatore,Mettupalayam(Uzhavar Sandhai ),Lemon,Lemon,Local,20-09-2026,20000,25000,22500
Tamil Nadu,Coimbatore,Mettupalayam(Uzhavar Sandhai ),Turnip,Turnip,Local,20-09-2026,4500,5000,4750
Tamil Nadu,Coimbatore,Mettupalayam(Uzhavar Sandhai ),Baby Corn,Baby Corn,Grade A,20-09-2026,2500,3000,2750
Tamil Nadu,Namakkal,Tiruchengode APMC,Potato,Other,Local,20-09-2026,2600,3000,2800
Tamil Nadu,Namakkal,Tiruchengode APMC,Tomato,Other,Local,20-09-2026,2600,3000,2800
Tamil Nadu,Namakkal,Tiruchengode APMC,Bitter gourd,Other,Local,20-09-2026,5400,6000,5700
Tamil Nadu,Namakkal,Tiruchengode APMC,Amaranthus,Amaranthus,Local,20-09-2026,3500,4000,3750
Tamil Nadu,Namakkal,Tiruchengode APMC,Green Chilli,Green Chilly,Local,20-09-2026,5400,6000,5700
Tamil Nadu,Namakkal,Tiruchengode APMC,Banana - Green,Banana - Green,Local,20-09-2026,4000,4500,4250
Tamil Nadu,Namakkal,Tiruchengode APMC,Chow Chow,Chow Chow,Local,20-09-2026,2600,3000,2800
Tamil Nadu,Namakkal,Tiruchengode APMC,Lemon,Lemon,Local,20-09-2026,13000,15000,14000
Tamil Nadu,Namakkal,Tiruchengode APMC,Mint(Pudina),Mint(Pudina),Local,20-09-2026,4500,5000,4750
Telangana,Siddipet,Vantamamidi APMC,Bitter gourd,Bitter Gourd,Local,20-09-2026,1500,1500,1500
Tamil Nadu,Coimbatore,RSPuram(Uzhavar Sandhai ),Apple,American,Local,20-09-2026,20000,28000,24000
Tamil Nadu,Coimbatore,RSPuram(Uzhavar Sandhai ),Water Melon,Water Melon,Local,20-09-2026,1500,2000,1750
Tamil Nadu,Coimbatore,RSPuram(Uzhavar Sandhai ),Bottle gourd,Bottle Gourd,Local,20-09-2026,2600,3000,2800
Tamil Nadu,Coimbatore,RSPuram(Uzhavar Sandhai ),Amaranthus,Amaranthus,Local,20-09-2026,5600,6500,6050
Tamil Nadu,Coimbatore,RSPuram(Uzhavar Sandhai ),Beans,Beans (Whole),Local,20-09-2026,6500,7000,6750
Tamil Nadu,Coimbatore,RSPuram(Uzhavar Sandhai ),Coconut,Coconut,Local,20-09-2026,5400,5800,5600
Tamil Nadu,Coimbatore,RSPuram(Uzhavar Sandhai ),Knool Khol,Knool Khol,Local,20-09-2026,3200,3800,3500
Tamil Nadu,Coimbatore,RSPuram(Uzhavar Sandhai ),Guava,Guava Allahabad,Local,20-09-2026,6000,7000,6500
Tamil Nadu,Coimbatore,RSPuram(Uzhavar Sandhai ),Lemon,Lemon,Local,20-09-2026,24000,25800,24900
Tamil Nadu,Coimbatore,RSPuram(Uzhavar Sandhai ),Mashrooms,Mashrooms,Local,20-09-2026,20000,25000,22500
Tamil Nadu,Coimbatore,RSPuram(Uzhavar Sandhai ),Mint(Pudina),Mint(Pudina),Local,20-09-2026,5500,6000,5750
Tamil Nadu,Coimbatore,Singanallur(Uzhavar Sandhai ),Onion,Bellary,Local,20-09-2026,5800,6200,6000
Tamil Nadu,Coimbatore,Singanallur(Uzhavar Sandhai ),Tomato,Deshi,Local,20-09-2026,2400,2800,2600
Tamil Nadu,Coimbatore,Singanallur(Uzhavar Sandhai ),Bitter gourd,Bitter Gourd,Local,20-09-2026,4400,5000,4700
Tamil Nadu,Coimbatore,Singanallur(Uzhavar Sandhai ),Carrot,Pusakesar,Local,20-09-2026,4000,4800,4400
Tamil Nadu,Coimbatore,Singanallur(Uzhavar Sandhai ),Cabbage,Cabbage,Local,20-09-2026,2000,2500,2250
Tamil Nadu,Coimbatore,Singanallur(Uzhavar Sandhai ),Ridgeguard(Tori),Ridgeguard(Tori),Local,20-09-2026,4000,4500,4250
Tamil Nadu,Coimbatore,Singanallur(Uzhavar Sandhai ),Yam(Ratalu),Yam (Ratalu),Local,20-09-2026,7400,8000,7700
Tamil Nadu,Coimbatore,Singanallur(Uzhavar Sandhai ),Turnip,Turnip,Local,20-09-2026,6400,7000,6700
Tamil Nadu,Coimbatore,Singanallur(Uzhavar Sandhai ),Mint(Pudina),Mint(Pudina),Local,20-09-2026,5400,6000,5700
Tamil Nadu,Coimbatore,Pollachi(Uzhavar Sandhai ),Potato,Red Nanital,Local,20-09-2026,4000,6500,5250
Tamil Nadu,Coimbatore,Pollachi(Uzhavar Sandhai ),Tomato,Deshi,Local,20-09-2026,2000,2500,2250
Tamil Nadu,Coimbatore,Pollachi(Uzhavar Sandhai ),Cluster beans,Cluster Beans,Local,20-09-2026,4000,4500,4250
Tamil Nadu,Coimbatore,Pollachi(Uzhavar Sandhai ),Bottle gourd,Bottle Gourd,Local,20-09-2026,3000,3500,3250
Tamil Nadu,Coimbatore,Pollachi(Uzhavar Sandhai ),Ashgourd,Gouard,Local,20-09-2026,1800,2200,2000
Tamil Nadu,Coimbatore,Pollachi(Uzhavar Sandhai ),Bhindi(Ladies Finger),Bhindi,Local,20-09-2026,4500,5000,4750
Tamil Nadu,Coimbatore,Pollachi(Uzhavar Sandhai ),Cabbage,Cabbage,Local,20-09-2026,3000,3500,3250
Tamil Nadu,Coimbatore,Pollachi(Uzhavar Sandhai ),Green Avare(W),Green Avare (W),Local,20-09-2026,5500,6000,5750
Tamil Nadu,Coimbatore,Pollachi(Uzhavar Sandhai ),Onion Green,Onion Green,Local,20-09-2026,8500,9500,9000
Odisha,Bargarh,Godbhaga APMC,Bhindi(Ladies Finger),Other,Local,20-09-2026,3400,3800,3600
Telangana,Ranga Reddy,"Vanasthalipuram,RBZ ",Little gourd(Kundru),Little gourd (Kundru),Grade A,20-09-2026,3500,3500,3500
Telangana,Ranga Reddy,"Vanasthalipuram,RBZ ",Cluster beans,Cluster Beans,Grade A,20-09-2026,4000,4000,4000
Telangana,Ranga Reddy,"Vanasthalipuram,RBZ ",Snakeguard,Snakeguard,Grade A,20-09-2026,1800,1800,1800
Telangana,Ranga Reddy,"Vanasthalipuram,RBZ ",Other green and fresh vegetables,Other,Grade A,20-09-2026,2000,2000,2000
Telangana,Ranga Reddy,"Vanasthalipuram,RBZ ",French Beans(Frasbean),Other,Grade A,20-09-2026,5500,5500,5500
Tamil Nadu,Karur,Karur(Uzhavar Sandhai ),Brinjal,Other,Local,20-09-2026,3500,4500,4000
Tamil Nadu,Karur,Karur(Uzhavar Sandhai ),Bottle gourd,Bottle Gourd,Local,20-09-2026,2500,3000,2750
Tamil Nadu,Karur,Karur(Uzhavar Sandhai ),Green Chilli,Green Chilly,Local,20-09-2026,5000,6000,5500
Tamil Nadu,Karur,Karur(Uzhavar Sandhai ),Carrot,Pusakesar,Local,20-09-2026,5500,6000,5750
Tamil Nadu,Karur,Karur(Uzhavar Sandhai ),Colacasia,Colacasia,Local,20-09-2026,6500,7000,6750
Tamil Nadu,Karur,Karur(Uzhavar Sandhai ),Onion Green,Onion Green,Local,20-09-2026,9000,9500,9250
Tamil Nadu,Karur,Karur(Uzhavar Sandhai ),Sweet Corn ,Sweet Corn ,Local,20-09-2026,3500,4000,3750
Tripura,South Tripura,Biokhora,Carrot,Carrot,FAQ,20-09-2026,7850,8000,7900
Tamil Nadu,Coimbatore,Kurichi(Uzhavar Sandhai ),Banana,Red Banana,Local,20-09-2026,8000,8500,8250
Tamil Nadu,Coimbatore,Kurichi(Uzhavar Sandhai ),Coriander(Leaves),I Sort,Local,20-09-2026,4500,5000,4750
Tamil Nadu,Coimbatore,Kurichi(Uzhavar Sandhai ),Onion Green,Onion Green,Local,20-09-2026,8500,9000,8750
Tamil Nadu,Cuddalore,Chidambaram(Uzhavar Sandhai ),Potato,Red Nanital,Local,20-09-2026,4000,4000,4000
Tamil Nadu,Cuddalore,Chidambaram(Uzhavar Sandhai ),Banana - Green,Banana - Green,Local,20-09-2026,2500,3000,2750
Tamil Nadu,Cuddalore,Chidambaram(Uzhavar Sandhai ),Coconut,Coconut,Local,20-09-2026,6000,6000,6000
Tamil Nadu,Cuddalore,Cuddalore(Uzhavar Sandhai ),Brinjal,Round,Local,20-09-2026,4000,5000,4500
Tamil Nadu,Cuddalore,Cuddalore(Uzhavar Sandhai ),Papaya,Papaya,Local,20-09-2026,4000,4000,4000
Tamil Nadu,Cuddalore,Cuddalore(Uzhavar Sandhai ),Beetroot,Beetroot,Local,20-09-2026,4000,4000,4000
Tamil Nadu,Cuddalore,Cuddalore(Uzhavar Sandhai ),Guava,Guava Allahabad,Local,20-09-2026,4000,5000,4500
Tamil Nadu,Tuticorin,Tuticorin(Uzhavar Sandhai ),Cauliflower,Ranchi,Local,20-09-2026,4500,5000,4750
Tamil Nadu,Tuticorin,Tuticorin(Uzhavar Sandhai ),Chikoos(Sapota),Sapota,Local,20-09-2026,5000,6000,5500
Tamil Nadu,Tuticorin,Tuticorin(Uzhavar Sandhai ),Papaya,Papaya,Local,20-09-2026,4500,5000,4750
Tamil Nadu,Tuticorin,Tuticorin(Uzhavar Sandhai ),Pumpkin,Pumpkin,Local,20-09-2026,1500,2000,1750
Tamil Nadu,Tuticorin,Tuticorin(Uzhavar Sandhai ),Bhindi(Ladies Finger),Bhindi,Local,20-09-2026,3000,3500,3250
Tamil Nadu,Tuticorin,Tuticorin(Uzhavar Sandhai ),Cowpea(Veg),Cowpea (Veg),Local,20-09-2026,3500,4000,3750
Tamil Nadu,Tuticorin,Tuticorin(Uzhavar Sandhai ),Sweet Potato,Hosur Red,Local,20-09-2026,5000,6000,5500
Tamil Nadu,Tuticorin,Tuticorin(Uzhavar Sandhai ),Cabbage,Cabbage,Local,20-09-2026,3000,3500,3250
Tamil Nadu,Tuticorin,Tuticorin(Uzhavar Sandhai ),Cucumbar(Kheera),Cucumbar,Local,20-09-2026,5000,6000,5500
Tamil Nadu,Tuticorin,Tuticorin(Uzhavar Sandhai ),Capsicum,Capsicum,Local,20-09-2026,7500,8000,7750
Tamil Nadu,Tuticorin,Tuticorin(Uzhavar Sandhai ),Colacasia,Colacasia,Local,20-09-2026,6500,7000,6750
Tamil Nadu,Tuticorin,Tuticorin(Uzhavar Sandhai ),Onion Green,Onion Green,Local,20-09-2026,9000,10000,9500
Tamil Nadu,Nagercoil (Kannyiakumari),Vadaseri APMC,Potato,Red Nanital,Local,20-09-2026,3000,3500,3250
Tamil Nadu,Nagercoil (Kannyiakumari),Vadaseri APMC,Coriander(Leaves),I Sort,Local,20-09-2026,4500,5000,4750
Tamil Nadu,Nagercoil (Kannyiakumari),Vadaseri APMC,Ashgourd,Gouard,Local,20-09-2026,2200,2500,2350
Tamil Nadu,Nagercoil (Kannyiakumari),Vadaseri APMC,Green Chilli,Green Chilly,Local,20-09-2026,8500,9000,8750
Tamil Nadu,Nagercoil (Kannyiakumari),Vadaseri APMC,Cowpea(Veg),Cowpea (Veg),Local,20-09-2026,4300,4800,4550
Tamil Nadu,Nagercoil (Kannyiakumari),Vadaseri APMC,Cabbage,Cabbage,Local,20-09-2026,5000,5500,5250
Madhya Pradesh,Morena,Kailaras APMC,Coriander(Leaves),Other,FAQ,20-09-2026,2000,2000,2000
Madhya Pradesh,Morena,Kailaras APMC,Bottle gourd,Other,FAQ,20-09-2026,400,1000,1000
Madhya Pradesh,Morena,Kailaras APMC,Other green and fresh vegetables,Other green and fresh vegetables,FAQ,20-09-2026,2500,5500,5500
Tamil Nadu,Vellore,Thirupathur APMC,Onion,Bellary,Local,20-09-2026,6000,6000,6000
Tamil Nadu,Vellore,Thirupathur APMC,Brinjal,Round,Local,20-09-2026,3600,3600,3600
Tamil Nadu,Vellore,Thirupathur APMC,Bitter gourd,Bitter Gourd,Local,20-09-2026,5000,5000,5000
Tamil Nadu,Vellore,Thirupathur APMC,Pumpkin,Pumpkin,Local,20-09-2026,2000,2000,2000
Tamil Nadu,Vellore,Thirupathur APMC,Beans,Beans (Whole),Local,20-09-2026,7000,7000,7000
Tamil Nadu,Vellore,Thirupathur APMC,Thondekai,Thondekai,Local,20-09-2026,4000,4000,4000
Tamil Nadu,Vellore,Thirupathur APMC,Chow Chow,Chow Chow,Local,20-09-2026,3000,3000,3000
Tamil Nadu,Vellore,Thirupathur APMC,Drumstick,Drumstick,Local,20-09-2026,4000,4000,4000
Tamil Nadu,Vellore,Thirupathur APMC,Lemon,Lemon,Local,20-09-2026,5000,5000,5000
Tamil Nadu,Vellore,Vellore APMC,Brinjal,Other,Local,20-09-2026,5000,5000,5000
Tamil Nadu,Vellore,Vellore APMC,Onion,Bellary,Local,20-09-2026,6000,6000,6000
Tamil Nadu,Vellore,Vellore APMC,Potato,Red Nanital,Local,20-09-2026,2200,2200,2200
Tamil Nadu,Vellore,Vellore APMC,Mousambi(Sweet Lime),Mousambi,Local,20-09-2026,7000,7000,7000
Tamil Nadu,Vellore,Vellore APMC,Coconut,Coconut,Local,20-09-2026,3500,3500,3500
Tamil Nadu,Vellore,Vellore APMC,Beetroot,Beetroot,Local,20-09-2026,4600,4600,4600
Tamil Nadu,Vellore,Vellore APMC,Cucumbar(Kheera),Cucumbar,Local,20-09-2026,3000,3000,3000
Tamil Nadu,Vellore,Vellore APMC,Thondekai,Thondekai,Local,20-09-2026,3000,3000,3000
Tamil Nadu,Vellore,Vellore APMC,Guava,Guava Allahabad,Local,20-09-2026,10000,10000,10000
Tamil Nadu,Vellore,Vellore APMC,Lemon,Lemon,Local,20-09-2026,15000,15000,15000
Tamil Nadu,Vellore,Vellore APMC,Onion Green,Onion Green,Local,20-09-2026,11000,11000,11000
Bihar,Sheikhpura,Shekhpura APMC,Wheat,147 Average,FAQ,20-09-2026,2585,2710,2640
Bihar,Sheikhpura,Shekhpura APMC,Bitter gourd,Bitter Gourd,FAQ,20-09-2026,3970,4100,4020
Tamil Nadu,Dharmapuri,Harur(Uzhavar Sandhai ),Banana,Besrai,Local,20-09-2026,5000,6000,5500
Tamil Nadu,Dharmapuri,Harur(Uzhavar Sandhai ),Potato,Red Nanital,Local,20-09-2026,2500,3000,2750
Tamil Nadu,Dharmapuri,Harur(Uzhavar Sandhai ),Coriander(Leaves),I Sort,Local,20-09-2026,3500,4000,3750
Tamil Nadu,Dharmapuri,Harur(Uzhavar Sandhai ),Papaya,Papaya,Local,20-09-2026,2500,3000,2750
Tamil Nadu,Dharmapuri,Harur(Uzhavar Sandhai ),Bottle gourd,Bottle Gourd,Local,20-09-2026,2000,2500,2250
Tamil Nadu,Dharmapuri,Harur(Uzhavar Sandhai ),Cabbage,Cabbage,Local,20-09-2026,2500,3000,2750
Tamil Nadu,Dharmapuri,Harur(Uzhavar Sandhai ),Amla(Nelli Kai),Amla,Local,20-09-2026,6000,7000,6500
Tamil Nadu,Krishnagiri,Kaveripattinam(Uzhavar Sandhai ),Pumpkin,Pumpkin,Local,20-09-2026,2000,2000,2000
Tamil Nadu,Krishnagiri,Kaveripattinam(Uzhavar Sandhai ),Green Chilli,Green Chilly,Local,20-09-2026,5000,5000,5000
Tamil Nadu,Krishnagiri,Kaveripattinam(Uzhavar Sandhai ),Chow Chow,Chow Chow,Local,20-09-2026,3500,3500,3500
Tamil Nadu,The Nilgiris,Coonoor(Uzhavar Sandhai ),Tomato,Local,Local,20-09-2026,3000,3300,3150
Tamil Nadu,The Nilgiris,Coonoor(Uzhavar Sandhai ),Pumpkin,Pumpkin,Local,20-09-2026,1800,2000,1900
Tamil Nadu,The Nilgiris,Coonoor(Uzhavar Sandhai ),Cowpea(Veg),Cowpea (Veg),Local,20-09-2026,3500,3800,3650
Tamil Nadu,The Nilgiris,Coonoor(Uzhavar Sandhai ),Ginger(Green),Green Ginger,Local,20-09-2026,15000,16000,15500
Tamil Nadu,The Nilgiris,Coonoor(Uzhavar Sandhai ),Ridgeguard(Tori),Ridgeguard(Tori),Local,20-09-2026,4500,4800,4650
Tamil Nadu,The Nilgiris,Coonoor(Uzhavar Sandhai ),Lemon,Lemon,Local,20-09-2026,24000,25000,24500
Tamil Nadu,The Nilgiris,Gudalur(Uzhavar Sandhai ),Ashgourd,Gouard,Local,20-09-2026,1800,2000,1900
Tamil Nadu,The Nilgiris,Gudalur(Uzhavar Sandhai ),Pumpkin,Pumpkin,Local,20-09-2026,1800,2000,1900
Tamil Nadu,The Nilgiris,Gudalur(Uzhavar Sandhai ),Coconut,Coconut,Local,20-09-2026,6000,6500,6250
Odisha,Angul,Angul APMC,Papaya(Raw),Other,Grade B,20-09-2026,1500,1500,1500
Odisha,Bargarh,Attabira APMC,Tomato,Other,Local,20-09-2026,1600,2000,1800
Punjab,Tarntaran,Patti APMC,Banana,Other,Grade B,20-09-2026,1,1,1
Punjab,Tarntaran,Patti APMC,Carrot,Other,Local,20-09-2026,200,200,200
Punjab,Tarntaran,Patti APMC,Onion,Other,Non-FAQ,20-09-2026,0.08,0.08,0.08
Punjab,Tarntaran,Patti APMC,Spinach,Other,Local,20-09-2026,400,400,400
Punjab,Tarntaran,Patti APMC,Raddish,Raddish,Local,20-09-2026,4.8,4.8,4.8
Uttarakhand,Dehradoon,Vikasnagar APMC,Lemon,Other,Medium,20-09-2026,3200,3500,3500
Uttarakhand,Dehradoon,Vikasnagar APMC,Ginger(Green),Green Ginger,Medium,20-09-2026,2600,4500,3500
Uttarakhand,Dehradoon,Vikasnagar APMC,Potato,Other,Medium,20-09-2026,900,1000,1000
Uttarakhand,Dehradoon,Vikasnagar APMC,Papaya,Papaya,Medium,20-09-2026,1600,1600,1600
Uttarakhand,Dehradoon,Vikasnagar APMC,Guava,Other,Medium,20-09-2026,1600,2100,2100
Odisha,Jharsuguda,Jharsuguda APMC,Potato,Other,Grade A,20-09-2026,1700,2000,1700
Haryana,Hissar,Hansi APMC,Mousambi(Sweet Lime),Other,Grade B,20-09-2026,3000,3500,3250
Haryana,Hissar,Hansi APMC,Brinjal,Other,FAQ,20-09-2026,800,1000,900
Haryana,Hissar,Hansi APMC,Pomegranate,Other,Grade B,20-09-2026,8000,15000,12000
Haryana,Hissar,Hansi APMC,Peas Wet,Other,FAQ,20-09-2026,10000,12000,11000
Haryana,Hissar,Hansi APMC,Pumpkin,Other,FAQ,20-09-2026,1000,1500,1250
Haryana,Hissar,Hansi APMC,Guar,Other,FAQ,20-09-2026,5000,6000,5500
Haryana,Hissar,Hansi APMC,Spinach,Other,FAQ,20-09-2026,2000,2500,2250
Haryana,Hissar,Hansi APMC,Ridgeguard(Tori),Other,FAQ,20-09-2026,2500,3000,2750
Keralam,Kollam,Chathanoor Market,Banana,Banana - Ripe,Medium,20-09-2026,6500,7500,7000
Keralam,Kollam,Chathanoor Market,Banana,Poovan,Medium,20-09-2026,6500,7500,7000
Andhra Pradesh,Prakasam,Maddipadu APMC,Bengal Gram(Gram)(Whole),Gulabi,FAQ,20-09-2026,6000,6000,6000
Keralam,Kozhikode(Calicut),Mukkom Market,Ashgourd,Other,FAQ,20-09-2026,2300,2500,2400
Keralam,Kozhikode(Calicut),Mukkom Market,Brinjal,Brinjal,FAQ,20-09-2026,4400,4800,4600
Keralam,Kozhikode(Calicut),Mukkom Market,Cucumbar(Kheera),Cucumbar,FAQ,20-09-2026,1800,2100,1900
Keralam,Kozhikode(Calicut),Mukkom Market,Bottle gourd,Bottle Gourd,FAQ,20-09-2026,3000,3300,3100
Keralam,Kozhikode(Calicut),Mukkom Market,Carrot,Carrot,FAQ,20-09-2026,7200,7800,7400
Keralam,Kozhikode(Calicut),Mukkom Market,Bhindi(Ladies Finger),Bhindi,FAQ,20-09-2026,4400,4800,4600
Keralam,Kozhikode(Calicut),Mukkom Market,Pumpkin,Pumpkin,FAQ,20-09-2026,1800,2000,1900
Keralam,Kozhikode(Calicut),Mukkom Market,Orange,Other,Large,20-09-2026,10000,11000,10500
Keralam,Kozhikode(Calicut),Mukkom Market,Coconut,Other,FAQ,20-09-2026,6000,6400,6200
Telangana,Ranga Reddy,"Saroornagar,RBZ",Drumstick,Drumstick,Medium,20-09-2026,4500,4500,4500
Telangana,Ranga Reddy,"Saroornagar,RBZ",Bitter gourd,Other,Medium,20-09-2026,3200,3200,3200
Telangana,Ranga Reddy,"Saroornagar,RBZ",Colacasia,Colacasia,Medium,20-09-2026,2800,2800,2800
Andhra Pradesh,Nandyal,Allagadda APMC,Maize,Local,FAQ,20-09-2026,1980,2100,2050
Andhra Pradesh,Annamayya,Somala APMC,Tomato,Tomato,FAQ,20-09-2026,900,1300,1100
Keralam,Idukki,Kattappana Market,Brinjal,Other,Medium,20-09-2026,4200,4500,4200
Keralam,Idukki,Kattappana Market,Bitter gourd,Other,Medium,20-09-2026,4800,5800,5500
Keralam,Idukki,Kattappana Market,Carrot,Other,Medium,20-09-2026,6500,7800,7000
Keralam,Idukki,Kattappana Market,Cauliflower,Other,Medium,20-09-2026,4900,5500,5400
Keralam,Idukki,Kattappana Market,Cucumbar(Kheera),Other,Medium,20-09-2026,2800,3200,3000
Keralam,Idukki,Kattappana Market,Yam(Ratalu),Other,Medium,20-09-2026,5800,6500,6000
Keralam,Idukki,Kattappana Market,Tomato,Other,Medium,20-09-2026,4500,5400,5000
Keralam,Idukki,Kattappana Market,Banana,Nendra Bale,Medium,20-09-2026,6000,7000,6500
Keralam,Idukki,Kattappana Market,Banana,Palayamthodan,Medium,20-09-2026,2400,2500,2500
Keralam,Idukki,Kattappana Market,Banana,Poovan,Medium,20-09-2026,4800,5800,5500
Keralam,Idukki,Kattappana Market,Banana,Robusta,Medium,20-09-2026,2100,2400,2300
Haryana,Rewari,Kosli APMC,Potato,Other,FAQ,20-09-2026,1000,1000,1000
Haryana,Rewari,Kosli APMC,Bottle gourd,Bottle Gourd,FAQ,20-09-2026,1000,1000,1000
Punjab,Gurdaspur,Quadian APMC,Onion,Other,Grade A,20-09-2026,3300,3500,3400
Punjab,Gurdaspur,Quadian APMC,Brinjal,Other,Grade A,20-09-2026,1000,1200,1100
Punjab,Gurdaspur,Quadian APMC,Bitter gourd,Other,Grade A,20-09-2026,1300,1500,1400
Rajasthan,Jalore,Jalore APMC,Coriander(Leaves),Coriander,Local,20-09-2026,2500,2800,2600
Rajasthan,Jalore,Jalore APMC,Capsicum,Other,Local,20-09-2026,2800,3200,3000
Rajasthan,Jalore,Jalore APMC,Cauliflower,Cauliflower,Local,20-09-2026,1800,2200,2000
Rajasthan,Jalore,Jalore APMC,Green Chilli,Green Chilly,Local,20-09-2026,1200,1500,1300
Rajasthan,Jalore,Jalore APMC,Tinda,Tinda,Local,20-09-2026,1800,2200,2000
Keralam,Alappuzha,Harippad Market,Bhindi(Ladies Finger),Other,FAQ,20-09-2026,4500,5000,4500
Tamil Nadu,Thirupur,Tiruppur (South) (Uzhavar Sandhai ),Potato,Other,Local,20-09-2026,4000,5000,4500
Tamil Nadu,Thirupur,Tiruppur (South) (Uzhavar Sandhai ),Bitter gourd,Other,Local,20-09-2026,5000,6000,5500
Tamil Nadu,Thirupur,Tiruppur (South) (Uzhavar Sandhai ),Pumpkin,Pumpkin,Local,20-09-2026,1000,1500,1250
Tamil Nadu,Thirupur,Tiruppur (South) (Uzhavar Sandhai ),Cowpea(Veg),Cowpea (Veg),Local,20-09-2026,2500,3000,2750
Tamil Nadu,Thirupur,Tiruppur (South) (Uzhavar Sandhai ),Carrot,Pusakesar,Local,20-09-2026,3000,4000,3500
Tamil Nadu,Thirupur,Tiruppur (South) (Uzhavar Sandhai ),Beetroot,Beetroot,Local,20-09-2026,4000,5000,4500
Tamil Nadu,Thirupur,Tiruppur (South) (Uzhavar Sandhai ),Green Avare(W),Other,Local,20-09-2026,5000,6000,5500
Tamil Nadu,Thirupur,Tiruppur (South) (Uzhavar Sandhai ),Chow Chow,Chow Chow,Local,20-09-2026,2500,3000,2750
Tamil Nadu,Thirupur,Tiruppur (South) (Uzhavar Sandhai ),Guava,Guava Allahabad,Local,20-09-2026,4000,5000,4500
Tamil Nadu,Thirupur,Tiruppur (South) (Uzhavar Sandhai ),Lemon,Lemon,Local,20-09-2026,28000,30000,29000
Tamil Nadu,Erode,Perundurai(Uzhavar Sandhai ),Potato,Other,Local,20-09-2026,3500,4000,3750
Tamil Nadu,Erode,Perundurai(Uzhavar Sandhai ),Coriander(Leaves),I Sort,Local,20-09-2026,3800,4200,4000
Tamil Nadu,Erode,Perundurai(Uzhavar Sandhai ),Bhindi(Ladies Finger),Bhindi,Local,20-09-2026,3500,3800,3650
Tamil Nadu,Erode,Perundurai(Uzhavar Sandhai ),Green Avare(W),Green Avare (W),Local,20-09-2026,5500,6000,5750
Tamil Nadu,Dharmapuri,Dharmapuri(Uzhavar Sandhai ),Potato,Red Nanital,Local,20-09-2026,2600,2800,2700
Tamil Nadu,Dharmapuri,Dharmapuri(Uzhavar Sandhai ),Papaya,Papaya,Local,20-09-2026,3500,3800,3650
Tamil Nadu,Dharmapuri,Dharmapuri(Uzhavar Sandhai ),Tomato,Local,Local,20-09-2026,2400,2500,2450
Tamil Nadu,Dharmapuri,Dharmapuri(Uzhavar Sandhai ),Bottle gourd,Bottle Gourd,Local,20-09-2026,1800,2000,1900
Tamil Nadu,Dharmapuri,Dharmapuri(Uzhavar Sandhai ),Banana - Green,Banana - Green,Local,20-09-2026,2800,3000,2900
Tamil Nadu,Dharmapuri,Dharmapuri(Uzhavar Sandhai ),Chow Chow,Chow Chow,Local,20-09-2026,4200,4600,4400
Tamil Nadu,Dharmapuri,Dharmapuri(Uzhavar Sandhai ),Marigold(Calcutta),Marigold(Calcutta),Local,20-09-2026,15300,16000,15650
Tamil Nadu,Dharmapuri,Palacode(Uzhavar Sandhai ),Brinjal,Other,Local,20-09-2026,2500,3000,2750
Tamil Nadu,Dharmapuri,Palacode(Uzhavar Sandhai ),Coriander(Leaves),I Sort,Local,20-09-2026,4600,5000,4800
Tamil Nadu,Dharmapuri,Palacode(Uzhavar Sandhai ),Papaya,Papaya,Local,20-09-2026,3500,3800,3650
Tamil Nadu,Dharmapuri,Palacode(Uzhavar Sandhai ),Cluster beans,Cluster Beans,Local,20-09-2026,3000,3400,3200
Tamil Nadu,Dharmapuri,Palacode(Uzhavar Sandhai ),Bitter gourd,Other,Local,20-09-2026,3800,4000,3900
Tamil Nadu,Dharmapuri,Palacode(Uzhavar Sandhai ),Green Chilli,Green Chilly,Local,20-09-2026,4500,4800,4650
Tamil Nadu,Dharmapuri,Palacode(Uzhavar Sandhai ),Coconut,Coconut,Local,20-09-2026,6000,6500,6250
Tamil Nadu,Dharmapuri,Palacode(Uzhavar Sandhai ),Capsicum,Capsicum,Local,20-09-2026,6800,7000,6900
Tamil Nadu,Dharmapuri,Palacode(Uzhavar Sandhai ),Elephant Yam(Suran)/Amorphophallus,Elephant Yam (Suran),Local,20-09-2026,5600,6000,5800
Tamil Nadu,Dharmapuri,Palacode(Uzhavar Sandhai ),Amla(Nelli Kai),Amla,Local,20-09-2026,8500,9000,8750
Tamil Nadu,Dharmapuri,Palacode(Uzhavar Sandhai ),Onion Green,Onion Green,Local,20-09-2026,6500,7000,6750
Tamil Nadu,Dharmapuri,Pennagaram(Uzhavar Sandhai ),Papaya,Papaya,Local,20-09-2026,3000,3500,3250
Tamil Nadu,Dharmapuri,Pennagaram(Uzhavar Sandhai ),Bitter gourd,Bitter Gourd,Local,20-09-2026,3800,4000,3900
Tamil Nadu,Dharmapuri,Pennagaram(Uzhavar Sandhai ),Beans,Beans (Whole),Local,20-09-2026,7000,8000,7500
Tamil Nadu,Dharmapuri,Pennagaram(Uzhavar Sandhai ),Tapioca,Tapioca,Local,20-09-2026,2800,3000,2900
Tamil Nadu,Dharmapuri,Pennagaram(Uzhavar Sandhai ),Ginger(Green),Green Ginger,Local,20-09-2026,19000,20000,19500
Tamil Nadu,Dharmapuri,Pennagaram(Uzhavar Sandhai ),Coconut,Coconut,Local,20-09-2026,5500,6000,5750
Tamil Nadu,Dharmapuri,Pennagaram(Uzhavar Sandhai ),Chow Chow,Chow Chow,Local,20-09-2026,4000,4500,4250
Tamil Nadu,Dharmapuri,Pennagaram(Uzhavar Sandhai ),Mint(Pudina),Mint(Pudina),Local,20-09-2026,5500,6000,5750
Tamil Nadu,Dindigul,Chinnalapatti(Uzhavar Sandhai ),Brinjal,Other,Local,20-09-2026,5000,6000,5500
Tamil Nadu,Dindigul,Chinnalapatti(Uzhavar Sandhai ),Potato,Red Nanital,Local,20-09-2026,4000,5000,4500
Tamil Nadu,Dindigul,Chinnalapatti(Uzhavar Sandhai ),Amaranthus,Amaranthus,Local,20-09-2026,2500,3000,2750
Tamil Nadu,Dindigul,Chinnalapatti(Uzhavar Sandhai ),Beans,Beans (Whole),Local,20-09-2026,8000,10000,9000
Tamil Nadu,Dindigul,Chinnalapatti(Uzhavar Sandhai ),Ridgeguard(Tori),Ridgeguard(Tori),Local,20-09-2026,5000,7000,6000
Tamil Nadu,Dindigul,Chinnalapatti(Uzhavar Sandhai ),Yam(Ratalu),Yam (Ratalu),Local,20-09-2026,7600,8000,7800
Tamil Nadu,Dindigul,Chinnalapatti(Uzhavar Sandhai ),Indian Beans(Seam),Indian Beans (Seam),Local,20-09-2026,7600,8000,7800
Tamil Nadu,Dindigul,Palani(Uzhavar Sandhai ),Onion,Bellary,Local,20-09-2026,6000,7000,6500
Tamil Nadu,Dindigul,Palani(Uzhavar Sandhai ),Potato,Other,Local,20-09-2026,4000,4500,4250
Tamil Nadu,Dindigul,Palani(Uzhavar Sandhai ),Coriander(Leaves),I Sort,Local,20-09-2026,4000,5000,4500
Tamil Nadu,Dindigul,Palani(Uzhavar Sandhai ),Ashgourd,Gouard,Local,20-09-2026,1600,2000,1800
Tamil Nadu,Dindigul,Palani(Uzhavar Sandhai ),Bhindi(Ladies Finger),Bhindi,Local,20-09-2026,2200,2600,2400
Tamil Nadu,Dindigul,Palani(Uzhavar Sandhai ),Sweet Potato,Hosur Red,Local,20-09-2026,5000,6000,5500
Tamil Nadu,Dindigul,Palani(Uzhavar Sandhai ),Green Avare(W),Other,Local,20-09-2026,6000,7000,6500
Tamil Nadu,Dindigul,Palani(Uzhavar Sandhai ),Knool Khol,Knool Khol,Local,20-09-2026,3000,5000,4000
Tamil Nadu,Dindigul,Palani(Uzhavar Sandhai ),Guava,Guava Allahabad,Local,20-09-2026,5000,6000,5500
Tamil Nadu,Dindigul,Palani(Uzhavar Sandhai ),Elephant Yam(Suran)/Amorphophallus,Elephant Yam (Suran),Local,20-09-2026,4000,5000,4500
Tamil Nadu,Dindigul,Palani(Uzhavar Sandhai ),Indian Beans(Seam),Indian Beans (Seam),Local,20-09-2026,7000,8000,7500
Tamil Nadu,Erode,Periyar Nagar(Uzhavar Sandhai ),Tomato,Deshi,Local,20-09-2026,2500,2800,2650
Tamil Nadu,Erode,Periyar Nagar(Uzhavar Sandhai ),Bitter gourd,Bitter Gourd,Local,20-09-2026,4000,4400,4200
Tamil Nadu,Erode,Periyar Nagar(Uzhavar Sandhai ),Bottle gourd,Bottle Gourd,Local,20-09-2026,1000,1200,1100
Tamil Nadu,Erode,Periyar Nagar(Uzhavar Sandhai ),Bhindi(Ladies Finger),Bhindi,Local,20-09-2026,2800,3200,3000
Tamil Nadu,Erode,Periyar Nagar(Uzhavar Sandhai ),Coconut,Coconut,Local,20-09-2026,5000,5400,5200
Tamil Nadu,Erode,Periyar Nagar(Uzhavar Sandhai ),Raddish,Raddish,Local,20-09-2026,2000,2500,2250
Tamil Nadu,Erode,Periyar Nagar(Uzhavar Sandhai ),Elephant Yam(Suran)/Amorphophallus,Elephant Yam (Suran),Local,20-09-2026,3000,3400,3200
Tamil Nadu,Erode,Periyar Nagar(Uzhavar Sandhai ),Lemon,Lemon,Local,20-09-2026,25500,27000,26250
Tamil Nadu,Erode,Periyar Nagar(Uzhavar Sandhai ),Baby Corn,Baby Corn,Grade A,20-09-2026,1500,1700,1600
Tamil Nadu,Kallakuruchi,Sankarapuram(Uzhavar Sandhai ),Papaya,Papaya,Local,20-09-2026,3500,3500,3500
Tamil Nadu,Kallakuruchi,Sankarapuram(Uzhavar Sandhai ),Bottle gourd,Bottle Gourd,Local,20-09-2026,1500,1500,1500
Tamil Nadu,Kallakuruchi,Sankarapuram(Uzhavar Sandhai ),Ashgourd,Gouard,Local,20-09-2026,1500,1500,1500
Tamil Nadu,Kallakuruchi,Sankarapuram(Uzhavar Sandhai ),Bhindi(Ladies Finger),Bhindi,Local,20-09-2026,3000,3000,3000
Tamil Nadu,Kallakuruchi,Sankarapuram(Uzhavar Sandhai ),Amaranthus,Amaranthus,Local,20-09-2026,4000,4000,4000
Tamil Nadu,Kallakuruchi,Sankarapuram(Uzhavar Sandhai ),Beans,Beans (Whole),Local,20-09-2026,10000,10000,10000
Tamil Nadu,Kallakuruchi,Sankarapuram(Uzhavar Sandhai ),Tapioca,Tapioca,Local,20-09-2026,3000,3000,3000
Tamil Nadu,Kallakuruchi,Sankarapuram(Uzhavar Sandhai ),Snakeguard,Snakeguard,Local,20-09-2026,4000,4000,4000
Tamil Nadu,Kallakuruchi,Sankarapuram(Uzhavar Sandhai ),Amla(Nelli Kai),Amla,Local,20-09-2026,10000,10000,10000
Tamil Nadu,Kallakuruchi,Sankarapuram(Uzhavar Sandhai ),Baby Corn,Baby Corn,Grade A,20-09-2026,3000,3000,3000
Tamil Nadu,Kancheepuram,Kundrathur(Uzhavar Sandhai ),Banana,Red Banana,Local,20-09-2026,7000,8000,7500
Tamil Nadu,Kancheepuram,Kundrathur(Uzhavar Sandhai ),Bitter gourd,Bitter Gourd,Local,20-09-2026,4000,4000,4000
Tamil Nadu,Kancheepuram,Kundrathur(Uzhavar Sandhai ),Pumpkin,Pumpkin,Local,20-09-2026,2000,2000,2000
Tamil Nadu,Kancheepuram,Kundrathur(Uzhavar Sandhai ),Bhindi(Ladies Finger),Bhindi,Local,20-09-2026,4000,4000,4000
Tamil Nadu,Kancheepuram,Kundrathur(Uzhavar Sandhai ),Banana - Green,Banana - Green,Local,20-09-2026,3000,3000,3000
Tamil Nadu,Kancheepuram,Kundrathur(Uzhavar Sandhai ),Beans,Beans (Whole),Local,20-09-2026,7000,8000,7500
Tamil Nadu,Kancheepuram,Kundrathur(Uzhavar Sandhai ),Capsicum,Capsicum,Local,20-09-2026,5000,5000,5000
Tamil Nadu,Kancheepuram,Kundrathur(Uzhavar Sandhai ),Pomegranate,Pomogranate,Local,20-09-2026,15000,15000,15000
Tamil Nadu,Kancheepuram,Sunguvarchatram(Uzhavar Sandhai ),Brinjal,Other,Local,20-09-2026,3500,4000,3750
Tamil Nadu,Kancheepuram,Sunguvarchatram(Uzhavar Sandhai ),Onion,Bellary,Local,20-09-2026,5000,5000,5000
Tamil Nadu,Kancheepuram,Sunguvarchatram(Uzhavar Sandhai ),Pumpkin,Pumpkin,Local,20-09-2026,2000,2000,2000
Tamil Nadu,Kancheepuram,Sunguvarchatram(Uzhavar Sandhai ),Cabbage,Cabbage,Local,20-09-2026,3000,3000,3000
Tamil Nadu,Kancheepuram,Sunguvarchatram(Uzhavar Sandhai ),Raddish,Raddish,Local,20-09-2026,3000,3000,3000
Tamil Nadu,Kancheepuram,Sunguvarchatram(Uzhavar Sandhai ),Drumstick,Drumstick,Local,20-09-2026,4000,4000,4000
Tamil Nadu,Krishnagiri,Avallapalli(Uzhavar Sandhai ),Green Peas,Green Peas,Local,20-09-2026,13000,14000,13500
Tamil Nadu,Krishnagiri,Avallapalli(Uzhavar Sandhai ),Papaya,Papaya,Local,20-09-2026,3500,4000,3750
Tamil Nadu,Krishnagiri,Avallapalli(Uzhavar Sandhai ),Bitter gourd,Bitter Gourd,Local,20-09-2026,4000,4500,4250
Tamil Nadu,Krishnagiri,Avallapalli(Uzhavar Sandhai ),Green Chilli,Green Chilly,Local,20-09-2026,5500,6000,5750
Tamil Nadu,Krishnagiri,Avallapalli(Uzhavar Sandhai ),Beans,Beans (Whole),Local,20-09-2026,6000,7000,6500
Tamil Nadu,Krishnagiri,Avallapalli(Uzhavar Sandhai ),Sweet Potato,Hosur Red,Local,20-09-2026,6000,7000,6500
Tamil Nadu,Krishnagiri,Avallapalli(Uzhavar Sandhai ),Cucumbar(Kheera),Cucumbar,Local,20-09-2026,2000,2500,2250
Tamil Nadu,Krishnagiri,Avallapalli(Uzhavar Sandhai ),Mint(Pudina),Mint(Pudina),Local,20-09-2026,3500,4000,3750
Tamil Nadu,Dharmapuri,Karimangalam(Uzhavar Sandhai),Green Peas,Green Peas,Local,20-09-2026,15000,16000,15500
Tamil Nadu,Dharmapuri,Karimangalam(Uzhavar Sandhai),Papaya,Papaya,Local,20-09-2026,3300,3500,3400
Tamil Nadu,Dharmapuri,Karimangalam(Uzhavar Sandhai),Amaranthus,Amaranthus,Local,20-09-2026,2300,2500,2400
Tamil Nadu,Dharmapuri,Karimangalam(Uzhavar Sandhai),Beans,Beans (Whole),Local,20-09-2026,8000,9000,8500
Tamil Nadu,Dharmapuri,Karimangalam(Uzhavar Sandhai),Ginger(Green),Green Ginger,Local,20-09-2026,19000,20000,19500
Tamil Nadu,Dharmapuri,Karimangalam(Uzhavar Sandhai),Ridgeguard(Tori),Ridgeguard(Tori),Local,20-09-2026,2800,3000,2900
Tamil Nadu,Dharmapuri,Karimangalam(Uzhavar Sandhai),Green Avare(W),Other,Local,20-09-2026,5000,5500,5250
Tamil Nadu,Dharmapuri,Karimangalam(Uzhavar Sandhai),Drumstick,Drumstick,Local,20-09-2026,2300,2500,2400
Tamil Nadu,Krishnagiri,Denkanikottai(Uzhavar Sandhai ),Banana,Besrai,Local,20-09-2026,5000,8000,6500
Tamil Nadu,Krishnagiri,Denkanikottai(Uzhavar Sandhai ),Tomato,Deshi,Local,20-09-2026,2000,2500,2250
Tamil Nadu,Krishnagiri,Denkanikottai(Uzhavar Sandhai ),Bhindi(Ladies Finger),Bhindi,Local,20-09-2026,2500,3000,2750
Tamil Nadu,Krishnagiri,Denkanikottai(Uzhavar Sandhai ),Green Chilli,Green Chilly,Local,20-09-2026,5000,6000,5500
Tamil Nadu,Krishnagiri,Denkanikottai(Uzhavar Sandhai ),Sweet Potato,Hosur Red,Local,20-09-2026,6000,6500,6250
Tamil Nadu,Krishnagiri,Denkanikottai(Uzhavar Sandhai ),Cabbage,Cabbage,Local,20-09-2026,1000,1500,1250
Tamil Nadu,Krishnagiri,Denkanikottai(Uzhavar Sandhai ),Snakeguard,Snakeguard,Local,20-09-2026,2500,3000,2750
Tamil Nadu,Krishnagiri,Hosur(Uzhavar Sandhai ),Groundnut,Big (With Shell),Local,20-09-2026,8000,10000,9000
Tamil Nadu,Krishnagiri,Hosur(Uzhavar Sandhai ),Apple,American,Local,20-09-2026,24000,26000,25000
Tamil Nadu,Krishnagiri,Hosur(Uzhavar Sandhai ),Cauliflower,Ranchi,Local,20-09-2026,2500,3000,2750
Tamil Nadu,Krishnagiri,Hosur(Uzhavar Sandhai ),Bitter gourd,Bitter Gourd,Local,20-09-2026,4000,4500,4250
Tamil Nadu,Krishnagiri,Hosur(Uzhavar Sandhai ),Lime,Lime,Local,20-09-2026,8000,9000,8500
Tamil Nadu,Krishnagiri,Hosur(Uzhavar Sandhai ),Lemon,Lemon,Local,20-09-2026,22000,25000,23500
Tamil Nadu,Krishnagiri,Hosur(Uzhavar Sandhai ),Amla(Nelli Kai),Amla,Local,20-09-2026,12000,14000,13000
Tamil Nadu,Krishnagiri,Hosur(Uzhavar Sandhai ),Rose(Local),Rose (Local),Local,20-09-2026,8000,10000,9000
Tamil Nadu,Madurai,Anaiyur(Uzhavar Sandhai ),Tomato,Deshi,Local,20-09-2026,2400,2800,2600
Tamil Nadu,Madurai,Anaiyur(Uzhavar Sandhai ),Cluster beans,Cluster Beans,Local,20-09-2026,3600,4000,3800
Tamil Nadu,Madurai,Anaiyur(Uzhavar Sandhai ),Ashgourd,Gouard,Local,20-09-2026,1600,1800,1700
Tamil Nadu,Madurai,Anaiyur(Uzhavar Sandhai ),Bhindi(Ladies Finger),Bhindi,Local,20-09-2026,2800,3200,3000
Tamil Nadu,Madurai,Anaiyur(Uzhavar Sandhai ),Ginger(Green),Green Ginger,Local,20-09-2026,11000,20000,15500
Tamil Nadu,Madurai,Anaiyur(Uzhavar Sandhai ),Betal Leaves,Mysore,Local,20-09-2026,24000,28000,26000
Tamil Nadu,Madurai,Anaiyur(Uzhavar Sandhai ),Sweet Potato,Hosur Red,Local,20-09-2026,5500,6000,5750
Tamil Nadu,Madurai,Anaiyur(Uzhavar Sandhai ),Cabbage,Cabbage,Local,20-09-2026,2600,3000,2800
Tamil Nadu,Madurai,Anaiyur(Uzhavar Sandhai ),Snakeguard,Snakeguard,Local,20-09-2026,3600,4000,3800
Tamil Nadu,Madurai,Anaiyur(Uzhavar Sandhai ),Beetroot,Beetroot,Local,20-09-2026,4000,5000,4500
Tamil Nadu,Madurai,Anaiyur(Uzhavar Sandhai ),Drumstick,Drumstick,Local,20-09-2026,4000,6000,5000
Tamil Nadu,Madurai,Anaiyur(Uzhavar Sandhai ),Mango(Raw-Ripe),Mango - Raw-Ripe,Local,20-09-2026,12000,13000,12500
Tamil Nadu,Madurai,Anaiyur(Uzhavar Sandhai ),Elephant Yam(Suran)/Amorphophallus,Elephant Yam (Suran),Local,20-09-2026,4000,5000,4500
Tamil Nadu,Madurai,Usilampatti(Uzhavar Sandhai ),Coriander(Leaves),I Sort,Local,20-09-2026,4500,4800,4650
Tamil Nadu,Madurai,Usilampatti(Uzhavar Sandhai ),Bottle gourd,Bottle Gourd,Local,20-09-2026,2000,2600,2300
Tamil Nadu,Madurai,Usilampatti(Uzhavar Sandhai ),Banana - Green,Banana - Green,Local,20-09-2026,2500,3000,2750
Tamil Nadu,Madurai,Usilampatti(Uzhavar Sandhai ),Ridgeguard(Tori),Ridgeguard(Tori),Local,20-09-2026,4000,4500,4250
Tamil Nadu,Madurai,Usilampatti(Uzhavar Sandhai ),Onion Green,Onion Green,Local,20-09-2026,8000,9000,8500
Tamil Nadu,Madurai,Usilampatti(Uzhavar Sandhai ),Mint(Pudina),Mint(Pudina),Local,20-09-2026,5500,6000,5750
Tamil Nadu,Nagapattinam,Sirkali(Uzhavar Sandhai ),Brinjal,Round,Local,20-09-2026,5000,5500,5250
Tamil Nadu,Nagapattinam,Sirkali(Uzhavar Sandhai ),Bitter gourd,Bitter Gourd,Local,20-09-2026,5500,6000,5750
Tamil Nadu,Nagapattinam,Sirkali(Uzhavar Sandhai ),Bottle gourd,Bottle Gourd,Local,20-09-2026,2500,3000,2750
Tamil Nadu,Nagapattinam,Sirkali(Uzhavar Sandhai ),Chow Chow,Chow Chow,Local,20-09-2026,3000,3000,3000
Tamil Nadu,Nagapattinam,Sirkali(Uzhavar Sandhai ),Mango(Raw-Ripe),Mango - Raw-Ripe,Local,20-09-2026,9000,10000,9500
Tamil Nadu,Nagapattinam,Sirkali(Uzhavar Sandhai ),Lime,Lime,Local,20-09-2026,3500,4000,3750
Tamil Nadu,Nagapattinam,Sirkali(Uzhavar Sandhai ),Onion Green,Onion Green,Local,20-09-2026,9500,10000,9750
Tamil Nadu,Namakkal,Kumarapalayam(Uzhavar Sandhai ),Cauliflower,Ranchi,Local,20-09-2026,3000,4000,3500
Tamil Nadu,Namakkal,Kumarapalayam(Uzhavar Sandhai ),Water Melon,Water Melon,Local,20-09-2026,1000,1500,1250
Tamil Nadu,Namakkal,Kumarapalayam(Uzhavar Sandhai ),Mousambi(Sweet Lime),Mousambi,Local,20-09-2026,3000,3500,3250
Tamil Nadu,Namakkal,Kumarapalayam(Uzhavar Sandhai ),Cluster beans,Cluster Beans,Local,20-09-2026,2800,3200,3000
Tamil Nadu,Namakkal,Kumarapalayam(Uzhavar Sandhai ),Carrot,Pusakesar,Local,20-09-2026,6500,7000,6750
Tamil Nadu,Namakkal,Kumarapalayam(Uzhavar Sandhai ),Drumstick,Drumstick,Local,20-09-2026,2700,3200,2950
Tamil Nadu,Namakkal,Kumarapalayam(Uzhavar Sandhai ),Elephant Yam(Suran)/Amorphophallus,Elephant Yam (Suran),Local,20-09-2026,3500,4000,3750
Tamil Nadu,Namakkal,Kumarapalayam(Uzhavar Sandhai ),Baby Corn,Baby Corn,Grade A,20-09-2026,2500,3000,2750
Tamil Nadu,Namakkal,Mohanur(Uzhavar Sandhai ),Brinjal,Other,Local,20-09-2026,4500,5000,4750
Tamil Nadu,Namakkal,Mohanur(Uzhavar Sandhai ),Banana,Red Banana,Local,20-09-2026,7000,8000,7500
Tamil Nadu,Namakkal,Mohanur(Uzhavar Sandhai ),Bhindi(Ladies Finger),Bhindi,Local,20-09-2026,4000,4500,4250
Tamil Nadu,Namakkal,Mohanur(Uzhavar Sandhai ),Beans,Beans (Whole),Local,20-09-2026,8000,9000,8500
Tamil Nadu,Namakkal,Mohanur(Uzhavar Sandhai ),Tapioca,Tapioca,Local,20-09-2026,3500,4000,3750
Tamil Nadu,Namakkal,Mohanur(Uzhavar Sandhai ),Carrot,Pusakesar,Local,20-09-2026,6000,7000,6500
Tamil Nadu,Namakkal,Mohanur(Uzhavar Sandhai ),Ridgeguard(Tori),Ridgeguard(Tori),Local,20-09-2026,6200,6800,6500
Tamil Nadu,Namakkal,Mohanur(Uzhavar Sandhai ),Chow Chow,Chow Chow,Local,20-09-2026,3500,4000,3750
Tamil Nadu,Namakkal,Mohanur(Uzhavar Sandhai ),Tender Coconut,Tender Coconut,Local,20-09-2026,3000,3500,3250
Tamil Nadu,Namakkal,Namakkal(Uzhavar Sandhai ),Coriander(Leaves),I Sort,Local,20-09-2026,12000,13000,12500
Tamil Nadu,Namakkal,Namakkal(Uzhavar Sandhai ),Green Chilli,Green Chilly,Local,20-09-2026,6000,6800,6400
Tamil Nadu,Namakkal,Namakkal(Uzhavar Sandhai ),Beetroot,Beetroot,Local,20-09-2026,5500,6000,5750
Tamil Nadu,Namakkal,Namakkal(Uzhavar Sandhai ),Cucumbar(Kheera),Cucumbar,Local,20-09-2026,7500,9000,8250
Tamil Nadu,Namakkal,Namakkal(Uzhavar Sandhai ),Capsicum,Capsicum,Local,20-09-2026,4500,5000,4750
Tamil Nadu,Namakkal,Namakkal(Uzhavar Sandhai ),Mango(Raw-Ripe),Mango - Raw-Ripe,Local,20-09-2026,11000,12000,11500
Tamil Nadu,Namakkal,Namakkal(Uzhavar Sandhai ),Jack Fruit(Ripe),Jack Fruit,Local,20-09-2026,3500,4000,3750
Tamil Nadu,Namakkal,Namakkal(Uzhavar Sandhai ),Elephant Yam(Suran)/Amorphophallus,Elephant Yam (Suran),Local,20-09-2026,3000,3500,3250
Tamil Nadu,Namakkal,Paramathivelur(Uzhavar Sandhai ),Ashgourd,Gouard,Local,20-09-2026,1500,2000,1750
Tamil Nadu,Namakkal,Paramathivelur(Uzhavar Sandhai ),Green Avare(W),Green Avare (W),Local,20-09-2026,8000,9000,8500
Tamil Nadu,Namakkal,Rasipuram(Uzhavar Sandhai ),Banana,Red Banana,Local,20-09-2026,7000,7500,7250
Tamil Nadu,Namakkal,Rasipuram(Uzhavar Sandhai ),Potato,Other,Local,20-09-2026,3000,3500,3250
Tamil Nadu,Namakkal,Rasipuram(Uzhavar Sandhai ),Cauliflower,Ranchi,Local,20-09-2026,3000,4000,3500
Tamil Nadu,Namakkal,Rasipuram(Uzhavar Sandhai ),Chikoos(Sapota),Sapota,Local,20-09-2026,4000,4500,4250
Tamil Nadu,Namakkal,Rasipuram(Uzhavar Sandhai ),Mousambi(Sweet Lime),Mousambi,Local,20-09-2026,3500,4000,3750
Tamil Nadu,Namakkal,Rasipuram(Uzhavar Sandhai ),Cluster beans,Cluster Beans,Local,20-09-2026,2800,3200,3000
Tamil Nadu,Namakkal,Rasipuram(Uzhavar Sandhai ),Bitter gourd,Other,Local,20-09-2026,6000,6500,6250
Tamil Nadu,Namakkal,Rasipuram(Uzhavar Sandhai ),Amaranthus,Amaranthus,Local,20-09-2026,4500,5000,4750
Tamil Nadu,Namakkal,Rasipuram(Uzhavar Sandhai ),Ginger(Green),Green Ginger,Local,20-09-2026,17000,18000,17500
Tamil Nadu,Namakkal,Rasipuram(Uzhavar Sandhai ),Tender Coconut,Tender Coconut,Local,20-09-2026,3500,4000,3750
Tamil Nadu,Namakkal,Rasipuram(Uzhavar Sandhai ),Custard Apple(Sharifa),Custard Apple(Sharifa),Local,20-09-2026,3500,4000,3750
Tamil Nadu,Thanjavur,Tirukattupalli(Uzhavar Sandhai ),Potato,Red Nanital,Local,20-09-2026,3000,4000,3500
Tamil Nadu,Thanjavur,Tirukattupalli(Uzhavar Sandhai ),Ashgourd,Gouard,Local,20-09-2026,2000,2000,2000
Tamil Nadu,Thanjavur,Tirukattupalli(Uzhavar Sandhai ),Pumpkin,Pumpkin,Local,20-09-2026,2000,2000,2000
Tamil Nadu,Thanjavur,Tirukattupalli(Uzhavar Sandhai ),Snakeguard,Snakeguard,Local,20-09-2026,4000,5000,4500
Tamil Nadu,Madurai,Palanganatham(Uzhavar Sandhai ),Papaya,Papaya,Local,20-09-2026,4500,5000,4750
Tamil Nadu,Madurai,Palanganatham(Uzhavar Sandhai ),Tomato,Other,Local,20-09-2026,2400,2800,2600
Tamil Nadu,Madurai,Palanganatham(Uzhavar Sandhai ),Amaranthus,Amaranthus,Local,20-09-2026,3000,3600,3300
Tamil Nadu,Madurai,Palanganatham(Uzhavar Sandhai ),Banana - Green,Banana - Green,Local,20-09-2026,1500,2000,1750
Tamil Nadu,Madurai,Palanganatham(Uzhavar Sandhai ),Beans,Beans (Whole),Local,20-09-2026,8000,9000,8500
Tamil Nadu,Madurai,Palanganatham(Uzhavar Sandhai ),Betal Leaves,Mysore,Local,20-09-2026,20000,28000,24000
Tamil Nadu,Madurai,Palanganatham(Uzhavar Sandhai ),Cabbage,Cabbage,Local,20-09-2026,2500,3000,2750
Tamil Nadu,Madurai,Palanganatham(Uzhavar Sandhai ),Chow Chow,Chow Chow,Local,20-09-2026,2500,3000,2750
Tamil Nadu,Madurai,Anna nagar(Uzhavar Sandhai ),Papaya,Papaya,Local,20-09-2026,4500,5000,4750
Tamil Nadu,Madurai,Anna nagar(Uzhavar Sandhai ),Bitter gourd,Bitter Gourd,Local,20-09-2026,5500,6500,6000
Tamil Nadu,Madurai,Anna nagar(Uzhavar Sandhai ),Tapioca,Tapioca,Local,20-09-2026,3500,4000,3750
Tamil Nadu,Madurai,Anna nagar(Uzhavar Sandhai ),Knool Khol,Knool Khol,Local,20-09-2026,4000,5000,4500
Tamil Nadu,Madurai,Anna nagar(Uzhavar Sandhai ),Mashrooms,Mashrooms,Local,20-09-2026,30000,35000,32500
Tamil Nadu,Perambalur,Perambalur(Uzhavar Sandhai ),Groundnut,Big (With Shell),Local,20-09-2026,8000,9000,8500
Tamil Nadu,Perambalur,Perambalur(Uzhavar Sandhai ),Apple,American,Local,20-09-2026,16000,20000,18000
Tamil Nadu,Perambalur,Perambalur(Uzhavar Sandhai ),Garlic,Garlic,Local,20-09-2026,22000,24000,23000
Tamil Nadu,Perambalur,Perambalur(Uzhavar Sandhai ),Cluster beans,Cluster Beans,Local,20-09-2026,4000,4000,4000
Tamil Nadu,Perambalur,Perambalur(Uzhavar Sandhai ),Bottle gourd,Bottle Gourd,Local,20-09-2026,1500,1800,1650
Tamil Nadu,Perambalur,Perambalur(Uzhavar Sandhai ),Bhindi(Ladies Finger),Bhindi,Local,20-09-2026,3000,3600,3300
Tamil Nadu,Perambalur,Perambalur(Uzhavar Sandhai ),Banana - Green,Banana - Green,Local,20-09-2026,3000,4000,3500
Tamil Nadu,Perambalur,Perambalur(Uzhavar Sandhai ),Ridgeguard(Tori),Ridgeguard(Tori),Local,20-09-2026,5000,5600,5300
Tamil Nadu,Perambalur,Perambalur(Uzhavar Sandhai ),Thondekai,Thondekai,Local,20-09-2026,4800,5200,5000
Tamil Nadu,Perambalur,Perambalur(Uzhavar Sandhai ),Sweet Corn ,Sweet Corn ,Local,20-09-2026,4500,5000,4750
Tamil Nadu,Salem,Mecheri(Uzhavar Sandhai),Brinjal,Other,Local,20-09-2026,3000,3500,3250
Tamil Nadu,Salem,Mecheri(Uzhavar Sandhai),Bhindi(Ladies Finger),Bhindi,Local,20-09-2026,2500,3000,2750
Tamil Nadu,Salem,Mecheri(Uzhavar Sandhai),Green Chilli,Green Chilly,Local,20-09-2026,4000,4500,4250
Tamil Nadu,Salem,Mecheri(Uzhavar Sandhai),Coconut,Coconut,Local,20-09-2026,5500,6000,5750
Tamil Nadu,Ranipet,Arcot(Uzhavar Sandhai ),Onion,Bellary,Local,20-09-2026,5500,6000,5750
Tamil Nadu,Ranipet,Arcot(Uzhavar Sandhai ),Papaya,Papaya,Local,20-09-2026,5000,5000,5000
Tamil Nadu,Ranipet,Arcot(Uzhavar Sandhai ),Tapioca,Tapioca,Local,20-09-2026,3000,3000,3000
Tamil Nadu,Ranipet,Arcot(Uzhavar Sandhai ),Green Avare(W),Green Avare (W),Local,20-09-2026,6000,6000,6000
Tamil Nadu,Ranipet,Arcot(Uzhavar Sandhai ),Drumstick,Drumstick,Local,20-09-2026,5000,5000,5000
Tamil Nadu,Ranipet,Arcot(Uzhavar Sandhai ),Knool Khol,Knool Khol,Local,20-09-2026,4000,4000,4000
Tamil Nadu,Ranipet,Arcot(Uzhavar Sandhai ),Indian Beans(Seam),Indian Beans (Seam),Local,20-09-2026,6000,6000,6000
Tamil Nadu,Ranipet,Ranipettai(Uzhavar Sandhai ),Banana,Red Banana,Local,20-09-2026,11000,11000,11000
Tamil Nadu,Ranipet,Ranipettai(Uzhavar Sandhai ),Coriander(Leaves),I Sort,Local,20-09-2026,3000,3000,3000
Tamil Nadu,Ranipet,Ranipettai(Uzhavar Sandhai ),Amaranthus,Amaranthus,Local,20-09-2026,2500,3000,2750
Tamil Nadu,Ranipet,Ranipettai(Uzhavar Sandhai ),Sweet Potato,Hosur Red,Local,20-09-2026,5600,5600,5600
Tamil Nadu,Ranipet,Ranipettai(Uzhavar Sandhai ),Cabbage,Cabbage,Local,20-09-2026,2500,2500,2500
Tamil Nadu,Ranipet,Ranipettai(Uzhavar Sandhai ),Cucumbar(Kheera),Cucumbar,Local,20-09-2026,4000,4000,4000
Tamil Nadu,Ranipet,Ranipettai(Uzhavar Sandhai ),Green Avare(W),Other,Local,20-09-2026,5000,5000,5000
Tamil Nadu,Ranipet,Ranipettai(Uzhavar Sandhai ),Lemon,Lemon,Local,20-09-2026,20000,30000,25000
Tamil Nadu,Ranipet,Ranipettai(Uzhavar Sandhai ),Amla(Nelli Kai),Amla,Local,20-09-2026,10000,12000,11000
Tamil Nadu,Ranipet,Ranipettai(Uzhavar Sandhai ),Rose(Local),Rose (Local),Local,20-09-2026,24000,24000,24000
Tamil Nadu,Salem,Ammapet(Uzhavar Sandhai ),Banana,Red Banana,Local,20-09-2026,7400,8000,7700
Tamil Nadu,Salem,Ammapet(Uzhavar Sandhai ),Papaya,Papaya,Local,20-09-2026,3800,4000,3900
Tamil Nadu,Salem,Ammapet(Uzhavar Sandhai ),Tomato,Local,Local,20-09-2026,2000,2500,2250
Tamil Nadu,Salem,Ammapet(Uzhavar Sandhai ),Cluster beans,Cluster Beans,Local,20-09-2026,3200,3500,3350
Tamil Nadu,Salem,Ammapet(Uzhavar Sandhai ),Bitter gourd,Other,Local,20-09-2026,3800,4000,3900
Tamil Nadu,Salem,Ammapet(Uzhavar Sandhai ),Amaranthus,Amaranthus,Local,20-09-2026,2400,2800,2600
Tamil Nadu,Salem,Ammapet(Uzhavar Sandhai ),Tapioca,Tapioca,Local,20-09-2026,3200,3500,3350
Tamil Nadu,Salem,Ammapet(Uzhavar Sandhai ),Drumstick,Drumstick,Local,20-09-2026,3000,3500,3250
Tamil Nadu,Salem,Ammapet(Uzhavar Sandhai ),Guava,Guava Allahabad,Local,20-09-2026,5000,6000,5500
Tamil Nadu,Salem,Ammapet(Uzhavar Sandhai ),Indian Beans(Seam),Indian Beans (Seam),Local,20-09-2026,5600,6000,5800
Tamil Nadu,Salem,Ammapet(Uzhavar Sandhai ),Baby Corn,Baby Corn,Grade A,20-09-2026,2800,3000,2900
Tamil Nadu,Salem,Mettur(Uzhavar Sandhai ),Garlic,Garlic,Local,20-09-2026,28000,30000,29000
Tamil Nadu,Salem,Mettur(Uzhavar Sandhai ),Cluster beans,Cluster Beans,Local,20-09-2026,3000,3500,3250
Tamil Nadu,Salem,Mettur(Uzhavar Sandhai ),Sweet Potato,Hosur Red,Local,20-09-2026,4000,4500,4250
Tamil Nadu,Salem,Mettur(Uzhavar Sandhai ),Carrot,Pusakesar,Local,20-09-2026,5000,5500,5250
Tamil Nadu,Salem,Mettur(Uzhavar Sandhai ),Snakeguard,Snakeguard,Local,20-09-2026,3000,3500,3250
Tamil Nadu,Salem,Mettur(Uzhavar Sandhai ),Lemon,Lemon,Local,20-09-2026,11000,12000,11500
Tamil Nadu,Salem,Mettur(Uzhavar Sandhai ),Sweet Corn ,Sweet Corn ,Local,20-09-2026,3500,4000,3750
Tamil Nadu,Salem,Sooramangalam(Uzhavar Sandhai ),Brinjal,Other,Local,20-09-2026,2400,2600,2500
Tamil Nadu,Salem,Sooramangalam(Uzhavar Sandhai ),Banana - Green,Banana - Green,Local,20-09-2026,2000,2400,2200
Tamil Nadu,Salem,Sooramangalam(Uzhavar Sandhai ),Beetroot,Beetroot,Local,20-09-2026,6500,6800,6650
Tamil Nadu,Thiruchirappalli,Thuraiyur APMC,Cowpea(Veg),Cowpea (Veg),Local,20-09-2026,3000,3500,3250
Tamil Nadu,Thiruchirappalli,Thuraiyur APMC,Coconut,Coconut,Local,20-09-2026,5500,6500,6000
Tamil Nadu,Thiruchirappalli,Thuraiyur APMC,Beetroot,Beetroot,Local,20-09-2026,4500,5000,4750
Tamil Nadu,Thiruchirappalli,Thuraiyur APMC,Thondekai,Thondekai,Local,20-09-2026,4500,5000,4750
Tamil Nadu,Thiruchirappalli,Thuraiyur APMC,Chow Chow,Chow Chow,Local,20-09-2026,3500,4000,3750
Tamil Nadu,Thiruchirappalli,Thuraiyur APMC,Elephant Yam(Suran)/Amorphophallus,Elephant Yam (Suran),Local,20-09-2026,3000,3500,3250
Tamil Nadu,Thiruchirappalli,Thuraiyur APMC,Mint(Pudina),Mint(Pudina),Local,20-09-2026,5000,6600,5800
Tamil Nadu,Salem,Thammampatti (Uzhavar Sandhai ),Potato,Other,Local,20-09-2026,2800,3000,2900
Tamil Nadu,Salem,Thammampatti (Uzhavar Sandhai ),Coriander(Leaves),I Sort,Local,20-09-2026,3500,4000,3750
Tamil Nadu,Salem,Thammampatti (Uzhavar Sandhai ),Tomato,Deshi,Local,20-09-2026,1500,2800,2150
Tamil Nadu,Salem,Thammampatti (Uzhavar Sandhai ),Bitter gourd,Bitter Gourd,Local,20-09-2026,4500,5000,4750
Tamil Nadu,Salem,Thammampatti (Uzhavar Sandhai ),Bottle gourd,Bottle Gourd,Local,20-09-2026,2000,2500,2250
Tamil Nadu,Salem,Thammampatti (Uzhavar Sandhai ),Pumpkin,Pumpkin,Local,20-09-2026,2000,2000,2000
Tamil Nadu,Salem,Thammampatti (Uzhavar Sandhai ),Amaranthus,Amaranthus,Local,20-09-2026,2000,2500,2250
Tamil Nadu,Salem,Thammampatti (Uzhavar Sandhai ),Green Chilli,Green Chilly,Local,20-09-2026,4000,4500,4250
Tamil Nadu,Salem,Thammampatti (Uzhavar Sandhai ),Ginger(Green),Green Ginger,Local,20-09-2026,7500,18000,12750
Tamil Nadu,Salem,Thammampatti (Uzhavar Sandhai ),Coconut,Coconut,Local,20-09-2026,6500,7000,6750
Tamil Nadu,Salem,Thammampatti (Uzhavar Sandhai ),Cabbage,Cabbage,Local,20-09-2026,3500,4000,3750
Tamil Nadu,Salem,Thammampatti (Uzhavar Sandhai ),Drumstick,Drumstick,Local,20-09-2026,3500,4000,3750
Tamil Nadu,Salem,Thammampatti (Uzhavar Sandhai ),Custard Apple(Sharifa),Custard Apple(Sharifa),Local,20-09-2026,4000,4000,4000
Tamil Nadu,Salem,Thammampatti (Uzhavar Sandhai ),Baby Corn,Baby Corn,Grade A,20-09-2026,2500,3000,2750
Tamil Nadu,Salem,Thathakapatti(Uzhavar Sandhai ),Groundnut,Big (With Shell),Local,20-09-2026,7000,8000,7500
Tamil Nadu,Salem,Thathakapatti(Uzhavar Sandhai ),Banana,Besrai,Local,20-09-2026,4000,8000,6000
Tamil Nadu,Salem,Thathakapatti(Uzhavar Sandhai ),Potato,Red Nanital,Local,20-09-2026,2800,6000,4400
Tamil Nadu,Salem,Thathakapatti(Uzhavar Sandhai ),Coriander(Leaves),I Sort,Local,20-09-2026,4500,5000,4750
Tamil Nadu,Salem,Thathakapatti(Uzhavar Sandhai ),Bitter gourd,Bitter Gourd,Local,20-09-2026,3500,4000,3750
Tamil Nadu,Salem,Thathakapatti(Uzhavar Sandhai ),Bottle gourd,Bottle Gourd,Local,20-09-2026,2500,3000,2750
Tamil Nadu,Salem,Thathakapatti(Uzhavar Sandhai ),Cowpea(Veg),Cowpea (Veg),Local,20-09-2026,4500,5000,4750
Tamil Nadu,Salem,Thathakapatti(Uzhavar Sandhai ),Banana - Green,Banana - Green,Local,20-09-2026,4500,5000,4750
Tamil Nadu,Salem,Thathakapatti(Uzhavar Sandhai ),Cabbage,Cabbage,Local,20-09-2026,2600,3000,2800
Tamil Nadu,Salem,Thathakapatti(Uzhavar Sandhai ),Beetroot,Beetroot,Local,20-09-2026,6000,6500,6250
Tamil Nadu,Salem,Thathakapatti(Uzhavar Sandhai ),Guava,Guava Allahabad,Local,20-09-2026,5000,7500,6250
Tamil Nadu,Salem,Thathakapatti(Uzhavar Sandhai ),Tamarind Fruit,Tamarind Fruit,Local,20-09-2026,14000,15000,14500
Tamil Nadu,Theni,Chinnamanur(Uzhavar Sandhai ),Brinjal,Other,Local,20-09-2026,2800,3000,2900
Tamil Nadu,Theni,Chinnamanur(Uzhavar Sandhai ),Tomato,Local,Local,20-09-2026,2500,2500,2500
Tamil Nadu,Theni,Chinnamanur(Uzhavar Sandhai ),Bitter gourd,Other,Local,20-09-2026,3800,3800,3800
Tamil Nadu,Theni,Chinnamanur(Uzhavar Sandhai ),Ginger(Green),Green Ginger,Local,20-09-2026,7000,16000,11500
Tamil Nadu,Theni,Chinnamanur(Uzhavar Sandhai ),Thondekai,Thondekai,Local,20-09-2026,3600,3600,3600
Tamil Nadu,Theni,Chinnamanur(Uzhavar Sandhai ),Chow Chow,Chow Chow,Local,20-09-2026,3000,3000,3000
Tamil Nadu,Theni,Chinnamanur(Uzhavar Sandhai ),Yam(Ratalu),Yam (Ratalu),Local,20-09-2026,5000,5000,5000
Tamil Nadu,Theni,Chinnamanur(Uzhavar Sandhai ),Lemon,Lemon,Local,20-09-2026,10000,16000,13000
Tamil Nadu,Theni,Chinnamanur(Uzhavar Sandhai ),Mint(Pudina),Mint(Pudina),Local,20-09-2026,5500,5500,5500
Tamil Nadu,Theni,Kambam(Uzhavar Sandhai ),Coriander(Leaves),I Sort,Local,20-09-2026,3000,3000,3000
Tamil Nadu,Theni,Kambam(Uzhavar Sandhai ),Bottle gourd,Bottle Gourd,Local,20-09-2026,1500,1500,1500
Tamil Nadu,Theni,Kambam(Uzhavar Sandhai ),Tapioca,Tapioca,Local,20-09-2026,3500,3500,3500
Tamil Nadu,Theni,Kambam(Uzhavar Sandhai ),Carrot,Pusakesar,Local,20-09-2026,3400,3400,3400
Tamil Nadu,Theni,Kambam(Uzhavar Sandhai ),Snakeguard,Snakeguard,Local,20-09-2026,3800,3800,3800
Tamil Nadu,Theni,Kambam(Uzhavar Sandhai ),Mashrooms,Mashrooms,Local,20-09-2026,25000,25000,25000
Tamil Nadu,Theni,Kambam(Uzhavar Sandhai ),Mint(Pudina),Mint(Pudina),Local,20-09-2026,5500,5500,5500
Tamil Nadu,Theni,Theni(Uzhavar Sandhai ),Tomato,Other,Local,20-09-2026,2000,2500,2250
Tamil Nadu,Theni,Theni(Uzhavar Sandhai ),Bhindi(Ladies Finger),Bhindi,Local,20-09-2026,3800,3800,3800
Tamil Nadu,Theni,Theni(Uzhavar Sandhai ),Banana - Green,Banana - Green,Local,20-09-2026,2500,3000,2750
Tamil Nadu,Theni,Theni(Uzhavar Sandhai ),Ridgeguard(Tori),Ridgeguard(Tori),Local,20-09-2026,3500,3800,3650
Tamil Nadu,Theni,Theni(Uzhavar Sandhai ),Green Avare(W),Other,Local,20-09-2026,6800,9000,7900
Tamil Nadu,Theni,Theni(Uzhavar Sandhai ),Chow Chow,Chow Chow,Local,20-09-2026,3000,3000,3000
Tamil Nadu,Theni,Theni(Uzhavar Sandhai ),Lime,Lime,Local,20-09-2026,8000,9500,8750
Tamil Nadu,Thirunelveli,NGO Colony(Uzhavar Sandhai ),Potato,Red Nanital,Local,20-09-2026,2000,2900,2450
Tamil Nadu,Thirunelveli,NGO Colony(Uzhavar Sandhai ),Cluster beans,Cluster Beans,Local,20-09-2026,1200,2000,1600
Tamil Nadu,Thirunelveli,NGO Colony(Uzhavar Sandhai ),Carrot,Pusakesar,Local,20-09-2026,4000,4800,4400
Tamil Nadu,Thirunelveli,NGO Colony(Uzhavar Sandhai ),Cabbage,Cabbage,Local,20-09-2026,2000,2800,2400
Tamil Nadu,Thirunelveli,NGO Colony(Uzhavar Sandhai ),Ridgeguard(Tori),Ridgeguard(Tori),Local,20-09-2026,3500,4000,3750
Tamil Nadu,Thirunelveli,NGO Colony(Uzhavar Sandhai ),Green Avare(W),Green Avare (W),Local,20-09-2026,8000,10000,9000
Tamil Nadu,Thirunelveli,Palayamkottai(Uzhavar Sandhai ),Bitter gourd,Bitter Gourd,Local,20-09-2026,5000,6000,5500
Tamil Nadu,Thirunelveli,Palayamkottai(Uzhavar Sandhai ),Banana - Green,Banana - Green,Local,20-09-2026,2500,3000,2750
Tamil Nadu,Thirunelveli,Palayamkottai(Uzhavar Sandhai ),Beetroot,Beetroot,Local,20-09-2026,4600,6000,5300
Tamil Nadu,Thirunelveli,Palayamkottai(Uzhavar Sandhai ),Raddish,Raddish,Local,20-09-2026,3000,3500,3250
Tamil Nadu,Thirunelveli,Palayamkottai(Uzhavar Sandhai ),Capsicum,Capsicum,Local,20-09-2026,4500,5000,4750
Tamil Nadu,Thirunelveli,Palayamkottai(Uzhavar Sandhai ),Mango(Raw-Ripe),Mango - Raw-Ripe,Local,20-09-2026,10000,11000,10500
Tamil Nadu,Thirupur,Kangayam(Uzhavar Sandhai ),Tomato,Local,Local,20-09-2026,1500,2000,1750
Tamil Nadu,Thirupur,Kangayam(Uzhavar Sandhai ),Bitter gourd,Bitter Gourd,Local,20-09-2026,5000,5500,5250
Tamil Nadu,Thirupur,Kangayam(Uzhavar Sandhai ),Bottle gourd,Bottle Gourd,Local,20-09-2026,1500,1800,1650
Tamil Nadu,Thirupur,Kangayam(Uzhavar Sandhai ),Ashgourd,Gouard,Local,20-09-2026,2000,2200,2100
Tamil Nadu,Thirupur,Kangayam(Uzhavar Sandhai ),Snakeguard,Snakeguard,Local,20-09-2026,4000,4500,4250
Tamil Nadu,Thirupur,Kangayam(Uzhavar Sandhai ),Green Avare(W),Green Avare (W),Local,20-09-2026,6500,7200,6850
Tamil Nadu,Thirupur,Kangayam(Uzhavar Sandhai ),Onion Green,Onion Green,Local,20-09-2026,6500,7200,6850
Tamil Nadu,Thirupur,Kangayam(Uzhavar Sandhai ),Mint(Pudina),Mint(Pudina),Local,20-09-2026,4000,4200,4100
Tamil Nadu,Thirupur,Tiruppur (North) (Uzhavar Sandhai ),Bitter gourd,Other,Local,20-09-2026,5000,6000,5500
Tamil Nadu,Thirupur,Tiruppur (North) (Uzhavar Sandhai ),Ashgourd,Gouard,Local,20-09-2026,1500,2000,1750
Tamil Nadu,Thirupur,Tiruppur (North) (Uzhavar Sandhai ),Green Chilli,Green Chilly,Local,20-09-2026,4500,5000,4750
Tamil Nadu,Thirupur,Tiruppur (North) (Uzhavar Sandhai ),Tapioca,Tapioca,Local,20-09-2026,2500,3000,2750
Tamil Nadu,Thirupur,Tiruppur (North) (Uzhavar Sandhai ),Tender Coconut,Tender Coconut,Local,20-09-2026,3500,4000,3750
Tamil Nadu,Thirupur,Tiruppur (North) (Uzhavar Sandhai ),Onion Green,Onion Green,Local,20-09-2026,8000,8500,8250
Tamil Nadu,Thirupur,Tiruppur (North) (Uzhavar Sandhai ),Mint(Pudina),Mint(Pudina),Local,20-09-2026,2000,2500,2250
Tamil Nadu,Thiruvannamalai,Chengam(Uzhavar Sandhai ),Onion,Bellary,Local,20-09-2026,5000,6000,5500
Tamil Nadu,Thiruvannamalai,Chengam(Uzhavar Sandhai ),Sweet Potato,Hosur Red,Local,20-09-2026,4000,4800,4400
Tamil Nadu,Thiruvannamalai,Chengam(Uzhavar Sandhai ),Raddish,Raddish,Local,20-09-2026,2500,3000,2750
Tamil Nadu,Thiruvannamalai,Chengam(Uzhavar Sandhai ),Capsicum,Capsicum,Local,20-09-2026,7000,8000,7500
Tamil Nadu,Thiruvannamalai,Chengam(Uzhavar Sandhai ),Custard Apple(Sharifa),Custard Apple(Sharifa),Local,20-09-2026,4200,5000,4600
Tamil Nadu,Thiruvannamalai,Chengam(Uzhavar Sandhai ),Sweet Corn ,Sweet Corn ,Local,20-09-2026,2500,3000,2750
Tamil Nadu,Thiruvannamalai,Tamarainagar(Uzhavar Sandhai ),Cucumbar(Kheera),Cucumbar,Local,20-09-2026,4000,5000,4500
Tamil Nadu,Thiruvannamalai,Tamarainagar(Uzhavar Sandhai ),Raddish,Raddish,Local,20-09-2026,2500,3000,2750
Tamil Nadu,Thiruvannamalai,Tamarainagar(Uzhavar Sandhai ),Elephant Yam(Suran)/Amorphophallus,Elephant Yam (Suran),Local,20-09-2026,5000,6000,5500
Tamil Nadu,Thiruvannamalai,Vandavasi(Uzhavar Sandhai ),Coriander(Leaves),I Sort,Local,20-09-2026,4000,5000,4500
Tamil Nadu,Thiruvannamalai,Vandavasi(Uzhavar Sandhai ),Bitter gourd,Other,Local,20-09-2026,4000,4800,4400
Tamil Nadu,Thiruvannamalai,Vandavasi(Uzhavar Sandhai ),Beetroot,Beetroot,Local,20-09-2026,3600,4200,3900
Tamil Nadu,Thiruvannamalai,Vandavasi(Uzhavar Sandhai ),Knool Khol,Knool Khol,Local,20-09-2026,2500,3000,2750
Tamil Nadu,Thiruvannamalai,Vandavasi(Uzhavar Sandhai ),Colacasia,Colacasia,Local,20-09-2026,3600,4200,3900
Tamil Nadu,Thiruvarur,Muthupettai(Uzhavar Sandhai ),Cluster beans,Cluster Beans,Local,20-09-2026,3400,3400,3400
Tamil Nadu,Thiruvarur,Muthupettai(Uzhavar Sandhai ),Amaranthus,Amaranthus,Local,20-09-2026,2000,2000,2000
Tamil Nadu,Thiruvarur,Muthupettai(Uzhavar Sandhai ),Mango(Raw-Ripe),Mango - Raw-Ripe,Local,20-09-2026,9500,9500,9500
Tamil Nadu,Coimbatore,Sulur(Uzhavar Sandhai ),Coriander(Leaves),I Sort,Local,20-09-2026,4400,5000,4700
Tamil Nadu,Coimbatore,Sulur(Uzhavar Sandhai ),Bottle gourd,Bottle Gourd,Local,20-09-2026,2800,3200,3000
Tamil Nadu,Coimbatore,Sulur(Uzhavar Sandhai ),Ashgourd,Gouard,Local,20-09-2026,1800,2000,1900
Tamil Nadu,Coimbatore,Sulur(Uzhavar Sandhai ),Carrot,Pusakesar,Local,20-09-2026,4000,4800,4400
Tamil Nadu,Coimbatore,Sulur(Uzhavar Sandhai ),Thondekai,Thondekai,Local,20-09-2026,4000,4400,4200
Tamil Nadu,Coimbatore,Sulur(Uzhavar Sandhai ),Knool Khol,Knool Khol,Local,20-09-2026,3800,4200,4000
Tamil Nadu,Coimbatore,Sulur(Uzhavar Sandhai ),Elephant Yam(Suran)/Amorphophallus,Elephant Yam (Suran),Local,20-09-2026,3600,4000,3800
Tamil Nadu,Pudukkottai,Gandarvakottai(Uzhavar Sandhai ),Banana,Red Banana,Local,20-09-2026,6500,7000,6750
Tamil Nadu,Pudukkottai,Gandarvakottai(Uzhavar Sandhai ),Papaya,Papaya,Local,20-09-2026,3000,3500,3250
Tamil Nadu,Pudukkottai,Gandarvakottai(Uzhavar Sandhai ),Tomato,Deshi,Local,20-09-2026,2500,3000,2750
Tamil Nadu,Pudukkottai,Gandarvakottai(Uzhavar Sandhai ),Cluster beans,Cluster Beans,Local,20-09-2026,3500,4000,3750
Tamil Nadu,Pudukkottai,Gandarvakottai(Uzhavar Sandhai ),Bottle gourd,Bottle Gourd,Local,20-09-2026,1500,2000,1750
Tamil Nadu,Pudukkottai,Gandarvakottai(Uzhavar Sandhai ),Amaranthus,Amaranthus,Local,20-09-2026,1000,1500,1250
Tamil Nadu,Pudukkottai,Gandarvakottai(Uzhavar Sandhai ),Banana - Green,Banana - Green,Local,20-09-2026,2500,3000,2750
Tamil Nadu,Pudukkottai,Gandarvakottai(Uzhavar Sandhai ),Coconut,Coconut,Local,20-09-2026,3500,4000,3750
Tamil Nadu,Pudukkottai,Gandarvakottai(Uzhavar Sandhai ),Ridgeguard(Tori),Ridgeguard(Tori),Local,20-09-2026,5500,6000,5750
Tamil Nadu,Pudukkottai,Gandarvakottai(Uzhavar Sandhai ),Drumstick,Drumstick,Local,20-09-2026,4500,5000,4750
Tamil Nadu,Pudukkottai,Gandarvakottai(Uzhavar Sandhai ),Mint(Pudina),Mint(Pudina),Local,20-09-2026,4500,5000,4750
Tamil Nadu,Cuddalore,Panruti(Uzhavar Sandhai ),Brinjal,Round,Local,20-09-2026,4000,5000,4500
Tamil Nadu,Cuddalore,Panruti(Uzhavar Sandhai ),Banana,Besrai,Local,20-09-2026,4000,8000,6000
Tamil Nadu,Cuddalore,Panruti(Uzhavar Sandhai ),Tomato,Deshi,Local,20-09-2026,2500,2500,2500
Tamil Nadu,Cuddalore,Panruti(Uzhavar Sandhai ),Bottle gourd,Bottle Gourd,Local,20-09-2026,3000,3000,3000
Tamil Nadu,Cuddalore,Panruti(Uzhavar Sandhai ),Snakeguard,Snakeguard,Local,20-09-2026,2000,2000,2000
Tamil Nadu,Cuddalore,Panruti(Uzhavar Sandhai ),Ridgeguard(Tori),Ridgeguard(Tori),Local,20-09-2026,6000,6000,6000
Tamil Nadu,Cuddalore,Vadalur(Uzhavar Sandhai ),Brinjal,Other,Local,20-09-2026,4000,4000,4000
Tamil Nadu,Cuddalore,Vadalur(Uzhavar Sandhai ),Banana,Red Banana,Local,20-09-2026,8000,8000,8000
Tamil Nadu,Cuddalore,Vadalur(Uzhavar Sandhai ),Garlic,Garlic,Local,20-09-2026,15000,20000,17500
Tamil Nadu,Cuddalore,Vadalur(Uzhavar Sandhai ),Coriander(Leaves),I Sort,Local,20-09-2026,5000,5000,5000
Tamil Nadu,Cuddalore,Vadalur(Uzhavar Sandhai ),Banana - Green,Banana - Green,Local,20-09-2026,4000,4000,4000
Tamil Nadu,Cuddalore,Vadalur(Uzhavar Sandhai ),Carrot,Pusakesar,Local,20-09-2026,6000,6000,6000
Tamil Nadu,Cuddalore,Vadalur(Uzhavar Sandhai ),Cabbage,Cabbage,Local,20-09-2026,3000,3000,3000
Tamil Nadu,Cuddalore,Vadalur(Uzhavar Sandhai ),Ridgeguard(Tori),Ridgeguard(Tori),Local,20-09-2026,6000,6000,6000
Tamil Nadu,Cuddalore,Vadalur(Uzhavar Sandhai ),Onion Green,Onion Green,Local,20-09-2026,8000,8000,8000
Tamil Nadu,Cuddalore,Vadalur(Uzhavar Sandhai ),Mint(Pudina),Mint(Pudina),Local,20-09-2026,5000,5000,5000
Tamil Nadu,Dharmapuri,AJattihalli(Uzhavar Sandhai ),Potato,Other,Local,20-09-2026,2400,2800,2600
Tamil Nadu,Dharmapuri,AJattihalli(Uzhavar Sandhai ),Coriander(Leaves),I Sort,Local,20-09-2026,4500,5000,4750
Tamil Nadu,Dharmapuri,AJattihalli(Uzhavar Sandhai ),Bitter gourd,Other,Local,20-09-2026,4000,4000,4000
Tamil Nadu,Dharmapuri,AJattihalli(Uzhavar Sandhai ),Pumpkin,Pumpkin,Local,20-09-2026,1500,1500,1500
Tamil Nadu,Dharmapuri,AJattihalli(Uzhavar Sandhai ),Coconut,Coconut,Local,20-09-2026,6500,7400,6950
Tamil Nadu,Dharmapuri,AJattihalli(Uzhavar Sandhai ),Carrot,Pusakesar,Local,20-09-2026,6400,6400,6400
Tamil Nadu,Dharmapuri,AJattihalli(Uzhavar Sandhai ),Elephant Yam(Suran)/Amorphophallus,Elephant Yam (Suran),Local,20-09-2026,6400,6400,6400
Tamil Nadu,Dharmapuri,AJattihalli(Uzhavar Sandhai ),Mint(Pudina),Mint(Pudina),Local,20-09-2026,7000,8000,7500
Tamil Nadu,Karur,Pallapatti (Uzhavar Sandhai ),Coriander(Leaves),I Sort,Local,20-09-2026,4500,5000,4750
Tamil Nadu,Karur,Pallapatti (Uzhavar Sandhai ),Bhindi(Ladies Finger),Bhindi,Local,20-09-2026,4500,5000,4750
Tamil Nadu,Karur,Pallapatti (Uzhavar Sandhai ),Banana - Green,Banana - Green,Local,20-09-2026,2500,3000,2750
Tamil Nadu,Karur,Pallapatti (Uzhavar Sandhai ),Drumstick,Drumstick,Local,20-09-2026,3000,3500,3250
Tamil Nadu,Karur,Pallapatti (Uzhavar Sandhai ),Lemon,Lemon,Local,20-09-2026,25000,28000,26500
Tamil Nadu,Karur,Pallapatti (Uzhavar Sandhai ),Amla(Nelli Kai),Amla,Local,20-09-2026,7500,8000,7750
Tamil Nadu,Karur,Velayuthampalayam(Uzhavar Sandhai ),Banana,Other,Local,20-09-2026,5000,6000,5500
Tamil Nadu,Karur,Velayuthampalayam(Uzhavar Sandhai ),Bottle gourd,Bottle Gourd,Local,20-09-2026,2000,2500,2250
Tamil Nadu,Karur,Velayuthampalayam(Uzhavar Sandhai ),Bhindi(Ladies Finger),Bhindi,Local,20-09-2026,3200,4000,3600
Tamil Nadu,Karur,Velayuthampalayam(Uzhavar Sandhai ),Coconut,Coconut,Local,20-09-2026,5000,6000,5500
Tamil Nadu,Karur,Velayuthampalayam(Uzhavar Sandhai ),Raddish,Raddish,Local,20-09-2026,2400,3000,2700
Tamil Nadu,Karur,Vengamedu(Uzhavar Sandhai ),Bhindi(Ladies Finger),Bhindi,Local,20-09-2026,3500,4000,3750
Tamil Nadu,Karur,Vengamedu(Uzhavar Sandhai ),Green Chilli,Green Chilly,Local,20-09-2026,5000,6000,5500
Tamil Nadu,Theni,Devaram(Uzhavar Sandhai ),Banana,Besrai,Local,20-09-2026,6000,6000,6000
Tamil Nadu,Theni,Devaram(Uzhavar Sandhai ),Tomato,Deshi,Local,20-09-2026,2400,2400,2400
Tamil Nadu,Theni,Devaram(Uzhavar Sandhai ),Bottle gourd,Bottle Gourd,Local,20-09-2026,1600,1600,1600
Tamil Nadu,Theni,Devaram(Uzhavar Sandhai ),Amaranthus,Amaranthus,Local,20-09-2026,2500,2500,2500
Tamil Nadu,Theni,Devaram(Uzhavar Sandhai ),Green Chilli,Green Chilly,Local,20-09-2026,5200,5200,5200
Tamil Nadu,Salem,Attayampatti(Uzhavar Sandhai ),Banana,Red Banana,Local,20-09-2026,7500,8000,7750
Tamil Nadu,Salem,Attayampatti(Uzhavar Sandhai ),Papaya,Papaya,Local,20-09-2026,3500,3500,3500
Tamil Nadu,Salem,Attayampatti(Uzhavar Sandhai ),Bitter gourd,Bitter Gourd,Local,20-09-2026,5000,5500,5250
Tamil Nadu,Salem,Attayampatti(Uzhavar Sandhai ),Pumpkin,Pumpkin,Local,20-09-2026,2000,2400,2200
Tamil Nadu,Salem,Attayampatti(Uzhavar Sandhai ),Bhindi(Ladies Finger),Bhindi,Local,20-09-2026,3000,3000,3000
Tamil Nadu,Salem,Attayampatti(Uzhavar Sandhai ),Coconut,Coconut,Local,20-09-2026,6500,6500,6500
Tamil Nadu,Salem,Attayampatti(Uzhavar Sandhai ),Snakeguard,Snakeguard,Local,20-09-2026,3400,3800,3600
Tamil Nadu,Salem,Attayampatti(Uzhavar Sandhai ),Onion Green,Onion Green,Local,20-09-2026,7500,8200,7850
Tamil Nadu,Sivaganga,Sivagangai (Uzhavar Sandhai ),Potato,Red Nanital,Local,20-09-2026,5200,5600,5400
Tamil Nadu,Sivaganga,Sivagangai (Uzhavar Sandhai ),Papaya,Papaya,Local,20-09-2026,4600,5200,4900
Tamil Nadu,Sivaganga,Sivagangai (Uzhavar Sandhai ),Tomato,Deshi,Local,20-09-2026,2600,3000,2800
Tamil Nadu,Sivaganga,Sivagangai (Uzhavar Sandhai ),Bhindi(Ladies Finger),Bhindi,Local,20-09-2026,3000,3400,3200
Tamil Nadu,Sivaganga,Sivagangai (Uzhavar Sandhai ),Beans,Beans (Whole),Local,20-09-2026,8500,9500,9000
Tamil Nadu,Sivaganga,Sivagangai (Uzhavar Sandhai ),Chow Chow,Chow Chow,Local,20-09-2026,2800,3200,3000
Tamil Nadu,Sivaganga,Sivagangai (Uzhavar Sandhai ),Mango(Raw-Ripe),Mango - Raw-Ripe,Local,20-09-2026,12000,13000,12500
Tamil Nadu,Sivaganga,Sivagangai (Uzhavar Sandhai ),Lime,Lime,Local,20-09-2026,12000,13000,12500
Tamil Nadu,Sivaganga,Sivagangai (Uzhavar Sandhai ),Mashrooms,Mashrooms,Local,20-09-2026,25000,25000,25000
Tamil Nadu,Sivaganga,Devakottai (Uzhavar Sandhai ),Green Avare(W),Green Avare (W),Local,20-09-2026,8200,10400,9300
Tamil Nadu,Salem,Edapadi (Uzhavar Sandhai ),Bottle gourd,Bottle Gourd,Local,20-09-2026,2200,2500,2350
Tamil Nadu,Salem,Edapadi (Uzhavar Sandhai ),Banana - Green,Banana - Green,Local,20-09-2026,2400,2800,2600
Tamil Nadu,Salem,Edapadi (Uzhavar Sandhai ),Carrot,Pusakesar,Local,20-09-2026,5500,6000,5750
Tamil Nadu,Salem,Edapadi (Uzhavar Sandhai ),Beetroot,Beetroot,Local,20-09-2026,6500,7000,6750
Tamil Nadu,Salem,Edapadi (Uzhavar Sandhai ),Green Avare(W),Other,Local,20-09-2026,6500,7000,6750
Tamil Nadu,Salem,Edapadi (Uzhavar Sandhai ),Knool Khol,Knool Khol,Local,20-09-2026,4000,4500,4250
Tamil Nadu,Salem,Edapadi (Uzhavar Sandhai ),Onion Green,Onion Green,Local,20-09-2026,7500,8000,7750
Tamil Nadu,Salem,Edapadi (Uzhavar Sandhai ),Mint(Pudina),Mint(Pudina),Local,20-09-2026,4000,4500,4250
Tamil Nadu,Salem,Elampillai(Uzhavar Sandhai ),Groundnut,Big (With Shell),Local,20-09-2026,6500,7000,6750
Tamil Nadu,Salem,Elampillai(Uzhavar Sandhai ),Coriander(Leaves),I Sort,Local,20-09-2026,3500,4000,3750
Tamil Nadu,Salem,Elampillai(Uzhavar Sandhai ),Tomato,Other,Local,20-09-2026,2500,2800,2650
Tamil Nadu,Salem,Elampillai(Uzhavar Sandhai ),Bottle gourd,Bottle Gourd,Local,20-09-2026,2000,2500,2250
Tamil Nadu,Salem,Elampillai(Uzhavar Sandhai ),Green Chilli,Green Chilly,Local,20-09-2026,3500,4000,3750
Tamil Nadu,Salem,Elampillai(Uzhavar Sandhai ),Beetroot,Beetroot,Local,20-09-2026,5000,5500,5250
Tamil Nadu,Salem,Elampillai(Uzhavar Sandhai ),Ridgeguard(Tori),Ridgeguard(Tori),Local,20-09-2026,3000,3500,3250
Tamil Nadu,Salem,Elampillai(Uzhavar Sandhai ),Drumstick,Drumstick,Local,20-09-2026,3000,3500,3250
Tamil Nadu,Salem,Elampillai(Uzhavar Sandhai ),Knool Khol,Knool Khol,Local,20-09-2026,4000,4500,4250
Tamil Nadu,Salem,Elampillai(Uzhavar Sandhai ),Guava,Guava Allahabad,Local,20-09-2026,3500,4000,3750
Tamil Nadu,Salem,Hasthampatti(Uzhavar Sandhai ),Mousambi(Sweet Lime),Mousambi,Local,20-09-2026,3000,3500,3250
Tamil Nadu,Salem,Hasthampatti(Uzhavar Sandhai ),Bitter gourd,Other,Local,20-09-2026,3500,4000,3750
Tamil Nadu,Salem,Hasthampatti(Uzhavar Sandhai ),Banana - Green,Banana - Green,Local,20-09-2026,2000,2400,2200
Tamil Nadu,Salem,Hasthampatti(Uzhavar Sandhai ),Coconut,Coconut,Local,20-09-2026,6000,6500,6250
Tamil Nadu,Salem,Hasthampatti(Uzhavar Sandhai ),Sweet Potato,Hosur Red,Local,20-09-2026,4000,4500,4250
Tamil Nadu,Salem,Hasthampatti(Uzhavar Sandhai ),Raddish,Raddish,Local,20-09-2026,2600,2800,2700
Tamil Nadu,Salem,Hasthampatti(Uzhavar Sandhai ),Capsicum,Capsicum,Local,20-09-2026,5500,6000,5750
Tamil Nadu,Salem,Hasthampatti(Uzhavar Sandhai ),Elephant Yam(Suran)/Amorphophallus,Elephant Yam (Suran),Local,20-09-2026,3500,4000,3750
Tamil Nadu,Salem,Hasthampatti(Uzhavar Sandhai ),Pear(Marasebu),Pears,Local,20-09-2026,10000,11000,10500
Tamil Nadu,Salem,Hasthampatti(Uzhavar Sandhai ),Sweet Corn ,Sweet Corn ,Local,20-09-2026,3500,4000,3750
Tamil Nadu,Salem,Jalagandapuram(Uzhavar Sandhai ),Groundnut,Big (With Shell),Local,20-09-2026,6500,7000,6750
Tamil Nadu,Salem,Jalagandapuram(Uzhavar Sandhai ),Brinjal,Round,Local,20-09-2026,3200,3600,3400
Tamil Nadu,Salem,Jalagandapuram(Uzhavar Sandhai ),Papaya,Papaya,Local,20-09-2026,3500,4000,3750
Tamil Nadu,Salem,Jalagandapuram(Uzhavar Sandhai ),Cluster beans,Cluster Beans,Local,20-09-2026,3000,3400,3200
Tamil Nadu,Salem,Jalagandapuram(Uzhavar Sandhai ),Pumpkin,Pumpkin,Local,20-09-2026,1800,2000,1900
Tamil Nadu,Salem,Jalagandapuram(Uzhavar Sandhai ),Green Chilli,Green Chilly,Local,20-09-2026,3600,4000,3800
Tamil Nadu,Salem,Jalagandapuram(Uzhavar Sandhai ),Cowpea(Veg),Cowpea (Veg),Local,20-09-2026,4500,5000,4750
Tamil Nadu,Salem,Jalagandapuram(Uzhavar Sandhai ),Banana - Green,Banana - Green,Local,20-09-2026,2500,2800,2650
Tamil Nadu,Salem,Jalagandapuram(Uzhavar Sandhai ),Beans,Beans (Whole),Local,20-09-2026,7000,8000,7500
Tamil Nadu,Salem,Jalagandapuram(Uzhavar Sandhai ),Cabbage,Cabbage,Local,20-09-2026,2500,3000,2750
Tamil Nadu,Salem,Jalagandapuram(Uzhavar Sandhai ),Snakeguard,Snakeguard,Local,20-09-2026,3500,3800,3650
Tamil Nadu,Salem,Jalagandapuram(Uzhavar Sandhai ),Ridgeguard(Tori),Ridgeguard(Tori),Local,20-09-2026,3500,4000,3750
Tamil Nadu,Salem,Jalagandapuram(Uzhavar Sandhai ),Lime,Lime,Local,20-09-2026,3000,3500,3250
Tamil Nadu,Salem,Jalagandapuram(Uzhavar Sandhai ),Guava,Guava Allahabad,Local,20-09-2026,6000,7000,6500
Tamil Nadu,Sivaganga,Singampunari(Uzhavar Sandhai ),Cauliflower,Ranchi,Local,20-09-2026,2600,3200,2900
Tamil Nadu,Sivaganga,Singampunari(Uzhavar Sandhai ),Green Chilli,Green Chilly,Local,20-09-2026,3600,4200,3900
Tamil Nadu,Sivaganga,Singampunari(Uzhavar Sandhai ),Ridgeguard(Tori),Ridgeguard(Tori),Local,20-09-2026,3200,3800,3500
Tamil Nadu,Sivaganga,Singampunari(Uzhavar Sandhai ),Mint(Pudina),Mint(Pudina),Local,20-09-2026,5600,6200,5900
Tamil Nadu,Sivaganga,Karaikudi(Uzhavar Sandhai ),Onion,Bellary,Local,20-09-2026,5500,7500,6500
Tamil Nadu,Sivaganga,Karaikudi(Uzhavar Sandhai ),Bitter gourd,Other,Local,20-09-2026,5500,6000,5750
Tamil Nadu,Sivaganga,Karaikudi(Uzhavar Sandhai ),Ashgourd,Gouard,Local,20-09-2026,2000,2200,2100
Tamil Nadu,Sivaganga,Karaikudi(Uzhavar Sandhai ),Pumpkin,Pumpkin,Local,20-09-2026,2000,2500,2250
Tamil Nadu,Sivaganga,Karaikudi(Uzhavar Sandhai ),Bhindi(Ladies Finger),Bhindi,Local,20-09-2026,3200,3600,3400
Tamil Nadu,Sivaganga,Karaikudi(Uzhavar Sandhai ),Chow Chow,Chow Chow,Local,20-09-2026,3000,3500,3250
Tamil Nadu,Sivaganga,Karaikudi(Uzhavar Sandhai ),Guava,Guava Allahabad,Local,20-09-2026,6500,7500,7000
Tamil Nadu,Sivaganga,Karaikudi(Uzhavar Sandhai ),Yam(Ratalu),Yam (Ratalu),Local,20-09-2026,7000,7500,7250
Tamil Nadu,Sivaganga,Tirupatthur(Uzhavar Sandhai ),Bitter gourd,Other,Local,20-09-2026,5500,6000,5750
Tamil Nadu,Sivaganga,Tirupatthur(Uzhavar Sandhai ),Ashgourd,Gouard,Local,20-09-2026,2000,2200,2100
Tamil Nadu,Sivaganga,Tirupatthur(Uzhavar Sandhai ),Bhindi(Ladies Finger),Bhindi,Local,20-09-2026,3200,3500,3350
Tamil Nadu,Sivaganga,Tirupatthur(Uzhavar Sandhai ),Green Chilli,Green Chilly,Local,20-09-2026,4000,4500,4250
Tamil Nadu,Sivaganga,Tirupatthur(Uzhavar Sandhai ),Banana - Green,Banana - Green,Local,20-09-2026,2500,3000,2750
Tamil Nadu,Sivaganga,Tirupatthur(Uzhavar Sandhai ),Ginger(Green),Green Ginger,Local,20-09-2026,11500,20500,16000
Tamil Nadu,Sivaganga,Tirupatthur(Uzhavar Sandhai ),Snakeguard,Snakeguard,Local,20-09-2026,3500,4000,3750
Tamil Nadu,Sivaganga,Tirupatthur(Uzhavar Sandhai ),Raddish,Raddish,Local,20-09-2026,2800,3000,2900
Tamil Nadu,Sivaganga,Tirupatthur(Uzhavar Sandhai ),Mango(Raw-Ripe),Mango - Raw-Ripe,Local,20-09-2026,12400,13500,12950
Tamil Nadu,Sivaganga,Tirupatthur(Uzhavar Sandhai ),Elephant Yam(Suran)/Amorphophallus,Elephant Yam (Suran),Local,20-09-2026,4500,5000,4750
Tamil Nadu,Thanjavur,Pattukottai(Uzhavar Sandhai ),Brinjal,Round,Local,20-09-2026,3400,4400,3900
Tamil Nadu,Thanjavur,Pattukottai(Uzhavar Sandhai ),Banana,Besrai,Local,20-09-2026,3500,3500,3500
Tamil Nadu,Thanjavur,Pattukottai(Uzhavar Sandhai ),Potato,Red Nanital,Local,20-09-2026,3000,3000,3000
Tamil Nadu,Thanjavur,Pattukottai(Uzhavar Sandhai ),Tomato,Deshi,Local,20-09-2026,3400,3400,3400
Tamil Nadu,Thanjavur,Pattukottai(Uzhavar Sandhai ),Bhindi(Ladies Finger),Bhindi,Local,20-09-2026,4400,4400,4400
Tamil Nadu,Thanjavur,Pattukottai(Uzhavar Sandhai ),Green Chilli,Green Chilly,Local,20-09-2026,4800,4800,4800
Tamil Nadu,Thanjavur,Pattukottai(Uzhavar Sandhai ),Cabbage,Cabbage,Local,20-09-2026,3400,3400,3400
Tamil Nadu,Thanjavur,Pattukottai(Uzhavar Sandhai ),Snakeguard,Snakeguard,Local,20-09-2026,4400,4400,4400
Tamil Nadu,Thanjavur,Pattukottai(Uzhavar Sandhai ),Ridgeguard(Tori),Ridgeguard(Tori),Local,20-09-2026,5600,5600,5600
Tamil Nadu,Thanjavur,Pattukottai(Uzhavar Sandhai ),Chow Chow,Chow Chow,Local,20-09-2026,4400,4400,4400
Tamil Nadu,Thanjavur,Pattukottai(Uzhavar Sandhai ),Elephant Yam(Suran)/Amorphophallus,Elephant Yam (Suran),Local,20-09-2026,4500,4500,4500
Tamil Nadu,Thiruchirappalli,Lalgudi(Uzhavar Sandhai ),Cluster beans,Cluster Beans,Local,20-09-2026,3600,3600,3600
Tamil Nadu,Thiruchirappalli,Lalgudi(Uzhavar Sandhai ),Bottle gourd,Bottle Gourd,Local,20-09-2026,2500,2500,2500
Tamil Nadu,Thiruchirappalli,Lalgudi(Uzhavar Sandhai ),Pumpkin,Pumpkin,Local,20-09-2026,2000,2000,2000
Tamil Nadu,Thiruchirappalli,Lalgudi(Uzhavar Sandhai ),Bhindi(Ladies Finger),Bhindi,Local,20-09-2026,3600,3600,3600
Tamil Nadu,Thiruchirappalli,Lalgudi(Uzhavar Sandhai ),Sweet Potato,Hosur Red,Local,20-09-2026,5000,5000,5000
Tamil Nadu,Thiruchirappalli,Lalgudi(Uzhavar Sandhai ),Carrot,Pusakesar,Local,20-09-2026,5000,5000,5000
Tamil Nadu,Thiruchirappalli,Lalgudi(Uzhavar Sandhai ),Knool Khol,Knool Khol,Local,20-09-2026,3600,3600,3600
Tamil Nadu,Thiruchirappalli,Lalgudi(Uzhavar Sandhai ),Onion Green,Onion Green,Local,20-09-2026,9000,9000,9000
Tamil Nadu,Thiruchirappalli,Manachanallur(Uzhavar Sandhai ),Banana,Karpura,Local,20-09-2026,5000,6000,5500
Tamil Nadu,Thiruchirappalli,Manachanallur(Uzhavar Sandhai ),Onion,Bellary,Local,20-09-2026,5000,6500,5750
Tamil Nadu,Thiruchirappalli,Manachanallur(Uzhavar Sandhai ),Amaranthus,Amaranthus,Local,20-09-2026,1500,2000,1750
Tamil Nadu,Thiruchirappalli,Manachanallur(Uzhavar Sandhai ),Cowpea(Veg),Cowpea (Veg),Local,20-09-2026,3000,3500,3250
Tamil Nadu,Thiruchirappalli,Manachanallur(Uzhavar Sandhai ),Green Avare(W),Other,Local,20-09-2026,7500,8600,8050
Tamil Nadu,Thiruchirappalli,Manachanallur(Uzhavar Sandhai ),Drumstick,Drumstick,Local,20-09-2026,3500,4000,3750
Tamil Nadu,Thiruchirappalli,Manachanallur(Uzhavar Sandhai ),Tender Coconut,Tender Coconut,Local,20-09-2026,4000,5000,4500
Tamil Nadu,Thiruchirappalli,Manapparai(Uzhavar Sandhai ),Garlic,Garlic,Local,20-09-2026,25000,25000,25000
Tamil Nadu,Thiruchirappalli,Manapparai(Uzhavar Sandhai ),Ashgourd,Gouard,Local,20-09-2026,2000,2000,2000
Tamil Nadu,Thiruchirappalli,Manapparai(Uzhavar Sandhai ),Pumpkin,Pumpkin,Local,20-09-2026,2000,2000,2000
Tamil Nadu,Thiruchirappalli,Manapparai(Uzhavar Sandhai ),Cowpea(Veg),Cowpea (Veg),Local,20-09-2026,3000,3000,3000
Tamil Nadu,Thiruchirappalli,Manapparai(Uzhavar Sandhai ),Ginger(Green),Green Ginger,Local,20-09-2026,23000,23000,23000
Tamil Nadu,Thiruchirappalli,Manapparai(Uzhavar Sandhai ),Cabbage,Cabbage,Local,20-09-2026,3000,3000,3000
Tamil Nadu,Thiruchirappalli,Manapparai(Uzhavar Sandhai ),Snakeguard,Snakeguard,Local,20-09-2026,3600,4000,3800
Tamil Nadu,Thiruchirappalli,Manapparai(Uzhavar Sandhai ),Ridgeguard(Tori),Ridgeguard(Tori),Local,20-09-2026,4600,5000,4800
Tamil Nadu,Thiruchirappalli,Manapparai(Uzhavar Sandhai ),Chow Chow,Chow Chow,Local,20-09-2026,4200,4200,4200
Tamil Nadu,Thiruchirappalli,Manapparai(Uzhavar Sandhai ),Knool Khol,Knool Khol,Local,20-09-2026,3600,3600,3600
Tamil Nadu,Thiruchirappalli,Musiri(Uzhavar Sandhai ),Banana,Other,Local,20-09-2026,4000,5000,4500
Tamil Nadu,Thiruchirappalli,Musiri(Uzhavar Sandhai ),Onion,Bellary,Local,20-09-2026,5500,7000,6250
Tamil Nadu,Thiruchirappalli,Musiri(Uzhavar Sandhai ),Tomato,Local,Local,20-09-2026,2400,2800,2600
Tamil Nadu,Thiruchirappalli,Musiri(Uzhavar Sandhai ),Ashgourd,Gouard,Local,20-09-2026,1500,2000,1750
Tamil Nadu,Thiruchirappalli,Musiri(Uzhavar Sandhai ),Cowpea(Veg),Cowpea (Veg),Local,20-09-2026,2600,3000,2800
Tamil Nadu,Thiruchirappalli,Musiri(Uzhavar Sandhai ),Betal Leaves,Mysore,Local,20-09-2026,7000,8000,7500
Tamil Nadu,Thiruchirappalli,Musiri(Uzhavar Sandhai ),Beetroot,Beetroot,Local,20-09-2026,5000,6500,5750
Tamil Nadu,Thiruchirappalli,Musiri(Uzhavar Sandhai ),Ridgeguard(Tori),Ridgeguard(Tori),Local,20-09-2026,4000,4600,4300
Tamil Nadu,Thiruchirappalli,Musiri(Uzhavar Sandhai ),Chow Chow,Chow Chow,Local,20-09-2026,3500,4000,3750
Tamil Nadu,Thiruchirappalli,Musiri(Uzhavar Sandhai ),Mango(Raw-Ripe),Mango - Raw-Ripe,Local,20-09-2026,10000,11000,10500
Tamil Nadu,Thiruchirappalli,Musiri(Uzhavar Sandhai ),Tender Coconut,Tender Coconut,Local,20-09-2026,3500,4000,3750
Tamil Nadu,Thiruchirappalli,Musiri(Uzhavar Sandhai ),Elephant Yam(Suran)/Amorphophallus,Elephant Yam (Suran),Local,20-09-2026,3000,3600,3300
Tamil Nadu,Thiruchirappalli,Musiri(Uzhavar Sandhai ),Lemon,Lemon,Local,20-09-2026,19000,21000,20000
Tamil Nadu,Thiruchirappalli,Musiri(Uzhavar Sandhai ),Mint(Pudina),Mint(Pudina),Local,20-09-2026,6000,6600,6300
Tamil Nadu,Thiruchirappalli,Thiruverumbur(Uzhavar Sandhai ),Tomato,Other,Local,20-09-2026,3000,3000,3000
Tamil Nadu,Thiruchirappalli,Thiruverumbur(Uzhavar Sandhai ),Green Chilli,Green Chilly,Local,20-09-2026,4600,4600,4600
Tamil Nadu,Thiruchirappalli,Thiruverumbur(Uzhavar Sandhai ),Mango(Raw-Ripe),Mango - Raw-Ripe,Local,20-09-2026,8000,8000,8000
Tamil Nadu,Virudhunagar,Rajapalayam(Uzhavar Sandhai ),Tomato,Deshi,Local,20-09-2026,1500,2000,1750
Tamil Nadu,Virudhunagar,Rajapalayam(Uzhavar Sandhai ),Ridgeguard(Tori),Ridgeguard(Tori),Local,20-09-2026,3500,4000,3750
Tamil Nadu,Virudhunagar,Rajapalayam(Uzhavar Sandhai ),Raddish,Raddish,Local,20-09-2026,3000,3500,3250
Tamil Nadu,Virudhunagar,Rajapalayam(Uzhavar Sandhai ),Chow Chow,Chow Chow,Local,20-09-2026,3000,3500,3250
Tamil Nadu,Virudhunagar,Rajapalayam(Uzhavar Sandhai ),Lemon,Lemon,Local,20-09-2026,20000,22000,21000
Tamil Nadu,Virudhunagar,Sathur(Uzhavar Sandhai ),Onion,Bellary,Local,20-09-2026,4500,5000,4750
Tamil Nadu,Virudhunagar,Sathur(Uzhavar Sandhai ),Coriander(Leaves),I Sort,Local,20-09-2026,4500,5000,4750
Tamil Nadu,Virudhunagar,Sathur(Uzhavar Sandhai ),Tomato,Deshi,Local,20-09-2026,2000,2500,2250
Tamil Nadu,Virudhunagar,Sathur(Uzhavar Sandhai ),Bitter gourd,Bitter Gourd,Local,20-09-2026,5500,6000,5750
Tamil Nadu,Virudhunagar,Sathur(Uzhavar Sandhai ),Bhindi(Ladies Finger),Bhindi,Local,20-09-2026,3500,4000,3750
Tamil Nadu,Virudhunagar,Sathur(Uzhavar Sandhai ),Green Chilli,Green Chilly,Local,20-09-2026,5500,6000,5750
Tamil Nadu,Virudhunagar,Sathur(Uzhavar Sandhai ),Raddish,Raddish,Local,20-09-2026,3500,4000,3750
Tamil Nadu,Virudhunagar,Sathur(Uzhavar Sandhai ),Mint(Pudina),Mint(Pudina),Local,20-09-2026,3500,4000,3750
Tamil Nadu,Virudhunagar,Thalavaipuram(Uzhavar Sandhai ),Potato,Red Nanital,Local,20-09-2026,2800,3500,3150
Tamil Nadu,Virudhunagar,Thalavaipuram(Uzhavar Sandhai ),Papaya,Papaya,Local,20-09-2026,2800,3500,3150
Tamil Nadu,Virudhunagar,Thalavaipuram(Uzhavar Sandhai ),Cluster beans,Cluster Beans,Local,20-09-2026,2800,3500,3150
Tamil Nadu,Virudhunagar,Thalavaipuram(Uzhavar Sandhai ),Green Chilli,Green Chilly,Local,20-09-2026,5200,6500,5850
Tamil Nadu,Virudhunagar,Thalavaipuram(Uzhavar Sandhai ),Banana - Green,Banana - Green,Local,20-09-2026,2800,3500,3150
Tamil Nadu,Virudhunagar,Thalavaipuram(Uzhavar Sandhai ),Raddish,Raddish,Local,20-09-2026,2800,3500,3150
Tamil Nadu,Virudhunagar,Thalavaipuram(Uzhavar Sandhai ),Lime,Lime,Local,20-09-2026,16000,20000,18000
Tamil Nadu,Virudhunagar,Thalavaipuram(Uzhavar Sandhai ),Yam(Ratalu),Yam (Ratalu),Local,20-09-2026,5500,7000,6250
Tamil Nadu,Virudhunagar,Thalavaipuram(Uzhavar Sandhai ),Mint(Pudina),Mint(Pudina),Local,20-09-2026,5500,7000,6250
Tamil Nadu,Virudhunagar,Virudhunagar(Uzhavar Sandhai ),Onion,Bellary,Local,20-09-2026,6300,6400,6350
Tamil Nadu,Virudhunagar,Virudhunagar(Uzhavar Sandhai ),Cauliflower,Ranchi,Local,20-09-2026,3300,3400,3350
Tamil Nadu,Virudhunagar,Virudhunagar(Uzhavar Sandhai ),Coconut,Coconut,Local,20-09-2026,5400,5500,5450
Tamil Nadu,Virudhunagar,Virudhunagar(Uzhavar Sandhai ),Green Avare(W),Green Avare (W),Local,20-09-2026,6300,6400,6350
Tamil Nadu,Virudhunagar,Virudhunagar(Uzhavar Sandhai ),Onion Green,Onion Green,Local,20-09-2026,7300,7400,7350
Tamil Nadu,Chengalpattu,Pallavaram(Uzhavar Sandhai ),Cluster beans,Cluster Beans,Local,20-09-2026,5000,6000,5500
Tamil Nadu,Chengalpattu,Pallavaram(Uzhavar Sandhai ),Bitter gourd,Bitter Gourd,Local,20-09-2026,6000,7000,6500
Tamil Nadu,Chengalpattu,Pallavaram(Uzhavar Sandhai ),Bottle gourd,Bottle Gourd,Local,20-09-2026,3500,4000,3750
Tamil Nadu,Chengalpattu,Pallavaram(Uzhavar Sandhai ),Bhindi(Ladies Finger),Bhindi,Local,20-09-2026,3500,4000,3750
Tamil Nadu,Chengalpattu,Pallavaram(Uzhavar Sandhai ),Cabbage,Cabbage,Local,20-09-2026,2000,2500,2250
Tamil Nadu,Chengalpattu,Pallavaram(Uzhavar Sandhai ),Ridgeguard(Tori),Ridgeguard(Tori),Local,20-09-2026,6000,7000,6500
Tamil Nadu,Chengalpattu,Pallavaram(Uzhavar Sandhai ),Elephant Yam(Suran)/Amorphophallus,Elephant Yam (Suran),Local,20-09-2026,5000,6000,5500
Tamil Nadu,Chengalpattu,Pallavaram(Uzhavar Sandhai ),Yam(Ratalu),Yam (Ratalu),Local,20-09-2026,6000,7000,6500
Tamil Nadu,Chengalpattu,Pallavaram(Uzhavar Sandhai ),Colacasia,Colacasia,Local,20-09-2026,4000,5000,4500
Tamil Nadu,Nagercoil (Kannyiakumari),Myladi(Uzhavar Sandhai ),Tomato,Deshi,Local,20-09-2026,2500,2800,2650
Tamil Nadu,Nagercoil (Kannyiakumari),Myladi(Uzhavar Sandhai ),Bottle gourd,Bottle Gourd,Local,20-09-2026,2200,2500,2350
Tamil Nadu,Nagercoil (Kannyiakumari),Myladi(Uzhavar Sandhai ),Bhindi(Ladies Finger),Bhindi,Local,20-09-2026,5500,6000,5750
Tamil Nadu,Nagercoil (Kannyiakumari),Myladi(Uzhavar Sandhai ),Cabbage,Cabbage,Local,20-09-2026,3500,4000,3750
Tamil Nadu,Villupuram,Tindivanam APMC,Bitter gourd,Bitter Gourd,Local,20-09-2026,5000,6000,5500
Tamil Nadu,Villupuram,Tindivanam APMC,Ashgourd,Gouard,Local,20-09-2026,1500,1500,1500
Tamil Nadu,Villupuram,Tindivanam APMC,Amaranthus,Amaranthus,Local,20-09-2026,4000,4000,4000
Tamil Nadu,Villupuram,Tindivanam APMC,Sweet Potato,Hosur Red,Local,20-09-2026,4500,4500,4500
Tamil Nadu,Villupuram,Tindivanam APMC,Thondekai,Thondekai,Local,20-09-2026,3000,3000,3000
Tamil Nadu,Villupuram,Tindivanam APMC,Green Avare(W),Green Avare (W),Local,20-09-2026,6800,6800,6800
Tamil Nadu,Villupuram,Tindivanam APMC,Mint(Pudina),Mint(Pudina),Local,20-09-2026,4000,4000,4000
Tamil Nadu,Villupuram,Tindivanam APMC,Sweet Corn ,Sweet Corn ,Local,20-09-2026,4000,4000,4000
Tamil Nadu,Villupuram,Ulundurpettai APMC,Brinjal,Round,Local,20-09-2026,5000,5000,5000
Tamil Nadu,Villupuram,Ulundurpettai APMC,Coriander(Leaves),I Sort,Local,20-09-2026,6000,6000,6000
Tamil Nadu,Villupuram,Ulundurpettai APMC,Bottle gourd,Bottle Gourd,Local,20-09-2026,2000,2000,2000
Tamil Nadu,Villupuram,Ulundurpettai APMC,Ashgourd,Gouard,Local,20-09-2026,2000,2000,2000
Tamil Nadu,Villupuram,Ulundurpettai APMC,Pumpkin,Pumpkin,Local,20-09-2026,2500,2500,2500
Tamil Nadu,Villupuram,Ulundurpettai APMC,Bhindi(Ladies Finger),Bhindi,Local,20-09-2026,3000,3000,3000
Tamil Nadu,Villupuram,Ulundurpettai APMC,Mango(Raw-Ripe),Mango - Raw-Ripe,Local,20-09-2026,8000,8000,8000
Tamil Nadu,Villupuram,Ulundurpettai APMC,Tender Coconut,Tender Coconut,Local,20-09-2026,3000,3000,3000
Uttar Pradesh,Fatehpur,Fatehpur APMC,Green Chilli,Other,FAQ,20-09-2026,3300,3300,3300
Uttar Pradesh,Badaun,Babrala APMC,Maize,Local,Local,20-09-2026,2130,2150,2140
Uttar Pradesh,Kanpur Dehat,Jhijhank APMC,Wheat,Dara,FAQ,20-09-2026,2350,2350,2350
Tamil Nadu,Madurai,Chokkikulam(Uzhavar Sandhai ),Apple,American,Local,20-09-2026,18000,27000,22500
Tamil Nadu,Madurai,Chokkikulam(Uzhavar Sandhai ),Orange,Darjeeling,Local,20-09-2026,14000,16000,15000
Tamil Nadu,Madurai,Chokkikulam(Uzhavar Sandhai ),Grapes,Annabesahai,Local,20-09-2026,11000,12000,11500
Tamil Nadu,Madurai,Chokkikulam(Uzhavar Sandhai ),Pumpkin,Pumpkin,Local,20-09-2026,1600,2000,1800
Tamil Nadu,Madurai,Chokkikulam(Uzhavar Sandhai ),Snakeguard,Snakeguard,Local,20-09-2026,3600,4000,3800
Tamil Nadu,Madurai,Chokkikulam(Uzhavar Sandhai ),Knool Khol,Knool Khol,Local,20-09-2026,4500,4800,4650
Tamil Nadu,Madurai,Chokkikulam(Uzhavar Sandhai ),Amla(Nelli Kai),Amla,Local,20-09-2026,8000,9000,8500
Tamil Nadu,Madurai,Chokkikulam(Uzhavar Sandhai ),Mint(Pudina),Mint(Pudina),Local,20-09-2026,5500,6000,5750
Uttar Pradesh,Ghaziabad,Noida APMC,Green Chilli,Other,FAQ,20-09-2026,4000,4000,4000
Uttar Pradesh,Ambedkarnagar,Akbarpur APMC,Wood,Eucalyptus,FAQ,20-09-2026,10,10,10
Uttar Pradesh,Ambedkarnagar,Akbarpur APMC,Paddy(Common),Common,FAQ,20-09-2026,2200,2200,2200
Andhra Pradesh,Prakasam,Addanki APMC,Bengal Gram(Gram)(Whole),Gulabi,Local,20-09-2026,6000,6100,6050
Andhra Pradesh,Prakasam,Addanki APMC,Maize,Local,FAQ,20-09-2026,2400,2420,2410
Uttar Pradesh,Kanpur,Kanpur(Grain) APMC,Onion,Other,FAQ,20-09-2026,3500,3500,3500
Uttarakhand,Haridwar,Roorkee APMC,Apple,Other,Medium,20-09-2026,6000,8000,7000
Uttarakhand,Haridwar,Roorkee APMC,Potato,Other,Medium,20-09-2026,800,1200,1000
Maharashtra,Pune,Pune(Moshi) ,Pineapple,Other,Local,20-09-2026,5000,5000,5000
Maharashtra,Pune,Pune(Moshi) ,Pomegranate,Other,Local,20-09-2026,7000,10000,8500
Maharashtra,Pune,Pune(Moshi) ,Lime,Other,Local,20-09-2026,18000,20000,19000
Maharashtra,Pune,Pune(Moshi) ,Apple,Other,Local,20-09-2026,15000,15000,15000
Maharashtra,Pune,Pune(Moshi) ,Orange,Other,Local,20-09-2026,7000,7000,7000
Maharashtra,Pune,Pune(Moshi) ,Guar,Other,Local,20-09-2026,3000,5000,4000
Maharashtra,Pune,Pune(Moshi) ,Beans,Other,Local,20-09-2026,3000,4000,3500
Maharashtra,Pune,Pune(Moshi) ,Ridgeguard(Tori),Other,Local,20-09-2026,2000,4000,3000
Maharashtra,Pune,Pune(Moshi) ,Peas Wet,Other,Local,20-09-2026,5000,7000,6000
Tamil Nadu,Erode,Thalavadi(Uzhavar Sandhai ),Coriander(Leaves),I Sort,Local,20-09-2026,4000,4400,4200
Tamil Nadu,Erode,Thalavadi(Uzhavar Sandhai ),Ginger(Green),Green Ginger,Local,20-09-2026,13000,14000,13500
Tamil Nadu,Erode,Thalavadi(Uzhavar Sandhai ),Snakeguard,Snakeguard,Local,20-09-2026,2000,2600,2300
Tamil Nadu,Erode,Thalavadi(Uzhavar Sandhai ),Ridgeguard(Tori),Ridgeguard(Tori),Local,20-09-2026,3000,3600,3300
Tamil Nadu,Erode,Thalavadi(Uzhavar Sandhai ),Chow Chow,Chow Chow,Local,20-09-2026,2400,3000,2700
Tamil Nadu,Cuddalore,Viruthachalam(Uzhavar Sandhai ),Potato,Red Nanital,Local,20-09-2026,4000,4000,4000
Tamil Nadu,Cuddalore,Viruthachalam(Uzhavar Sandhai ),Coriander(Leaves),I Sort,Local,20-09-2026,5000,5000,5000
Tamil Nadu,Cuddalore,Viruthachalam(Uzhavar Sandhai ),Pumpkin,Pumpkin,Local,20-09-2026,2000,2000,2000
Tamil Nadu,Cuddalore,Viruthachalam(Uzhavar Sandhai ),Green Chilli,Green Chilly,Local,20-09-2026,5000,5000,5000
Tamil Nadu,Cuddalore,Viruthachalam(Uzhavar Sandhai ),Ginger(Green),Green Ginger,Local,20-09-2026,7000,18000,12500
Tamil Nadu,Cuddalore,Viruthachalam(Uzhavar Sandhai ),Coconut,Coconut,Local,20-09-2026,6000,6000,6000
Tamil Nadu,Cuddalore,Viruthachalam(Uzhavar Sandhai ),Ridgeguard(Tori),Ridgeguard(Tori),Local,20-09-2026,5000,5000,5000
Tamil Nadu,Cuddalore,Viruthachalam(Uzhavar Sandhai ),Green Avare(W),Green Avare (W),Local,20-09-2026,7000,14000,10500
Tamil Nadu,Krishnagiri,Krishnagiri(Uzhavar Sandhai ),Garlic,Garlic,Local,20-09-2026,20000,24000,22000
Tamil Nadu,Krishnagiri,Krishnagiri(Uzhavar Sandhai ),Coconut,Coconut,Local,20-09-2026,5000,5500,5250
Tamil Nadu,Krishnagiri,Krishnagiri(Uzhavar Sandhai ),Sweet Potato,Hosur Red,Local,20-09-2026,2400,2800,2600
Tamil Nadu,Krishnagiri,Krishnagiri(Uzhavar Sandhai ),Cabbage,Cabbage,Local,20-09-2026,2500,3000,2750
Tamil Nadu,Krishnagiri,Krishnagiri(Uzhavar Sandhai ),Ridgeguard(Tori),Ridgeguard(Tori),Local,20-09-2026,2600,3000,2800
Tamil Nadu,Nagapattinam,Nagapattinam(Uzhavar Sandhai ),Groundnut,Big (With Shell),Local,20-09-2026,5000,6000,5500
Tamil Nadu,Nagapattinam,Nagapattinam(Uzhavar Sandhai ),Potato,Red Nanital,Local,20-09-2026,4300,4300,4300
Tamil Nadu,Nagapattinam,Nagapattinam(Uzhavar Sandhai ),Ashgourd,Gouard,Local,20-09-2026,2800,2800,2800
Tamil Nadu,Nagapattinam,Nagapattinam(Uzhavar Sandhai ),Bhindi(Ladies Finger),Bhindi,Local,20-09-2026,5600,5600,5600
Tamil Nadu,Nagapattinam,Nagapattinam(Uzhavar Sandhai ),Amaranthus,Amaranthus,Local,20-09-2026,2200,2500,2350
Tamil Nadu,Nagapattinam,Nagapattinam(Uzhavar Sandhai ),Banana - Green,Banana - Green,Local,20-09-2026,2800,3300,3050
Tamil Nadu,Nagapattinam,Nagapattinam(Uzhavar Sandhai ),Cabbage,Cabbage,Local,20-09-2026,3500,4000,3750
Tamil Nadu,Nagapattinam,Nagapattinam(Uzhavar Sandhai ),Cucumbar(Kheera),Cucumbar,Local,20-09-2026,6700,6700,6700
Tamil Nadu,Nagapattinam,Nagapattinam(Uzhavar Sandhai ),Drumstick,Drumstick,Local,20-09-2026,3900,3900,3900
Tamil Nadu,Nagapattinam,Nagapattinam(Uzhavar Sandhai ),Lime,Lime,Local,20-09-2026,3200,3200,3200
Tamil Nadu,Nagapattinam,Nagapattinam(Uzhavar Sandhai ),Tamarind Fruit,Tamarind Fruit,Local,20-09-2026,14600,16000,15300
Tamil Nadu,Pudukkottai,Pudukottai(Uzhavar Sandhai ),Groundnut,Big (With Shell),Local,20-09-2026,5000,6000,5500
Tamil Nadu,Pudukkottai,Pudukottai(Uzhavar Sandhai ),Potato,Other,Local,20-09-2026,5000,6000,5500
Tamil Nadu,Pudukkottai,Pudukottai(Uzhavar Sandhai ),Papaya,Papaya,Local,20-09-2026,4000,5000,4500
Tamil Nadu,Pudukkottai,Pudukottai(Uzhavar Sandhai ),Mousambi(Sweet Lime),Mousambi,Local,20-09-2026,6000,7000,6500
Tamil Nadu,Pudukkottai,Pudukottai(Uzhavar Sandhai ),Ashgourd,Gouard,Local,20-09-2026,1000,1500,1250
Tamil Nadu,Pudukkottai,Pudukottai(Uzhavar Sandhai ),Amaranthus,Amaranthus,Local,20-09-2026,1500,2000,1750
Tamil Nadu,Pudukkottai,Pudukottai(Uzhavar Sandhai ),Banana - Green,Banana - Green,Local,20-09-2026,2500,3000,2750
Tamil Nadu,Pudukkottai,Pudukottai(Uzhavar Sandhai ),Beans,Beans (Whole),Local,20-09-2026,7000,8000,7500
Tamil Nadu,Pudukkottai,Pudukottai(Uzhavar Sandhai ),Snakeguard,Snakeguard,Local,20-09-2026,3000,4000,3500
Tamil Nadu,Pudukkottai,Pudukottai(Uzhavar Sandhai ),Beetroot,Beetroot,Local,20-09-2026,5000,5500,5250
Tamil Nadu,Pudukkottai,Pudukottai(Uzhavar Sandhai ),Capsicum,Capsicum,Local,20-09-2026,5000,6000,5500
Tamil Nadu,Pudukkottai,Pudukottai(Uzhavar Sandhai ),Pomegranate,Pomogranate,Local,20-09-2026,17000,18000,17500
Tamil Nadu,Pudukkottai,Pudukottai(Uzhavar Sandhai ),Tender Coconut,Tender Coconut,Local,20-09-2026,5000,6000,5500
Tamil Nadu,Pudukkottai,Pudukottai(Uzhavar Sandhai ),Yam(Ratalu),Yam (Ratalu),Local,20-09-2026,7000,8000,7500
Tamil Nadu,Pudukkottai,Pudukottai(Uzhavar Sandhai ),Mint(Pudina),Mint(Pudina),Local,20-09-2026,4000,5000,4500
Tamil Nadu,The Nilgiris,Udhagamandalam(Uzhavar Sandhai ),Apple,American,Local,20-09-2026,19000,20000,19500
Tamil Nadu,The Nilgiris,Udhagamandalam(Uzhavar Sandhai ),Orange,Darjeeling,Local,20-09-2026,10000,11000,10500
Tamil Nadu,The Nilgiris,Udhagamandalam(Uzhavar Sandhai ),Potato,Red Nanital,Local,20-09-2026,5000,5200,5100
Tamil Nadu,The Nilgiris,Udhagamandalam(Uzhavar Sandhai ),Mousambi(Sweet Lime),Mousambi,Local,20-09-2026,7000,8000,7500
Tamil Nadu,The Nilgiris,Udhagamandalam(Uzhavar Sandhai ),Bitter gourd,Bitter Gourd,Local,20-09-2026,4500,5000,4750
Tamil Nadu,The Nilgiris,Udhagamandalam(Uzhavar Sandhai ),Bottle gourd,Bottle Gourd,Local,20-09-2026,2500,3000,2750
Tamil Nadu,The Nilgiris,Udhagamandalam(Uzhavar Sandhai ),Cowpea(Veg),Cowpea (Veg),Local,20-09-2026,3500,4000,3750
Tamil Nadu,The Nilgiris,Udhagamandalam(Uzhavar Sandhai ),Beans,Beans (Whole),Local,20-09-2026,7000,8000,7500
Tamil Nadu,The Nilgiris,Udhagamandalam(Uzhavar Sandhai ),Beetroot,Beetroot,Local,20-09-2026,4000,4500,4250
Tamil Nadu,The Nilgiris,Udhagamandalam(Uzhavar Sandhai ),Cucumbar(Kheera),Cucumbar,Local,20-09-2026,3500,4000,3750
Tamil Nadu,The Nilgiris,Udhagamandalam(Uzhavar Sandhai ),Raddish,Raddish,Local,20-09-2026,2500,3000,2750
Tamil Nadu,The Nilgiris,Udhagamandalam(Uzhavar Sandhai ),Green Avare(W),Green Avare (W),Local,20-09-2026,6000,6500,6250
Tamil Nadu,The Nilgiris,Udhagamandalam(Uzhavar Sandhai ),Lime,Lime,Local,20-09-2026,11000,12000,11500
Tamil Nadu,The Nilgiris,Udhagamandalam(Uzhavar Sandhai ),Guava,Guava Allahabad,Local,20-09-2026,7000,8000,7500
Tamil Nadu,The Nilgiris,Udhagamandalam(Uzhavar Sandhai ),Lemon,Lemon,Local,20-09-2026,27000,29000,28000
Tamil Nadu,The Nilgiris,Udhagamandalam(Uzhavar Sandhai ),Amla(Nelli Kai),Amla,Local,20-09-2026,9000,10000,9500
Tamil Nadu,Theni,Bodinayakanur(Uzhavar Sandhai ),Onion,Bellary,Local,20-09-2026,6500,6500,6500
Tamil Nadu,Theni,Bodinayakanur(Uzhavar Sandhai ),Coriander(Leaves),I Sort,Local,20-09-2026,3000,3000,3000
Tamil Nadu,Theni,Bodinayakanur(Uzhavar Sandhai ),Bottle gourd,Bottle Gourd,Local,20-09-2026,1500,1500,1500
Tamil Nadu,Theni,Bodinayakanur(Uzhavar Sandhai ),Amaranthus,Amaranthus,Local,20-09-2026,2500,2500,2500
Tamil Nadu,Theni,Bodinayakanur(Uzhavar Sandhai ),Chow Chow,Chow Chow,Local,20-09-2026,3000,3000,3000
Tamil Nadu,Theni,Bodinayakanur(Uzhavar Sandhai ),Knool Khol,Knool Khol,Local,20-09-2026,3600,3600,3600
Tamil Nadu,Theni,Bodinayakanur(Uzhavar Sandhai ),Onion Green,Onion Green,Local,20-09-2026,8000,8000,8000
Bihar,Sheikhpura,Barbigha APMC,Bitter gourd,Bitter Gourd,FAQ,20-09-2026,3802,3930,3860
Tamil Nadu,Villupuram,Gingee(Uzhavar Sandhai ),Groundnut,Big (With Shell),Local,20-09-2026,7000,7000,7000
Tamil Nadu,Villupuram,Gingee(Uzhavar Sandhai ),Banana,Karpura,Local,20-09-2026,5000,6000,5500
Tamil Nadu,Villupuram,Gingee(Uzhavar Sandhai ),Tomato,Deshi,Local,20-09-2026,2500,2500,2500
Tamil Nadu,Villupuram,Gingee(Uzhavar Sandhai ),Ashgourd,Gouard,Local,20-09-2026,2000,2000,2000
Tamil Nadu,Villupuram,Gingee(Uzhavar Sandhai ),Ridgeguard(Tori),Ridgeguard(Tori),Local,20-09-2026,4000,4000,4000
Tamil Nadu,Villupuram,Gingee(Uzhavar Sandhai ),Thondekai,Thondekai,Local,20-09-2026,3500,3500,3500
Tamil Nadu,Villupuram,Gingee(Uzhavar Sandhai ),Green Avare(W),Green Avare (W),Local,20-09-2026,7000,7000,7000
Tamil Nadu,Villupuram,Gingee(Uzhavar Sandhai ),Lemon,Lemon,Local,20-09-2026,15000,15000,15000
Uttar Pradesh,Bareilly,Bareilly APMC,Tomato,Other,FAQ,20-09-2026,1700,1700,1700
Uttar Pradesh,Barabanki,Barabanki APMC,Wheat,Dara,FAQ,20-09-2026,2500,2500,2500
Tamil Nadu,Thiruvarur,Valangaiman APMC,Bitter gourd,Bitter Gourd,Local,20-09-2026,6000,6000,6000
Tamil Nadu,Thiruvarur,Valangaiman APMC,Bhindi(Ladies Finger),Bhindi,Local,20-09-2026,4000,4000,4000
Tamil Nadu,Thiruvarur,Valangaiman APMC,Coconut,Coconut,Local,20-09-2026,5000,5000,5000
Tamil Nadu,Thiruvarur,Valangaiman APMC,Onion Green,Onion Green,Local,20-09-2026,9000,9000,9000
Tamil Nadu,Virudhunagar,Kariyapatti(Uzhavar Sandhai ),Soyabean,Local,Local,20-09-2026,9000,10000,9500
Tamil Nadu,Virudhunagar,Kariyapatti(Uzhavar Sandhai ),Cauliflower,Ranchi,Local,20-09-2026,3500,4000,3750
Tamil Nadu,Virudhunagar,Kariyapatti(Uzhavar Sandhai ),Green Chilli,Green Chilly,Local,20-09-2026,5500,6000,5750
Tamil Nadu,Virudhunagar,Kariyapatti(Uzhavar Sandhai ),Carrot,Pusakesar,Local,20-09-2026,5500,6000,5750
Tamil Nadu,Virudhunagar,Kariyapatti(Uzhavar Sandhai ),Chow Chow,Chow Chow,Local,20-09-2026,3000,3500,3250
Uttar Pradesh,Bulandshahar,Buland Shahr APMC,Potato,Other,FAQ,20-09-2026,800,800,800
Uttar Pradesh,Bulandshahar,Buland Shahr APMC,Paddy(Common),Basmati,FAQ,20-09-2026,3501,3601,3533.51
Tamil Nadu,Vellore,Katpadi (Uzhavar Sandhai ),Brinjal,Round,Local,20-09-2026,5000,6000,5500
Tamil Nadu,Vellore,Katpadi (Uzhavar Sandhai ),Groundnut,Big (With Shell),Local,20-09-2026,7000,7000,7000
Tamil Nadu,Vellore,Katpadi (Uzhavar Sandhai ),Banana,Besrai,Local,20-09-2026,5000,6000,5500
Tamil Nadu,Vellore,Katpadi (Uzhavar Sandhai ),Coriander(Leaves),I Sort,Local,20-09-2026,4000,4000,4000
Tamil Nadu,Vellore,Katpadi (Uzhavar Sandhai ),Bottle gourd,Bottle Gourd,Local,20-09-2026,2000,2500,2250
Tamil Nadu,Vellore,Katpadi (Uzhavar Sandhai ),Pumpkin,Pumpkin,Local,20-09-2026,2500,2500,2500
Tamil Nadu,Vellore,Katpadi (Uzhavar Sandhai ),Bhindi(Ladies Finger),Bhindi,Local,20-09-2026,4000,4000,4000
Tamil Nadu,Vellore,Katpadi (Uzhavar Sandhai ),Beetroot,Beetroot,Local,20-09-2026,4500,4500,4500
Tamil Nadu,Vellore,Katpadi (Uzhavar Sandhai ),Cucumbar(Kheera),Cucumbar,Local,20-09-2026,3500,4000,3750
Tamil Nadu,Vellore,Katpadi (Uzhavar Sandhai ),Capsicum,Capsicum,Local,20-09-2026,4500,4500,4500
Tamil Nadu,Vellore,Katpadi (Uzhavar Sandhai ),Indian Beans(Seam),Indian Beans (Seam),Local,20-09-2026,6000,6000,6000
Tamil Nadu,Vellore,Katpadi (Uzhavar Sandhai ),Onion Green,Onion Green,Local,20-09-2026,9000,10000,9500
Tamil Nadu,Vellore,Katpadi (Uzhavar Sandhai ),Rose(Local),Rose (Local),Local,20-09-2026,12000,12000,12000
Tamil Nadu,Madurai,Thirumangalam(Uzhavar Sandhai ),Bottle gourd,Bottle Gourd,Local,20-09-2026,1500,2000,1750
Tamil Nadu,Madurai,Thirumangalam(Uzhavar Sandhai ),Bhindi(Ladies Finger),Bhindi,Local,20-09-2026,3000,3200,3100
Tamil Nadu,Madurai,Thirumangalam(Uzhavar Sandhai ),Amaranthus,Amaranthus,Local,20-09-2026,3000,3600,3300
Tamil Nadu,Madurai,Thirumangalam(Uzhavar Sandhai ),Green Avare(W),Green Avare (W),Local,20-09-2026,10000,11000,10500
Tamil Nadu,Madurai,Thirumangalam(Uzhavar Sandhai ),Elephant Yam(Suran)/Amorphophallus,Elephant Yam (Suran),Local,20-09-2026,4000,4500,4250
Tamil Nadu,Madurai,Thirumangalam(Uzhavar Sandhai ),Lemon,Lemon,Local,20-09-2026,26000,28000,27000
Keralam,Pathanamthitta,Enadimangalam VFPCK Market,Banana,Nendra Bale,Grade A,20-09-2026,6000,6800,6500
Tamil Nadu,Madurai,Melur(Uzhavar Sandhai ),Onion,Bellary,Local,20-09-2026,6500,7000,6750
Tamil Nadu,Madurai,Melur(Uzhavar Sandhai ),Coriander(Leaves),I Sort,Local,20-09-2026,4500,4800,4650
Tamil Nadu,Madurai,Melur(Uzhavar Sandhai ),Bhindi(Ladies Finger),Bhindi,Local,20-09-2026,2800,3200,3000
Tamil Nadu,Madurai,Melur(Uzhavar Sandhai ),Amaranthus,Amaranthus,Local,20-09-2026,3000,3600,3300
Tamil Nadu,Madurai,Melur(Uzhavar Sandhai ),Banana - Green,Banana - Green,Local,20-09-2026,1800,2200,2000
Tamil Nadu,Madurai,Melur(Uzhavar Sandhai ),Green Avare(W),Green Avare (W),Local,20-09-2026,10000,11000,10500
Tamil Nadu,Madurai,Melur(Uzhavar Sandhai ),Mango(Raw-Ripe),Mango - Raw-Ripe,Local,20-09-2026,12000,13000,12500
Tamil Nadu,Madurai,Melur(Uzhavar Sandhai ),Guava,Guava Allahabad,Local,20-09-2026,6000,7000,6500
Tamil Nadu,Madurai,Melur(Uzhavar Sandhai ),Lemon,Lemon,Local,20-09-2026,26000,28000,27000
Tamil Nadu,Karur,Gandhigramam(Uzhavar Sandhai),Onion,Bellary,Local,20-09-2026,6000,6500,6250
Tamil Nadu,Karur,Gandhigramam(Uzhavar Sandhai),Potato,Other,Local,20-09-2026,4000,6000,5000
Tamil Nadu,Karur,Gandhigramam(Uzhavar Sandhai),Coriander(Leaves),I Sort,Local,20-09-2026,5500,6000,5750
Tamil Nadu,Karur,Gandhigramam(Uzhavar Sandhai),Papaya,Papaya,Local,20-09-2026,4500,5000,4750
Tamil Nadu,Karur,Gandhigramam(Uzhavar Sandhai),Bitter gourd,Other,Local,20-09-2026,5000,5500,5250
Tamil Nadu,Karur,Gandhigramam(Uzhavar Sandhai),Bottle gourd,Bottle Gourd,Local,20-09-2026,2000,2500,2250
Tamil Nadu,Karur,Gandhigramam(Uzhavar Sandhai),Amaranthus,Amaranthus,Local,20-09-2026,2000,2500,2250
Tamil Nadu,Karur,Gandhigramam(Uzhavar Sandhai),Green Chilli,Green Chilly,Local,20-09-2026,5500,6000,5750
Tamil Nadu,Karur,Gandhigramam(Uzhavar Sandhai),Cabbage,Cabbage,Local,20-09-2026,3500,4000,3750
Tamil Nadu,Karur,Gandhigramam(Uzhavar Sandhai),Beetroot,Beetroot,Local,20-09-2026,6500,7000,6750
Tamil Nadu,Karur,Gandhigramam(Uzhavar Sandhai),Green Avare(W),Other,Local,20-09-2026,8000,10000,9000
Tamil Nadu,Karur,Gandhigramam(Uzhavar Sandhai),Chow Chow,Chow Chow,Local,20-09-2026,3500,4000,3750
Tamil Nadu,Karur,Gandhigramam(Uzhavar Sandhai),Mint(Pudina),Mint(Pudina),Local,20-09-2026,5500,6000,5750
Karnataka,Bengaluru South,Ramanagara APMC,Bottle gourd,Bottle Gourd,Local,20-09-2026,1500,2000,1800
Karnataka,Bengaluru South,Ramanagara APMC,Chilly Capsicum,Chilly Capsicum,Local,20-09-2026,3000,4800,4000
Karnataka,Bengaluru South,Ramanagara APMC,Snakeguard,Snakeguard,Local,20-09-2026,1600,2300,2000
Karnataka,Bengaluru South,Ramanagara APMC,Beetroot,Beetroot,Local,20-09-2026,3000,3600,3200
Karnataka,Bengaluru South,Ramanagara APMC,Raddish,Raddish,Local,20-09-2026,1600,2800,2000
Karnataka,Bengaluru South,Ramanagara APMC,Drumstick,Drumstick,Local,20-09-2026,4000,6000,5000
Tamil Nadu,Salem,Vazhapadi(Uzhavar Sandhai),Banana,Red Banana,Local,20-09-2026,8000,8000,8000
Tamil Nadu,Pudukkottai,Aranthangi(Uzhavar Sandhai ),Banana,Poovan,Local,20-09-2026,4500,5000,4750
Tamil Nadu,Pudukkottai,Aranthangi(Uzhavar Sandhai ),Onion,Bellary,Local,20-09-2026,6000,7000,6500
Tamil Nadu,Pudukkottai,Aranthangi(Uzhavar Sandhai ),Papaya,Papaya,Local,20-09-2026,3500,4000,3750
Tamil Nadu,Nagapattinam,Vedaranyam(Uzhavar Sandhai),Pumpkin,Pumpkin,Local,20-09-2026,2200,2400,2300
Tamil Nadu,Nagapattinam,Vedaranyam(Uzhavar Sandhai),Bhindi(Ladies Finger),Bhindi,Local,20-09-2026,4200,4500,4350
Tamil Nadu,Nagapattinam,Vedaranyam(Uzhavar Sandhai),Coconut,Coconut,Local,20-09-2026,4800,5000,4900
Tamil Nadu,Nagapattinam,Vedaranyam(Uzhavar Sandhai),Beetroot,Beetroot,Local,20-09-2026,3800,4000,3900
Tamil Nadu,Nagapattinam,Vedaranyam(Uzhavar Sandhai),Raddish,Raddish,Local,20-09-2026,2800,3000,2900
Tamil Nadu,Nagapattinam,Vedaranyam(Uzhavar Sandhai),Drumstick,Drumstick,Local,20-09-2026,3200,3500,3350
Tamil Nadu,Nagapattinam,Vedaranyam(Uzhavar Sandhai),Mango(Raw-Ripe),Mango - Raw-Ripe,Local,20-09-2026,3800,4000,3900
Tamil Nadu,Nagapattinam,Vedaranyam(Uzhavar Sandhai),Yam(Ratalu),Yam (Ratalu),Local,20-09-2026,6200,6500,6350
Tamil Nadu,Vellore,Perampet(Uzhavar Sandhai),Groundnut,Big (With Shell),Local,20-09-2026,7000,7600,7300
Tamil Nadu,Vellore,Perampet(Uzhavar Sandhai),Pumpkin,Pumpkin,Local,20-09-2026,2400,2400,2400
Tamil Nadu,Vellore,Perampet(Uzhavar Sandhai),Beetroot,Beetroot,Local,20-09-2026,4500,5000,4750
Tamil Nadu,Vellore,Perampet(Uzhavar Sandhai),Cucumbar(Kheera),Cucumbar,Local,20-09-2026,3500,4000,3750
Tamil Nadu,Vellore,Perampet(Uzhavar Sandhai),Ridgeguard(Tori),Ridgeguard(Tori),Local,20-09-2026,3000,3600,3300
Tamil Nadu,Vellore,Perampet(Uzhavar Sandhai),Elephant Yam(Suran)/Amorphophallus,Elephant Yam (Suran),Local,20-09-2026,4000,4600,4300
Tamil Nadu,Vellore,Perampet(Uzhavar Sandhai),Indian Beans(Seam),Indian Beans (Seam),Local,20-09-2026,5000,5600,5300
Tamil Nadu,Vellore,Perampet(Uzhavar Sandhai),Colacasia,Colacasia,Local,20-09-2026,5000,5600,5300
Tamil Nadu,Vellore,Perampet(Uzhavar Sandhai),Mint(Pudina),Mint(Pudina),Local,20-09-2026,4000,4000,4000
Tamil Nadu,Vellore,Perampet(Uzhavar Sandhai),Sweet Corn ,Sweet Corn ,Local,20-09-2026,2500,3000,2750
Andhra Pradesh,Srikakulam,Etcherla APMC,Paddy(Common),1121,FAQ,20-09-2026,2369,2369,2369
Tamil Nadu,Karur,Kulithalai(Uzhavar Sandhai ),Banana,Other,Local,20-09-2026,5500,6000,5750
Tamil Nadu,Karur,Kulithalai(Uzhavar Sandhai ),Cluster beans,Cluster Beans,Local,20-09-2026,3200,3600,3400
Tamil Nadu,Karur,Kulithalai(Uzhavar Sandhai ),Bitter gourd,Other,Local,20-09-2026,5600,6000,5800
Tamil Nadu,Karur,Kulithalai(Uzhavar Sandhai ),Pumpkin,Pumpkin,Local,20-09-2026,2500,3000,2750
Tamil Nadu,Karur,Kulithalai(Uzhavar Sandhai ),Amaranthus,Amaranthus,Local,20-09-2026,2000,3000,2500
Tamil Nadu,Karur,Kulithalai(Uzhavar Sandhai ),Green Chilli,Green Chilly,Local,20-09-2026,6600,7000,6800
Tamil Nadu,Karur,Kulithalai(Uzhavar Sandhai ),Thondekai,Thondekai,Local,20-09-2026,4500,5000,4750
Tamil Nadu,Karur,Kulithalai(Uzhavar Sandhai ),Elephant Yam(Suran)/Amorphophallus,Elephant Yam (Suran),Local,20-09-2026,5000,5500,5250
Tamil Nadu,Karur,Kulithalai(Uzhavar Sandhai ),Colacasia,Colacasia,Local,20-09-2026,5500,6000,5750
Tamil Nadu,Thirupur,Dharapuram(Uzhavar Sandhai ),Brinjal,Round,Local,20-09-2026,5000,5500,5250
Tamil Nadu,Thirupur,Dharapuram(Uzhavar Sandhai ),Bitter gourd,Bitter Gourd,Local,20-09-2026,5500,6000,5750
Tamil Nadu,Thirupur,Dharapuram(Uzhavar Sandhai ),Pumpkin,Pumpkin,Local,20-09-2026,2500,3000,2750
Tamil Nadu,Thirupur,Dharapuram(Uzhavar Sandhai ),Ridgeguard(Tori),Ridgeguard(Tori),Local,20-09-2026,5500,6000,5750
Tamil Nadu,Thirupur,Dharapuram(Uzhavar Sandhai ),Green Avare(W),Green Avare (W),Local,20-09-2026,6500,7000,6750
Tamil Nadu,Thirupur,Dharapuram(Uzhavar Sandhai ),Lemon,Lemon,Local,20-09-2026,26000,28000,27000
Tamil Nadu,Thirupur,Dharapuram(Uzhavar Sandhai ),Onion Green,Onion Green,Local,20-09-2026,5500,6000,5750
Tamil Nadu,Thirupur,Palladam(Uzhavar Sandhai ),Cauliflower,Ranchi,Local,20-09-2026,3500,4000,3750
Tamil Nadu,Thirupur,Palladam(Uzhavar Sandhai ),Tomato,Local,Local,20-09-2026,2000,2500,2250
Tamil Nadu,Thirupur,Palladam(Uzhavar Sandhai ),Bottle gourd,Bottle Gourd,Local,20-09-2026,1500,2000,1750
Tamil Nadu,Thirupur,Palladam(Uzhavar Sandhai ),Pumpkin,Pumpkin,Local,20-09-2026,1500,2000,1750
Tamil Nadu,Thirupur,Palladam(Uzhavar Sandhai ),Cowpea(Veg),Cowpea (Veg),Local,20-09-2026,3500,4000,3750
Tamil Nadu,Thirupur,Palladam(Uzhavar Sandhai ),Ginger(Green),Green Ginger,Local,20-09-2026,15000,16000,15500
Tamil Nadu,Thirupur,Palladam(Uzhavar Sandhai ),Snakeguard,Snakeguard,Local,20-09-2026,3500,4000,3750
Uttar Pradesh,Jhansi,Gurusarai APMC,Firewood,Firewood,FAQ,20-09-2026,600,600,600
Tamil Nadu,Kallakuruchi,Kallakurichi(Uzhavar Sandhai ),Potato,Red Nanital,Local,20-09-2026,4000,4000,4000
Tamil Nadu,Kallakuruchi,Kallakurichi(Uzhavar Sandhai ),Tomato,Deshi,Local,20-09-2026,2500,2500,2500
Tamil Nadu,Kallakuruchi,Kallakurichi(Uzhavar Sandhai ),Banana - Green,Banana - Green,Local,20-09-2026,3000,3000,3000
Tamil Nadu,Kallakuruchi,Kallakurichi(Uzhavar Sandhai ),Carrot,Pusakesar,Local,20-09-2026,8000,8000,8000
Tamil Nadu,Kallakuruchi,Kallakurichi(Uzhavar Sandhai ),Snakeguard,Snakeguard,Local,20-09-2026,4000,4000,4000
Tamil Nadu,Kallakuruchi,Kallakurichi(Uzhavar Sandhai ),Knool Khol,Knool Khol,Local,20-09-2026,7000,7000,7000
Tamil Nadu,Kallakuruchi,Kallakurichi(Uzhavar Sandhai ),Mint(Pudina),Mint(Pudina),Local,20-09-2026,3000,3000,3000
Uttar Pradesh,Mathura,Mathura APMC,Tomato,Other,FAQ,20-09-2026,2600,2600,2600
Uttar Pradesh,Mathura,Mathura APMC,Potato,Other,FAQ,20-09-2026,600,600,600
Andhra Pradesh,Srikakulam,Kothabommali APMC,Paddy(Common),Paddy,Local,20-09-2026,3200,3200,3200
Andhra Pradesh,NTR,Tiruvuru APMC,Paddy(Common),Sona,Local,20-09-2026,2900,2900,2900
Andhra Pradesh,NTR,Tiruvuru APMC,Rice,Sona,Local,20-09-2026,4900,4900,4900
Tamil Nadu,Salem,Athur(Uzhavar Sandhai ),Cauliflower,Ranchi,Local,20-09-2026,3500,4000,3750
Tamil Nadu,Salem,Athur(Uzhavar Sandhai ),Beans,Beans (Whole),Local,20-09-2026,8000,9000,8500
Tamil Nadu,Salem,Athur(Uzhavar Sandhai ),Carrot,Pusakesar,Local,20-09-2026,5000,5500,5250
Tamil Nadu,Salem,Athur(Uzhavar Sandhai ),Cucumbar(Kheera),Cucumbar,Local,20-09-2026,5000,6000,5500
Tamil Nadu,Salem,Athur(Uzhavar Sandhai ),Drumstick,Drumstick,Local,20-09-2026,3500,4000,3750
Tamil Nadu,Salem,Athur(Uzhavar Sandhai ),Guava,Guava Allahabad,Local,20-09-2026,5500,6000,5750
Tamil Nadu,Salem,Athur(Uzhavar Sandhai ),Karbuja(Musk Melon),Karbhuja,Local,20-09-2026,3500,4000,3750
Tamil Nadu,Salem,Athur(Uzhavar Sandhai ),Amla(Nelli Kai),Amla,Local,20-09-2026,7000,8000,7500
Uttar Pradesh,Pratapgarh,Pratapgarh APMC,Wood,Eucalyptus,FAQ,20-09-2026,400,400,400
Tamil Nadu,Theni,Periyakulam(Uzhavar Sandhai ),Banana,Karpura,Local,20-09-2026,5500,6000,5750
Tamil Nadu,Theni,Periyakulam(Uzhavar Sandhai ),Bottle gourd,Bottle Gourd,Local,20-09-2026,1200,1400,1300
Tamil Nadu,Theni,Periyakulam(Uzhavar Sandhai ),Amaranthus,Amaranthus,Local,20-09-2026,2000,2500,2250
Tamil Nadu,Theni,Periyakulam(Uzhavar Sandhai ),Beans,Beans (Whole),Local,20-09-2026,8000,8500,8250
Tamil Nadu,Theni,Periyakulam(Uzhavar Sandhai ),Chow Chow,Chow Chow,Local,20-09-2026,2800,3000,2900
Tamil Nadu,Theni,Periyakulam(Uzhavar Sandhai ),Knool Khol,Knool Khol,Local,20-09-2026,3200,3400,3300
Tamil Nadu,Theni,Periyakulam(Uzhavar Sandhai ),Indian Beans(Seam),Indian Beans (Seam),Local,20-09-2026,5000,5400,5200
Tamil Nadu,Theni,Periyakulam(Uzhavar Sandhai ),Mint(Pudina),Mint(Pudina),Local,20-09-2026,5500,5500,5500
Tamil Nadu,Virudhunagar,Srivilliputhur(Uzhavar Sandhai ),Onion,Bellary,Local,20-09-2026,6000,7000,6500
Tamil Nadu,Virudhunagar,Srivilliputhur(Uzhavar Sandhai ),Bottle gourd,Bottle Gourd,Local,20-09-2026,1700,2000,1850
Tamil Nadu,Virudhunagar,Srivilliputhur(Uzhavar Sandhai ),Ashgourd,Gouard,Local,20-09-2026,2500,3000,2750
Tamil Nadu,Virudhunagar,Srivilliputhur(Uzhavar Sandhai ),Ginger(Green),Green Ginger,Local,20-09-2026,17000,18000,17500
Tamil Nadu,Virudhunagar,Srivilliputhur(Uzhavar Sandhai ),Cabbage,Cabbage,Local,20-09-2026,3000,3500,3250
Tamil Nadu,Virudhunagar,Srivilliputhur(Uzhavar Sandhai ),Ridgeguard(Tori),Ridgeguard(Tori),Local,20-09-2026,4500,5000,4750
Tamil Nadu,Virudhunagar,Srivilliputhur(Uzhavar Sandhai ),Colacasia,Colacasia,Local,20-09-2026,5000,6000,5500
Tamil Nadu,Virudhunagar,Srivilliputhur(Uzhavar Sandhai ),Onion Green,Onion Green,Local,20-09-2026,7000,8000,7500
Uttar Pradesh,Kanpur Dehat,Rura APMC,Wheat,Other,FAQ,20-09-2026,2500,2500,2500
Uttar Pradesh,Barabanki,Safdarganj APMC,Mustard,Other,FAQ,20-09-2026,7000,7000,7000
Tamil Nadu,Coimbatore,Vadavalli(Uzhavar Sandhai ),Green Peas,Green Peas,Local,20-09-2026,18000,19000,18500
Tamil Nadu,Coimbatore,Vadavalli(Uzhavar Sandhai ),Papaya,Papaya,Local,20-09-2026,5000,5600,5300
Tamil Nadu,Coimbatore,Vadavalli(Uzhavar Sandhai ),Water Melon,Water Melon,Local,20-09-2026,1500,2000,1750
Tamil Nadu,Coimbatore,Vadavalli(Uzhavar Sandhai ),Carrot,Pusakesar,Local,20-09-2026,4400,4800,4600
Tamil Nadu,Coimbatore,Vadavalli(Uzhavar Sandhai ),Snakeguard,Snakeguard,Local,20-09-2026,2600,3200,2900
Tamil Nadu,Coimbatore,Vadavalli(Uzhavar Sandhai ),Colacasia,Colacasia,Local,20-09-2026,4800,5400,5100
Tamil Nadu,Coimbatore,Vadavalli(Uzhavar Sandhai ),Baby Corn,Baby Corn,Grade A,20-09-2026,2200,2600,2400
Tamil Nadu,Coimbatore,Vadavalli(Uzhavar Sandhai ),Sweet Corn ,Sweet Corn ,Local,20-09-2026,3500,4000,3750
West Bengal,Darjeeling,Karsiyang(Matigara) APMC,Tomato,Other,FAQ,20-09-2026,3600,3800,3700
West Bengal,Darjeeling,Darjeeling APMC,Cabbage,Other,FAQ,20-09-2026,2800,3000,2900
West Bengal,Darjeeling,Darjeeling APMC,Squash(Chappal Kadoo),Other,FAQ,20-09-2026,1400,1600,1500
Uttar Pradesh,Sitapur,Mishrit APMC,Wood,Other,FAQ,20-09-2026,490,490,490
Uttar Pradesh,Bulandshahar,Gulavati APMC,Bottle gourd,Bottle Gourd,FAQ,20-09-2026,1500,1700,1600
Uttar Pradesh,Bulandshahar,Gulavati APMC,Lemon,Other,FAQ,20-09-2026,9100,9300,9200
Tripura,South Tripura,Barpathari APMC,Cucumbar(Kheera),Cucumbar,Local,20-09-2026,6900,7100,7000
Tamil Nadu,Coimbatore,Udumalpet APMC,Cluster beans,Cluster Beans,Local,20-09-2026,3500,4500,4000
Tamil Nadu,Coimbatore,Udumalpet APMC,Sweet Potato,Hosur Red,Local,20-09-2026,6500,7500,7000
Tamil Nadu,Coimbatore,Udumalpet APMC,Capsicum,Capsicum,Local,20-09-2026,8000,9000,8500
Tamil Nadu,Coimbatore,Udumalpet APMC,Yam(Ratalu),Yam (Ratalu),Local,20-09-2026,8000,9000,8500
Tamil Nadu,Coimbatore,Udumalpet APMC,Amla(Nelli Kai),Amla,Local,20-09-2026,7000,8000,7500
West Bengal,Darjeeling,Siliguri APMC,Squash(Chappal Kadoo),Other,FAQ,20-09-2026,800,1000,900
Tamil Nadu,Erode,Gobichettipalayam(Uzhavar Sandhai ),Cauliflower,Ranchi,Local,20-09-2026,4000,4500,4250
Tamil Nadu,Erode,Gobichettipalayam(Uzhavar Sandhai ),Amaranthus,Amaranthus,Local,20-09-2026,4200,4500,4350
Tamil Nadu,Erode,Gobichettipalayam(Uzhavar Sandhai ),Guava,Guava Allahabad,Local,20-09-2026,5000,5500,5250
Tamil Nadu,Erode,Gobichettipalayam(Uzhavar Sandhai ),Tender Coconut,Tender Coconut,Local,20-09-2026,3500,4000,3750
Tamil Nadu,Erode,Gobichettipalayam(Uzhavar Sandhai ),Mint(Pudina),Mint(Pudina),Local,20-09-2026,4200,4500,4350
Tamil Nadu,Erode,Sampath Nagar(Uzhavar Sandhai ),Apple,American,Local,20-09-2026,19000,20000,19500
Tamil Nadu,Erode,Sampath Nagar(Uzhavar Sandhai ),Orange,Darjeeling,Local,20-09-2026,9000,10000,9500
Tamil Nadu,Erode,Sampath Nagar(Uzhavar Sandhai ),Grapes,Annabesahai,Local,20-09-2026,11000,11500,11250
Tamil Nadu,Erode,Sampath Nagar(Uzhavar Sandhai ),Potato,Other,Local,20-09-2026,4500,5000,4750
Tamil Nadu,Erode,Sampath Nagar(Uzhavar Sandhai ),Coriander(Leaves),I Sort,Local,20-09-2026,3500,4000,3750
Tamil Nadu,Erode,Sampath Nagar(Uzhavar Sandhai ),Green Peas,Green Peas,Local,20-09-2026,20000,21000,20500
Tamil Nadu,Erode,Sampath Nagar(Uzhavar Sandhai ),Mousambi(Sweet Lime),Mousambi,Local,20-09-2026,5000,5400,5200
Tamil Nadu,Erode,Sampath Nagar(Uzhavar Sandhai ),Bhindi(Ladies Finger),Bhindi,Local,20-09-2026,3000,3200,3100
Tamil Nadu,Erode,Sampath Nagar(Uzhavar Sandhai ),Carrot,Pusakesar,Local,20-09-2026,5000,5200,5100
Tamil Nadu,Erode,Sampath Nagar(Uzhavar Sandhai ),Raddish,Raddish,Local,20-09-2026,2200,2500,2350
Tamil Nadu,Erode,Sampath Nagar(Uzhavar Sandhai ),Elephant Yam(Suran)/Amorphophallus,Elephant Yam (Suran),Local,20-09-2026,3000,3400,3200
Tamil Nadu,Erode,Sampath Nagar(Uzhavar Sandhai ),Amla(Nelli Kai),Amla,Local,20-09-2026,11000,12000,11500
Tamil Nadu,Erode,Sampath Nagar(Uzhavar Sandhai ),Mint(Pudina),Mint(Pudina),Local,20-09-2026,3500,4000,3750
Tripura,Khowai,Kalyanpur APMC,Fish,Katla(Big),FAQ,20-09-2026,28000,30000,29000
Tripura,Khowai,Kalyanpur APMC,Sponge gourd,Sponge gourd,FAQ,20-09-2026,3800,4000,3900
Tripura,Khowai,Kalyanpur APMC,Rice,Masuri,FAQ,20-09-2026,4200,4300,4250
Tamil Nadu,Pudukkottai,Ponnamaravathi(Uzhavar Sandhai),Onion,Bellary,Local,20-09-2026,6000,7000,6500
Tamil Nadu,Pudukkottai,Ponnamaravathi(Uzhavar Sandhai),Ashgourd,Gouard,Local,20-09-2026,1000,1500,1250
Tamil Nadu,Pudukkottai,Ponnamaravathi(Uzhavar Sandhai),Coconut,Coconut,Local,20-09-2026,3000,4000,3500
Tamil Nadu,Pudukkottai,Ponnamaravathi(Uzhavar Sandhai),Green Avare(W),Green Avare (W),Local,20-09-2026,6000,7000,6500
Tamil Nadu,Nagapattinam,Mayiladuthurai(Uzhavar Sandhai ),Banana - Green,Banana - Green,Local,20-09-2026,3600,4000,3800
Tamil Nadu,Nagapattinam,Mayiladuthurai(Uzhavar Sandhai ),Ridgeguard(Tori),Ridgeguard(Tori),Local,20-09-2026,5500,6000,5750
Tamil Nadu,Nagapattinam,Mayiladuthurai(Uzhavar Sandhai ),Green Avare(W),Green Avare (W),Local,20-09-2026,7000,8000,7500
Tamil Nadu,Nagapattinam,Mayiladuthurai(Uzhavar Sandhai ),Tender Coconut,Tender Coconut,Local,20-09-2026,2000,2500,2250
Tamil Nadu,Nagapattinam,Mayiladuthurai(Uzhavar Sandhai ),Onion Green,Onion Green,Local,20-09-2026,8000,9000,8500
Uttar Pradesh,Hardoi,Hardoi APMC,Wood,Other,FAQ,20-09-2026,500,570,512.28
Uttar Pradesh,Lucknow,Lucknow APMC,Ginger(Green),Other,FAQ,20-09-2026,6000,6000,6000
Tamil Nadu,Pudukkottai,Viralimalai(Uzhavar Sandhai ),Onion,Bellary,Local,20-09-2026,5500,6000,5750
Tamil Nadu,Pudukkottai,Viralimalai(Uzhavar Sandhai ),Guava,Guava Allahabad,Local,20-09-2026,7500,8000,7750
Tamil Nadu,Ramanathapuram,Paramakudi(Uzhavar Sandhai ),Cluster beans,Cluster Beans,Local,20-09-2026,3500,4000,3750
Tamil Nadu,Ramanathapuram,Paramakudi(Uzhavar Sandhai ),Bitter gourd,Bitter Gourd,Local,20-09-2026,5800,6000,5900
Tamil Nadu,Ramanathapuram,Paramakudi(Uzhavar Sandhai ),Bottle gourd,Bottle Gourd,Local,20-09-2026,2000,2200,2100
Tamil Nadu,Ramanathapuram,Paramakudi(Uzhavar Sandhai ),Green Chilli,Green Chilly,Local,20-09-2026,6000,7000,6500
Tamil Nadu,Ramanathapuram,Paramakudi(Uzhavar Sandhai ),Raddish,Raddish,Local,20-09-2026,4500,4800,4650
Tamil Nadu,Ramanathapuram,Paramakudi(Uzhavar Sandhai ),Green Avare(W),Green Avare (W),Local,20-09-2026,7500,8000,7750
Tamil Nadu,Ramanathapuram,Paramakudi(Uzhavar Sandhai ),Jasmine,Jasmine,Local,20-09-2026,45000,50000,47500
Tamil Nadu,Ramanathapuram,Paramakudi(Uzhavar Sandhai ),Lemon,Lemon,Local,20-09-2026,18000,20000,19000
Tamil Nadu,Ramanathapuram,Paramakudi(Uzhavar Sandhai ),Mint(Pudina),Mint(Pudina),Local,20-09-2026,6500,7000,6750
Tamil Nadu,Pudukkottai,Alangudi(Uzhavar Sandhai ),Cluster beans,Cluster Beans,Local,20-09-2026,3500,4000,3750
Tamil Nadu,Pudukkottai,Alangudi(Uzhavar Sandhai ),Amaranthus,Amaranthus,Local,20-09-2026,1500,2000,1750
Tamil Nadu,Pudukkottai,Alangudi(Uzhavar Sandhai ),Snakeguard,Snakeguard,Local,20-09-2026,2500,3000,2750
Tamil Nadu,Pudukkottai,Alangudi(Uzhavar Sandhai ),Ridgeguard(Tori),Ridgeguard(Tori),Local,20-09-2026,5000,6000,5500
Tamil Nadu,Pudukkottai,Alangudi(Uzhavar Sandhai ),Green Avare(W),Other,Local,20-09-2026,6000,7000,6500
Tamil Nadu,Thiruvannamalai,Arani(Uzhavar Sandhai ),Brinjal,Round,Local,20-09-2026,5000,6000,5500
Tamil Nadu,Thiruvannamalai,Arani(Uzhavar Sandhai ),Green Chilli,Green Chilly,Local,20-09-2026,5000,6000,5500
Tamil Nadu,Thiruvannamalai,Arani(Uzhavar Sandhai ),Ginger(Green),Green Ginger,Local,20-09-2026,15000,18000,16500
Tamil Nadu,Thiruvannamalai,Arani(Uzhavar Sandhai ),Coconut,Coconut,Local,20-09-2026,4000,4500,4250
Tamil Nadu,Thiruvannamalai,Arani(Uzhavar Sandhai ),Carrot,Pusakesar,Local,20-09-2026,5000,6000,5500
Tamil Nadu,Thiruvannamalai,Arani(Uzhavar Sandhai ),Ridgeguard(Tori),Ridgeguard(Tori),Local,20-09-2026,2500,3000,2750
Tamil Nadu,Thiruvannamalai,Arani(Uzhavar Sandhai ),Drumstick,Drumstick,Local,20-09-2026,3500,4200,3850
Tamil Nadu,Thiruvannamalai,Arani(Uzhavar Sandhai ),Guava,Guava Allahabad,Local,20-09-2026,5000,6000,5500
Tamil Nadu,Thiruvannamalai,Arani(Uzhavar Sandhai ),Yam(Ratalu),Yam (Ratalu),Local,20-09-2026,6000,7000,6500
Tamil Nadu,Thiruvannamalai,Arani(Uzhavar Sandhai ),Colacasia,Colacasia,Local,20-09-2026,3500,4200,3850
Tamil Nadu,Thiruvannamalai,Polur(Uzhavar Sandhai ),Onion,Bellary,Local,20-09-2026,5000,6000,5500
Tamil Nadu,Thiruvannamalai,Polur(Uzhavar Sandhai ),Garlic,Garlic,Local,20-09-2026,22000,26000,24000
Tamil Nadu,Thiruvannamalai,Polur(Uzhavar Sandhai ),Papaya,Papaya,Local,20-09-2026,2500,3000,2750
Tamil Nadu,Thiruvannamalai,Polur(Uzhavar Sandhai ),Cluster beans,Cluster Beans,Local,20-09-2026,4000,4800,4400
Tamil Nadu,Thiruvannamalai,Polur(Uzhavar Sandhai ),Amaranthus,Amaranthus,Local,20-09-2026,1600,2000,1800
Tamil Nadu,Thiruvannamalai,Polur(Uzhavar Sandhai ),Green Chilli,Green Chilly,Local,20-09-2026,5000,6000,5500
Tamil Nadu,Thiruvannamalai,Polur(Uzhavar Sandhai ),Banana - Green,Banana - Green,Local,20-09-2026,1600,2000,1800
Tamil Nadu,Thiruvannamalai,Polur(Uzhavar Sandhai ),Ginger(Green),Green Ginger,Local,20-09-2026,12000,15000,13500
Tamil Nadu,Thiruvannamalai,Polur(Uzhavar Sandhai ),Cucumbar(Kheera),Cucumbar,Local,20-09-2026,3300,4000,3650
Tamil Nadu,Thiruvannamalai,Polur(Uzhavar Sandhai ),Thondekai,Thondekai,Local,20-09-2026,3300,4000,3650
Tamil Nadu,Thiruvannamalai,Polur(Uzhavar Sandhai ),Colacasia,Colacasia,Local,20-09-2026,3300,4000,3650
Tamil Nadu,Thiruvannamalai,Tiruvannamalai(Uzhavar Sandhai ),Apple,American,Local,20-09-2026,20000,22000,21000
Tamil Nadu,Thiruvannamalai,Tiruvannamalai(Uzhavar Sandhai ),Potato,Red Nanital,Local,20-09-2026,3500,4000,3750
Tamil Nadu,Thiruvannamalai,Tiruvannamalai(Uzhavar Sandhai ),Papaya,Papaya,Local,20-09-2026,4000,4500,4250
Tamil Nadu,Thiruvannamalai,Tiruvannamalai(Uzhavar Sandhai ),Water Melon,Water Melon,Local,20-09-2026,2000,2500,2250
Tamil Nadu,Thiruvannamalai,Tiruvannamalai(Uzhavar Sandhai ),Ginger(Green),Green Ginger,Local,20-09-2026,16000,18000,17000
Tamil Nadu,Thiruvannamalai,Tiruvannamalai(Uzhavar Sandhai ),Cucumbar(Kheera),Cucumbar,Local,20-09-2026,4000,5000,4500
Tamil Nadu,Thiruvannamalai,Tiruvannamalai(Uzhavar Sandhai ),Chow Chow,Chow Chow,Local,20-09-2026,3600,4000,3800
Tamil Nadu,Thiruvannamalai,Tiruvannamalai(Uzhavar Sandhai ),Mango(Raw-Ripe),Mango - Raw-Ripe,Local,20-09-2026,12000,15000,13500
Tamil Nadu,Thiruvannamalai,Tiruvannamalai(Uzhavar Sandhai ),Lime,Lime,Local,20-09-2026,3500,4000,3750
Tamil Nadu,Thiruvannamalai,Tiruvannamalai(Uzhavar Sandhai ),Karbuja(Musk Melon),Karbhuja,Local,20-09-2026,3000,3500,3250
Tamil Nadu,Thiruvannamalai,Tiruvannamalai(Uzhavar Sandhai ),Pomegranate,Pomogranate,Local,20-09-2026,14000,16000,15000
Tamil Nadu,Thiruvannamalai,Tiruvannamalai(Uzhavar Sandhai ),Marigold(Calcutta),Marigold(Calcutta),Local,20-09-2026,25000,28000,26500
Tamil Nadu,Thiruvannamalai,Tiruvannamalai(Uzhavar Sandhai ),Tamarind Fruit,Tamarind Fruit,Local,20-09-2026,12000,15000,13500
Tamil Nadu,Thiruvannamalai,Tiruvannamalai(Uzhavar Sandhai ),Indian Beans(Seam),Indian Beans (Seam),Local,20-09-2026,5000,6000,5500
Tamil Nadu,Thiruvannamalai,Tiruvannamalai(Uzhavar Sandhai ),Mint(Pudina),Mint(Pudina),Local,20-09-2026,5000,6000,5500
Tamil Nadu,Thiruvannamalai,Tiruvannamalai(Uzhavar Sandhai ),Rose(Local),Rose (Local),Local,20-09-2026,18000,20000,19000
Tamil Nadu,Thiruvarur,Mannargudi I(Uzhavar Sandhai ),Onion,Bellary,Local,20-09-2026,5600,7400,6500
Tamil Nadu,Thiruvarur,Mannargudi I(Uzhavar Sandhai ),Garlic,Garlic,Local,20-09-2026,20000,24000,22000
Tamil Nadu,Thiruvarur,Mannargudi I(Uzhavar Sandhai ),Cluster beans,Cluster Beans,Local,20-09-2026,3600,3600,3600
Tamil Nadu,Thiruvarur,Mannargudi I(Uzhavar Sandhai ),Bitter gourd,Other,Local,20-09-2026,5000,5000,5000
Tamil Nadu,Thiruvarur,Mannargudi I(Uzhavar Sandhai ),Bottle gourd,Bottle Gourd,Local,20-09-2026,3000,3000,3000
Tamil Nadu,Thiruvarur,Mannargudi I(Uzhavar Sandhai ),Amaranthus,Amaranthus,Local,20-09-2026,2000,2000,2000
Tamil Nadu,Thiruvarur,Mannargudi I(Uzhavar Sandhai ),Coconut,Coconut,Local,20-09-2026,4000,4000,4000
Tamil Nadu,Thiruvarur,Mannargudi I(Uzhavar Sandhai ),Cabbage,Cabbage,Local,20-09-2026,3400,3400,3400
Tamil Nadu,Thiruvarur,Mannargudi I(Uzhavar Sandhai ),Green Avare(W),Other,Local,20-09-2026,7000,7000,7000
Tamil Nadu,Tuticorin,Kovilpatti(Uzhavar Sandhai ),Cauliflower,Ranchi,Local,20-09-2026,4500,5000,4750
Tamil Nadu,Tuticorin,Kovilpatti(Uzhavar Sandhai ),Papaya,Papaya,Local,20-09-2026,3500,4000,3750
Tamil Nadu,Tuticorin,Kovilpatti(Uzhavar Sandhai ),Tomato,Local,Local,20-09-2026,3000,3500,3250
Tamil Nadu,Tuticorin,Kovilpatti(Uzhavar Sandhai ),Bottle gourd,Bottle Gourd,Local,20-09-2026,3500,4000,3750
Tamil Nadu,Vellore,Gudiyatham(Uzhavar Sandhai ),Potato,Red Nanital,Local,20-09-2026,3000,3000,3000
Tamil Nadu,Vellore,Gudiyatham(Uzhavar Sandhai ),Cluster beans,Cluster Beans,Local,20-09-2026,3000,3000,3000
Tamil Nadu,Vellore,Gudiyatham(Uzhavar Sandhai ),Ashgourd,Gouard,Local,20-09-2026,2400,2400,2400
Tamil Nadu,Vellore,Gudiyatham(Uzhavar Sandhai ),Amaranthus,Amaranthus,Local,20-09-2026,4000,4000,4000
Tamil Nadu,Vellore,Gudiyatham(Uzhavar Sandhai ),Cucumbar(Kheera),Cucumbar,Local,20-09-2026,3600,3600,3600
Tamil Nadu,Vellore,Gudiyatham(Uzhavar Sandhai ),Mango(Raw-Ripe),Mango - Raw-Ripe,Local,20-09-2026,6600,6600,6600
Tamil Nadu,Vellore,Gudiyatham(Uzhavar Sandhai ),Guava,Guava Allahabad,Local,20-09-2026,6000,6000,6000
Tamil Nadu,Vellore,Kahithapattarai(Uzhavar Sandhai ),Green Peas,Green Peas,Local,20-09-2026,13000,13000,13000
Tamil Nadu,Vellore,Kahithapattarai(Uzhavar Sandhai ),Tomato,Deshi,Local,20-09-2026,2600,2600,2600
Tamil Nadu,Vellore,Kahithapattarai(Uzhavar Sandhai ),Bitter gourd,Bitter Gourd,Local,20-09-2026,4600,4600,4600
Tamil Nadu,Vellore,Kahithapattarai(Uzhavar Sandhai ),Bottle gourd,Bottle Gourd,Local,20-09-2026,2000,2000,2000
Tamil Nadu,Vellore,Kahithapattarai(Uzhavar Sandhai ),Ashgourd,Gouard,Local,20-09-2026,2500,2500,2500
Tamil Nadu,Vellore,Kahithapattarai(Uzhavar Sandhai ),Amaranthus,Amaranthus,Local,20-09-2026,3000,4000,3500
Tamil Nadu,Vellore,Kahithapattarai(Uzhavar Sandhai ),Beans,Beans (Whole),Local,20-09-2026,6600,6600,6600
Tamil Nadu,Vellore,Kahithapattarai(Uzhavar Sandhai ),Coconut,Coconut,Local,20-09-2026,2500,2500,2500
Tamil Nadu,Vellore,Kahithapattarai(Uzhavar Sandhai ),Snakeguard,Snakeguard,Local,20-09-2026,3000,3000,3000
Tamil Nadu,Vellore,Kahithapattarai(Uzhavar Sandhai ),Capsicum,Capsicum,Local,20-09-2026,5000,5000,5000
Tamil Nadu,Vellore,Kahithapattarai(Uzhavar Sandhai ),Pomegranate,Pomogranate,Local,20-09-2026,13000,16000,14500
Tamil Nadu,Vellore,Kahithapattarai(Uzhavar Sandhai ),Yam(Ratalu),Yam (Ratalu),Local,20-09-2026,6500,6500,6500
Tamil Nadu,Thiruvannamalai,Cheyyar(Uzhavar Sandhai ),Cabbage,Cabbage,Local,20-09-2026,2000,2500,2250
Tamil Nadu,Thiruvannamalai,Cheyyar(Uzhavar Sandhai ),Beetroot,Beetroot,Local,20-09-2026,3500,4200,3850
Tamil Nadu,Thiruvannamalai,Cheyyar(Uzhavar Sandhai ),Ridgeguard(Tori),Ridgeguard(Tori),Local,20-09-2026,2500,3000,2750
Tamil Nadu,Thiruvannamalai,Cheyyar(Uzhavar Sandhai ),Green Avare(W),Other,Local,20-09-2026,4000,5000,4500
Tamil Nadu,Thiruvannamalai,Cheyyar(Uzhavar Sandhai ),Chow Chow,Chow Chow,Local,20-09-2026,2500,3000,2750
Tamil Nadu,Thiruvannamalai,Cheyyar(Uzhavar Sandhai ),Drumstick,Drumstick,Local,20-09-2026,3500,4200,3850
Tamil Nadu,Thiruvannamalai,Cheyyar(Uzhavar Sandhai ),Knool Khol,Knool Khol,Local,20-09-2026,2500,3000,2750
Tamil Nadu,Ariyalur,Ariyalur(Uzhavar Sandhai),Coriander(Leaves),I Sort,Local,20-09-2026,5000,5500,5250
Tamil Nadu,Ariyalur,Ariyalur(Uzhavar Sandhai),Amaranthus,Amaranthus,Local,20-09-2026,3000,3500,3250
Tamil Nadu,Ariyalur,Ariyalur(Uzhavar Sandhai),Beans,Beans (Whole),Local,20-09-2026,8000,9000,8500
Tamil Nadu,Ariyalur,Ariyalur(Uzhavar Sandhai),Coconut,Coconut,Local,20-09-2026,6000,6500,6250
Tamil Nadu,Ariyalur,Ariyalur(Uzhavar Sandhai),Carrot,Pusakesar,Local,20-09-2026,7000,8000,7500
Tamil Nadu,Ariyalur,Ariyalur(Uzhavar Sandhai),Snakeguard,Snakeguard,Local,20-09-2026,3000,3500,3250
Tamil Nadu,Ariyalur,Ariyalur(Uzhavar Sandhai),Beetroot,Beetroot,Local,20-09-2026,4000,4500,4250
Tamil Nadu,Ariyalur,Ariyalur(Uzhavar Sandhai),Green Avare(W),Green Avare (W),Local,20-09-2026,6000,7000,6500
Tamil Nadu,Ariyalur,Ariyalur(Uzhavar Sandhai),Lemon,Lemon,Local,20-09-2026,4000,4500,4250
Punjab,Gurdaspur,Dhariwal APMC,Potato,Potato,Grade A,20-09-2026,450,450,450
Punjab,Gurdaspur,Dhariwal APMC,Green Chilli,Green Chilly,Grade A,20-09-2026,2050,2050,2050
Punjab,Gurdaspur,Dhariwal APMC,Brinjal,Brinjal,Grade A,20-09-2026,1060,1060,1060
Odisha,Mayurbhanja,Betnoti APMC,Bitter gourd,Bitter Gourd,FAQ,20-09-2026,3800,4200,4000
Odisha,Mayurbhanja,Betnoti APMC,Cucumbar(Kheera),Cucumbar,FAQ,20-09-2026,2800,3200,3000
Tamil Nadu,Coimbatore,Sundarapuram(Uzhavar Sandhai ),Bitter gourd,Other,Local,20-09-2026,4800,5200,5000
Tamil Nadu,Coimbatore,Sundarapuram(Uzhavar Sandhai ),Beetroot,Beetroot,Local,20-09-2026,5800,6200,6000
Tamil Nadu,Coimbatore,Sundarapuram(Uzhavar Sandhai ),Raddish,Raddish,Local,20-09-2026,3000,3500,3250
Tamil Nadu,Coimbatore,Sundarapuram(Uzhavar Sandhai ),Green Avare(W),Green Avare (W),Local,20-09-2026,6000,6500,6250
Tamil Nadu,Coimbatore,Sundarapuram(Uzhavar Sandhai ),Chow Chow,Chow Chow,Local,20-09-2026,3000,3600,3300
Haryana,Gurgaon,Gurgaon APMC,Banana,Other,Grade B,20-09-2026,3000,4000,3500
Haryana,Gurgaon,Gurgaon APMC,Bitter gourd,Other,Grade A,20-09-2026,1000,2000,1500
Andhra Pradesh,Kakinada,Jaggampet APMC,Paddy(Common),Common,FAQ,20-09-2026,2369,2380,2369
Tamil Nadu,Erode,Sathiyamagalam(Uzhavar Sandhai ),Onion,Bellary,Local,20-09-2026,5500,6000,5750
Tamil Nadu,Erode,Sathiyamagalam(Uzhavar Sandhai ),Ashgourd,Gouard,Local,20-09-2026,2000,2300,2150
Tamil Nadu,Erode,Sathiyamagalam(Uzhavar Sandhai ),Amaranthus,Amaranthus,Local,20-09-2026,3500,4000,3750
Tamil Nadu,Erode,Sathiyamagalam(Uzhavar Sandhai ),Cowpea(Veg),Cowpea (Veg),Local,20-09-2026,2000,2400,2200
Tamil Nadu,Erode,Sathiyamagalam(Uzhavar Sandhai ),Banana - Green,Banana - Green,Local,20-09-2026,3000,3500,3250
Tamil Nadu,Erode,Sathiyamagalam(Uzhavar Sandhai ),Coconut,Coconut,Local,20-09-2026,4500,5000,4750
Tamil Nadu,Erode,Sathiyamagalam(Uzhavar Sandhai ),Snakeguard,Snakeguard,Local,20-09-2026,3000,3500,3250
Tamil Nadu,Erode,Sathiyamagalam(Uzhavar Sandhai ),Turnip,Turnip,Local,20-09-2026,6400,6800,6600
Tamil Nadu,Erode,Sathiyamagalam(Uzhavar Sandhai ),Onion Green,Onion Green,Local,20-09-2026,6500,7000,6750
Tamil Nadu,Erode,Sathiyamagalam(Uzhavar Sandhai ),Mint(Pudina),Mint(Pudina),Local,20-09-2026,4500,5000,4750
Tamil Nadu,Coimbatore,Mettupalayam(Uzhavar Sandhai ),Banana,Besrai,Local,20-09-2026,4000,8000,6000
Tamil Nadu,Coimbatore,Mettupalayam(Uzhavar Sandhai ),Garlic,Garlic,Local,20-09-2026,16000,18000,17000
Tamil Nadu,Coimbatore,Mettupalayam(Uzhavar Sandhai ),Chikoos(Sapota),Sapota,Local,20-09-2026,4500,5000,4750
Tamil Nadu,Coimbatore,Mettupalayam(Uzhavar Sandhai ),Tomato,Deshi,Local,20-09-2026,2500,3000,2750
Tamil Nadu,Coimbatore,Mettupalayam(Uzhavar Sandhai ),Cluster beans,Cluster Beans,Local,20-09-2026,3500,3800,3650
Tamil Nadu,Coimbatore,Mettupalayam(Uzhavar Sandhai ),Green Chilli,Green Chilly,Local,20-09-2026,5000,5500,5250
Tamil Nadu,Coimbatore,Mettupalayam(Uzhavar Sandhai ),Ginger(Green),Green Ginger,Local,20-09-2026,7500,17000,12250
Tamil Nadu,Coimbatore,Mettupalayam(Uzhavar Sandhai ),Sweet Potato,Hosur Red,Local,20-09-2026,5000,5500,5250
Tamil Nadu,Coimbatore,Mettupalayam(Uzhavar Sandhai ),Cucumbar(Kheera),Cucumbar,Local,20-09-2026,4000,4500,4250
Tamil Nadu,Coimbatore,Mettupalayam(Uzhavar Sandhai ),Raddish,Raddish,Local,20-09-2026,2500,3000,2750
Tamil Nadu,Coimbatore,Mettupalayam(Uzhavar Sandhai ),Mashrooms,Mashrooms,Local,20-09-2026,16000,20000,18000
Tamil Nadu,Coimbatore,Mettupalayam(Uzhavar Sandhai ),Onion Green,Onion Green,Local,20-09-2026,8500,9200,8850
Uttar Pradesh,Bijnor,Najibabad APMC,Onion,Other,FAQ,20-09-2026,2000,2000,2000
Uttar Pradesh,Bijnor,Najibabad APMC,Wood,Eucalyptus,FAQ,20-09-2026,520,520,520
Tamil Nadu,Namakkal,Tiruchengode APMC,Brinjal,Other,Local,20-09-2026,5400,6000,5700
Tamil Nadu,Namakkal,Tiruchengode APMC,Banana,Red Banana,Local,20-09-2026,7000,8000,7500
Tamil Nadu,Namakkal,Tiruchengode APMC,Mousambi(Sweet Lime),Mousambi,Local,20-09-2026,3500,4000,3750
Tamil Nadu,Namakkal,Tiruchengode APMC,Cabbage,Cabbage,Local,20-09-2026,2600,3000,2800
Tamil Nadu,Namakkal,Tiruchengode APMC,Beetroot,Beetroot,Local,20-09-2026,5400,6000,5700
Telangana,Siddipet,Vantamamidi APMC,Cabbage,Cabbage,Local,20-09-2026,600,1000,800
Telangana,Siddipet,Vantamamidi APMC,Cucumbar(Kheera),Cucumbar,Local,20-09-2026,1200,1600,1400
Andhra Pradesh,Kakinada,Sampara (Kakinada Rural) APMC,Paddy(Common),1001,FAQ,20-09-2026,2369,2389,2379
Tamil Nadu,Coimbatore,RSPuram(Uzhavar Sandhai ),Banana,Red Banana,Local,20-09-2026,8000,8600,8300
Tamil Nadu,Coimbatore,RSPuram(Uzhavar Sandhai ),Grapes,Annabesahai,Local,20-09-2026,10000,11000,10500
Tamil Nadu,Coimbatore,RSPuram(Uzhavar Sandhai ),Garlic,Garlic,Local,20-09-2026,22000,23600,22800
Tamil Nadu,Coimbatore,RSPuram(Uzhavar Sandhai ),Cauliflower,Ranchi,Local,20-09-2026,4400,4600,4500
Tamil Nadu,Coimbatore,RSPuram(Uzhavar Sandhai ),Papaya,Papaya,Local,20-09-2026,5000,5600,5300
Tamil Nadu,Coimbatore,RSPuram(Uzhavar Sandhai ),Bhindi(Ladies Finger),Bhindi,Local,20-09-2026,4000,4600,4300
Tamil Nadu,Coimbatore,RSPuram(Uzhavar Sandhai ),Cowpea(Veg),Cowpea (Veg),Local,20-09-2026,3800,4200,4000
Tamil Nadu,Coimbatore,RSPuram(Uzhavar Sandhai ),Sweet Potato,Hosur Red,Local,20-09-2026,5500,6000,5750
Tamil Nadu,Coimbatore,RSPuram(Uzhavar Sandhai ),Carrot,Pusakesar,Local,20-09-2026,4000,4700,4350
Tamil Nadu,Coimbatore,RSPuram(Uzhavar Sandhai ),Snakeguard,Snakeguard,Local,20-09-2026,2600,3000,2800
Tamil Nadu,Coimbatore,RSPuram(Uzhavar Sandhai ),Cucumbar(Kheera),Cucumbar,Local,20-09-2026,4200,4600,4400
Tamil Nadu,Coimbatore,RSPuram(Uzhavar Sandhai ),Raddish,Raddish,Local,20-09-2026,2500,3000,2750
Tamil Nadu,Coimbatore,RSPuram(Uzhavar Sandhai ),Chow Chow,Chow Chow,Local,20-09-2026,2500,3200,2850
Tamil Nadu,Coimbatore,RSPuram(Uzhavar Sandhai ),Karbuja(Musk Melon),Karbhuja,Local,20-09-2026,4400,4800,4600
Tamil Nadu,Coimbatore,RSPuram(Uzhavar Sandhai ),Indian Beans(Seam),Indian Beans (Seam),Local,20-09-2026,6000,6500,6250
Tamil Nadu,Coimbatore,RSPuram(Uzhavar Sandhai ),Colacasia,Colacasia,Local,20-09-2026,4500,5000,4750
Tamil Nadu,Coimbatore,RSPuram(Uzhavar Sandhai ),Pear(Marasebu),Pears,Local,20-09-2026,14000,15000,14500
Tamil Nadu,Coimbatore,Singanallur(Uzhavar Sandhai ),Banana,Besrai,Local,20-09-2026,6000,9000,7500
Tamil Nadu,Coimbatore,Singanallur(Uzhavar Sandhai ),Pineapple,Pine Apple,Local,20-09-2026,5000,6000,5500
Tamil Nadu,Coimbatore,Singanallur(Uzhavar Sandhai ),Cluster beans,Cluster Beans,Local,20-09-2026,3400,3800,3600
Tamil Nadu,Coimbatore,Singanallur(Uzhavar Sandhai ),Tapioca,Tapioca,Local,20-09-2026,3200,3600,3400
Tamil Nadu,Coimbatore,Singanallur(Uzhavar Sandhai ),Beetroot,Beetroot,Local,20-09-2026,4000,5800,4900
Tamil Nadu,Coimbatore,Singanallur(Uzhavar Sandhai ),Knool Khol,Knool Khol,Local,20-09-2026,3800,4200,4000
Tamil Nadu,Coimbatore,Pollachi(Uzhavar Sandhai ),Cauliflower,Ranchi,Local,20-09-2026,4500,5000,4750
Tamil Nadu,Coimbatore,Pollachi(Uzhavar Sandhai ),Coriander(Leaves),I Sort,Local,20-09-2026,5000,6000,5500
Tamil Nadu,Coimbatore,Pollachi(Uzhavar Sandhai ),Papaya,Papaya,Local,20-09-2026,4000,4500,4250
Tamil Nadu,Coimbatore,Pollachi(Uzhavar Sandhai ),Carrot,Pusakesar,Local,20-09-2026,4500,5500,5000
Tamil Nadu,Coimbatore,Pollachi(Uzhavar Sandhai ),Thondekai,Thondekai,Local,20-09-2026,4000,4500,4250
Tamil Nadu,Coimbatore,Pollachi(Uzhavar Sandhai ),Chow Chow,Chow Chow,Local,20-09-2026,3500,4000,3750
Tamil Nadu,Coimbatore,Pollachi(Uzhavar Sandhai ),Yam(Ratalu),Yam (Ratalu),Local,20-09-2026,5000,6000,5500
Odisha,Bargarh,Godbhaga APMC,Cauliflower,Other,Local,20-09-2026,3450,3800,3600
Telangana,Ranga Reddy,"Vanasthalipuram,RBZ ",Carrot,Carrot,Grade A,20-09-2026,5000,5000,5000
Telangana,Ranga Reddy,"Vanasthalipuram,RBZ ",Potato,Potato,Grade A,20-09-2026,2000,2000,2000
Telangana,Ranga Reddy,"Vanasthalipuram,RBZ ",Bottle gourd,Bottle Gourd,Grade A,20-09-2026,1300,1300,1300
Telangana,Ranga Reddy,"Vanasthalipuram,RBZ ",Field Bean(Anumulu),Field Bean(Anumulu),Grade A,20-09-2026,4500,4500,4500
Telangana,Ranga Reddy,"Vanasthalipuram,RBZ ",Wild Cucumber,Wild Cucumber,Grade A,20-09-2026,2300,2300,2300
Telangana,Ranga Reddy,"Vanasthalipuram,RBZ ",Leafy Vegetable,Leafy Vegetables,Grade A,20-09-2026,5000,5000,5000
Tamil Nadu,Karur,Karur(Uzhavar Sandhai ),Banana,Red Banana,Local,20-09-2026,5000,6000,5500
Tamil Nadu,Karur,Karur(Uzhavar Sandhai ),Onion,Bellary,Local,20-09-2026,6000,6500,6250
Tamil Nadu,Karur,Karur(Uzhavar Sandhai ),Potato,Other,Local,20-09-2026,5500,6000,5750
Tamil Nadu,Karur,Karur(Uzhavar Sandhai ),Coriander(Leaves),I Sort,Local,20-09-2026,5500,6000,5750
Tamil Nadu,Karur,Karur(Uzhavar Sandhai ),Amaranthus,Amaranthus,Local,20-09-2026,2000,2500,2250
Tamil Nadu,Karur,Karur(Uzhavar Sandhai ),Ginger(Green),Green Ginger,Local,20-09-2026,18500,19000,18750
Tamil Nadu,Karur,Karur(Uzhavar Sandhai ),Thondekai,Thondekai,Local,20-09-2026,4500,5000,4750
Tamil Nadu,Karur,Karur(Uzhavar Sandhai ),Drumstick,Drumstick,Local,20-09-2026,2500,3000,2750
Tamil Nadu,Karur,Karur(Uzhavar Sandhai ),Mint(Pudina),Mint(Pudina),Local,20-09-2026,5500,6000,5750
Tamil Nadu,Coimbatore,Kurichi(Uzhavar Sandhai ),Cluster beans,Cluster Beans,Local,20-09-2026,3200,3800,3500
Tamil Nadu,Coimbatore,Kurichi(Uzhavar Sandhai ),Bitter gourd,Other,Local,20-09-2026,4500,5200,4850
Tamil Nadu,Coimbatore,Kurichi(Uzhavar Sandhai ),Amaranthus,Amaranthus,Local,20-09-2026,5500,6500,6000
Tamil Nadu,Coimbatore,Kurichi(Uzhavar Sandhai ),Coconut,Coconut,Local,20-09-2026,5500,5800,5650
Tamil Nadu,Coimbatore,Kurichi(Uzhavar Sandhai ),Ridgeguard(Tori),Ridgeguard(Tori),Local,20-09-2026,4000,4500,4250
Tamil Nadu,Coimbatore,Kurichi(Uzhavar Sandhai ),Raddish,Raddish,Local,20-09-2026,3000,3500,3250
Tamil Nadu,Coimbatore,Kurichi(Uzhavar Sandhai ),Elephant Yam(Suran)/Amorphophallus,Elephant Yam (Suran),Local,20-09-2026,3500,4000,3750
Tamil Nadu,Cuddalore,Cuddalore(Uzhavar Sandhai ),Bottle gourd,Bottle Gourd,Local,20-09-2026,2000,2500,2250
Tamil Nadu,Cuddalore,Cuddalore(Uzhavar Sandhai ),Ashgourd,Gouard,Local,20-09-2026,2000,3000,2500
Tamil Nadu,Cuddalore,Cuddalore(Uzhavar Sandhai ),Pumpkin,Pumpkin,Local,20-09-2026,2000,2000,2000
Tamil Nadu,Cuddalore,Cuddalore(Uzhavar Sandhai ),Bhindi(Ladies Finger),Bhindi,Local,20-09-2026,3000,3000,3000
Tamil Nadu,Cuddalore,Cuddalore(Uzhavar Sandhai ),Raddish,Raddish,Local,20-09-2026,3000,3500,3250
Tamil Nadu,Cuddalore,Cuddalore(Uzhavar Sandhai ),Amla(Nelli Kai),Amla,Local,20-09-2026,14000,14000,14000
Tamil Nadu,Tuticorin,Tuticorin(Uzhavar Sandhai ),Apple,American,Local,20-09-2026,19000,20000,19500
Tamil Nadu,Tuticorin,Tuticorin(Uzhavar Sandhai ),Green Peas,Green Peas,Local,20-09-2026,15000,16000,15500
Tamil Nadu,Tuticorin,Tuticorin(Uzhavar Sandhai ),Cluster beans,Cluster Beans,Local,20-09-2026,2500,3000,2750
Tamil Nadu,Tuticorin,Tuticorin(Uzhavar Sandhai ),Bitter gourd,Other,Local,20-09-2026,5000,6000,5500
Tamil Nadu,Tuticorin,Tuticorin(Uzhavar Sandhai ),Bottle gourd,Bottle Gourd,Local,20-09-2026,1500,2000,1750
Tamil Nadu,Tuticorin,Tuticorin(Uzhavar Sandhai ),Green Chilli,Green Chilly,Local,20-09-2026,7500,8000,7750
Tamil Nadu,Tuticorin,Tuticorin(Uzhavar Sandhai ),Banana - Green,Banana - Green,Local,20-09-2026,2500,3000,2750
Tamil Nadu,Tuticorin,Tuticorin(Uzhavar Sandhai ),Beans,Beans (Whole),Local,20-09-2026,13000,14000,13500
Tamil Nadu,Tuticorin,Tuticorin(Uzhavar Sandhai ),Green Avare(W),Other,Local,20-09-2026,11000,12000,11500
Tamil Nadu,Tuticorin,Tuticorin(Uzhavar Sandhai ),Lemon,Lemon,Local,20-09-2026,27000,28000,27500
Tamil Nadu,Tuticorin,Tuticorin(Uzhavar Sandhai ),Amla(Nelli Kai),Amla,Local,20-09-2026,6500,7000,6750
Tamil Nadu,Tuticorin,Tuticorin(Uzhavar Sandhai ),Mint(Pudina),Mint(Pudina),Local,20-09-2026,7500,8000,7750
Tamil Nadu,Tuticorin,Tuticorin(Uzhavar Sandhai ),Sweet Corn ,Sweet Corn ,Local,20-09-2026,5000,6000,5500
Tamil Nadu,Nagercoil (Kannyiakumari),Vadaseri APMC,Onion,Bellary,Local,20-09-2026,7000,7500,7250
Tamil Nadu,Nagercoil (Kannyiakumari),Vadaseri APMC,Tapioca,Tapioca,Local,20-09-2026,3500,4000,3750
Tamil Nadu,Nagercoil (Kannyiakumari),Vadaseri APMC,Carrot,Pusakesar,Local,20-09-2026,6500,7000,6750
Tamil Nadu,Nagercoil (Kannyiakumari),Vadaseri APMC,Snakeguard,Snakeguard,Local,20-09-2026,3500,4000,3750
Tamil Nadu,Nagercoil (Kannyiakumari),Vadaseri APMC,Raddish,Raddish,Local,20-09-2026,4000,4500,4250
Tamil Nadu,Nagercoil (Kannyiakumari),Vadaseri APMC,Jack Fruit(Ripe),Jack Fruit,Local,20-09-2026,3000,3500,3250
Tamil Nadu,Nagercoil (Kannyiakumari),Vadaseri APMC,Tender Coconut,Tender Coconut,Local,20-09-2026,4500,5000,4750
Tamil Nadu,Nagercoil (Kannyiakumari),Vadaseri APMC,Kakada,Kakada,Local,20-09-2026,50000,60000,55000
Tamil Nadu,Nagercoil (Kannyiakumari),Vadaseri APMC,Elephant Yam(Suran)/Amorphophallus,Elephant Yam (Suran),Local,20-09-2026,5500,6000,5750
Madhya Pradesh,Morena,Kailaras APMC,Brinjal,Other,FAQ,20-09-2026,1000,1000,1000
Madhya Pradesh,Morena,Kailaras APMC,Seetapal,Seethaphal,Medium,20-09-2026,900,900,900
Tamil Nadu,Vellore,Thirupathur APMC,Groundnut,Big (With Shell),Local,20-09-2026,6000,6000,6000
Tamil Nadu,Vellore,Thirupathur APMC,Chikoos(Sapota),Sapota,Local,20-09-2026,4000,4000,4000
Tamil Nadu,Vellore,Thirupathur APMC,Amaranthus,Amaranthus,Local,20-09-2026,2000,2000,2000
Tamil Nadu,Vellore,Thirupathur APMC,Sweet Potato,Hosur Red,Local,20-09-2026,4000,4000,4000
Tamil Nadu,Vellore,Thirupathur APMC,Snakeguard,Snakeguard,Local,20-09-2026,3000,3000,3000
Tamil Nadu,Vellore,Thirupathur APMC,Raddish,Raddish,Local,20-09-2026,2800,2800,2800
Tamil Nadu,Vellore,Thirupathur APMC,Mango(Raw-Ripe),Mango - Raw-Ripe,Local,20-09-2026,20000,20000,20000
Tamil Nadu,Vellore,Thirupathur APMC,Knool Khol,Knool Khol,Local,20-09-2026,4500,4500,4500
Tamil Nadu,Vellore,Vellore APMC,Groundnut,Big (With Shell),Local,20-09-2026,8000,8000,8000
Tamil Nadu,Vellore,Vellore APMC,Tomato,Deshi,Local,20-09-2026,2800,2800,2800
Tamil Nadu,Vellore,Vellore APMC,Cluster beans,Cluster Beans,Local,20-09-2026,3500,3500,3500
Tamil Nadu,Vellore,Vellore APMC,Bhindi(Ladies Finger),Bhindi,Local,20-09-2026,4000,4000,4000
Tamil Nadu,Vellore,Vellore APMC,Banana - Green,Banana - Green,Local,20-09-2026,3500,3500,3500
Tamil Nadu,Vellore,Vellore APMC,Snakeguard,Snakeguard,Local,20-09-2026,2000,2000,2000
Tamil Nadu,Vellore,Vellore APMC,Chow Chow,Chow Chow,Local,20-09-2026,3500,3500,3500
Tamil Nadu,Vellore,Vellore APMC,Pomegranate,Pomogranate,Local,20-09-2026,16000,16000,16000
Tamil Nadu,Vellore,Vellore APMC,Sweet Corn ,Sweet Corn ,Local,20-09-2026,3000,3000,3000
Chattisgarh,Surajpur,Surajpur APMC,Paddy(Common),Mahamaya,Non-FAQ,20-09-2026,2390,2390,2390
Bihar,Sheikhpura,Shekhpura APMC,Brinjal,Arkasheela Mattigulla,FAQ,20-09-2026,3776,3900,3840
Bihar,Sheikhpura,Shekhpura APMC,Cucumbar(Kheera),Cucumbar,FAQ,20-09-2026,3885,4015,3950
Tamil Nadu,Dharmapuri,Harur(Uzhavar Sandhai ),Garlic,Garlic,Local,20-09-2026,20000,25000,22500
Tamil Nadu,Dharmapuri,Harur(Uzhavar Sandhai ),Bhindi(Ladies Finger),Bhindi,Local,20-09-2026,2000,2500,2250
Tamil Nadu,Dharmapuri,Harur(Uzhavar Sandhai ),Green Chilli,Green Chilly,Local,20-09-2026,4500,5000,4750
Tamil Nadu,Dharmapuri,Harur(Uzhavar Sandhai ),Beans,Beans (Whole),Local,20-09-2026,9000,10000,9500
Tamil Nadu,Dharmapuri,Harur(Uzhavar Sandhai ),Carrot,Pusakesar,Local,20-09-2026,6000,6500,6250
Tamil Nadu,Dharmapuri,Harur(Uzhavar Sandhai ),Beetroot,Beetroot,Local,20-09-2026,4500,5000,4750
Tamil Nadu,Dharmapuri,Harur(Uzhavar Sandhai ),Cucumbar(Kheera),Cucumbar,Local,20-09-2026,4500,5000,4750
Tamil Nadu,Dharmapuri,Harur(Uzhavar Sandhai ),Raddish,Raddish,Local,20-09-2026,2000,2500,2250
Tamil Nadu,Dharmapuri,Harur(Uzhavar Sandhai ),Mint(Pudina),Mint(Pudina),Local,20-09-2026,3500,4000,3750
Tamil Nadu,Krishnagiri,Kaveripattinam(Uzhavar Sandhai ),Brinjal,Round,Local,20-09-2026,3000,4000,3500
Tamil Nadu,Krishnagiri,Kaveripattinam(Uzhavar Sandhai ),Onion,Bellary,Local,20-09-2026,5500,5500,5500
Tamil Nadu,Krishnagiri,Kaveripattinam(Uzhavar Sandhai ),Coriander(Leaves),I Sort,Local,20-09-2026,5500,5500,5500
Tamil Nadu,Krishnagiri,Kaveripattinam(Uzhavar Sandhai ),Bhindi(Ladies Finger),Bhindi,Local,20-09-2026,2000,2000,2000
Tamil Nadu,Krishnagiri,Kaveripattinam(Uzhavar Sandhai ),Amaranthus,Amaranthus,Local,20-09-2026,2000,2500,2250
Tamil Nadu,Krishnagiri,Kaveripattinam(Uzhavar Sandhai ),Beans,Beans (Whole),Local,20-09-2026,9000,9000,9000
Tamil Nadu,Krishnagiri,Kaveripattinam(Uzhavar Sandhai ),Ginger(Green),Green Ginger,Local,20-09-2026,14000,14000,14000
Tamil Nadu,Krishnagiri,Kaveripattinam(Uzhavar Sandhai ),Carrot,Pusakesar,Local,20-09-2026,5000,5000,5000
Tamil Nadu,Krishnagiri,Kaveripattinam(Uzhavar Sandhai ),Onion Green,Onion Green,Local,20-09-2026,8000,8000,8000
Tamil Nadu,The Nilgiris,Coonoor(Uzhavar Sandhai ),Cluster beans,Cluster Beans,Local,20-09-2026,3800,4000,3900
Tamil Nadu,The Nilgiris,Coonoor(Uzhavar Sandhai ),Ashgourd,Gouard,Local,20-09-2026,2400,2700,2550
Tamil Nadu,The Nilgiris,Coonoor(Uzhavar Sandhai ),Bhindi(Ladies Finger),Bhindi,Local,20-09-2026,4000,4400,4200
Tamil Nadu,The Nilgiris,Coonoor(Uzhavar Sandhai ),Banana - Green,Banana - Green,Local,20-09-2026,4500,5000,4750
Tamil Nadu,The Nilgiris,Coonoor(Uzhavar Sandhai ),Coconut,Coconut,Local,20-09-2026,6000,6400,6200
Tamil Nadu,The Nilgiris,Coonoor(Uzhavar Sandhai ),Snakeguard,Snakeguard,Local,20-09-2026,3500,3800,3650
Tamil Nadu,The Nilgiris,Coonoor(Uzhavar Sandhai ),Thondekai,Thondekai,Local,20-09-2026,3600,4000,3800
Tamil Nadu,The Nilgiris,Gudalur(Uzhavar Sandhai ),Coriander(Leaves),I Sort,Local,20-09-2026,6000,7000,6500
Tamil Nadu,The Nilgiris,Gudalur(Uzhavar Sandhai ),Bhindi(Ladies Finger),Bhindi,Local,20-09-2026,4500,5000,4750
Tamil Nadu,The Nilgiris,Gudalur(Uzhavar Sandhai ),Amaranthus,Amaranthus,Local,20-09-2026,5000,6000,5500
Tamil Nadu,The Nilgiris,Gudalur(Uzhavar Sandhai ),Cowpea(Veg),Cowpea (Veg),Local,20-09-2026,3000,3500,3250
Tamil Nadu,The Nilgiris,Gudalur(Uzhavar Sandhai ),Banana - Green,Banana - Green,Local,20-09-2026,4000,4500,4250
Tamil Nadu,The Nilgiris,Gudalur(Uzhavar Sandhai ),Cabbage,Cabbage,Local,20-09-2026,1800,2000,1900
Tamil Nadu,The Nilgiris,Gudalur(Uzhavar Sandhai ),Beetroot,Beetroot,Local,20-09-2026,4000,5000,4500
Tamil Nadu,The Nilgiris,Gudalur(Uzhavar Sandhai ),Ridgeguard(Tori),Ridgeguard(Tori),Local,20-09-2026,4500,5000,4750
Odisha,Angul,Angul APMC,Pointed gourd(Parval),Other,Grade B,20-09-2026,4500,4500,4500
Odisha,Bargarh,Attabira APMC,Cabbage,Cabbage,Local,20-09-2026,1500,1900,1700
Punjab,Tarntaran,Patti APMC,Green Chilli,Other,Local,20-09-2026,0.02,0.02,0.02
Punjab,Tarntaran,Patti APMC,Bitter gourd,Other,Local,20-09-2026,0.04,0.04,0.04
Punjab,Tarntaran,Patti APMC,Potato,Potato,Local,20-09-2026,0.02,0.02,0.02
Punjab,Tarntaran,Patti APMC,Cauliflower,Other,Local,20-09-2026,250,250,250
Uttarakhand,Dehradoon,Vikasnagar APMC,Bhindi(Ladies Finger),Other,Medium,20-09-2026,1200,1500,1500
Uttarakhand,Dehradoon,Vikasnagar APMC,Green Chilli,Green Chilly,Medium,20-09-2026,1200,2500,2500
Uttarakhand,Dehradoon,Vikasnagar APMC,Bottle gourd,Other,Medium,20-09-2026,800,900,900
Haryana,Hissar,Hansi APMC,Guava,Other,Grade B,20-09-2026,4000,5000,4500
Haryana,Hissar,Hansi APMC,Potato,Other,FAQ,20-09-2026,1000,4000,1000
Haryana,Hissar,Hansi APMC,Colacasia,Other,FAQ,20-09-2026,2500,3000,2750
Haryana,Hissar,Hansi APMC,Cabbage,Other,FAQ,20-09-2026,2500,3000,2750
Haryana,Hissar,Hansi APMC,Tomato,Other,FAQ,20-09-2026,2500,3000,2750
Andhra Pradesh,Anakapally,Anakapally APMC,Gur(Jaggery),Anakapalli,Grade Range-2,20-09-2026,4700,4700,4700
Keralam,Kollam,Chathanoor Market,Brinjal,Other,FAQ,20-09-2026,4000,5000,4500
Keralam,Kollam,Chathanoor Market,Cucumbar(Kheera),Other,FAQ,20-09-2026,3500,4500,4000
Keralam,Kollam,Chathanoor Market,Drumstick,Other,FAQ,20-09-2026,4000,5000,4500
Keralam,Kollam,Chathanoor Market,Snakeguard,Other,FAQ,20-09-2026,3500,4500,4000
Andhra Pradesh,Prakasam,Santhamaguluru APMC,Paddy(Common),B P T,FAQ,20-09-2026,2500,2580,2550
Keralam,Kozhikode(Calicut),Mukkom Market,Bitter gourd,Bitter Gourd,FAQ,20-09-2026,6400,6800,6600
Keralam,Kozhikode(Calicut),Mukkom Market,Ginger(Green),Green Ginger,FAQ,20-09-2026,16500,17500,17000
Keralam,Kozhikode(Calicut),Mukkom Market,Cabbage,Cabbage,FAQ,20-09-2026,2400,2800,2600
Keralam,Kozhikode(Calicut),Mukkom Market,Cowpea(Veg),Cowpea (Veg),FAQ,20-09-2026,6800,7200,7000
Keralam,Kozhikode(Calicut),Mukkom Market,Banana - Green,Banana - Green,FAQ,20-09-2026,5500,5900,5700
Telangana,Ranga Reddy,"Saroornagar,RBZ",Green Chilli,Other,Medium,20-09-2026,4000,4000,4000
Keralam,Idukki,Kattappana Market,Capsicum,Other,Medium,20-09-2026,7500,8500,8000
Keralam,Idukki,Kattappana Market,Bhindi(Ladies Finger),Other,Medium,20-09-2026,4800,5400,5000
Keralam,Idukki,Kattappana Market,Tapioca,Other,Medium,20-09-2026,3500,3500,3500
Keralam,Idukki,Kattappana Market,Amla(Nelli Kai),Other,Medium,20-09-2026,3800,4500,4000
Punjab,Gurdaspur,Quadian APMC,Tomato,Other,Grade A,20-09-2026,2800,3000,2900
Rajasthan,Jalore,Jalore APMC,Ginger(Green),Other,Local,20-09-2026,4000,4400,4200
Rajasthan,Jalore,Jalore APMC,Beetroot,Other,Local,20-09-2026,1800,2200,2000
Tamil Nadu,Thirupur,Tiruppur (South) (Uzhavar Sandhai ),Coriander(Leaves),I Sort,Local,20-09-2026,4000,5000,4500
Tamil Nadu,Thirupur,Tiruppur (South) (Uzhavar Sandhai ),Ashgourd,Gouard,Local,20-09-2026,1000,1500,1250
Tamil Nadu,Thirupur,Tiruppur (South) (Uzhavar Sandhai ),Bhindi(Ladies Finger),Bhindi,Local,20-09-2026,3000,4000,3500
Tamil Nadu,Thirupur,Tiruppur (South) (Uzhavar Sandhai ),Banana - Green,Banana - Green,Local,20-09-2026,2500,3000,2750
Tamil Nadu,Thirupur,Tiruppur (South) (Uzhavar Sandhai ),Cabbage,Cabbage,Local,20-09-2026,2500,3000,2750
Tamil Nadu,Thirupur,Tiruppur (South) (Uzhavar Sandhai ),Snakeguard,Snakeguard,Local,20-09-2026,2500,3000,2750
Tamil Nadu,Thirupur,Tiruppur (South) (Uzhavar Sandhai ),Mint(Pudina),Mint(Pudina),Local,20-09-2026,2500,3000,2750
Tamil Nadu,Erode,Perundurai(Uzhavar Sandhai ),Chikoos(Sapota),Sapota,Local,20-09-2026,3600,4000,3800
Tamil Nadu,Erode,Perundurai(Uzhavar Sandhai ),Bitter gourd,Bitter Gourd,Local,20-09-2026,5000,5400,5200
Tamil Nadu,Erode,Perundurai(Uzhavar Sandhai ),Green Chilli,Green Chilly,Local,20-09-2026,6400,6800,6600
Tamil Nadu,Erode,Perundurai(Uzhavar Sandhai ),Tapioca,Tapioca,Local,20-09-2026,2000,2500,2250
Tamil Nadu,Erode,Perundurai(Uzhavar Sandhai ),Cabbage,Cabbage,Local,20-09-2026,2500,2800,2650
Tamil Nadu,Erode,Perundurai(Uzhavar Sandhai ),Snakeguard,Snakeguard,Local,20-09-2026,3000,3500,3250
Tamil Nadu,Erode,Perundurai(Uzhavar Sandhai ),Raddish,Raddish,Local,20-09-2026,2500,2800,2650
Tamil Nadu,Dharmapuri,Dharmapuri(Uzhavar Sandhai ),Brinjal,Round,Local,20-09-2026,1800,2000,1900
Tamil Nadu,Dharmapuri,Dharmapuri(Uzhavar Sandhai ),Onion,Bellary,Local,20-09-2026,6200,6400,6300
Tamil Nadu,Dharmapuri,Dharmapuri(Uzhavar Sandhai ),Bitter gourd,Bitter Gourd,Local,20-09-2026,3700,4000,3850
Tamil Nadu,Dharmapuri,Dharmapuri(Uzhavar Sandhai ),Ashgourd,Gouard,Local,20-09-2026,1500,1600,1550
Tamil Nadu,Dharmapuri,Dharmapuri(Uzhavar Sandhai ),Beans,Beans (Whole),Local,20-09-2026,9400,9800,9600
Tamil Nadu,Dharmapuri,Dharmapuri(Uzhavar Sandhai ),Snakeguard,Snakeguard,Local,20-09-2026,2400,2500,2450
Tamil Nadu,Dharmapuri,Dharmapuri(Uzhavar Sandhai ),Ridgeguard(Tori),Ridgeguard(Tori),Local,20-09-2026,2800,3000,2900
Tamil Nadu,Dharmapuri,Dharmapuri(Uzhavar Sandhai ),Raddish,Raddish,Local,20-09-2026,1500,1600,1550
Tamil Nadu,Dharmapuri,Dharmapuri(Uzhavar Sandhai ),Mint(Pudina),Mint(Pudina),Local,20-09-2026,7500,8000,7750
Tamil Nadu,Dharmapuri,Palacode(Uzhavar Sandhai ),Indian Beans(Seam),Indian Beans (Seam),Local,20-09-2026,5800,6000,5900
Tamil Nadu,Dharmapuri,Palacode(Uzhavar Sandhai ),Mint(Pudina),Mint(Pudina),Local,20-09-2026,5000,5500,5250
Tamil Nadu,Dharmapuri,Pennagaram(Uzhavar Sandhai ),Banana,Besrai,Local,20-09-2026,4500,5000,4750
Tamil Nadu,Dharmapuri,Pennagaram(Uzhavar Sandhai ),Garlic,Garlic,Local,20-09-2026,20000,22000,21000
Tamil Nadu,Dharmapuri,Pennagaram(Uzhavar Sandhai ),Cauliflower,Ranchi,Local,20-09-2026,2500,3000,2750
Tamil Nadu,Dharmapuri,Pennagaram(Uzhavar Sandhai ),Tomato,Deshi,Local,20-09-2026,2800,3000,2900
Tamil Nadu,Dharmapuri,Pennagaram(Uzhavar Sandhai ),Cluster beans,Cluster Beans,Local,20-09-2026,2800,3000,2900
Tamil Nadu,Dharmapuri,Pennagaram(Uzhavar Sandhai ),Banana - Green,Banana - Green,Local,20-09-2026,2800,3000,2900
Tamil Nadu,Dharmapuri,Pennagaram(Uzhavar Sandhai ),Beetroot,Beetroot,Local,20-09-2026,5000,5500,5250
Tamil Nadu,Dharmapuri,Pennagaram(Uzhavar Sandhai ),Ridgeguard(Tori),Ridgeguard(Tori),Local,20-09-2026,3000,3500,3250
Tamil Nadu,Dharmapuri,Pennagaram(Uzhavar Sandhai ),Green Avare(W),Green Avare (W),Local,20-09-2026,6000,7000,6500
Tamil Nadu,Dharmapuri,Pennagaram(Uzhavar Sandhai ),Onion Green,Onion Green,Local,20-09-2026,7000,8000,7500
Tamil Nadu,Dharmapuri,Pennagaram(Uzhavar Sandhai ),Sweet Corn ,Sweet Corn ,Local,20-09-2026,1800,2000,1900
Tamil Nadu,Dindigul,Chinnalapatti(Uzhavar Sandhai ),Onion,Bellary,Local,20-09-2026,6500,7000,6750
Tamil Nadu,Dindigul,Chinnalapatti(Uzhavar Sandhai ),Bitter gourd,Other,Local,20-09-2026,6000,7000,6500
Tamil Nadu,Dindigul,Chinnalapatti(Uzhavar Sandhai ),Pumpkin,Pumpkin,Local,20-09-2026,1600,2000,1800
Tamil Nadu,Dindigul,Chinnalapatti(Uzhavar Sandhai ),Banana - Green,Banana - Green,Local,20-09-2026,3600,4000,3800
Tamil Nadu,Dindigul,Chinnalapatti(Uzhavar Sandhai ),Snakeguard,Snakeguard,Local,20-09-2026,4000,6000,5000
Tamil Nadu,Dindigul,Chinnalapatti(Uzhavar Sandhai ),Green Avare(W),Other,Local,20-09-2026,7000,10000,8500
Tamil Nadu,Dindigul,Chinnalapatti(Uzhavar Sandhai ),Elephant Yam(Suran)/Amorphophallus,Elephant Yam (Suran),Local,20-09-2026,5600,6000,5800
Tamil Nadu,Dindigul,Chinnalapatti(Uzhavar Sandhai ),Onion Green,Onion Green,Local,20-09-2026,8000,9000,8500
Tamil Nadu,Dindigul,Chinnalapatti(Uzhavar Sandhai ),Mint(Pudina),Mint(Pudina),Local,20-09-2026,3500,4000,3750
Tamil Nadu,Dindigul,Palani(Uzhavar Sandhai ),Bottle gourd,Bottle Gourd,Local,20-09-2026,1000,1400,1200
Tamil Nadu,Dindigul,Palani(Uzhavar Sandhai ),Pumpkin,Pumpkin,Local,20-09-2026,1400,1600,1500
Tamil Nadu,Dindigul,Palani(Uzhavar Sandhai ),Banana - Green,Banana - Green,Local,20-09-2026,3000,4000,3500
Tamil Nadu,Dindigul,Palani(Uzhavar Sandhai ),Beans,Beans (Whole),Local,20-09-2026,6000,7500,6750
Tamil Nadu,Dindigul,Palani(Uzhavar Sandhai ),Ridgeguard(Tori),Ridgeguard(Tori),Local,20-09-2026,3000,5500,4250
Tamil Nadu,Dindigul,Palani(Uzhavar Sandhai ),Raddish,Raddish,Local,20-09-2026,2000,3000,2500
Tamil Nadu,Dindigul,Palani(Uzhavar Sandhai ),Drumstick,Drumstick,Local,20-09-2026,2200,3000,2600
Tamil Nadu,Dindigul,Palani(Uzhavar Sandhai ),Lime,Lime,Local,20-09-2026,10000,13000,11500
Tamil Nadu,Dindigul,Palani(Uzhavar Sandhai ),Onion Green,Onion Green,Local,20-09-2026,6000,9000,7500
Tamil Nadu,Dindigul,Palani(Uzhavar Sandhai ),Sweet Corn ,Sweet Corn ,Local,20-09-2026,4000,5000,4500
Tamil Nadu,Erode,Periyar Nagar(Uzhavar Sandhai ),Papaya,Papaya,Local,20-09-2026,3000,3400,3200
Tamil Nadu,Erode,Periyar Nagar(Uzhavar Sandhai ),Ashgourd,Gouard,Local,20-09-2026,1800,2000,1900
Tamil Nadu,Erode,Periyar Nagar(Uzhavar Sandhai ),Ridgeguard(Tori),Ridgeguard(Tori),Local,20-09-2026,3000,3600,3300
Tamil Nadu,Erode,Periyar Nagar(Uzhavar Sandhai ),Drumstick,Drumstick,Local,20-09-2026,3500,4000,3750
Tamil Nadu,Erode,Periyar Nagar(Uzhavar Sandhai ),Amla(Nelli Kai),Amla,Local,20-09-2026,10000,12000,11000
Tamil Nadu,Erode,Periyar Nagar(Uzhavar Sandhai ),Onion Green,Onion Green,Local,20-09-2026,6500,7500,7000
Tamil Nadu,Kallakuruchi,Sankarapuram(Uzhavar Sandhai ),Green Chilli,Green Chilly,Local,20-09-2026,6000,6000,6000
Tamil Nadu,Kallakuruchi,Sankarapuram(Uzhavar Sandhai ),Beetroot,Beetroot,Local,20-09-2026,6000,6000,6000
Tamil Nadu,Kallakuruchi,Sankarapuram(Uzhavar Sandhai ),Green Avare(W),Green Avare (W),Local,20-09-2026,7000,7000,7000
Tamil Nadu,Kallakuruchi,Sankarapuram(Uzhavar Sandhai ),Custard Apple(Sharifa),Custard Apple(Sharifa),Local,20-09-2026,5000,5000,5000
Tamil Nadu,Kancheepuram,Kundrathur(Uzhavar Sandhai ),Brinjal,Other,Local,20-09-2026,3500,4000,3750
Tamil Nadu,Kancheepuram,Kundrathur(Uzhavar Sandhai ),Potato,Other,Local,20-09-2026,2800,2800,2800
Tamil Nadu,Kancheepuram,Kundrathur(Uzhavar Sandhai ),Bottle gourd,Bottle Gourd,Local,20-09-2026,3000,3000,3000
Tamil Nadu,Kancheepuram,Kundrathur(Uzhavar Sandhai ),Amaranthus,Amaranthus,Local,20-09-2026,3000,3000,3000
Tamil Nadu,Kancheepuram,Kundrathur(Uzhavar Sandhai ),Coconut,Coconut,Local,20-09-2026,5000,6000,5500
Tamil Nadu,Kancheepuram,Kundrathur(Uzhavar Sandhai ),Beetroot,Beetroot,Local,20-09-2026,4000,4000,4000
Tamil Nadu,Kancheepuram,Kundrathur(Uzhavar Sandhai ),Raddish,Raddish,Local,20-09-2026,3000,3000,3000
Tamil Nadu,Kancheepuram,Kundrathur(Uzhavar Sandhai ),Yam(Ratalu),Yam (Ratalu),Local,20-09-2026,4000,4000,4000
Tamil Nadu,Kancheepuram,Sunguvarchatram(Uzhavar Sandhai ),Cauliflower,Ranchi,Local,20-09-2026,3000,3500,3250
Tamil Nadu,Kancheepuram,Sunguvarchatram(Uzhavar Sandhai ),Tomato,Other,Local,20-09-2026,3000,3000,3000
Tamil Nadu,Kancheepuram,Sunguvarchatram(Uzhavar Sandhai ),Banana - Green,Banana - Green,Local,20-09-2026,3000,3000,3000
Tamil Nadu,Kancheepuram,Sunguvarchatram(Uzhavar Sandhai ),Beans,Beans (Whole),Local,20-09-2026,7000,8000,7500
Tamil Nadu,Krishnagiri,Avallapalli(Uzhavar Sandhai ),Bhindi(Ladies Finger),Bhindi,Local,20-09-2026,3000,3500,3250
Tamil Nadu,Krishnagiri,Avallapalli(Uzhavar Sandhai ),Amaranthus,Amaranthus,Local,20-09-2026,3500,4000,3750
Tamil Nadu,Krishnagiri,Avallapalli(Uzhavar Sandhai ),Ginger(Green),Green Ginger,Local,20-09-2026,16000,18000,17000
Tamil Nadu,Krishnagiri,Avallapalli(Uzhavar Sandhai ),Coconut,Coconut,Local,20-09-2026,5500,6000,5750
Tamil Nadu,Krishnagiri,Avallapalli(Uzhavar Sandhai ),Capsicum,Capsicum,Local,20-09-2026,2500,3000,2750
Tamil Nadu,Krishnagiri,Avallapalli(Uzhavar Sandhai ),Drumstick,Drumstick,Local,20-09-2026,3500,4000,3750
Tamil Nadu,Krishnagiri,Avallapalli(Uzhavar Sandhai ),Elephant Yam(Suran)/Amorphophallus,Elephant Yam (Suran),Local,20-09-2026,4500,5000,4750
Tamil Nadu,Krishnagiri,Avallapalli(Uzhavar Sandhai ),Yam(Ratalu),Yam (Ratalu),Local,20-09-2026,4500,5000,4750
Tamil Nadu,Krishnagiri,Avallapalli(Uzhavar Sandhai ),Lemon,Lemon,Local,20-09-2026,23000,25000,24000
Tamil Nadu,Dharmapuri,Karimangalam(Uzhavar Sandhai),Potato,Other,Local,20-09-2026,2600,2800,2700
Tamil Nadu,Dharmapuri,Karimangalam(Uzhavar Sandhai),Cluster beans,Cluster Beans,Local,20-09-2026,1800,2000,1900
Tamil Nadu,Dharmapuri,Karimangalam(Uzhavar Sandhai),Bitter gourd,Other,Local,20-09-2026,2800,3000,2900
Tamil Nadu,Dharmapuri,Karimangalam(Uzhavar Sandhai),Pumpkin,Pumpkin,Local,20-09-2026,1800,2000,1900
Tamil Nadu,Dharmapuri,Karimangalam(Uzhavar Sandhai),Bhindi(Ladies Finger),Bhindi,Local,20-09-2026,1800,2000,1900
Tamil Nadu,Dharmapuri,Karimangalam(Uzhavar Sandhai),Banana - Green,Banana - Green,Local,20-09-2026,2800,3000,2900
Tamil Nadu,Dharmapuri,Karimangalam(Uzhavar Sandhai),Carrot,Pusakesar,Local,20-09-2026,6000,6500,6250
Tamil Nadu,Dharmapuri,Karimangalam(Uzhavar Sandhai),Snakeguard,Snakeguard,Local,20-09-2026,2300,2500,2400
Tamil Nadu,Dharmapuri,Karimangalam(Uzhavar Sandhai),Cucumbar(Kheera),Cucumbar,Local,20-09-2026,4000,4500,4250
Tamil Nadu,Dharmapuri,Karimangalam(Uzhavar Sandhai),Thondekai,Thondekai,Local,20-09-2026,4500,5000,4750
Tamil Nadu,Dharmapuri,Karimangalam(Uzhavar Sandhai),Lemon,Lemon,Local,20-09-2026,24000,25000,24500
Tamil Nadu,Dharmapuri,Karimangalam(Uzhavar Sandhai),Onion Green,Onion Green,Local,20-09-2026,6500,7000,6750
Tamil Nadu,Dharmapuri,Karimangalam(Uzhavar Sandhai),Mint(Pudina),Mint(Pudina),Local,20-09-2026,4500,5000,4750
Tamil Nadu,Krishnagiri,Denkanikottai(Uzhavar Sandhai ),Coriander(Leaves),I Sort,Local,20-09-2026,7000,7500,7250
Tamil Nadu,Krishnagiri,Denkanikottai(Uzhavar Sandhai ),Papaya,Papaya,Local,20-09-2026,3000,3500,3250
Tamil Nadu,Krishnagiri,Denkanikottai(Uzhavar Sandhai ),Bitter gourd,Bitter Gourd,Local,20-09-2026,4000,4500,4250
Tamil Nadu,Krishnagiri,Denkanikottai(Uzhavar Sandhai ),Ginger(Green),Green Ginger,Local,20-09-2026,15000,17000,16000
Tamil Nadu,Krishnagiri,Denkanikottai(Uzhavar Sandhai ),Raddish,Raddish,Local,20-09-2026,1000,1500,1250
Tamil Nadu,Krishnagiri,Denkanikottai(Uzhavar Sandhai ),Capsicum,Capsicum,Local,20-09-2026,3000,3500,3250
Tamil Nadu,Krishnagiri,Denkanikottai(Uzhavar Sandhai ),Drumstick,Drumstick,Local,20-09-2026,3000,4000,3500
Tamil Nadu,Krishnagiri,Denkanikottai(Uzhavar Sandhai ),Elephant Yam(Suran)/Amorphophallus,Elephant Yam (Suran),Local,20-09-2026,3500,4000,3750
Tamil Nadu,Krishnagiri,Denkanikottai(Uzhavar Sandhai ),Mint(Pudina),Mint(Pudina),Local,20-09-2026,3500,4000,3750
Tamil Nadu,Krishnagiri,Hosur(Uzhavar Sandhai ),Brinjal,Round,Local,20-09-2026,2500,3000,2750
Tamil Nadu,Krishnagiri,Hosur(Uzhavar Sandhai ),Ashgourd,Gouard,Local,20-09-2026,2500,3000,2750
Tamil Nadu,Krishnagiri,Hosur(Uzhavar Sandhai ),Beetroot,Beetroot,Local,20-09-2026,3000,3500,3250
Tamil Nadu,Krishnagiri,Hosur(Uzhavar Sandhai ),Green Avare(W),Green Avare (W),Local,20-09-2026,5500,6000,5750
Tamil Nadu,Krishnagiri,Hosur(Uzhavar Sandhai ),Chow Chow,Chow Chow,Local,20-09-2026,2000,2500,2250
Tamil Nadu,Krishnagiri,Hosur(Uzhavar Sandhai ),Guava,Guava Allahabad,Local,20-09-2026,8000,10000,9000
Tamil Nadu,Krishnagiri,Hosur(Uzhavar Sandhai ),Mashrooms,Mashrooms,Local,20-09-2026,18000,20000,19000
Tamil Nadu,Madurai,Anaiyur(Uzhavar Sandhai ),Potato,Red Nanital,Local,20-09-2026,3000,5500,4250
Tamil Nadu,Madurai,Anaiyur(Uzhavar Sandhai ),Garlic,Garlic,Local,20-09-2026,14000,27000,20500
Tamil Nadu,Madurai,Anaiyur(Uzhavar Sandhai ),Cauliflower,Ranchi,Local,20-09-2026,2500,3000,2750
Tamil Nadu,Madurai,Anaiyur(Uzhavar Sandhai ),Water Melon,Water Melon,Local,20-09-2026,2000,2500,2250
Tamil Nadu,Madurai,Anaiyur(Uzhavar Sandhai ),Bottle gourd,Bottle Gourd,Local,20-09-2026,2000,2600,2300
Tamil Nadu,Madurai,Anaiyur(Uzhavar Sandhai ),Carrot,Pusakesar,Local,20-09-2026,2800,4000,3400
Tamil Nadu,Madurai,Anaiyur(Uzhavar Sandhai ),Knool Khol,Knool Khol,Local,20-09-2026,4500,4800,4650
Tamil Nadu,Madurai,Anaiyur(Uzhavar Sandhai ),Pomegranate,Pomogranate,Local,20-09-2026,20000,23000,21500
Tamil Nadu,Madurai,Anaiyur(Uzhavar Sandhai ),Lemon,Lemon,Local,20-09-2026,26000,28000,27000
Tamil Nadu,Madurai,Anaiyur(Uzhavar Sandhai ),Mashrooms,Mashrooms,Local,20-09-2026,25000,30000,27500
Tamil Nadu,Madurai,Anaiyur(Uzhavar Sandhai ),Mint(Pudina),Mint(Pudina),Local,20-09-2026,5500,6000,5750
Tamil Nadu,Madurai,Usilampatti(Uzhavar Sandhai ),Cluster beans,Cluster Beans,Local,20-09-2026,3600,4000,3800
Tamil Nadu,Madurai,Usilampatti(Uzhavar Sandhai ),Bhindi(Ladies Finger),Bhindi,Local,20-09-2026,2800,3200,3000
Tamil Nadu,Madurai,Usilampatti(Uzhavar Sandhai ),Amaranthus,Amaranthus,Local,20-09-2026,3000,3600,3300
Tamil Nadu,Madurai,Usilampatti(Uzhavar Sandhai ),Lemon,Lemon,Local,20-09-2026,26000,28000,27000
Tamil Nadu,Nagapattinam,Sirkali(Uzhavar Sandhai ),Groundnut,Big (With Shell),Local,20-09-2026,5500,6000,5750
Tamil Nadu,Nagapattinam,Sirkali(Uzhavar Sandhai ),Banana,Besrai,Local,20-09-2026,4000,5000,4500
Tamil Nadu,Nagapattinam,Sirkali(Uzhavar Sandhai ),Onion,Bellary,Local,20-09-2026,5500,6000,5750
Tamil Nadu,Nagapattinam,Sirkali(Uzhavar Sandhai ),Banana - Green,Banana - Green,Local,20-09-2026,2500,3000,2750
Tamil Nadu,Nagapattinam,Sirkali(Uzhavar Sandhai ),Carrot,Pusakesar,Local,20-09-2026,8000,8000,8000
Tamil Nadu,Nagapattinam,Sirkali(Uzhavar Sandhai ),Cabbage,Cabbage,Local,20-09-2026,2500,3000,2750
Tamil Nadu,Nagapattinam,Sirkali(Uzhavar Sandhai ),Ridgeguard(Tori),Ridgeguard(Tori),Local,20-09-2026,5500,6000,5750
Tamil Nadu,Nagapattinam,Sirkali(Uzhavar Sandhai ),Tamarind Fruit,Tamarind Fruit,Local,20-09-2026,15000,15000,15000
Tamil Nadu,Nagapattinam,Sirkali(Uzhavar Sandhai ),Elephant Yam(Suran)/Amorphophallus,Elephant Yam (Suran),Local,20-09-2026,6500,7000,6750
Tamil Nadu,Nagapattinam,Sirkali(Uzhavar Sandhai ),Mint(Pudina),Mint(Pudina),Local,20-09-2026,4000,4500,4250
Tamil Nadu,Namakkal,Kumarapalayam(Uzhavar Sandhai ),Chikoos(Sapota),Sapota,Local,20-09-2026,3500,4000,3750
Tamil Nadu,Namakkal,Kumarapalayam(Uzhavar Sandhai ),Bhindi(Ladies Finger),Bhindi,Local,20-09-2026,2200,3000,2600
Tamil Nadu,Namakkal,Kumarapalayam(Uzhavar Sandhai ),Green Chilli,Green Chilly,Local,20-09-2026,5400,6000,5700
Tamil Nadu,Namakkal,Kumarapalayam(Uzhavar Sandhai ),Beans,Beans (Whole),Local,20-09-2026,8000,9000,8500
Tamil Nadu,Namakkal,Kumarapalayam(Uzhavar Sandhai ),Tapioca,Tapioca,Local,20-09-2026,2900,3500,3200
Tamil Nadu,Namakkal,Kumarapalayam(Uzhavar Sandhai ),Cabbage,Cabbage,Local,20-09-2026,2600,3000,2800
Tamil Nadu,Namakkal,Kumarapalayam(Uzhavar Sandhai ),Raddish,Raddish,Local,20-09-2026,2700,3500,3100
Tamil Nadu,Namakkal,Mohanur(Uzhavar Sandhai ),Potato,Other,Local,20-09-2026,3000,3500,3250
Tamil Nadu,Namakkal,Mohanur(Uzhavar Sandhai ),Water Melon,Water Melon,Local,20-09-2026,1300,1600,1450
Tamil Nadu,Namakkal,Mohanur(Uzhavar Sandhai ),Tomato,Deshi,Local,20-09-2026,3000,3400,3200
Tamil Nadu,Namakkal,Mohanur(Uzhavar Sandhai ),Pumpkin,Pumpkin,Local,20-09-2026,2500,2800,2650
Tamil Nadu,Namakkal,Mohanur(Uzhavar Sandhai ),Ginger(Green),Green Ginger,Local,20-09-2026,18000,20000,19000
Tamil Nadu,Namakkal,Namakkal(Uzhavar Sandhai ),Potato,Other,Local,20-09-2026,2500,3000,2750
Tamil Nadu,Namakkal,Namakkal(Uzhavar Sandhai ),Papaya,Papaya,Local,20-09-2026,3000,3500,3250
Tamil Nadu,Namakkal,Namakkal(Uzhavar Sandhai ),Amaranthus,Amaranthus,Local,20-09-2026,3500,4000,3750
Tamil Nadu,Namakkal,Namakkal(Uzhavar Sandhai ),Cowpea(Veg),Cowpea (Veg),Local,20-09-2026,4500,5000,4750
Tamil Nadu,Namakkal,Namakkal(Uzhavar Sandhai ),Tapioca,Tapioca,Local,20-09-2026,3000,3500,3250
Tamil Nadu,Namakkal,Namakkal(Uzhavar Sandhai ),Ginger(Green),Green Ginger,Local,20-09-2026,17000,18000,17500
Tamil Nadu,Namakkal,Namakkal(Uzhavar Sandhai ),Carrot,Pusakesar,Local,20-09-2026,4500,5000,4750
Tamil Nadu,Namakkal,Namakkal(Uzhavar Sandhai ),Cabbage,Cabbage,Local,20-09-2026,2000,2500,2250
Tamil Nadu,Namakkal,Namakkal(Uzhavar Sandhai ),Lime,Lime,Local,20-09-2026,3500,4000,3750
Tamil Nadu,Namakkal,Namakkal(Uzhavar Sandhai ),Tender Coconut,Tender Coconut,Local,20-09-2026,2000,3500,2750
Tamil Nadu,Namakkal,Namakkal(Uzhavar Sandhai ),Mashrooms,Mashrooms,Local,20-09-2026,20000,25000,22500
Tamil Nadu,Namakkal,Namakkal(Uzhavar Sandhai ),Mint(Pudina),Mint(Pudina),Local,20-09-2026,4500,5000,4750
Tamil Nadu,Namakkal,Paramathivelur(Uzhavar Sandhai ),Banana - Green,Banana - Green,Local,20-09-2026,3000,4000,3500
Tamil Nadu,Namakkal,Rasipuram(Uzhavar Sandhai ),Tomato,Other,Local,20-09-2026,3000,3400,3200
Tamil Nadu,Namakkal,Rasipuram(Uzhavar Sandhai ),Ashgourd,Gouard,Local,20-09-2026,2000,2500,2250
Tamil Nadu,Namakkal,Rasipuram(Uzhavar Sandhai ),Pumpkin,Pumpkin,Local,20-09-2026,1800,2200,2000
Tamil Nadu,Namakkal,Rasipuram(Uzhavar Sandhai ),Bhindi(Ladies Finger),Bhindi,Local,20-09-2026,3800,4400,4100
Tamil Nadu,Namakkal,Rasipuram(Uzhavar Sandhai ),Green Chilli,Green Chilly,Local,20-09-2026,5400,6000,5700
Tamil Nadu,Namakkal,Rasipuram(Uzhavar Sandhai ),Coconut,Coconut,Local,20-09-2026,6000,6500,6250
Tamil Nadu,Namakkal,Rasipuram(Uzhavar Sandhai ),Snakeguard,Snakeguard,Local,20-09-2026,4500,5000,4750
Tamil Nadu,Namakkal,Rasipuram(Uzhavar Sandhai ),Beetroot,Beetroot,Local,20-09-2026,6000,7000,6500
Tamil Nadu,Namakkal,Rasipuram(Uzhavar Sandhai ),Cucumbar(Kheera),Cucumbar,Local,20-09-2026,7000,8000,7500
Tamil Nadu,Namakkal,Rasipuram(Uzhavar Sandhai ),Raddish,Raddish,Local,20-09-2026,2500,3200,2850
Tamil Nadu,Namakkal,Rasipuram(Uzhavar Sandhai ),Thondekai,Thondekai,Local,20-09-2026,4500,5000,4750
Tamil Nadu,Namakkal,Rasipuram(Uzhavar Sandhai ),Guava,Guava Allahabad,Local,20-09-2026,6000,7000,6500
Tamil Nadu,Namakkal,Rasipuram(Uzhavar Sandhai ),Fig(Anjura/Anjeer),Anjura,Local,20-09-2026,13000,15000,14000
Tamil Nadu,Namakkal,Rasipuram(Uzhavar Sandhai ),Marigold(Calcutta),Marigold(Calcutta),Local,20-09-2026,22000,24000,23000
Tamil Nadu,Thanjavur,Tirukattupalli(Uzhavar Sandhai ),Banana,Besrai,Local,20-09-2026,6500,6500,6500
Tamil Nadu,Thanjavur,Tirukattupalli(Uzhavar Sandhai ),Bitter gourd,Bitter Gourd,Local,20-09-2026,3000,3000,3000
Tamil Nadu,Thanjavur,Tirukattupalli(Uzhavar Sandhai ),Bottle gourd,Bottle Gourd,Local,20-09-2026,5400,5400,5400
Tamil Nadu,Thanjavur,Tirukattupalli(Uzhavar Sandhai ),Green Chilli,Green Chilly,Local,20-09-2026,5000,5000,5000
Tamil Nadu,Madurai,Palanganatham(Uzhavar Sandhai ),Apple,American,Local,20-09-2026,20000,27000,23500
Tamil Nadu,Madurai,Palanganatham(Uzhavar Sandhai ),Banana,Besrai,Local,20-09-2026,3000,4000,3500
Tamil Nadu,Madurai,Palanganatham(Uzhavar Sandhai ),Grapes,Annabesahai,Local,20-09-2026,10000,12000,11000
Tamil Nadu,Madurai,Palanganatham(Uzhavar Sandhai ),Garlic,Garlic,Local,20-09-2026,14000,27000,20500
Tamil Nadu,Madurai,Palanganatham(Uzhavar Sandhai ),Green Peas,Green Peas,Local,20-09-2026,12000,14000,13000
Tamil Nadu,Madurai,Palanganatham(Uzhavar Sandhai ),Ginger(Green),Green Ginger,Local,20-09-2026,12000,20000,16000
Tamil Nadu,Madurai,Palanganatham(Uzhavar Sandhai ),Ridgeguard(Tori),Ridgeguard(Tori),Local,20-09-2026,4000,4500,4250
Tamil Nadu,Madurai,Palanganatham(Uzhavar Sandhai ),Thondekai,Thondekai,Local,20-09-2026,3000,4000,3500
Tamil Nadu,Madurai,Palanganatham(Uzhavar Sandhai ),Capsicum,Capsicum,Local,20-09-2026,6000,7000,6500
Tamil Nadu,Madurai,Palanganatham(Uzhavar Sandhai ),Knool Khol,Knool Khol,Local,20-09-2026,4000,4800,4400
Tamil Nadu,Madurai,Palanganatham(Uzhavar Sandhai ),Lemon,Lemon,Local,20-09-2026,26000,28000,27000
Tamil Nadu,Madurai,Palanganatham(Uzhavar Sandhai ),Colacasia,Colacasia,Local,20-09-2026,5000,6000,5500
Tamil Nadu,Madurai,Anna nagar(Uzhavar Sandhai ),Groundnut,Big (With Shell),Local,20-09-2026,7000,8000,7500
Tamil Nadu,Madurai,Anna nagar(Uzhavar Sandhai ),Onion,Bellary,Local,20-09-2026,6000,7000,6500
Tamil Nadu,Madurai,Anna nagar(Uzhavar Sandhai ),Coriander(Leaves),I Sort,Local,20-09-2026,4500,5000,4750
Tamil Nadu,Madurai,Anna nagar(Uzhavar Sandhai ),Mousambi(Sweet Lime),Mousambi,Local,20-09-2026,6000,7000,6500
Tamil Nadu,Madurai,Anna nagar(Uzhavar Sandhai ),Tomato,Deshi,Local,20-09-2026,2400,2800,2600
Tamil Nadu,Madurai,Anna nagar(Uzhavar Sandhai ),Green Chilli,Green Chilly,Local,20-09-2026,5000,6000,5500
Tamil Nadu,Madurai,Anna nagar(Uzhavar Sandhai ),Cucumbar(Kheera),Cucumbar,Local,20-09-2026,5000,10000,7500
Tamil Nadu,Madurai,Anna nagar(Uzhavar Sandhai ),Chow Chow,Chow Chow,Local,20-09-2026,2500,3000,2750
Tamil Nadu,Madurai,Anna nagar(Uzhavar Sandhai ),Drumstick,Drumstick,Local,20-09-2026,5000,6000,5500
Tamil Nadu,Madurai,Anna nagar(Uzhavar Sandhai ),Yam(Ratalu),Yam (Ratalu),Local,20-09-2026,6000,7000,6500
Tamil Nadu,Madurai,Anna nagar(Uzhavar Sandhai ),Indian Beans(Seam),Indian Beans (Seam),Local,20-09-2026,5500,6000,5750
Tamil Nadu,Madurai,Anna nagar(Uzhavar Sandhai ),Lemon,Lemon,Local,20-09-2026,24000,28000,26000
Tamil Nadu,Madurai,Anna nagar(Uzhavar Sandhai ),Colacasia,Colacasia,Local,20-09-2026,5000,6000,5500
Tamil Nadu,Perambalur,Perambalur(Uzhavar Sandhai ),Banana,Red Banana,Local,20-09-2026,7000,8000,7500
Tamil Nadu,Perambalur,Perambalur(Uzhavar Sandhai ),Coriander(Leaves),I Sort,Local,20-09-2026,3600,3800,3700
Tamil Nadu,Perambalur,Perambalur(Uzhavar Sandhai ),Tomato,Deshi,Local,20-09-2026,3000,3500,3250
Tamil Nadu,Perambalur,Perambalur(Uzhavar Sandhai ),Bitter gourd,Other,Local,20-09-2026,5200,6000,5600
Tamil Nadu,Perambalur,Perambalur(Uzhavar Sandhai ),Ashgourd,Gouard,Local,20-09-2026,1600,1600,1600
Tamil Nadu,Perambalur,Perambalur(Uzhavar Sandhai ),Pumpkin,Pumpkin,Local,20-09-2026,1600,1600,1600
Tamil Nadu,Perambalur,Perambalur(Uzhavar Sandhai ),Coconut,Coconut,Local,20-09-2026,5000,6000,5500
Tamil Nadu,Perambalur,Perambalur(Uzhavar Sandhai ),Carrot,Pusakesar,Local,20-09-2026,6000,6400,6200
Tamil Nadu,Perambalur,Perambalur(Uzhavar Sandhai ),Cucumbar(Kheera),Cucumbar,Local,20-09-2026,5200,5200,5200
Tamil Nadu,Perambalur,Perambalur(Uzhavar Sandhai ),Capsicum,Capsicum,Local,20-09-2026,5500,6000,5750
Tamil Nadu,Perambalur,Perambalur(Uzhavar Sandhai ),Yam(Ratalu),Yam (Ratalu),Local,20-09-2026,5000,6400,5700
Tamil Nadu,Perambalur,Perambalur(Uzhavar Sandhai ),Mashrooms,Mashrooms,Local,20-09-2026,20000,20000,20000
Tamil Nadu,Salem,Mecheri(Uzhavar Sandhai),Bitter gourd,Bitter Gourd,Local,20-09-2026,3500,4000,3750
Tamil Nadu,Salem,Mecheri(Uzhavar Sandhai),Banana - Green,Banana - Green,Local,20-09-2026,2000,2500,2250
Tamil Nadu,Salem,Mecheri(Uzhavar Sandhai),Drumstick,Drumstick,Local,20-09-2026,2500,3000,2750
Tamil Nadu,Ranipet,Arcot(Uzhavar Sandhai ),Cluster beans,Cluster Beans,Local,20-09-2026,3000,3000,3000
Tamil Nadu,Ranipet,Arcot(Uzhavar Sandhai ),Bottle gourd,Bottle Gourd,Local,20-09-2026,2000,2000,2000
Tamil Nadu,Ranipet,Arcot(Uzhavar Sandhai ),Ashgourd,Gouard,Local,20-09-2026,3000,3000,3000
Tamil Nadu,Ranipet,Arcot(Uzhavar Sandhai ),Green Chilli,Green Chilly,Local,20-09-2026,6000,6000,6000
Tamil Nadu,Ranipet,Arcot(Uzhavar Sandhai ),Beans,Beans (Whole),Local,20-09-2026,8000,8000,8000
Tamil Nadu,Ranipet,Arcot(Uzhavar Sandhai ),Ginger(Green),Green Ginger,Local,20-09-2026,18000,18000,18000
Tamil Nadu,Ranipet,Arcot(Uzhavar Sandhai ),Ridgeguard(Tori),Ridgeguard(Tori),Local,20-09-2026,4000,4000,4000
Tamil Nadu,Ranipet,Arcot(Uzhavar Sandhai ),Thondekai,Thondekai,Local,20-09-2026,3000,3000,3000
Tamil Nadu,Ranipet,Arcot(Uzhavar Sandhai ),Capsicum,Capsicum,Local,20-09-2026,5000,5000,5000
Tamil Nadu,Ranipet,Arcot(Uzhavar Sandhai ),Mint(Pudina),Mint(Pudina),Local,20-09-2026,4000,4000,4000
Tamil Nadu,Ranipet,Ranipettai(Uzhavar Sandhai ),Papaya,Papaya,Local,20-09-2026,5000,5000,5000
Tamil Nadu,Ranipet,Ranipettai(Uzhavar Sandhai ),Tomato,Other,Local,20-09-2026,2500,2800,2650
Tamil Nadu,Ranipet,Ranipettai(Uzhavar Sandhai ),Green Chilli,Green Chilly,Local,20-09-2026,5000,7000,6000
Tamil Nadu,Ranipet,Ranipettai(Uzhavar Sandhai ),Carrot,Pusakesar,Local,20-09-2026,5500,5500,5500
Tamil Nadu,Ranipet,Ranipettai(Uzhavar Sandhai ),Drumstick,Drumstick,Local,20-09-2026,4000,5000,4500
Tamil Nadu,Ranipet,Ranipettai(Uzhavar Sandhai ),Guava,Guava Allahabad,Local,20-09-2026,8000,12000,10000
Tamil Nadu,Ranipet,Ranipettai(Uzhavar Sandhai ),Kakada,Kakada,Local,20-09-2026,54000,54000,54000
Tamil Nadu,Ranipet,Ranipettai(Uzhavar Sandhai ),Onion Green,Onion Green,Local,20-09-2026,8800,11000,9900
Tamil Nadu,Salem,Ammapet(Uzhavar Sandhai ),Groundnut,Big (With Shell),Local,20-09-2026,6600,7000,6800
Tamil Nadu,Salem,Ammapet(Uzhavar Sandhai ),Orange,Darjeeling,Local,20-09-2026,9000,10000,9500
Tamil Nadu,Salem,Ammapet(Uzhavar Sandhai ),Cauliflower,Ranchi,Local,20-09-2026,2500,3000,2750
Tamil Nadu,Salem,Ammapet(Uzhavar Sandhai ),Coriander(Leaves),I Sort,Local,20-09-2026,1800,2000,1900
Tamil Nadu,Salem,Ammapet(Uzhavar Sandhai ),Bottle gourd,Bottle Gourd,Local,20-09-2026,2000,2500,2250
Tamil Nadu,Salem,Ammapet(Uzhavar Sandhai ),Green Chilli,Green Chilly,Local,20-09-2026,3800,4000,3900
Tamil Nadu,Salem,Ammapet(Uzhavar Sandhai ),Beans,Beans (Whole),Local,20-09-2026,7000,8000,7500
Tamil Nadu,Salem,Ammapet(Uzhavar Sandhai ),Ginger(Green),Green Ginger,Local,20-09-2026,16600,17500,17050
Tamil Nadu,Salem,Ammapet(Uzhavar Sandhai ),Cucumbar(Kheera),Cucumbar,Local,20-09-2026,4600,5000,4800
Tamil Nadu,Salem,Ammapet(Uzhavar Sandhai ),Mashrooms,Mashrooms,Local,20-09-2026,19000,20000,19500
Tamil Nadu,Salem,Ammapet(Uzhavar Sandhai ),Mint(Pudina),Mint(Pudina),Local,20-09-2026,4200,4500,4350
Tamil Nadu,Salem,Ammapet(Uzhavar Sandhai ),Sweet Corn ,Sweet Corn ,Local,20-09-2026,3600,4000,3800
Tamil Nadu,Salem,Mettur(Uzhavar Sandhai ),Banana,Red Banana,Local,20-09-2026,6500,7000,6750
Tamil Nadu,Salem,Mettur(Uzhavar Sandhai ),Onion,Bellary,Local,20-09-2026,6000,7000,6500
Tamil Nadu,Salem,Mettur(Uzhavar Sandhai ),Potato,Other,Local,20-09-2026,4000,4500,4250
Tamil Nadu,Salem,Mettur(Uzhavar Sandhai ),Water Melon,Water Melon,Local,20-09-2026,1500,2000,1750
Tamil Nadu,Salem,Mettur(Uzhavar Sandhai ),Mousambi(Sweet Lime),Mousambi,Local,20-09-2026,2500,3000,2750
Tamil Nadu,Salem,Mettur(Uzhavar Sandhai ),Bhindi(Ladies Finger),Bhindi,Local,20-09-2026,2000,2500,2250
Tamil Nadu,Salem,Mettur(Uzhavar Sandhai ),Tapioca,Tapioca,Local,20-09-2026,3000,3500,3250
Tamil Nadu,Salem,Mettur(Uzhavar Sandhai ),Cucumbar(Kheera),Cucumbar,Local,20-09-2026,3500,4000,3750
Tamil Nadu,Salem,Mettur(Uzhavar Sandhai ),Guava,Guava Allahabad,Local,20-09-2026,5000,6000,5500
Tamil Nadu,Salem,Mettur(Uzhavar Sandhai ),Indian Beans(Seam),Indian Beans (Seam),Local,20-09-2026,5500,6000,5750
Tamil Nadu,Salem,Mettur(Uzhavar Sandhai ),Mint(Pudina),Mint(Pudina),Local,20-09-2026,2500,3000,2750
Tamil Nadu,Salem,Sooramangalam(Uzhavar Sandhai ),Bitter gourd,Other,Local,20-09-2026,3400,3600,3500
Tamil Nadu,Thiruchirappalli,Thuraiyur APMC,Coriander(Leaves),I Sort,Local,20-09-2026,3000,3500,3250
Tamil Nadu,Thiruchirappalli,Thuraiyur APMC,Bitter gourd,Other,Local,20-09-2026,5500,6500,6000
Tamil Nadu,Thiruchirappalli,Thuraiyur APMC,Pumpkin,Pumpkin,Local,20-09-2026,1200,1800,1500
Tamil Nadu,Thiruchirappalli,Thuraiyur APMC,Betal Leaves,Mysore,Local,20-09-2026,10000,12000,11000
Tamil Nadu,Thiruchirappalli,Thuraiyur APMC,Capsicum,Capsicum,Local,20-09-2026,4500,5000,4750
Tamil Nadu,Thiruchirappalli,Thuraiyur APMC,Yam(Ratalu),Yam (Ratalu),Local,20-09-2026,5000,5500,5250
Tamil Nadu,Thiruchirappalli,Thuraiyur APMC,Indian Beans(Seam),Indian Beans (Seam),Local,20-09-2026,6000,7000,6500
Tamil Nadu,Salem,Thammampatti (Uzhavar Sandhai ),Banana - Green,Banana - Green,Local,20-09-2026,2000,2500,2250
Tamil Nadu,Salem,Thammampatti (Uzhavar Sandhai ),Beans,Beans (Whole),Local,20-09-2026,8500,9000,8750
Tamil Nadu,Salem,Thammampatti (Uzhavar Sandhai ),Carrot,Pusakesar,Local,20-09-2026,5500,5800,5650
Tamil Nadu,Salem,Thammampatti (Uzhavar Sandhai ),Snakeguard,Snakeguard,Local,20-09-2026,3000,3400,3200
Tamil Nadu,Salem,Thammampatti (Uzhavar Sandhai ),Ridgeguard(Tori),Ridgeguard(Tori),Local,20-09-2026,3500,4000,3750
Tamil Nadu,Salem,Thammampatti (Uzhavar Sandhai ),Capsicum,Capsicum,Local,20-09-2026,6000,6000,6000
Tamil Nadu,Salem,Thammampatti (Uzhavar Sandhai ),Guava,Guava Allahabad,Local,20-09-2026,6000,6000,6000
Tamil Nadu,Salem,Thathakapatti(Uzhavar Sandhai ),Papaya,Papaya,Local,20-09-2026,3500,4000,3750
Tamil Nadu,Salem,Thathakapatti(Uzhavar Sandhai ),Cluster beans,Cluster Beans,Local,20-09-2026,3400,3600,3500
Tamil Nadu,Salem,Thathakapatti(Uzhavar Sandhai ),Pumpkin,Pumpkin,Local,20-09-2026,1500,2000,1750
Tamil Nadu,Salem,Thathakapatti(Uzhavar Sandhai ),Green Chilli,Green Chilly,Local,20-09-2026,4000,4000,4000
Tamil Nadu,Salem,Thathakapatti(Uzhavar Sandhai ),Cucumbar(Kheera),Cucumbar,Local,20-09-2026,4000,5000,4500
Tamil Nadu,Salem,Thathakapatti(Uzhavar Sandhai ),Green Avare(W),Green Avare (W),Local,20-09-2026,6000,6500,6250
Tamil Nadu,Salem,Thathakapatti(Uzhavar Sandhai ),Drumstick,Drumstick,Local,20-09-2026,3800,4000,3900
Tamil Nadu,Salem,Thathakapatti(Uzhavar Sandhai ),Lime,Lime,Local,20-09-2026,3500,4000,3750
Tamil Nadu,Salem,Thathakapatti(Uzhavar Sandhai ),Elephant Yam(Suran)/Amorphophallus,Elephant Yam (Suran),Local,20-09-2026,5000,5500,5250
Tamil Nadu,Salem,Thathakapatti(Uzhavar Sandhai ),Yam(Ratalu),Yam (Ratalu),Local,20-09-2026,7000,8000,7500
Tamil Nadu,Salem,Thathakapatti(Uzhavar Sandhai ),Colacasia,Colacasia,Local,20-09-2026,5500,6000,5750
Tamil Nadu,Theni,Chinnamanur(Uzhavar Sandhai ),Soyabean,Local,Local,20-09-2026,9000,9000,9000
Tamil Nadu,Theni,Chinnamanur(Uzhavar Sandhai ),Garlic,Garlic,Local,20-09-2026,14000,24000,19000
Tamil Nadu,Theni,Chinnamanur(Uzhavar Sandhai ),Coriander(Leaves),I Sort,Local,20-09-2026,3000,3000,3000
Tamil Nadu,Theni,Chinnamanur(Uzhavar Sandhai ),Pumpkin,Pumpkin,Local,20-09-2026,1500,2400,1950
Tamil Nadu,Theni,Chinnamanur(Uzhavar Sandhai ),Green Chilli,Green Chilly,Local,20-09-2026,5200,5200,5200
Tamil Nadu,Theni,Chinnamanur(Uzhavar Sandhai ),Carrot,Pusakesar,Local,20-09-2026,3400,3400,3400
Tamil Nadu,Theni,Chinnamanur(Uzhavar Sandhai ),Snakeguard,Snakeguard,Local,20-09-2026,2500,2500,2500
Tamil Nadu,Theni,Chinnamanur(Uzhavar Sandhai ),Ridgeguard(Tori),Ridgeguard(Tori),Local,20-09-2026,3800,3800,3800
Tamil Nadu,Theni,Chinnamanur(Uzhavar Sandhai ),Capsicum,Capsicum,Local,20-09-2026,5000,5000,5000
Tamil Nadu,Theni,Chinnamanur(Uzhavar Sandhai ),Lime,Lime,Local,20-09-2026,9600,9600,9600
Tamil Nadu,Theni,Chinnamanur(Uzhavar Sandhai ),Colacasia,Colacasia,Local,20-09-2026,5000,5000,5000
Tamil Nadu,Theni,Kambam(Uzhavar Sandhai ),Potato,Other,Local,20-09-2026,3000,3000,3000
Tamil Nadu,Theni,Kambam(Uzhavar Sandhai ),Cluster beans,Cluster Beans,Local,20-09-2026,3000,3000,3000
Tamil Nadu,Theni,Kambam(Uzhavar Sandhai ),Cowpea(Veg),Cowpea (Veg),Local,20-09-2026,4500,4500,4500
Tamil Nadu,Theni,Kambam(Uzhavar Sandhai ),Banana - Green,Banana - Green,Local,20-09-2026,3600,3600,3600
Tamil Nadu,Theni,Kambam(Uzhavar Sandhai ),Cabbage,Cabbage,Local,20-09-2026,2800,2800,2800
Tamil Nadu,Theni,Kambam(Uzhavar Sandhai ),Drumstick,Drumstick,Local,20-09-2026,4000,4000,4000
Tamil Nadu,Theni,Kambam(Uzhavar Sandhai ),Knool Khol,Knool Khol,Local,20-09-2026,3400,3400,3400
Tamil Nadu,Theni,Kambam(Uzhavar Sandhai ),Lemon,Lemon,Local,20-09-2026,22000,22000,22000
Tamil Nadu,Theni,Theni(Uzhavar Sandhai ),Orange,Darjeeling,Local,20-09-2026,16000,16000,16000
Tamil Nadu,Theni,Theni(Uzhavar Sandhai ),Banana,Red Banana,Local,20-09-2026,6000,7000,6500
Tamil Nadu,Theni,Theni(Uzhavar Sandhai ),Bottle gourd,Bottle Gourd,Local,20-09-2026,1000,1400,1200
Tamil Nadu,Theni,Theni(Uzhavar Sandhai ),Green Chilli,Green Chilly,Local,20-09-2026,2000,5800,3900
Tamil Nadu,Theni,Theni(Uzhavar Sandhai ),Ginger(Green),Green Ginger,Local,20-09-2026,7500,16000,11750
Tamil Nadu,Theni,Theni(Uzhavar Sandhai ),Snakeguard,Snakeguard,Local,20-09-2026,2500,2500,2500
Tamil Nadu,Theni,Theni(Uzhavar Sandhai ),Thondekai,Thondekai,Local,20-09-2026,3500,3500,3500
Tamil Nadu,Theni,Theni(Uzhavar Sandhai ),Knool Khol,Knool Khol,Local,20-09-2026,3000,3400,3200
Tamil Nadu,Theni,Theni(Uzhavar Sandhai ),Mashrooms,Mashrooms,Local,20-09-2026,25000,25000,25000
Tamil Nadu,Thirunelveli,NGO Colony(Uzhavar Sandhai ),Banana,Besrai,Local,20-09-2026,5500,6000,5750
Tamil Nadu,Thirunelveli,NGO Colony(Uzhavar Sandhai ),Banana - Green,Banana - Green,Local,20-09-2026,2500,3000,2750
Tamil Nadu,Thirunelveli,NGO Colony(Uzhavar Sandhai ),Snakeguard,Snakeguard,Local,20-09-2026,1500,2000,1750
Tamil Nadu,Thirunelveli,NGO Colony(Uzhavar Sandhai ),Lemon,Lemon,Local,20-09-2026,18000,20000,19000
Tamil Nadu,Thirunelveli,NGO Colony(Uzhavar Sandhai ),Onion Green,Onion Green,Local,20-09-2026,9000,10600,9800
Tamil Nadu,Thirunelveli,Palayamkottai(Uzhavar Sandhai ),Potato,Other,Local,20-09-2026,2500,2900,2700
Tamil Nadu,Thirunelveli,Palayamkottai(Uzhavar Sandhai ),Garlic,Garlic,Local,20-09-2026,22000,30000,26000
Tamil Nadu,Thirunelveli,Palayamkottai(Uzhavar Sandhai ),Coriander(Leaves),I Sort,Local,20-09-2026,4000,4500,4250
Tamil Nadu,Thirunelveli,Palayamkottai(Uzhavar Sandhai ),Chikoos(Sapota),Sapota,Local,20-09-2026,4000,5000,4500
Tamil Nadu,Thirunelveli,Palayamkottai(Uzhavar Sandhai ),Papaya,Papaya,Local,20-09-2026,3500,4000,3750
Tamil Nadu,Thirunelveli,Palayamkottai(Uzhavar Sandhai ),Mousambi(Sweet Lime),Mousambi,Local,20-09-2026,6000,7000,6500
Tamil Nadu,Thirunelveli,Palayamkottai(Uzhavar Sandhai ),Green Chilli,Green Chilly,Local,20-09-2026,4000,5000,4500
Tamil Nadu,Thirunelveli,Palayamkottai(Uzhavar Sandhai ),Cowpea(Veg),Cowpea (Veg),Local,20-09-2026,3000,3200,3100
Tamil Nadu,Thirunelveli,Palayamkottai(Uzhavar Sandhai ),Carrot,Pusakesar,Local,20-09-2026,2800,4800,3800
Tamil Nadu,Thirunelveli,Palayamkottai(Uzhavar Sandhai ),Snakeguard,Snakeguard,Local,20-09-2026,1800,2000,1900
Tamil Nadu,Thirunelveli,Palayamkottai(Uzhavar Sandhai ),Ridgeguard(Tori),Ridgeguard(Tori),Local,20-09-2026,3500,4000,3750
Tamil Nadu,Thirunelveli,Palayamkottai(Uzhavar Sandhai ),Pomegranate,Pomogranate,Local,20-09-2026,14000,20000,17000
Tamil Nadu,Thirupur,Kangayam(Uzhavar Sandhai ),Brinjal,Round,Local,20-09-2026,5500,6000,5750
Tamil Nadu,Thirupur,Kangayam(Uzhavar Sandhai ),Banana,Besrai,Local,20-09-2026,3800,4200,4000
Tamil Nadu,Thirupur,Kangayam(Uzhavar Sandhai ),Tender Coconut,Tender Coconut,Local,20-09-2026,3000,3500,3250
Tamil Nadu,Thirupur,Tiruppur (North) (Uzhavar Sandhai ),Cluster beans,Cluster Beans,Local,20-09-2026,3500,4000,3750
Tamil Nadu,Thirupur,Tiruppur (North) (Uzhavar Sandhai ),Amaranthus,Amaranthus,Local,20-09-2026,2000,2500,2250
Tamil Nadu,Thirupur,Tiruppur (North) (Uzhavar Sandhai ),Banana - Green,Banana - Green,Local,20-09-2026,2500,3000,2750
Tamil Nadu,Thirupur,Tiruppur (North) (Uzhavar Sandhai ),Sweet Potato,Hosur Red,Local,20-09-2026,3500,4000,3750
Tamil Nadu,Thirupur,Tiruppur (North) (Uzhavar Sandhai ),Snakeguard,Snakeguard,Local,20-09-2026,3500,4000,3750
Tamil Nadu,Thirupur,Tiruppur (North) (Uzhavar Sandhai ),Raddish,Raddish,Local,20-09-2026,2500,3000,2750
Tamil Nadu,Thirupur,Tiruppur (North) (Uzhavar Sandhai ),Chow Chow,Chow Chow,Local,20-09-2026,2500,3000,2750
Tamil Nadu,Thirupur,Tiruppur (North) (Uzhavar Sandhai ),Drumstick,Drumstick,Local,20-09-2026,2500,3000,2750
Tamil Nadu,Thirupur,Tiruppur (North) (Uzhavar Sandhai ),Sweet Corn ,Sweet Corn ,Local,20-09-2026,1500,2000,1750
Tamil Nadu,Thiruvannamalai,Chengam(Uzhavar Sandhai ),Ashgourd,Gouard,Local,20-09-2026,1600,2000,1800
Tamil Nadu,Thiruvannamalai,Chengam(Uzhavar Sandhai ),Ginger(Green),Green Ginger,Local,20-09-2026,16000,20000,18000
Tamil Nadu,Thiruvannamalai,Chengam(Uzhavar Sandhai ),Knool Khol,Knool Khol,Local,20-09-2026,4200,5000,4600
Tamil Nadu,Thiruvannamalai,Chengam(Uzhavar Sandhai ),Yam(Ratalu),Yam (Ratalu),Local,20-09-2026,5000,6000,5500
Tamil Nadu,Thiruvannamalai,Chengam(Uzhavar Sandhai ),Onion Green,Onion Green,Local,20-09-2026,7000,8000,7500
Tamil Nadu,Thiruvannamalai,Tamarainagar(Uzhavar Sandhai ),Brinjal,Round,Local,20-09-2026,5000,6000,5500
Tamil Nadu,Thiruvannamalai,Tamarainagar(Uzhavar Sandhai ),Papaya,Papaya,Local,20-09-2026,4000,4800,4400
Tamil Nadu,Thiruvannamalai,Tamarainagar(Uzhavar Sandhai ),Water Melon,Water Melon,Local,20-09-2026,2500,3000,2750
Tamil Nadu,Thiruvannamalai,Tamarainagar(Uzhavar Sandhai ),Cluster beans,Cluster Beans,Local,20-09-2026,3500,4000,3750
Tamil Nadu,Thiruvannamalai,Tamarainagar(Uzhavar Sandhai ),Bottle gourd,Bottle Gourd,Local,20-09-2026,2000,2500,2250
Tamil Nadu,Thiruvannamalai,Tamarainagar(Uzhavar Sandhai ),Coconut,Coconut,Local,20-09-2026,5600,6600,6100
Tamil Nadu,Thiruvannamalai,Tamarainagar(Uzhavar Sandhai ),Lemon,Lemon,Local,20-09-2026,25000,30000,27500
Tamil Nadu,Thiruvannamalai,Tamarainagar(Uzhavar Sandhai ),Onion Green,Onion Green,Local,20-09-2026,10000,12000,11000
Tamil Nadu,Thiruvannamalai,Tamarainagar(Uzhavar Sandhai ),Rose(Local),Rose (Local),Local,20-09-2026,25000,30000,27500
Tamil Nadu,Thiruvannamalai,Vandavasi(Uzhavar Sandhai ),Amaranthus,Amaranthus,Local,20-09-2026,2500,3000,2750
Tamil Nadu,Thiruvannamalai,Vandavasi(Uzhavar Sandhai ),Banana - Green,Banana - Green,Local,20-09-2026,1600,2000,1800
Tamil Nadu,Thiruvannamalai,Vandavasi(Uzhavar Sandhai ),Thondekai,Thondekai,Local,20-09-2026,3500,4000,3750
Tamil Nadu,Thiruvannamalai,Vandavasi(Uzhavar Sandhai ),Mint(Pudina),Mint(Pudina),Local,20-09-2026,3800,4500,4150
Tamil Nadu,Thiruvarur,Muthupettai(Uzhavar Sandhai ),Brinjal,Round,Local,20-09-2026,3600,3600,3600
Tamil Nadu,Thiruvarur,Muthupettai(Uzhavar Sandhai ),Potato,Red Nanital,Local,20-09-2026,3000,3000,3000
Tamil Nadu,Thiruvarur,Muthupettai(Uzhavar Sandhai ),Bitter gourd,Bitter Gourd,Local,20-09-2026,4600,4600,4600
Tamil Nadu,Thiruvarur,Muthupettai(Uzhavar Sandhai ),Lemon,Lemon,Local,20-09-2026,20000,20000,20000
Tamil Nadu,Coimbatore,Sulur(Uzhavar Sandhai ),Onion,Bellary,Local,20-09-2026,5800,6200,6000
Tamil Nadu,Coimbatore,Sulur(Uzhavar Sandhai ),Bhindi(Ladies Finger),Bhindi,Local,20-09-2026,4000,4600,4300
Tamil Nadu,Coimbatore,Sulur(Uzhavar Sandhai ),Green Chilli,Green Chilly,Local,20-09-2026,5000,5600,5300
Tamil Nadu,Coimbatore,Sulur(Uzhavar Sandhai ),Tapioca,Tapioca,Local,20-09-2026,3200,3600,3400
Tamil Nadu,Coimbatore,Sulur(Uzhavar Sandhai ),Cabbage,Cabbage,Local,20-09-2026,2200,2500,2350
Tamil Nadu,Coimbatore,Sulur(Uzhavar Sandhai ),Snakeguard,Snakeguard,Local,20-09-2026,3000,3400,3200
Tamil Nadu,Coimbatore,Sulur(Uzhavar Sandhai ),Lemon,Lemon,Local,20-09-2026,24000,26000,25000
Tamil Nadu,Coimbatore,Sulur(Uzhavar Sandhai ),Amla(Nelli Kai),Amla,Local,20-09-2026,11000,12000,11500
Tamil Nadu,Coimbatore,Sulur(Uzhavar Sandhai ),Onion Green,Onion Green,Local,20-09-2026,8600,9200,8900
Tamil Nadu,Pudukkottai,Gandarvakottai(Uzhavar Sandhai ),Potato,Red Nanital,Local,20-09-2026,5500,6000,5750
Tamil Nadu,Pudukkottai,Gandarvakottai(Uzhavar Sandhai ),Green Chilli,Green Chilly,Local,20-09-2026,5000,5500,5250
Tamil Nadu,Cuddalore,Panruti(Uzhavar Sandhai ),Papaya,Papaya,Local,20-09-2026,4000,4000,4000
Tamil Nadu,Cuddalore,Panruti(Uzhavar Sandhai ),Ashgourd,Gouard,Local,20-09-2026,2500,2500,2500
Tamil Nadu,Cuddalore,Panruti(Uzhavar Sandhai ),Banana - Green,Banana - Green,Local,20-09-2026,2500,2500,2500
Tamil Nadu,Cuddalore,Panruti(Uzhavar Sandhai ),Lemon,Lemon,Local,20-09-2026,16000,16000,16000
Tamil Nadu,Cuddalore,Vadalur(Uzhavar Sandhai ),Cluster beans,Cluster Beans,Local,20-09-2026,4000,4000,4000
Tamil Nadu,Cuddalore,Vadalur(Uzhavar Sandhai ),Beans,Beans (Whole),Local,20-09-2026,8000,8000,8000
Tamil Nadu,Cuddalore,Vadalur(Uzhavar Sandhai ),Ginger(Green),Green Ginger,Local,20-09-2026,7000,7000,7000
Tamil Nadu,Cuddalore,Vadalur(Uzhavar Sandhai ),Snakeguard,Snakeguard,Local,20-09-2026,3000,3000,3000
Tamil Nadu,Cuddalore,Vadalur(Uzhavar Sandhai ),Beetroot,Beetroot,Local,20-09-2026,4000,5000,4500
Tamil Nadu,Cuddalore,Vadalur(Uzhavar Sandhai ),Raddish,Raddish,Local,20-09-2026,3000,3000,3000
Tamil Nadu,Cuddalore,Vadalur(Uzhavar Sandhai ),Thondekai,Thondekai,Local,20-09-2026,4000,4000,4000
Tamil Nadu,Cuddalore,Vadalur(Uzhavar Sandhai ),Green Avare(W),Other,Local,20-09-2026,6000,6000,6000
Tamil Nadu,Cuddalore,Vadalur(Uzhavar Sandhai ),Knool Khol,Knool Khol,Local,20-09-2026,3000,3000,3000
Tamil Nadu,Cuddalore,Vadalur(Uzhavar Sandhai ),Lemon,Lemon,Local,20-09-2026,15000,16000,15500
Tamil Nadu,Dharmapuri,AJattihalli(Uzhavar Sandhai ),Banana,Red Banana,Local,20-09-2026,8500,8500,8500
Tamil Nadu,Dharmapuri,AJattihalli(Uzhavar Sandhai ),Cauliflower,Ranchi,Local,20-09-2026,3500,3500,3500
Tamil Nadu,Dharmapuri,AJattihalli(Uzhavar Sandhai ),Tomato,Deshi,Local,20-09-2026,2000,2500,2250
Tamil Nadu,Dharmapuri,AJattihalli(Uzhavar Sandhai ),Bottle gourd,Bottle Gourd,Local,20-09-2026,1600,2000,1800
Tamil Nadu,Dharmapuri,AJattihalli(Uzhavar Sandhai ),Bhindi(Ladies Finger),Bhindi,Local,20-09-2026,1600,1600,1600
Tamil Nadu,Dharmapuri,AJattihalli(Uzhavar Sandhai ),Cowpea(Veg),Cowpea (Veg),Local,20-09-2026,5500,5500,5500
Tamil Nadu,Dharmapuri,AJattihalli(Uzhavar Sandhai ),Beans,Beans (Whole),Local,20-09-2026,10500,10500,10500
Tamil Nadu,Dharmapuri,AJattihalli(Uzhavar Sandhai ),Ginger(Green),Green Ginger,Local,20-09-2026,20000,22000,21000
Tamil Nadu,Dharmapuri,AJattihalli(Uzhavar Sandhai ),Cabbage,Cabbage,Local,20-09-2026,2600,3000,2800
Tamil Nadu,Dharmapuri,AJattihalli(Uzhavar Sandhai ),Knool Khol,Knool Khol,Local,20-09-2026,4800,4800,4800
Tamil Nadu,Dharmapuri,AJattihalli(Uzhavar Sandhai ),Tender Coconut,Tender Coconut,Local,20-09-2026,3000,3500,3250
Tamil Nadu,Dharmapuri,AJattihalli(Uzhavar Sandhai ),Colacasia,Colacasia,Local,20-09-2026,6600,6600,6600
Tamil Nadu,Dharmapuri,AJattihalli(Uzhavar Sandhai ),Onion Green,Onion Green,Local,20-09-2026,7000,8000,7500
Tamil Nadu,Karur,Pallapatti (Uzhavar Sandhai ),Brinjal,Other,Local,20-09-2026,4000,6000,5000
Tamil Nadu,Karur,Pallapatti (Uzhavar Sandhai ),Banana,Other,Local,20-09-2026,6500,7000,6750
Tamil Nadu,Karur,Pallapatti (Uzhavar Sandhai ),Chikoos(Sapota),Sapota,Local,20-09-2026,4500,5000,4750
Tamil Nadu,Karur,Pallapatti (Uzhavar Sandhai ),Bitter gourd,Other,Local,20-09-2026,5500,6000,5750
Tamil Nadu,Karur,Pallapatti (Uzhavar Sandhai ),Ashgourd,Gouard,Local,20-09-2026,2200,2500,2350
Tamil Nadu,Karur,Pallapatti (Uzhavar Sandhai ),Pumpkin,Pumpkin,Local,20-09-2026,2200,2500,2350
Tamil Nadu,Karur,Pallapatti (Uzhavar Sandhai ),Tapioca,Tapioca,Local,20-09-2026,2500,3000,2750
Tamil Nadu,Karur,Pallapatti (Uzhavar Sandhai ),Coconut,Coconut,Local,20-09-2026,5500,6000,5750
Tamil Nadu,Karur,Pallapatti (Uzhavar Sandhai ),Snakeguard,Snakeguard,Local,20-09-2026,3500,4000,3750
Tamil Nadu,Karur,Pallapatti (Uzhavar Sandhai ),Lime,Lime,Local,20-09-2026,3500,4000,3750
Tamil Nadu,Karur,Pallapatti (Uzhavar Sandhai ),Baby Corn,Baby Corn,Grade A,20-09-2026,4500,5000,4750
Tamil Nadu,Karur,Velayuthampalayam(Uzhavar Sandhai ),Amaranthus,Amaranthus,Local,20-09-2026,2000,2500,2250
Tamil Nadu,Karur,Velayuthampalayam(Uzhavar Sandhai ),Green Avare(W),Other,Local,20-09-2026,9000,10000,9500
Tamil Nadu,Karur,Velayuthampalayam(Uzhavar Sandhai ),Drumstick,Drumstick,Local,20-09-2026,2400,3000,2700
Tamil Nadu,Karur,Velayuthampalayam(Uzhavar Sandhai ),Mint(Pudina),Mint(Pudina),Local,20-09-2026,5200,6000,5600
Tamil Nadu,Karur,Vengamedu(Uzhavar Sandhai ),Bitter gourd,Other,Local,20-09-2026,5000,5500,5250
Tamil Nadu,Karur,Vengamedu(Uzhavar Sandhai ),Amaranthus,Amaranthus,Local,20-09-2026,2000,2500,2250
Tamil Nadu,Karur,Vengamedu(Uzhavar Sandhai ),Banana - Green,Banana - Green,Local,20-09-2026,2500,3000,2750
Tamil Nadu,Karur,Vengamedu(Uzhavar Sandhai ),Green Avare(W),Other,Local,20-09-2026,9000,10000,9500
Tamil Nadu,Karur,Vengamedu(Uzhavar Sandhai ),Onion Green,Onion Green,Local,20-09-2026,9000,9500,9250
Tamil Nadu,Theni,Devaram(Uzhavar Sandhai ),Brinjal,Round,Local,20-09-2026,3000,3000,3000
Tamil Nadu,Theni,Devaram(Uzhavar Sandhai ),Potato,Red Nanital,Local,20-09-2026,3000,3000,3000
Tamil Nadu,Theni,Devaram(Uzhavar Sandhai ),Bitter gourd,Bitter Gourd,Local,20-09-2026,3800,3800,3800
Tamil Nadu,Theni,Devaram(Uzhavar Sandhai ),Green Avare(W),Green Avare (W),Local,20-09-2026,7500,7500,7500
Tamil Nadu,Theni,Devaram(Uzhavar Sandhai ),Chow Chow,Chow Chow,Local,20-09-2026,3000,3000,3000
Tamil Nadu,Theni,Devaram(Uzhavar Sandhai ),Indian Beans(Seam),Indian Beans (Seam),Local,20-09-2026,5400,5400,5400
Tamil Nadu,Theni,Devaram(Uzhavar Sandhai ),Onion Green,Onion Green,Local,20-09-2026,8000,8000,8000
Tamil Nadu,Salem,Attayampatti(Uzhavar Sandhai ),Tomato,Deshi,Local,20-09-2026,2400,2800,2600
Tamil Nadu,Salem,Attayampatti(Uzhavar Sandhai ),Bottle gourd,Bottle Gourd,Local,20-09-2026,2600,3000,2800
Tamil Nadu,Salem,Attayampatti(Uzhavar Sandhai ),Amaranthus,Amaranthus,Local,20-09-2026,2400,2800,2600
Tamil Nadu,Salem,Attayampatti(Uzhavar Sandhai ),Tapioca,Tapioca,Local,20-09-2026,3500,3500,3500
Tamil Nadu,Salem,Attayampatti(Uzhavar Sandhai ),Sweet Potato,Hosur Red,Local,20-09-2026,5000,5000,5000
Tamil Nadu,Salem,Attayampatti(Uzhavar Sandhai ),Ridgeguard(Tori),Ridgeguard(Tori),Local,20-09-2026,4000,4000,4000
Tamil Nadu,Salem,Attayampatti(Uzhavar Sandhai ),Drumstick,Drumstick,Local,20-09-2026,3000,3500,3250
Tamil Nadu,Sivaganga,Sivagangai (Uzhavar Sandhai ),Coriander(Leaves),I Sort,Local,20-09-2026,4600,5000,4800
Tamil Nadu,Sivaganga,Sivagangai (Uzhavar Sandhai ),Bitter gourd,Other,Local,20-09-2026,5200,5600,5400
Tamil Nadu,Sivaganga,Sivagangai (Uzhavar Sandhai ),Ginger(Green),Green Ginger,Local,20-09-2026,13000,20000,16500
Tamil Nadu,Sivaganga,Sivagangai (Uzhavar Sandhai ),Carrot,Pusakesar,Local,20-09-2026,3000,4200,3600
Tamil Nadu,Sivaganga,Sivagangai (Uzhavar Sandhai ),Ridgeguard(Tori),Ridgeguard(Tori),Local,20-09-2026,3800,4600,4200
Tamil Nadu,Sivaganga,Sivagangai (Uzhavar Sandhai ),Raddish,Raddish,Local,20-09-2026,2600,3000,2800
Tamil Nadu,Sivaganga,Sivagangai (Uzhavar Sandhai ),Knool Khol,Knool Khol,Local,20-09-2026,4600,5000,4800
Tamil Nadu,Sivaganga,Sivagangai (Uzhavar Sandhai ),Lemon,Lemon,Local,20-09-2026,26000,28000,27000
Tamil Nadu,Sivaganga,Devakottai (Uzhavar Sandhai ),Ashgourd,Gouard,Local,20-09-2026,2000,2200,2100
Tamil Nadu,Salem,Edapadi (Uzhavar Sandhai ),Cauliflower,Ranchi,Local,20-09-2026,2500,3000,2750
Tamil Nadu,Salem,Edapadi (Uzhavar Sandhai ),Mousambi(Sweet Lime),Mousambi,Local,20-09-2026,2800,3000,2900
Tamil Nadu,Salem,Edapadi (Uzhavar Sandhai ),Tomato,Other,Local,20-09-2026,2800,3000,2900
Tamil Nadu,Salem,Edapadi (Uzhavar Sandhai ),Bitter gourd,Other,Local,20-09-2026,4500,5000,4750
Tamil Nadu,Salem,Edapadi (Uzhavar Sandhai ),Ashgourd,Gouard,Local,20-09-2026,1800,2000,1900
Tamil Nadu,Salem,Edapadi (Uzhavar Sandhai ),Green Chilli,Green Chilly,Local,20-09-2026,4000,4500,4250
Tamil Nadu,Salem,Edapadi (Uzhavar Sandhai ),Ridgeguard(Tori),Ridgeguard(Tori),Local,20-09-2026,3800,4000,3900
Tamil Nadu,Salem,Edapadi (Uzhavar Sandhai ),Chow Chow,Chow Chow,Local,20-09-2026,3500,4000,3750
Tamil Nadu,Salem,Elampillai(Uzhavar Sandhai ),Brinjal,Other,Local,20-09-2026,3000,3500,3250
Tamil Nadu,Salem,Elampillai(Uzhavar Sandhai ),Garlic,Garlic,Local,20-09-2026,27000,28000,27500
Tamil Nadu,Salem,Elampillai(Uzhavar Sandhai ),Bitter gourd,Other,Local,20-09-2026,4000,4500,4250
Tamil Nadu,Salem,Elampillai(Uzhavar Sandhai ),Ashgourd,Gouard,Local,20-09-2026,1800,2000,1900
Tamil Nadu,Salem,Elampillai(Uzhavar Sandhai ),Green Avare(W),Other,Local,20-09-2026,5000,6000,5500
Tamil Nadu,Salem,Elampillai(Uzhavar Sandhai ),Chow Chow,Chow Chow,Local,20-09-2026,4000,4500,4250
Tamil Nadu,Salem,Elampillai(Uzhavar Sandhai ),Marigold(Calcutta),Marigold(Calcutta),Local,20-09-2026,17000,18000,17500
Tamil Nadu,Salem,Elampillai(Uzhavar Sandhai ),Onion Green,Onion Green,Local,20-09-2026,7000,8000,7500
Tamil Nadu,Salem,Hasthampatti(Uzhavar Sandhai ),Apple,American,Local,20-09-2026,14000,15000,14500
Tamil Nadu,Salem,Hasthampatti(Uzhavar Sandhai ),Potato,Other,Local,20-09-2026,4500,5000,4750
Tamil Nadu,Salem,Hasthampatti(Uzhavar Sandhai ),Garlic,Garlic,Local,20-09-2026,18000,20000,19000
Tamil Nadu,Salem,Hasthampatti(Uzhavar Sandhai ),Papaya,Papaya,Local,20-09-2026,3000,3500,3250
Tamil Nadu,Salem,Hasthampatti(Uzhavar Sandhai ),Pumpkin,Pumpkin,Local,20-09-2026,1800,2000,1900
Tamil Nadu,Salem,Hasthampatti(Uzhavar Sandhai ),Amaranthus,Amaranthus,Local,20-09-2026,2000,2400,2200
Tamil Nadu,Salem,Hasthampatti(Uzhavar Sandhai ),Beans,Beans (Whole),Local,20-09-2026,7500,8000,7750
Tamil Nadu,Salem,Hasthampatti(Uzhavar Sandhai ),Colacasia,Colacasia,Local,20-09-2026,5500,6000,5750
Tamil Nadu,Salem,Hasthampatti(Uzhavar Sandhai ),Baby Corn,Baby Corn,Grade A,20-09-2026,2500,3000,2750
Tamil Nadu,Salem,Jalagandapuram(Uzhavar Sandhai ),Banana,Red Banana,Local,20-09-2026,6000,7000,6500
Tamil Nadu,Salem,Jalagandapuram(Uzhavar Sandhai ),Coconut,Coconut,Local,20-09-2026,5000,6000,5500
Tamil Nadu,Salem,Jalagandapuram(Uzhavar Sandhai ),Raddish,Raddish,Local,20-09-2026,2000,2500,2250
Tamil Nadu,Salem,Jalagandapuram(Uzhavar Sandhai ),Capsicum,Capsicum,Local,20-09-2026,5400,5800,5600
Tamil Nadu,Salem,Jalagandapuram(Uzhavar Sandhai ),Chow Chow,Chow Chow,Local,20-09-2026,3400,3800,3600
Tamil Nadu,Salem,Jalagandapuram(Uzhavar Sandhai ),Tender Coconut,Tender Coconut,Local,20-09-2026,3000,3500,3250
Tamil Nadu,Salem,Jalagandapuram(Uzhavar Sandhai ),Mint(Pudina),Mint(Pudina),Local,20-09-2026,4500,5000,4750
Tamil Nadu,Sivaganga,Singampunari(Uzhavar Sandhai ),Onion,Bellary,Local,20-09-2026,4200,6600,5400
Tamil Nadu,Sivaganga,Singampunari(Uzhavar Sandhai ),Papaya,Papaya,Local,20-09-2026,4600,5000,4800
Tamil Nadu,Sivaganga,Singampunari(Uzhavar Sandhai ),Bitter gourd,Other,Local,20-09-2026,5200,5600,5400
Tamil Nadu,Sivaganga,Singampunari(Uzhavar Sandhai ),Coconut,Coconut,Local,20-09-2026,6600,7000,6800
Tamil Nadu,Sivaganga,Singampunari(Uzhavar Sandhai ),Snakeguard,Snakeguard,Local,20-09-2026,3200,3800,3500
Tamil Nadu,Sivaganga,Singampunari(Uzhavar Sandhai ),Drumstick,Drumstick,Local,20-09-2026,4400,6200,5300
Tamil Nadu,Sivaganga,Singampunari(Uzhavar Sandhai ),Onion Green,Onion Green,Local,20-09-2026,8200,9200,8700
Tamil Nadu,Sivaganga,Karaikudi(Uzhavar Sandhai ),Cauliflower,Ranchi,Local,20-09-2026,3000,3500,3250
Tamil Nadu,Sivaganga,Karaikudi(Uzhavar Sandhai ),Coriander(Leaves),I Sort,Local,20-09-2026,5000,5200,5100
Tamil Nadu,Sivaganga,Karaikudi(Uzhavar Sandhai ),Cluster beans,Cluster Beans,Local,20-09-2026,4000,4500,4250
Tamil Nadu,Sivaganga,Karaikudi(Uzhavar Sandhai ),Beans,Beans (Whole),Local,20-09-2026,9000,10000,9500
Tamil Nadu,Sivaganga,Karaikudi(Uzhavar Sandhai ),Coconut,Coconut,Local,20-09-2026,7200,7500,7350
Tamil Nadu,Sivaganga,Karaikudi(Uzhavar Sandhai ),Carrot,Pusakesar,Local,20-09-2026,3200,4500,3850
Tamil Nadu,Sivaganga,Karaikudi(Uzhavar Sandhai ),Lemon,Lemon,Local,20-09-2026,27000,29000,28000
Tamil Nadu,Sivaganga,Tirupatthur(Uzhavar Sandhai ),Cluster beans,Cluster Beans,Local,20-09-2026,4000,4500,4250
Tamil Nadu,Sivaganga,Tirupatthur(Uzhavar Sandhai ),Amaranthus,Amaranthus,Local,20-09-2026,3500,4000,3750
Tamil Nadu,Sivaganga,Tirupatthur(Uzhavar Sandhai ),Carrot,Pusakesar,Local,20-09-2026,3200,4500,3850
Tamil Nadu,Sivaganga,Tirupatthur(Uzhavar Sandhai ),Cabbage,Cabbage,Local,20-09-2026,3000,3500,3250
Tamil Nadu,Sivaganga,Tirupatthur(Uzhavar Sandhai ),Green Avare(W),Other,Local,20-09-2026,8400,10500,9450
Tamil Nadu,Sivaganga,Tirupatthur(Uzhavar Sandhai ),Lemon,Lemon,Local,20-09-2026,26400,28500,27450
Tamil Nadu,Sivaganga,Tirupatthur(Uzhavar Sandhai ),Mint(Pudina),Mint(Pudina),Local,20-09-2026,6000,6500,6250
Tamil Nadu,Thanjavur,Pattukottai(Uzhavar Sandhai ),Onion,Bellary,Local,20-09-2026,5000,7000,6000
Tamil Nadu,Thanjavur,Pattukottai(Uzhavar Sandhai ),Garlic,Garlic,Local,20-09-2026,16000,16000,16000
Tamil Nadu,Thanjavur,Pattukottai(Uzhavar Sandhai ),Cluster beans,Cluster Beans,Local,20-09-2026,4000,4000,4000
Tamil Nadu,Thanjavur,Pattukottai(Uzhavar Sandhai ),Banana - Green,Banana - Green,Local,20-09-2026,3000,3000,3000
Tamil Nadu,Thanjavur,Pattukottai(Uzhavar Sandhai ),Beetroot,Beetroot,Local,20-09-2026,5400,5400,5400
Tamil Nadu,Thanjavur,Pattukottai(Uzhavar Sandhai ),Drumstick,Drumstick,Local,20-09-2026,4400,4400,4400
Tamil Nadu,Thanjavur,Pattukottai(Uzhavar Sandhai ),Mango(Raw-Ripe),Mango - Raw-Ripe,Local,20-09-2026,12600,12600,12600
Tamil Nadu,Thanjavur,Pattukottai(Uzhavar Sandhai ),Yam(Ratalu),Yam (Ratalu),Local,20-09-2026,7000,7000,7000
Tamil Nadu,Thanjavur,Pattukottai(Uzhavar Sandhai ),Lemon,Lemon,Local,20-09-2026,14600,14600,14600
Tamil Nadu,Thiruchirappalli,Lalgudi(Uzhavar Sandhai ),Onion,Bellary,Local,20-09-2026,5000,6500,5750
Tamil Nadu,Thiruchirappalli,Lalgudi(Uzhavar Sandhai ),Ashgourd,Gouard,Local,20-09-2026,2000,2000,2000
Tamil Nadu,Thiruchirappalli,Lalgudi(Uzhavar Sandhai ),Amaranthus,Amaranthus,Local,20-09-2026,1500,1500,1500
Tamil Nadu,Thiruchirappalli,Lalgudi(Uzhavar Sandhai ),Cowpea(Veg),Cowpea (Veg),Local,20-09-2026,3600,3600,3600
Tamil Nadu,Thiruchirappalli,Lalgudi(Uzhavar Sandhai ),Cabbage,Cabbage,Local,20-09-2026,3000,3000,3000
Tamil Nadu,Thiruchirappalli,Lalgudi(Uzhavar Sandhai ),Raddish,Raddish,Local,20-09-2026,3600,3600,3600
Tamil Nadu,Thiruchirappalli,Lalgudi(Uzhavar Sandhai ),Drumstick,Drumstick,Local,20-09-2026,4000,4000,4000
Tamil Nadu,Thiruchirappalli,Manachanallur(Uzhavar Sandhai ),Brinjal,Other,Local,20-09-2026,2000,2500,2250
Tamil Nadu,Thiruchirappalli,Manachanallur(Uzhavar Sandhai ),Coriander(Leaves),I Sort,Local,20-09-2026,3000,3500,3250
Tamil Nadu,Thiruchirappalli,Manachanallur(Uzhavar Sandhai ),Papaya,Papaya,Local,20-09-2026,3500,4000,3750
Tamil Nadu,Thiruchirappalli,Manachanallur(Uzhavar Sandhai ),Bitter gourd,Other,Local,20-09-2026,5000,6000,5500
Tamil Nadu,Thiruchirappalli,Manachanallur(Uzhavar Sandhai ),Bhindi(Ladies Finger),Bhindi,Local,20-09-2026,3000,3500,3250
Tamil Nadu,Thiruchirappalli,Manachanallur(Uzhavar Sandhai ),Green Chilli,Green Chilly,Local,20-09-2026,3800,4400,4100
Tamil Nadu,Thiruchirappalli,Manachanallur(Uzhavar Sandhai ),Beans,Beans (Whole),Local,20-09-2026,7500,8500,8000
Tamil Nadu,Thiruchirappalli,Manachanallur(Uzhavar Sandhai ),Beetroot,Beetroot,Local,20-09-2026,4500,5000,4750
Tamil Nadu,Thiruchirappalli,Manachanallur(Uzhavar Sandhai ),Chow Chow,Chow Chow,Local,20-09-2026,3500,4000,3750
Tamil Nadu,Thiruchirappalli,Manapparai(Uzhavar Sandhai ),Banana,Poovan,Local,20-09-2026,4000,5000,4500
Tamil Nadu,Thiruchirappalli,Manapparai(Uzhavar Sandhai ),Potato,Other,Local,20-09-2026,3000,3000,3000
Tamil Nadu,Thiruchirappalli,Manapparai(Uzhavar Sandhai ),Cauliflower,Ranchi,Local,20-09-2026,5000,5000,5000
Tamil Nadu,Thiruchirappalli,Manapparai(Uzhavar Sandhai ),Green Avare(W),Other,Local,20-09-2026,8000,9000,8500
Tamil Nadu,Thiruchirappalli,Manapparai(Uzhavar Sandhai ),Guava,Guava Allahabad,Local,20-09-2026,8000,8000,8000
Tamil Nadu,Thiruchirappalli,Manapparai(Uzhavar Sandhai ),Mint(Pudina),Mint(Pudina),Local,20-09-2026,6600,6600,6600
Tamil Nadu,Thiruchirappalli,Musiri(Uzhavar Sandhai ),Cluster beans,Cluster Beans,Local,20-09-2026,3000,3600,3300
Tamil Nadu,Thiruchirappalli,Musiri(Uzhavar Sandhai ),Green Chilli,Green Chilly,Local,20-09-2026,4000,4500,4250
Tamil Nadu,Thiruchirappalli,Musiri(Uzhavar Sandhai ),Coconut,Coconut,Local,20-09-2026,6000,6500,6250
Tamil Nadu,Thiruchirappalli,Musiri(Uzhavar Sandhai ),Sweet Potato,Hosur Red,Local,20-09-2026,4500,5000,4750
Tamil Nadu,Thiruchirappalli,Musiri(Uzhavar Sandhai ),Cabbage,Cabbage,Local,20-09-2026,2600,3000,2800
Tamil Nadu,Thiruchirappalli,Musiri(Uzhavar Sandhai ),Cucumbar(Kheera),Cucumbar,Local,20-09-2026,4000,4600,4300
Tamil Nadu,Thiruchirappalli,Musiri(Uzhavar Sandhai ),Thondekai,Thondekai,Local,20-09-2026,4000,5000,4500
Tamil Nadu,Thiruchirappalli,Musiri(Uzhavar Sandhai ),Mashrooms,Mashrooms,Local,20-09-2026,18000,20000,19000
Tamil Nadu,Thiruchirappalli,Musiri(Uzhavar Sandhai ),Onion Green,Onion Green,Local,20-09-2026,5000,8000,6500
Tamil Nadu,Thiruchirappalli,Thiruverumbur(Uzhavar Sandhai ),Potato,Other,Local,20-09-2026,3000,4000,3500
Tamil Nadu,Thiruchirappalli,Thiruverumbur(Uzhavar Sandhai ),Garlic,Garlic,Local,20-09-2026,20000,28000,24000
Tamil Nadu,Thiruchirappalli,Thiruverumbur(Uzhavar Sandhai ),Bottle gourd,Bottle Gourd,Local,20-09-2026,2400,2400,2400
Tamil Nadu,Thiruchirappalli,Thiruverumbur(Uzhavar Sandhai ),Pumpkin,Pumpkin,Local,20-09-2026,2000,2000,2000
Tamil Nadu,Thiruchirappalli,Thiruverumbur(Uzhavar Sandhai ),Cowpea(Veg),Cowpea (Veg),Local,20-09-2026,3000,3000,3000
Tamil Nadu,Thiruchirappalli,Thiruverumbur(Uzhavar Sandhai ),Coconut,Coconut,Local,20-09-2026,7000,7000,7000
Tamil Nadu,Thiruchirappalli,Thiruverumbur(Uzhavar Sandhai ),Sweet Potato,Hosur Red,Local,20-09-2026,5000,5000,5000
Tamil Nadu,Thiruchirappalli,Thiruverumbur(Uzhavar Sandhai ),Green Avare(W),Other,Local,20-09-2026,8000,8600,8300
Tamil Nadu,Thiruchirappalli,Thiruverumbur(Uzhavar Sandhai ),Lemon,Lemon,Local,20-09-2026,27000,27000,27000
Tamil Nadu,Virudhunagar,Rajapalayam(Uzhavar Sandhai ),Coriander(Leaves),I Sort,Local,20-09-2026,4000,4500,4250
Tamil Nadu,Virudhunagar,Rajapalayam(Uzhavar Sandhai ),Chikoos(Sapota),Sapota,Local,20-09-2026,3000,3500,3250
Tamil Nadu,Virudhunagar,Rajapalayam(Uzhavar Sandhai ),Cluster beans,Cluster Beans,Local,20-09-2026,3000,3500,3250
Tamil Nadu,Virudhunagar,Rajapalayam(Uzhavar Sandhai ),Pumpkin,Pumpkin,Local,20-09-2026,2000,2500,2250
Tamil Nadu,Virudhunagar,Rajapalayam(Uzhavar Sandhai ),Bhindi(Ladies Finger),Bhindi,Local,20-09-2026,4000,4500,4250
Tamil Nadu,Virudhunagar,Rajapalayam(Uzhavar Sandhai ),Banana - Green,Banana - Green,Local,20-09-2026,3000,3500,3250
Tamil Nadu,Virudhunagar,Rajapalayam(Uzhavar Sandhai ),Carrot,Pusakesar,Local,20-09-2026,4000,4500,4250
Tamil Nadu,Virudhunagar,Rajapalayam(Uzhavar Sandhai ),Snakeguard,Snakeguard,Local,20-09-2026,3500,4000,3750
Tamil Nadu,Virudhunagar,Rajapalayam(Uzhavar Sandhai ),Green Avare(W),Green Avare (W),Local,20-09-2026,8000,9000,8500
Tamil Nadu,Virudhunagar,Rajapalayam(Uzhavar Sandhai ),Drumstick,Drumstick,Local,20-09-2026,5000,6000,5500
Tamil Nadu,Virudhunagar,Rajapalayam(Uzhavar Sandhai ),Colacasia,Colacasia,Local,20-09-2026,6000,7000,6500
Tamil Nadu,Virudhunagar,Rajapalayam(Uzhavar Sandhai ),Onion Green,Onion Green,Local,20-09-2026,8000,9000,8500
Tamil Nadu,Virudhunagar,Rajapalayam(Uzhavar Sandhai ),Mint(Pudina),Mint(Pudina),Local,20-09-2026,6000,7000,6500
Tamil Nadu,Virudhunagar,Sathur(Uzhavar Sandhai ),Chikoos(Sapota),Sapota,Local,20-09-2026,2500,3000,2750
Tamil Nadu,Virudhunagar,Sathur(Uzhavar Sandhai ),Cluster beans,Cluster Beans,Local,20-09-2026,3500,4000,3750
Tamil Nadu,Virudhunagar,Sathur(Uzhavar Sandhai ),Ashgourd,Gouard,Local,20-09-2026,2000,2500,2250
Tamil Nadu,Virudhunagar,Sathur(Uzhavar Sandhai ),Carrot,Pusakesar,Local,20-09-2026,4500,5000,4750
Tamil Nadu,Virudhunagar,Thalavaipuram(Uzhavar Sandhai ),Coriander(Leaves),I Sort,Local,20-09-2026,3600,4500,4050
Tamil Nadu,Virudhunagar,Thalavaipuram(Uzhavar Sandhai ),Tomato,Deshi,Local,20-09-2026,1600,2000,1800
Tamil Nadu,Virudhunagar,Thalavaipuram(Uzhavar Sandhai ),Bhindi(Ladies Finger),Bhindi,Local,20-09-2026,3600,4500,4050
Tamil Nadu,Virudhunagar,Thalavaipuram(Uzhavar Sandhai ),Amaranthus,Amaranthus,Local,20-09-2026,2800,3500,3150
Tamil Nadu,Virudhunagar,Thalavaipuram(Uzhavar Sandhai ),Ginger(Green),Green Ginger,Local,20-09-2026,8000,10000,9000
Tamil Nadu,Virudhunagar,Thalavaipuram(Uzhavar Sandhai ),Carrot,Pusakesar,Local,20-09-2026,3600,4500,4050
Tamil Nadu,Virudhunagar,Thalavaipuram(Uzhavar Sandhai ),Cabbage,Cabbage,Local,20-09-2026,2800,3500,3150
Tamil Nadu,Virudhunagar,Thalavaipuram(Uzhavar Sandhai ),Green Avare(W),Green Avare (W),Local,20-09-2026,8000,10000,9000
Tamil Nadu,Virudhunagar,Thalavaipuram(Uzhavar Sandhai ),Colacasia,Colacasia,Local,20-09-2026,5500,7000,6250
Tamil Nadu,Virudhunagar,Thalavaipuram(Uzhavar Sandhai ),Onion Green,Onion Green,Local,20-09-2026,7000,8500,7750
Tamil Nadu,Virudhunagar,Virudhunagar(Uzhavar Sandhai ),Brinjal,Round,Local,20-09-2026,3300,3400,3350
Tamil Nadu,Virudhunagar,Virudhunagar(Uzhavar Sandhai ),Beetroot,Beetroot,Local,20-09-2026,3700,3800,3750
Tamil Nadu,Virudhunagar,Virudhunagar(Uzhavar Sandhai ),Mint(Pudina),Mint(Pudina),Local,20-09-2026,3700,3800,3750
Tamil Nadu,Chengalpattu,Pallavaram(Uzhavar Sandhai ),Garlic,Garlic,Local,20-09-2026,25000,28000,26500
Tamil Nadu,Chengalpattu,Pallavaram(Uzhavar Sandhai ),Green Peas,Green Peas,Local,20-09-2026,15000,16000,15500
Tamil Nadu,Chengalpattu,Pallavaram(Uzhavar Sandhai ),Pumpkin,Pumpkin,Local,20-09-2026,2500,3000,2750
Tamil Nadu,Chengalpattu,Pallavaram(Uzhavar Sandhai ),Green Chilli,Green Chilly,Local,20-09-2026,4000,5000,4500
Tamil Nadu,Chengalpattu,Pallavaram(Uzhavar Sandhai ),Coconut,Coconut,Local,20-09-2026,6000,7000,6500
Tamil Nadu,Chengalpattu,Pallavaram(Uzhavar Sandhai ),Carrot,Pusakesar,Local,20-09-2026,6000,7000,6500
Tamil Nadu,Chengalpattu,Pallavaram(Uzhavar Sandhai ),Snakeguard,Snakeguard,Local,20-09-2026,4000,5000,4500
Tamil Nadu,Chengalpattu,Pallavaram(Uzhavar Sandhai ),Chow Chow,Chow Chow,Local,20-09-2026,3500,4000,3750
Tamil Nadu,Chengalpattu,Pallavaram(Uzhavar Sandhai ),Indian Beans(Seam),Indian Beans (Seam),Local,20-09-2026,7000,8000,7500
Tamil Nadu,Chengalpattu,Pallavaram(Uzhavar Sandhai ),Amla(Nelli Kai),Amla,Local,20-09-2026,11000,12000,11500
Tamil Nadu,Chengalpattu,Pallavaram(Uzhavar Sandhai ),Onion Green,Onion Green,Local,20-09-2026,10000,11000,10500
Tamil Nadu,Chengalpattu,Pallavaram(Uzhavar Sandhai ),Sweet Corn ,Sweet Corn ,Local,20-09-2026,4000,5000,4500
Tamil Nadu,Nagercoil (Kannyiakumari),Myladi(Uzhavar Sandhai ),Brinjal,Round,Local,20-09-2026,5500,6000,5750
Tamil Nadu,Nagercoil (Kannyiakumari),Myladi(Uzhavar Sandhai ),Potato,Red Nanital,Local,20-09-2026,3000,3500,3250
Tamil Nadu,Nagercoil (Kannyiakumari),Myladi(Uzhavar Sandhai ),Pumpkin,Pumpkin,Local,20-09-2026,1500,1800,1650
Tamil Nadu,Nagercoil (Kannyiakumari),Myladi(Uzhavar Sandhai ),Beans,Beans (Whole),Local,20-09-2026,10000,11000,10500
Tamil Nadu,Nagercoil (Kannyiakumari),Myladi(Uzhavar Sandhai ),Beetroot,Beetroot,Local,20-09-2026,5000,5500,5250
Tamil Nadu,Nagercoil (Kannyiakumari),Myladi(Uzhavar Sandhai ),Elephant Yam(Suran)/Amorphophallus,Elephant Yam (Suran),Local,20-09-2026,5500,6000,5750
Tamil Nadu,Villupuram,Tindivanam APMC,Groundnut,Big (With Shell),Local,20-09-2026,7000,7000,7000
Tamil Nadu,Villupuram,Tindivanam APMC,Onion,Bellary,Local,20-09-2026,4800,4800,4800
Tamil Nadu,Villupuram,Tindivanam APMC,Cluster beans,Cluster Beans,Local,20-09-2026,3500,3500,3500
Tamil Nadu,Villupuram,Tindivanam APMC,Pumpkin,Pumpkin,Local,20-09-2026,2000,2000,2000
Tamil Nadu,Villupuram,Tindivanam APMC,Bhindi(Ladies Finger),Bhindi,Local,20-09-2026,2000,2000,2000
Tamil Nadu,Villupuram,Tindivanam APMC,Banana - Green,Banana - Green,Local,20-09-2026,5000,5000,5000
Tamil Nadu,Villupuram,Tindivanam APMC,Raddish,Raddish,Local,20-09-2026,3800,3800,3800
Tamil Nadu,Villupuram,Tindivanam APMC,Mango(Raw-Ripe),Mango - Raw-Ripe,Local,20-09-2026,6000,6000,6000
Tamil Nadu,Villupuram,Tindivanam APMC,Knool Khol,Knool Khol,Local,20-09-2026,4000,4000,4000
Tamil Nadu,Villupuram,Tindivanam APMC,Tender Coconut,Tender Coconut,Local,20-09-2026,3500,4000,3750
Tamil Nadu,Villupuram,Tindivanam APMC,Colacasia,Colacasia,Local,20-09-2026,5800,5800,5800
Tamil Nadu,Villupuram,Ulundurpettai APMC,Papaya,Papaya,Local,20-09-2026,3000,3000,3000
Tamil Nadu,Villupuram,Ulundurpettai APMC,Bitter gourd,Bitter Gourd,Local,20-09-2026,6000,6000,6000
Tamil Nadu,Villupuram,Ulundurpettai APMC,Banana - Green,Banana - Green,Local,20-09-2026,3000,3000,3000
Tamil Nadu,Villupuram,Ulundurpettai APMC,Ginger(Green),Green Ginger,Local,20-09-2026,11000,11000,11000
Tamil Nadu,Villupuram,Ulundurpettai APMC,Guava,Guava Allahabad,Local,20-09-2026,5000,5000,5000
Tamil Nadu,Villupuram,Ulundurpettai APMC,Yam(Ratalu),Yam (Ratalu),Local,20-09-2026,3000,3000,3000
Tamil Nadu,Villupuram,Ulundurpettai APMC,Lemon,Lemon,Local,20-09-2026,5000,5000,5000
Uttar Pradesh,Azamgarh,Azamgarh APMC,Wheat,Dara,FAQ,20-09-2026,2600,2600,2600
Uttar Pradesh,Badaun,Babrala APMC,Paddy(Basmati),Basmati 1509,Local,20-09-2026,2780,2800,2790
Uttar Pradesh,Badaun,Babrala APMC,Potato,Potato,Medium,20-09-2026,580,600,590
Uttar Pradesh,Farukhabad,Kayamganj APMC,Tobacco,Other,FAQ,20-09-2026,1500,1500,1500
Gujarat,Narmada,Rajpipla APMC,Banana,Other,Medium,20-09-2026,1000,1250,1125
Gujarat,Amreli,Damnagar APMC,Bhindi(Ladies Finger),Bhindi,Local,20-09-2026,4500,4500,4500
Gujarat,Amreli,Damnagar APMC,Cabbage,Cabbage,Local,20-09-2026,4000,4000,4000
Gujarat,Amreli,Damnagar APMC,Cauliflower,Cauliflower,Local,20-09-2026,3500,3500,3500
Gujarat,Amreli,Damnagar APMC,Green Chilli,Green Chilly,Local,20-09-2026,5000,5000,5000
Tamil Nadu,Madurai,Chokkikulam(Uzhavar Sandhai ),Onion,Bellary,Local,20-09-2026,6500,7000,6750
Tamil Nadu,Madurai,Chokkikulam(Uzhavar Sandhai ),Cauliflower,Ranchi,Local,20-09-2026,2500,3000,2750
Tamil Nadu,Madurai,Chokkikulam(Uzhavar Sandhai ),Water Melon,Water Melon,Local,20-09-2026,2000,2500,2250
Tamil Nadu,Madurai,Chokkikulam(Uzhavar Sandhai ),Tomato,Deshi,Local,20-09-2026,2400,2800,2600
Tamil Nadu,Madurai,Chokkikulam(Uzhavar Sandhai ),Green Chilli,Green Chilly,Local,20-09-2026,4000,5000,4500
Tamil Nadu,Madurai,Chokkikulam(Uzhavar Sandhai ),Banana - Green,Banana - Green,Local,20-09-2026,2000,2400,2200
Tamil Nadu,Madurai,Chokkikulam(Uzhavar Sandhai ),Beans,Beans (Whole),Local,20-09-2026,8000,9000,8500
Tamil Nadu,Madurai,Chokkikulam(Uzhavar Sandhai ),Coconut,Coconut,Local,20-09-2026,6800,7000,6900
Tamil Nadu,Madurai,Chokkikulam(Uzhavar Sandhai ),Betal Leaves,Mysore,Local,20-09-2026,24000,28000,26000
Tamil Nadu,Madurai,Chokkikulam(Uzhavar Sandhai ),Green Avare(W),Green Avare (W),Local,20-09-2026,9000,11000,10000
Tamil Nadu,Madurai,Chokkikulam(Uzhavar Sandhai ),Chow Chow,Chow Chow,Local,20-09-2026,2600,3000,2800
Tamil Nadu,Madurai,Chokkikulam(Uzhavar Sandhai ),Elephant Yam(Suran)/Amorphophallus,Elephant Yam (Suran),Local,20-09-2026,4000,5000,4500
Tamil Nadu,Madurai,Chokkikulam(Uzhavar Sandhai ),Colacasia,Colacasia,Local,20-09-2026,5000,6000,5500
Uttar Pradesh,Sambhal,Sambhal APMC,Paddy(Common),Other,FAQ,20-09-2026,2700,3200,3035.95
Uttar Pradesh,Ghaziabad,Noida APMC,Potato,Other,FAQ,20-09-2026,1000,1000,1000
Telangana,Bhadradri Kothagudem,Dammapet APMC,Wood,Eucalyptus,FAQ,20-09-2026,400,500,450
Uttar Pradesh,Varanasi,Varanasi APMC,Tomato,Other,FAQ,20-09-2026,2000,2000,2000
Uttar Pradesh,Varanasi,Varanasi APMC,Potato,Other,FAQ,20-09-2026,800,800,800
Maharashtra,Pune,Pune(Moshi) ,Papaya,Other,Local,20-09-2026,3000,3000,3000
Maharashtra,Pune,Pune(Moshi) ,Pear(Marasebu),Other,Local,20-09-2026,8000,8000,8000
Maharashtra,Pune,Pune(Moshi) ,Potato,Local,Local,20-09-2026,800,1200,1000
Maharashtra,Pune,Pune(Moshi) ,Cucumbar(Kheera),Other,Local,20-09-2026,1000,2000,1500
Maharashtra,Pune,Pune(Moshi) ,Onion,Local,Local,20-09-2026,2000,4500,3250
Maharashtra,Pune,Pune(Moshi) ,Cabbage,Other,Local,20-09-2026,700,1000,850
Maharashtra,Pune,Pune(Moshi) ,Pumpkin,Other,Local,20-09-2026,2000,2000,2000
Maharashtra,Pune,Pune(Moshi) ,Chilly Capsicum,Other,Local,20-09-2026,1000,2500,1750
Maharashtra,Pune,Pune(Moshi) ,Mint(Pudina),Other,Local,20-09-2026,6,8,7
Maharashtra,Pune,Pune(Moshi) ,Sweet Potato,Other,Local,20-09-2026,3000,3000,3000
Maharashtra,Pune,Pune(Moshi) ,Drumstick,Other,Local,20-09-2026,3000,4000,3500
Maharashtra,Pune,Pune(Moshi) ,Elephant Yam(Suran)/Amorphophallus,Other,Local,20-09-2026,3000,3000,3000
Maharashtra,Pune,Pune(Moshi) ,Green Chilli,Other,Local,20-09-2026,3000,4000,3500
Tamil Nadu,Erode,Thalavadi(Uzhavar Sandhai ),Pumpkin,Pumpkin,Local,20-09-2026,800,1000,900
Tamil Nadu,Erode,Thalavadi(Uzhavar Sandhai ),Cucumbar(Kheera),Cucumbar,Local,20-09-2026,2800,3200,3000
Tamil Nadu,Cuddalore,Viruthachalam(Uzhavar Sandhai ),Banana,Besrai,Local,20-09-2026,4000,7000,5500
Tamil Nadu,Cuddalore,Viruthachalam(Uzhavar Sandhai ),Papaya,Papaya,Local,20-09-2026,4000,4500,4250
Tamil Nadu,Cuddalore,Viruthachalam(Uzhavar Sandhai ),Bottle gourd,Bottle Gourd,Local,20-09-2026,3000,3000,3000
Tamil Nadu,Cuddalore,Viruthachalam(Uzhavar Sandhai ),Beetroot,Beetroot,Local,20-09-2026,5000,5000,5000
Tamil Nadu,Krishnagiri,Krishnagiri(Uzhavar Sandhai ),Brinjal,Round,Local,20-09-2026,1600,2000,1800
Tamil Nadu,Krishnagiri,Krishnagiri(Uzhavar Sandhai ),Papaya,Papaya,Local,20-09-2026,3200,3600,3400
Tamil Nadu,Krishnagiri,Krishnagiri(Uzhavar Sandhai ),Amaranthus,Amaranthus,Local,20-09-2026,2500,3000,2750
Tamil Nadu,Krishnagiri,Krishnagiri(Uzhavar Sandhai ),Cucumbar(Kheera),Cucumbar,Local,20-09-2026,1600,2000,1800
Tamil Nadu,Krishnagiri,Krishnagiri(Uzhavar Sandhai ),Green Avare(W),Green Avare (W),Local,20-09-2026,3600,4000,3800
Tamil Nadu,Krishnagiri,Krishnagiri(Uzhavar Sandhai ),Chow Chow,Chow Chow,Local,20-09-2026,3500,4000,3750
Tamil Nadu,Krishnagiri,Krishnagiri(Uzhavar Sandhai ),Guava,Guava Allahabad,Local,20-09-2026,7000,8000,7500
Tamil Nadu,Krishnagiri,Krishnagiri(Uzhavar Sandhai ),Rose(Local),Rose (Local),Local,20-09-2026,14000,16000,15000
Tamil Nadu,Nagapattinam,Nagapattinam(Uzhavar Sandhai ),Brinjal,Round,Local,20-09-2026,5400,6500,5950
Tamil Nadu,Nagapattinam,Nagapattinam(Uzhavar Sandhai ),Garlic,Garlic,Local,20-09-2026,17700,20000,18850
Tamil Nadu,Nagapattinam,Nagapattinam(Uzhavar Sandhai ),Papaya,Papaya,Local,20-09-2026,3900,3900,3900
Tamil Nadu,Nagapattinam,Nagapattinam(Uzhavar Sandhai ),Tomato,Deshi,Local,20-09-2026,2700,3300,3000
Tamil Nadu,Nagapattinam,Nagapattinam(Uzhavar Sandhai ),Pumpkin,Pumpkin,Local,20-09-2026,3000,3000,3000
Tamil Nadu,Nagapattinam,Nagapattinam(Uzhavar Sandhai ),Snakeguard,Snakeguard,Local,20-09-2026,3700,4400,4050
Tamil Nadu,Nagapattinam,Nagapattinam(Uzhavar Sandhai ),Raddish,Raddish,Local,20-09-2026,3400,3400,3400
Tamil Nadu,Nagapattinam,Nagapattinam(Uzhavar Sandhai ),Chow Chow,Chow Chow,Local,20-09-2026,2600,2600,2600
Tamil Nadu,Nagapattinam,Nagapattinam(Uzhavar Sandhai ),Yam(Ratalu),Yam (Ratalu),Local,20-09-2026,6100,7000,6550
Tamil Nadu,Nagapattinam,Nagapattinam(Uzhavar Sandhai ),Onion Green,Onion Green,Local,20-09-2026,7000,8000,7500
Uttar Pradesh,Sitapur,Sidhauli APMC,Gur(Jaggery),Other,FAQ,20-09-2026,4000,4000,4000
Tamil Nadu,Pudukkottai,Pudukottai(Uzhavar Sandhai ),Onion,Bellary,Local,20-09-2026,7000,8000,7500
Tamil Nadu,Pudukkottai,Pudukottai(Uzhavar Sandhai ),Coriander(Leaves),I Sort,Local,20-09-2026,4000,5000,4500
Tamil Nadu,Pudukkottai,Pudukottai(Uzhavar Sandhai ),Cluster beans,Cluster Beans,Local,20-09-2026,4000,5000,4500
Tamil Nadu,Pudukkottai,Pudukottai(Uzhavar Sandhai ),Bitter gourd,Bitter Gourd,Local,20-09-2026,7000,8000,7500
Tamil Nadu,Pudukkottai,Pudukottai(Uzhavar Sandhai ),Bottle gourd,Bottle Gourd,Local,20-09-2026,2000,2500,2250
Tamil Nadu,Pudukkottai,Pudukottai(Uzhavar Sandhai ),Ginger(Green),Green Ginger,Local,20-09-2026,18000,20000,19000
Tamil Nadu,Pudukkottai,Pudukottai(Uzhavar Sandhai ),Coconut,Coconut,Local,20-09-2026,3000,4000,3500
Tamil Nadu,Pudukkottai,Pudukottai(Uzhavar Sandhai ),Raddish,Raddish,Local,20-09-2026,3000,4000,3500
Tamil Nadu,Pudukkottai,Pudukottai(Uzhavar Sandhai ),Green Avare(W),Other,Local,20-09-2026,8000,9000,8500
Tamil Nadu,Pudukkottai,Pudukottai(Uzhavar Sandhai ),Chow Chow,Chow Chow,Local,20-09-2026,4000,4500,4250
Tamil Nadu,Pudukkottai,Pudukottai(Uzhavar Sandhai ),Drumstick,Drumstick,Local,20-09-2026,5000,6000,5500
Tamil Nadu,Pudukkottai,Pudukottai(Uzhavar Sandhai ),Guava,Guava Allahabad,Local,20-09-2026,7000,8000,7500
Tamil Nadu,Pudukkottai,Pudukottai(Uzhavar Sandhai ),Colacasia,Colacasia,Local,20-09-2026,5000,6000,5500
Tamil Nadu,The Nilgiris,Udhagamandalam(Uzhavar Sandhai ),Garlic,Garlic,Local,20-09-2026,20000,21000,20500
Tamil Nadu,The Nilgiris,Udhagamandalam(Uzhavar Sandhai ),Coriander(Leaves),I Sort,Local,20-09-2026,6000,7000,6500
Tamil Nadu,The Nilgiris,Udhagamandalam(Uzhavar Sandhai ),Green Peas,Green Peas,Local,20-09-2026,11000,12000,11500
Tamil Nadu,The Nilgiris,Udhagamandalam(Uzhavar Sandhai ),Papaya,Papaya,Local,20-09-2026,4000,4500,4250
Tamil Nadu,The Nilgiris,Udhagamandalam(Uzhavar Sandhai ),Tomato,Deshi,Local,20-09-2026,2800,3000,2900
Tamil Nadu,The Nilgiris,Udhagamandalam(Uzhavar Sandhai ),Cluster beans,Cluster Beans,Local,20-09-2026,3000,3500,3250
Tamil Nadu,The Nilgiris,Udhagamandalam(Uzhavar Sandhai ),Ashgourd,Gouard,Local,20-09-2026,1500,2000,1750
Tamil Nadu,The Nilgiris,Udhagamandalam(Uzhavar Sandhai ),Cabbage,Cabbage,Local,20-09-2026,1500,2000,1750
Tamil Nadu,The Nilgiris,Udhagamandalam(Uzhavar Sandhai ),Knool Khol,Knool Khol,Local,20-09-2026,4000,4500,4250
Tamil Nadu,The Nilgiris,Udhagamandalam(Uzhavar Sandhai ),Turnip,Turnip,Local,20-09-2026,3500,4000,3750
Tamil Nadu,Theni,Bodinayakanur(Uzhavar Sandhai ),Banana,Besrai,Local,20-09-2026,6000,6000,6000
Tamil Nadu,Theni,Bodinayakanur(Uzhavar Sandhai ),Cauliflower,Ranchi,Local,20-09-2026,3500,3500,3500
Tamil Nadu,Theni,Bodinayakanur(Uzhavar Sandhai ),Cabbage,Cabbage,Local,20-09-2026,2800,2800,2800
Tamil Nadu,Theni,Bodinayakanur(Uzhavar Sandhai ),Snakeguard,Snakeguard,Local,20-09-2026,3800,3800,3800
Tamil Nadu,Theni,Bodinayakanur(Uzhavar Sandhai ),Ridgeguard(Tori),Ridgeguard(Tori),Local,20-09-2026,2800,2800,2800
Tamil Nadu,Theni,Bodinayakanur(Uzhavar Sandhai ),Thondekai,Thondekai,Local,20-09-2026,3600,3600,3600
Tamil Nadu,Theni,Bodinayakanur(Uzhavar Sandhai ),Mint(Pudina),Mint(Pudina),Local,20-09-2026,5500,5500,5500
Bihar,Sheikhpura,Barbigha APMC,Bottle gourd,Bottle Gourd,FAQ,20-09-2026,2935,3085,3000
Tamil Nadu,Villupuram,Gingee(Uzhavar Sandhai ),Onion,Bellary,Local,20-09-2026,5000,6000,5500
Tamil Nadu,Villupuram,Gingee(Uzhavar Sandhai ),Brinjal,Round,Local,20-09-2026,4000,5000,4500
Tamil Nadu,Villupuram,Gingee(Uzhavar Sandhai ),Coriander(Leaves),I Sort,Local,20-09-2026,4000,4000,4000
Tamil Nadu,Villupuram,Gingee(Uzhavar Sandhai ),Cluster beans,Cluster Beans,Local,20-09-2026,3500,3500,3500
Tamil Nadu,Villupuram,Gingee(Uzhavar Sandhai ),Pumpkin,Pumpkin,Local,20-09-2026,2000,2000,2000
Tamil Nadu,Villupuram,Gingee(Uzhavar Sandhai ),Beans,Beans (Whole),Local,20-09-2026,10000,10000,10000
Tamil Nadu,Villupuram,Gingee(Uzhavar Sandhai ),Ginger(Green),Green Ginger,Local,20-09-2026,13000,13000,13000
Tamil Nadu,Villupuram,Gingee(Uzhavar Sandhai ),Cabbage,Cabbage,Local,20-09-2026,4000,4000,4000
Tamil Nadu,Villupuram,Gingee(Uzhavar Sandhai ),Beetroot,Beetroot,Local,20-09-2026,5000,5000,5000
Tamil Nadu,Villupuram,Gingee(Uzhavar Sandhai ),Cucumbar(Kheera),Cucumbar,Local,20-09-2026,4500,4500,4500
Tamil Nadu,Villupuram,Gingee(Uzhavar Sandhai ),Knool Khol,Knool Khol,Local,20-09-2026,4000,4000,4000
Tamil Nadu,Villupuram,Gingee(Uzhavar Sandhai ),Colacasia,Colacasia,Local,20-09-2026,6000,6000,6000
Tamil Nadu,Thiruvarur,Valangaiman APMC,Brinjal,Round,Local,20-09-2026,4000,4000,4000
Tamil Nadu,Thiruvarur,Valangaiman APMC,Tomato,Deshi,Local,20-09-2026,2800,3200,3000
Tamil Nadu,Thiruvarur,Valangaiman APMC,Mango(Raw-Ripe),Mango - Raw-Ripe,Local,20-09-2026,10000,10000,10000
Tamil Nadu,Virudhunagar,Kariyapatti(Uzhavar Sandhai ),Banana,Besrai,Local,20-09-2026,3500,4000,3750
Tamil Nadu,Virudhunagar,Kariyapatti(Uzhavar Sandhai ),Potato,Red Nanital,Local,20-09-2026,3000,3500,3250
Tamil Nadu,Virudhunagar,Kariyapatti(Uzhavar Sandhai ),Bitter gourd,Other,Local,20-09-2026,5500,6000,5750
Tamil Nadu,Virudhunagar,Kariyapatti(Uzhavar Sandhai ),Pumpkin,Pumpkin,Local,20-09-2026,1800,2000,1900
Tamil Nadu,Virudhunagar,Kariyapatti(Uzhavar Sandhai ),Snakeguard,Snakeguard,Local,20-09-2026,3500,4000,3750
Tamil Nadu,Virudhunagar,Kariyapatti(Uzhavar Sandhai ),Beetroot,Beetroot,Local,20-09-2026,4500,5000,4750
Tamil Nadu,Virudhunagar,Kariyapatti(Uzhavar Sandhai ),Ridgeguard(Tori),Ridgeguard(Tori),Local,20-09-2026,4500,5000,4750
Tamil Nadu,Virudhunagar,Kariyapatti(Uzhavar Sandhai ),Green Avare(W),Green Avare (W),Local,20-09-2026,11000,12000,11500
Tamil Nadu,Virudhunagar,Kariyapatti(Uzhavar Sandhai ),Lime,Lime,Local,20-09-2026,15000,16000,15500
Uttar Pradesh,Bulandshahar,Buland Shahr APMC,Tomato,Other,FAQ,20-09-2026,2000,2000,2000
Tamil Nadu,Vellore,Katpadi (Uzhavar Sandhai ),Onion,Bellary,Local,20-09-2026,6500,7000,6750
Tamil Nadu,Vellore,Katpadi (Uzhavar Sandhai ),Potato,Red Nanital,Local,20-09-2026,2600,3500,3050
Tamil Nadu,Vellore,Katpadi (Uzhavar Sandhai ),Garlic,Garlic,Local,20-09-2026,21000,21000,21000
Tamil Nadu,Vellore,Katpadi (Uzhavar Sandhai ),Cauliflower,Ranchi,Local,20-09-2026,2500,3000,2750
Tamil Nadu,Vellore,Katpadi (Uzhavar Sandhai ),Cowpea(Veg),Cowpea (Veg),Local,20-09-2026,6000,6000,6000
Tamil Nadu,Vellore,Katpadi (Uzhavar Sandhai ),Beans,Beans (Whole),Local,20-09-2026,7000,7000,7000
Tamil Nadu,Vellore,Katpadi (Uzhavar Sandhai ),Ginger(Green),Green Ginger,Local,20-09-2026,18000,18000,18000
Tamil Nadu,Vellore,Katpadi (Uzhavar Sandhai ),Sweet Potato,Hosur Red,Local,20-09-2026,3000,3000,3000
Tamil Nadu,Vellore,Katpadi (Uzhavar Sandhai ),Ridgeguard(Tori),Ridgeguard(Tori),Local,20-09-2026,3500,4000,3750
Tamil Nadu,Vellore,Katpadi (Uzhavar Sandhai ),Drumstick,Drumstick,Local,20-09-2026,4500,5000,4750
Tamil Nadu,Vellore,Katpadi (Uzhavar Sandhai ),Tender Coconut,Tender Coconut,Local,20-09-2026,3000,4000,3500
Tamil Nadu,Vellore,Katpadi (Uzhavar Sandhai ),Mint(Pudina),Mint(Pudina),Local,20-09-2026,4500,4500,4500
Tamil Nadu,Madurai,Thirumangalam(Uzhavar Sandhai ),Chikoos(Sapota),Sapota,Local,20-09-2026,5000,6000,5500
Tamil Nadu,Madurai,Thirumangalam(Uzhavar Sandhai ),Snakeguard,Snakeguard,Local,20-09-2026,3000,3600,3300
Tamil Nadu,Madurai,Thirumangalam(Uzhavar Sandhai ),Raddish,Raddish,Local,20-09-2026,2500,2800,2650
Tamil Nadu,Madurai,Thirumangalam(Uzhavar Sandhai ),Onion Green,Onion Green,Local,20-09-2026,8000,9000,8500
Tamil Nadu,Madurai,Melur(Uzhavar Sandhai ),Tomato,Deshi,Local,20-09-2026,2400,2800,2600
Tamil Nadu,Madurai,Melur(Uzhavar Sandhai ),Bottle gourd,Bottle Gourd,Local,20-09-2026,1600,2000,1800
Tamil Nadu,Madurai,Melur(Uzhavar Sandhai ),Green Chilli,Green Chilly,Local,20-09-2026,4500,5000,4750
Tamil Nadu,Madurai,Melur(Uzhavar Sandhai ),Sweet Potato,Hosur Red,Local,20-09-2026,5500,6000,5750
Tamil Nadu,Madurai,Melur(Uzhavar Sandhai ),Drumstick,Drumstick,Local,20-09-2026,5000,6000,5500
Tamil Nadu,Madurai,Melur(Uzhavar Sandhai ),Lime,Lime,Local,20-09-2026,3600,4000,3800
Tamil Nadu,Madurai,Melur(Uzhavar Sandhai ),Yam(Ratalu),Yam (Ratalu),Local,20-09-2026,6500,7000,6750
Tamil Nadu,Madurai,Melur(Uzhavar Sandhai ),Onion Green,Onion Green,Local,20-09-2026,8000,9000,8500
Tamil Nadu,Madurai,Melur(Uzhavar Sandhai ),Mint(Pudina),Mint(Pudina),Local,20-09-2026,5500,6000,5750
Tamil Nadu,Karur,Gandhigramam(Uzhavar Sandhai),Banana,Other,Local,20-09-2026,5000,6000,5500
Tamil Nadu,Karur,Gandhigramam(Uzhavar Sandhai),Chikoos(Sapota),Sapota,Local,20-09-2026,5500,6000,5750
Tamil Nadu,Karur,Gandhigramam(Uzhavar Sandhai),Tomato,Other,Local,20-09-2026,2800,3000,2900
Tamil Nadu,Karur,Gandhigramam(Uzhavar Sandhai),Coconut,Coconut,Local,20-09-2026,5500,6000,5750
Tamil Nadu,Karur,Gandhigramam(Uzhavar Sandhai),Carrot,Pusakesar,Local,20-09-2026,5500,6000,5750
Tamil Nadu,Karur,Gandhigramam(Uzhavar Sandhai),Snakeguard,Snakeguard,Local,20-09-2026,3000,3500,3250
Tamil Nadu,Karur,Gandhigramam(Uzhavar Sandhai),Cucumbar(Kheera),Cucumbar,Local,20-09-2026,4000,8000,6000
Tamil Nadu,Karur,Gandhigramam(Uzhavar Sandhai),Ridgeguard(Tori),Ridgeguard(Tori),Local,20-09-2026,4000,4500,4250
Tamil Nadu,Karur,Gandhigramam(Uzhavar Sandhai),Capsicum,Capsicum,Local,20-09-2026,6500,7000,6750
Tamil Nadu,Karur,Gandhigramam(Uzhavar Sandhai),Lemon,Lemon,Local,20-09-2026,28000,30000,29000
Tamil Nadu,Karur,Gandhigramam(Uzhavar Sandhai),Onion Green,Onion Green,Local,20-09-2026,8500,9500,9000
Karnataka,Bengaluru South,Ramanagara APMC,Cabbage,Cabbage,Local,20-09-2026,1000,1600,1200
Karnataka,Bengaluru South,Ramanagara APMC,Cucumbar(Kheera),Cucumbar,Local,20-09-2026,1600,2000,1800
Tamil Nadu,Pudukkottai,Aranthangi(Uzhavar Sandhai ),Potato,Other,Local,20-09-2026,5000,6000,5500
Tamil Nadu,Pudukkottai,Aranthangi(Uzhavar Sandhai ),Cluster beans,Cluster Beans,Local,20-09-2026,3500,4000,3750
Tamil Nadu,Pudukkottai,Aranthangi(Uzhavar Sandhai ),Bhindi(Ladies Finger),Bhindi,Local,20-09-2026,2500,3000,2750
Tamil Nadu,Pudukkottai,Aranthangi(Uzhavar Sandhai ),Amaranthus,Amaranthus,Local,20-09-2026,1500,2000,1750
Tamil Nadu,Pudukkottai,Aranthangi(Uzhavar Sandhai ),Coconut,Coconut,Local,20-09-2026,3500,4000,3750
Tamil Nadu,Pudukkottai,Aranthangi(Uzhavar Sandhai ),Green Avare(W),Other,Local,20-09-2026,6000,7000,6500
Tamil Nadu,Pudukkottai,Aranthangi(Uzhavar Sandhai ),Drumstick,Drumstick,Local,20-09-2026,4500,5000,4750
Tamil Nadu,Nagapattinam,Vedaranyam(Uzhavar Sandhai),Onion,Bellary,Local,20-09-2026,4200,4500,4350
Tamil Nadu,Nagapattinam,Vedaranyam(Uzhavar Sandhai),Green Chilli,Green Chilly,Local,20-09-2026,3500,3800,3650
Tamil Nadu,Nagapattinam,Vedaranyam(Uzhavar Sandhai),Banana - Green,Banana - Green,Local,20-09-2026,1600,1800,1700
Tamil Nadu,Nagapattinam,Vedaranyam(Uzhavar Sandhai),Green Avare(W),Green Avare (W),Local,20-09-2026,5500,6000,5750
Tamil Nadu,Nagapattinam,Vedaranyam(Uzhavar Sandhai),Chow Chow,Chow Chow,Local,20-09-2026,2800,3000,2900
Tamil Nadu,Nagapattinam,Vedaranyam(Uzhavar Sandhai),Lime,Lime,Local,20-09-2026,3000,3500,3250
Tamil Nadu,Vellore,Perampet(Uzhavar Sandhai),Banana,Other,Local,20-09-2026,6000,6000,6000
Tamil Nadu,Vellore,Perampet(Uzhavar Sandhai),Brinjal,Other,Local,20-09-2026,3500,4000,3750
Tamil Nadu,Vellore,Perampet(Uzhavar Sandhai),Tomato,Deshi,Local,20-09-2026,2000,2500,2250
Tamil Nadu,Vellore,Perampet(Uzhavar Sandhai),Bottle gourd,Bottle Gourd,Local,20-09-2026,1500,1500,1500
Tamil Nadu,Vellore,Perampet(Uzhavar Sandhai),Cowpea(Veg),Cowpea (Veg),Local,20-09-2026,5000,5600,5300
Tamil Nadu,Vellore,Perampet(Uzhavar Sandhai),Banana - Green,Banana - Green,Local,20-09-2026,4000,4000,4000
Tamil Nadu,Vellore,Perampet(Uzhavar Sandhai),Carrot,Pusakesar,Local,20-09-2026,5500,6000,5750
Madhya Pradesh,Badwani,Sendhwa(F&V) APMC,Pumpkin,Pumpkin,Large,20-09-2026,700,1100,900
Tamil Nadu,Karur,Kulithalai(Uzhavar Sandhai ),Brinjal,Other,Local,20-09-2026,2400,3200,2800
Tamil Nadu,Karur,Kulithalai(Uzhavar Sandhai ),Cauliflower,Ranchi,Local,20-09-2026,3500,4000,3750
Tamil Nadu,Karur,Kulithalai(Uzhavar Sandhai ),Coriander(Leaves),I Sort,Local,20-09-2026,2500,3000,2750
Tamil Nadu,Karur,Kulithalai(Uzhavar Sandhai ),Tomato,Deshi,Local,20-09-2026,2800,3000,2900
Tamil Nadu,Karur,Kulithalai(Uzhavar Sandhai ),Ashgourd,Gouard,Local,20-09-2026,2500,3000,2750
Tamil Nadu,Karur,Kulithalai(Uzhavar Sandhai ),Beans,Beans (Whole),Local,20-09-2026,7000,7600,7300
Tamil Nadu,Karur,Kulithalai(Uzhavar Sandhai ),Sweet Potato,Hosur Red,Local,20-09-2026,2500,3000,2750
Tamil Nadu,Karur,Kulithalai(Uzhavar Sandhai ),Snakeguard,Snakeguard,Local,20-09-2026,3000,3600,3300
Tamil Nadu,Karur,Kulithalai(Uzhavar Sandhai ),Beetroot,Beetroot,Local,20-09-2026,4000,4400,4200
Tamil Nadu,Karur,Kulithalai(Uzhavar Sandhai ),Cucumbar(Kheera),Cucumbar,Local,20-09-2026,6000,6500,6250
Tamil Nadu,Karur,Kulithalai(Uzhavar Sandhai ),Raddish,Raddish,Local,20-09-2026,2800,3000,2900
Tamil Nadu,Karur,Kulithalai(Uzhavar Sandhai ),Lemon,Lemon,Local,20-09-2026,27500,28000,27750
Tamil Nadu,Karur,Kulithalai(Uzhavar Sandhai ),Onion Green,Onion Green,Local,20-09-2026,8500,9000,8750
Tamil Nadu,Karur,Kulithalai(Uzhavar Sandhai ),Mint(Pudina),Mint(Pudina),Local,20-09-2026,4500,5000,4750
Tamil Nadu,Karur,Kulithalai(Uzhavar Sandhai ),Sweet Corn ,Sweet Corn ,Local,20-09-2026,4500,5000,4750
Andhra Pradesh,East Godavari,Mandapeta APMC,Paddy(Common),1001,FAQ,20-09-2026,2369,2400,2389
Tamil Nadu,Thirupur,Dharapuram(Uzhavar Sandhai ),Banana,Besrai,Local,20-09-2026,4500,5000,4750
Tamil Nadu,Thirupur,Dharapuram(Uzhavar Sandhai ),Onion,Bellary,Local,20-09-2026,6500,7000,6750
Tamil Nadu,Thirupur,Dharapuram(Uzhavar Sandhai ),Cowpea(Veg),Cowpea (Veg),Local,20-09-2026,3500,4000,3750
Tamil Nadu,Thirupur,Dharapuram(Uzhavar Sandhai ),Beans,Beans (Whole),Local,20-09-2026,7500,8000,7750
Tamil Nadu,Thirupur,Dharapuram(Uzhavar Sandhai ),Carrot,Pusakesar,Local,20-09-2026,5000,5500,5250
Tamil Nadu,Thirupur,Dharapuram(Uzhavar Sandhai ),Snakeguard,Snakeguard,Local,20-09-2026,3500,4000,3750
Tamil Nadu,Thirupur,Dharapuram(Uzhavar Sandhai ),Beetroot,Beetroot,Local,20-09-2026,3500,6500,5000
Tamil Nadu,Thirupur,Dharapuram(Uzhavar Sandhai ),Mint(Pudina),Mint(Pudina),Local,20-09-2026,2500,3000,2750
Tamil Nadu,Thirupur,Palladam(Uzhavar Sandhai ),Banana,Karpura,Local,20-09-2026,4000,5000,4500
Tamil Nadu,Thirupur,Palladam(Uzhavar Sandhai ),Potato,Red Nanital,Local,20-09-2026,2500,3000,2750
Tamil Nadu,Thirupur,Palladam(Uzhavar Sandhai ),Papaya,Papaya,Local,20-09-2026,2500,3000,2750
Tamil Nadu,Thirupur,Palladam(Uzhavar Sandhai ),Amaranthus,Amaranthus,Local,20-09-2026,2500,3000,2750
Tamil Nadu,Thirupur,Palladam(Uzhavar Sandhai ),Banana - Green,Banana - Green,Local,20-09-2026,2500,3000,2750
Tamil Nadu,Thirupur,Palladam(Uzhavar Sandhai ),Beans,Beans (Whole),Local,20-09-2026,7500,8000,7750
Tamil Nadu,Thirupur,Palladam(Uzhavar Sandhai ),Beetroot,Beetroot,Local,20-09-2026,2500,3000,2750
Tamil Nadu,Thirupur,Palladam(Uzhavar Sandhai ),Drumstick,Drumstick,Local,20-09-2026,2500,3000,2750
Tamil Nadu,Thirupur,Palladam(Uzhavar Sandhai ),Lemon,Lemon,Local,20-09-2026,24000,25000,24500
Uttar Pradesh,Ghaziabad,Hapur APMC,Paddy(Common),Basmati,FAQ,20-09-2026,3000,3020,3009.63
Uttar Pradesh,Ghaziabad,Hapur APMC,Rice,Common,FAQ,20-09-2026,3500,3500,3500
Uttar Pradesh,Hathras,Haathras APMC,Onion,Other,FAQ,20-09-2026,3000,3000,3000
Uttar Pradesh,Mathura,Kosikalan APMC,Potato,Other,FAQ,20-09-2026,600,600,600
Tamil Nadu,Kallakuruchi,Kallakurichi(Uzhavar Sandhai ),Papaya,Papaya,Local,20-09-2026,3500,3500,3500
Tamil Nadu,Kallakuruchi,Kallakurichi(Uzhavar Sandhai ),Cluster beans,Cluster Beans,Local,20-09-2026,5000,5000,5000
Tamil Nadu,Kallakuruchi,Kallakurichi(Uzhavar Sandhai ),Bottle gourd,Bottle Gourd,Local,20-09-2026,1500,1500,1500
Tamil Nadu,Kallakuruchi,Kallakurichi(Uzhavar Sandhai ),Ashgourd,Gouard,Local,20-09-2026,1500,1500,1500
Tamil Nadu,Kallakuruchi,Kallakurichi(Uzhavar Sandhai ),Bhindi(Ladies Finger),Bhindi,Local,20-09-2026,3000,3000,3000
Tamil Nadu,Kallakuruchi,Kallakurichi(Uzhavar Sandhai ),Coconut,Coconut,Local,20-09-2026,6000,6000,6000
Tamil Nadu,Kallakuruchi,Kallakurichi(Uzhavar Sandhai ),Green Avare(W),Green Avare (W),Local,20-09-2026,7000,7000,7000
Tamil Nadu,Kallakuruchi,Kallakurichi(Uzhavar Sandhai ),Marigold(Calcutta),Marigold(Calcutta),Local,20-09-2026,35000,35000,35000
Tamil Nadu,Kallakuruchi,Kallakurichi(Uzhavar Sandhai ),Colacasia,Colacasia,Local,20-09-2026,4000,4000,4000
Tamil Nadu,Kallakuruchi,Kallakurichi(Uzhavar Sandhai ),Mashrooms,Mashrooms,Local,20-09-2026,22500,22500,22500
Tamil Nadu,Kallakuruchi,Kallakurichi(Uzhavar Sandhai ),Onion Green,Onion Green,Local,20-09-2026,7000,7000,7000
Tamil Nadu,Kallakuruchi,Kallakurichi(Uzhavar Sandhai ),Rose(Local),Rose (Local),Local,20-09-2026,35000,35000,35000
Uttar Pradesh,Jalaun (Orai),Konch APMC,Lemon,Other,FAQ,20-09-2026,5000,5000,5000
Uttar Pradesh,Mahoba,Mahoba APMC,Gram Raw(Chholia),Other,FAQ,20-09-2026,5210,5230,5220
Uttar Pradesh,Mathura,Mathura APMC,Paddy(Common),Basmati,FAQ,20-09-2026,3000,3650,3342.3
Andhra Pradesh,Eluru,Kaikaluru APMC,Paddy(Common),MTU-1001,Local,20-09-2026,2440,2440,2440
Andhra Pradesh,Markapuram,Kanigiri APMC,Red gram/Arhar/Tur(whole),(Whole),Local,20-09-2026,8600,8800,8700
Uttar Pradesh,Gonda,Nawabganj APMC,Wheat,Dara,FAQ,20-09-2026,2600,2600,2600
Tamil Nadu,Salem,Athur(Uzhavar Sandhai ),Groundnut,Big (With Shell),Local,20-09-2026,6500,7000,6750
Tamil Nadu,Salem,Athur(Uzhavar Sandhai ),Bitter gourd,Other,Local,20-09-2026,4500,5000,4750
Tamil Nadu,Salem,Athur(Uzhavar Sandhai ),Green Chilli,Green Chilly,Local,20-09-2026,4500,5000,4750
Tamil Nadu,Salem,Athur(Uzhavar Sandhai ),Capsicum,Capsicum,Local,20-09-2026,6500,7000,6750
Tamil Nadu,Salem,Athur(Uzhavar Sandhai ),Chow Chow,Chow Chow,Local,20-09-2026,3500,4000,3750
Tamil Nadu,Salem,Athur(Uzhavar Sandhai ),Jack Fruit(Ripe),Jack Fruit,Local,20-09-2026,3000,3000,3000
Tamil Nadu,Salem,Athur(Uzhavar Sandhai ),Tender Coconut,Tender Coconut,Local,20-09-2026,3000,3500,3250
Tamil Nadu,Salem,Athur(Uzhavar Sandhai ),Jasmine,Jasmine,Local,20-09-2026,32000,36000,34000
Tamil Nadu,Theni,Periyakulam(Uzhavar Sandhai ),Coriander(Leaves),I Sort,Local,20-09-2026,3000,3000,3000
Tamil Nadu,Theni,Periyakulam(Uzhavar Sandhai ),Cabbage,Cabbage,Local,20-09-2026,2600,2800,2700
Tamil Nadu,Virudhunagar,Srivilliputhur(Uzhavar Sandhai ),Cauliflower,Ranchi,Local,20-09-2026,2500,3000,2750
Tamil Nadu,Virudhunagar,Srivilliputhur(Uzhavar Sandhai ),Bhindi(Ladies Finger),Bhindi,Local,20-09-2026,3500,4000,3750
Tamil Nadu,Virudhunagar,Srivilliputhur(Uzhavar Sandhai ),Carrot,Pusakesar,Local,20-09-2026,3500,4000,3750
Tamil Nadu,Virudhunagar,Srivilliputhur(Uzhavar Sandhai ),Raddish,Raddish,Local,20-09-2026,3000,3500,3250
Tamil Nadu,Virudhunagar,Srivilliputhur(Uzhavar Sandhai ),Green Avare(W),Green Avare (W),Local,20-09-2026,9000,10000,9500
Tamil Nadu,Virudhunagar,Srivilliputhur(Uzhavar Sandhai ),Guava,Guava Allahabad,Local,20-09-2026,4500,5000,4750
Uttar Pradesh,Badaun,Shahaswan APMC,Banana - Green,Banana - Green,Medium,20-09-2026,1400,1600,1500
Uttar Pradesh,Badaun,Shahaswan APMC,Pumpkin,Other,Medium,20-09-2026,1200,1300,1250
Uttar Pradesh,Hathras,Shadabad APMC,Pumpkin,Pumpkin,Small,20-09-2026,600,700,650
Uttar Pradesh,Hathras,Shadabad APMC,Raddish,Raddish,Small,20-09-2026,600,700,650
Tamil Nadu,Coimbatore,Vadavalli(Uzhavar Sandhai ),Apple,American,Local,20-09-2026,20000,28000,24000
Tamil Nadu,Coimbatore,Vadavalli(Uzhavar Sandhai ),Bhindi(Ladies Finger),Bhindi,Local,20-09-2026,4000,4600,4300
Tamil Nadu,Coimbatore,Vadavalli(Uzhavar Sandhai ),Amaranthus,Amaranthus,Local,20-09-2026,5400,6500,5950
Tamil Nadu,Coimbatore,Vadavalli(Uzhavar Sandhai ),Beans,Beans (Whole),Local,20-09-2026,6500,7000,6750
Tamil Nadu,Coimbatore,Vadavalli(Uzhavar Sandhai ),Tapioca,Tapioca,Local,20-09-2026,3000,3500,3250
Tamil Nadu,Coimbatore,Vadavalli(Uzhavar Sandhai ),Coconut,Coconut,Local,20-09-2026,5500,6000,5750
Tamil Nadu,Coimbatore,Vadavalli(Uzhavar Sandhai ),Cabbage,Cabbage,Local,20-09-2026,2000,2400,2200
Tamil Nadu,Coimbatore,Vadavalli(Uzhavar Sandhai ),Karbuja(Musk Melon),Karbhuja,Local,20-09-2026,4400,4800,4600
Tamil Nadu,Coimbatore,Vadavalli(Uzhavar Sandhai ),Amla(Nelli Kai),Amla,Local,20-09-2026,10000,11500,10750
Uttar Pradesh,Shahjahanpur,Powayan APMC,Paddy(Common),Common,FAQ,20-09-2026,1950,1950,1950
West Bengal,Darjeeling,Karsiyang(Matigara) APMC,Cabbage,Other,FAQ,20-09-2026,2800,3000,2900
West Bengal,Darjeeling,Karsiyang(Matigara) APMC,Potato,Red,FAQ,20-09-2026,1400,1600,1500
West Bengal,Darjeeling,Karsiyang(Matigara) APMC,Carrot,Other,FAQ,20-09-2026,3200,3400,3300
West Bengal,Darjeeling,Darjeeling APMC,Ginger(Green),Other,FAQ,20-09-2026,8800,9200,9000
West Bengal,Darjeeling,Darjeeling APMC,Raddish,Raddish,FAQ,20-09-2026,3200,3400,3300
Andhra Pradesh,Annamayya,Piler APMC,Gur(Jaggery),NO 3,Local,20-09-2026,4500,5200,4800
Uttar Pradesh,Bulandshahar,Gulavati APMC,Sponge gourd,Other,FAQ,20-09-2026,2100,2300,2200
Uttar Pradesh,Bulandshahar,Gulavati APMC,Brinjal,Brinjal,FAQ,20-09-2026,1500,1700,1600
Tripura,South Tripura,Barpathari APMC,Brinjal,Round/Long,Local,20-09-2026,3900,4100,4000
Tripura,South Tripura,Barpathari APMC,Ridgeguard(Tori),Ridgeguard(Tori),Local,20-09-2026,6900,7100,7000
Tamil Nadu,Coimbatore,Udumalpet APMC,Coriander(Leaves),I Sort,Local,20-09-2026,5000,6000,5500
Tamil Nadu,Coimbatore,Udumalpet APMC,Amaranthus,Amaranthus,Local,20-09-2026,2500,3000,2750
Tamil Nadu,Coimbatore,Udumalpet APMC,Carrot,Pusakesar,Local,20-09-2026,5500,6000,5750
Tamil Nadu,Coimbatore,Udumalpet APMC,Ridgeguard(Tori),Ridgeguard(Tori),Local,20-09-2026,5000,6500,5750
Tamil Nadu,Coimbatore,Udumalpet APMC,Raddish,Raddish,Local,20-09-2026,2500,3200,2850
Tamil Nadu,Coimbatore,Udumalpet APMC,Thondekai,Thondekai,Local,20-09-2026,4500,5000,4750
Tamil Nadu,Coimbatore,Udumalpet APMC,Green Avare(W),Other,Local,20-09-2026,7000,8000,7500
Tamil Nadu,Coimbatore,Udumalpet APMC,Mango(Raw-Ripe),Mango - Raw-Ripe,Local,20-09-2026,16000,17500,16750
Tamil Nadu,Coimbatore,Udumalpet APMC,Knool Khol,Knool Khol,Local,20-09-2026,7000,8000,7500
Tamil Nadu,Coimbatore,Udumalpet APMC,Lemon,Lemon,Local,20-09-2026,26000,28000,27000
Tamil Nadu,Coimbatore,Udumalpet APMC,Sweet Corn ,Sweet Corn ,Local,20-09-2026,4500,5000,4750
Tamil Nadu,Erode,Gobichettipalayam(Uzhavar Sandhai ),Bitter gourd,Bitter Gourd,Local,20-09-2026,4500,4800,4650
Tamil Nadu,Erode,Gobichettipalayam(Uzhavar Sandhai ),Bhindi(Ladies Finger),Bhindi,Local,20-09-2026,2200,2500,2350
Tamil Nadu,Erode,Gobichettipalayam(Uzhavar Sandhai ),Coconut,Coconut,Local,20-09-2026,5000,5200,5100
Tamil Nadu,Erode,Gobichettipalayam(Uzhavar Sandhai ),Ridgeguard(Tori),Ridgeguard(Tori),Local,20-09-2026,3600,3800,3700
Tamil Nadu,Erode,Gobichettipalayam(Uzhavar Sandhai ),Green Avare(W),Green Avare (W),Local,20-09-2026,5500,6000,5750
Tamil Nadu,Erode,Gobichettipalayam(Uzhavar Sandhai ),Chow Chow,Chow Chow,Local,20-09-2026,3500,4000,3750
Tamil Nadu,Erode,Gobichettipalayam(Uzhavar Sandhai ),Elephant Yam(Suran)/Amorphophallus,Elephant Yam (Suran),Local,20-09-2026,2500,3000,2750
Tamil Nadu,Erode,Gobichettipalayam(Uzhavar Sandhai ),Sweet Corn ,Sweet Corn ,Local,20-09-2026,4500,5000,4750
Tamil Nadu,Erode,Sampath Nagar(Uzhavar Sandhai ),Onion,Bellary,Local,20-09-2026,6600,7000,6800
Tamil Nadu,Erode,Sampath Nagar(Uzhavar Sandhai ),Water Melon,Water Melon,Local,20-09-2026,1000,1500,1250
Tamil Nadu,Erode,Sampath Nagar(Uzhavar Sandhai ),Tapioca,Tapioca,Local,20-09-2026,2000,2500,2250
Tamil Nadu,Erode,Sampath Nagar(Uzhavar Sandhai ),Chow Chow,Chow Chow,Local,20-09-2026,3000,3500,3250
Tamil Nadu,Erode,Sampath Nagar(Uzhavar Sandhai ),Pomegranate,Pomogranate,Local,20-09-2026,16000,17000,16500
Tripura,Khowai,Kalyanpur APMC,Ginger(Green),Green Ginger,FAQ,20-09-2026,9500,9700,9600
Tripura,Khowai,Kalyanpur APMC,Fish,Rahu(Andhra),FAQ,20-09-2026,25000,26000,25700
Tripura,Khowai,Kalyanpur APMC,Goat,Goat,FAQ,20-09-2026,3500,4000,3800
Tamil Nadu,Vellore,Pallikonda(Uzhavar Sandhai),Green Avare(W),Green Avare (W),Local,20-09-2026,5000,5500,5250
Andhra Pradesh,Kakinada,Samalkot APMC,Paddy(Common),Paddy,FAQ,20-09-2026,2339,2345,2340
Tamil Nadu,Pudukkottai,Ponnamaravathi(Uzhavar Sandhai),Coriander(Leaves),I Sort,Local,20-09-2026,4000,5000,4500
Tamil Nadu,Pudukkottai,Ponnamaravathi(Uzhavar Sandhai),Snakeguard,Snakeguard,Local,20-09-2026,2000,3000,2500
Tamil Nadu,Pudukkottai,Ponnamaravathi(Uzhavar Sandhai),Mint(Pudina),Mint(Pudina),Local,20-09-2026,4000,5000,4500
Tamil Nadu,Nagapattinam,Mayiladuthurai(Uzhavar Sandhai ),Brinjal,Round,Local,20-09-2026,4500,5000,4750
Tamil Nadu,Nagapattinam,Mayiladuthurai(Uzhavar Sandhai ),Ashgourd,Gouard,Local,20-09-2026,1500,2000,1750
Tamil Nadu,Nagapattinam,Mayiladuthurai(Uzhavar Sandhai ),Green Chilli,Green Chilly,Local,20-09-2026,5500,6000,5750
Tamil Nadu,Nagapattinam,Mayiladuthurai(Uzhavar Sandhai ),Coconut,Coconut,Local,20-09-2026,3000,4000,3500
Tamil Nadu,Nagapattinam,Mayiladuthurai(Uzhavar Sandhai ),Cabbage,Cabbage,Local,20-09-2026,3000,3000,3000
Tamil Nadu,Nagapattinam,Mayiladuthurai(Uzhavar Sandhai ),Beetroot,Beetroot,Local,20-09-2026,4500,5000,4750
Tamil Nadu,Nagapattinam,Mayiladuthurai(Uzhavar Sandhai ),Raddish,Raddish,Local,20-09-2026,2500,3000,2750
Tamil Nadu,Nagapattinam,Mayiladuthurai(Uzhavar Sandhai ),Yam(Ratalu),Yam (Ratalu),Local,20-09-2026,6000,7000,6500
Uttar Pradesh,Lucknow,Lucknow APMC,Wood,Other,FAQ,20-09-2026,950,1400,1259.63
Tamil Nadu,Pudukkottai,Viralimalai(Uzhavar Sandhai ),Banana,Besrai,Local,20-09-2026,4500,5000,4750
Tamil Nadu,Pudukkottai,Viralimalai(Uzhavar Sandhai ),Coriander(Leaves),I Sort,Local,20-09-2026,4500,5000,4750
Tamil Nadu,Pudukkottai,Viralimalai(Uzhavar Sandhai ),Cluster beans,Cluster Beans,Local,20-09-2026,3500,4000,3750
Tamil Nadu,Pudukkottai,Viralimalai(Uzhavar Sandhai ),Coconut,Coconut,Local,20-09-2026,3500,4000,3750
Tamil Nadu,Ramanathapuram,Paramakudi(Uzhavar Sandhai ),Pumpkin,Pumpkin,Local,20-09-2026,2000,2200,2100
Tamil Nadu,Ramanathapuram,Paramakudi(Uzhavar Sandhai ),Amaranthus,Amaranthus,Local,20-09-2026,3500,4000,3750
Tamil Nadu,Ramanathapuram,Paramakudi(Uzhavar Sandhai ),Cabbage,Cabbage,Local,20-09-2026,4500,4800,4650
Tamil Nadu,Ramanathapuram,Paramakudi(Uzhavar Sandhai ),Beetroot,Beetroot,Local,20-09-2026,5000,5500,5250
Tamil Nadu,Ramanathapuram,Paramakudi(Uzhavar Sandhai ),Knool Khol,Knool Khol,Local,20-09-2026,5000,5800,5400
Tamil Nadu,Ramanathapuram,Paramakudi(Uzhavar Sandhai ),Lime,Lime,Local,20-09-2026,10000,11000,10500
Tamil Nadu,Pudukkottai,Alangudi(Uzhavar Sandhai ),Potato,Other,Local,20-09-2026,5000,6000,5500
Tamil Nadu,Pudukkottai,Alangudi(Uzhavar Sandhai ),Papaya,Papaya,Local,20-09-2026,2500,3000,2750
Tamil Nadu,Pudukkottai,Alangudi(Uzhavar Sandhai ),Bottle gourd,Bottle Gourd,Local,20-09-2026,1500,2000,1750
Tamil Nadu,Pudukkottai,Alangudi(Uzhavar Sandhai ),Ashgourd,Gouard,Local,20-09-2026,1000,1500,1250
Tamil Nadu,Pudukkottai,Alangudi(Uzhavar Sandhai ),Pumpkin,Pumpkin,Local,20-09-2026,1000,1500,1250
Tamil Nadu,Pudukkottai,Alangudi(Uzhavar Sandhai ),Green Chilli,Green Chilly,Local,20-09-2026,5000,6000,5500
Tamil Nadu,Pudukkottai,Alangudi(Uzhavar Sandhai ),Onion Green,Onion Green,Local,20-09-2026,9000,10000,9500
Tamil Nadu,Thiruvannamalai,Arani(Uzhavar Sandhai ),Potato,Red Nanital,Local,20-09-2026,3000,3600,3300
Tamil Nadu,Thiruvannamalai,Arani(Uzhavar Sandhai ),Papaya,Papaya,Local,20-09-2026,3500,4000,3750
Tamil Nadu,Thiruvannamalai,Arani(Uzhavar Sandhai ),Cluster beans,Cluster Beans,Local,20-09-2026,3500,4200,3850
Tamil Nadu,Thiruvannamalai,Arani(Uzhavar Sandhai ),Green Avare(W),Green Avare (W),Local,20-09-2026,5000,6000,5500
Tamil Nadu,Thiruvannamalai,Arani(Uzhavar Sandhai ),Chow Chow,Chow Chow,Local,20-09-2026,2500,3000,2750
Tamil Nadu,Thiruvannamalai,Arani(Uzhavar Sandhai ),Onion Green,Onion Green,Local,20-09-2026,5000,6000,5500
Tamil Nadu,Thiruvannamalai,Polur(Uzhavar Sandhai ),Bitter gourd,Bitter Gourd,Local,20-09-2026,4000,4800,4400
Tamil Nadu,Thiruvannamalai,Polur(Uzhavar Sandhai ),Pumpkin,Pumpkin,Local,20-09-2026,1600,2000,1800
Tamil Nadu,Thiruvannamalai,Polur(Uzhavar Sandhai ),Green Avare(W),Green Avare (W),Local,20-09-2026,5000,6000,5500
Tamil Nadu,Thiruvannamalai,Polur(Uzhavar Sandhai ),Guava,Guava Allahabad,Local,20-09-2026,4200,5000,4600
Tamil Nadu,Thiruvannamalai,Polur(Uzhavar Sandhai ),Lemon,Lemon,Local,20-09-2026,16000,20000,18000
Tamil Nadu,Thiruvannamalai,Polur(Uzhavar Sandhai ),Mint(Pudina),Mint(Pudina),Local,20-09-2026,3300,4000,3650
Tamil Nadu,Thiruvannamalai,Tiruvannamalai(Uzhavar Sandhai ),Grapes,Annabesahai,Local,20-09-2026,8000,10000,9000
Tamil Nadu,Thiruvannamalai,Tiruvannamalai(Uzhavar Sandhai ),Coriander(Leaves),I Sort,Local,20-09-2026,4000,5000,4500
Tamil Nadu,Thiruvannamalai,Tiruvannamalai(Uzhavar Sandhai ),Mousambi(Sweet Lime),Mousambi,Local,20-09-2026,5000,6000,5500
Tamil Nadu,Thiruvannamalai,Tiruvannamalai(Uzhavar Sandhai ),Tomato,Deshi,Local,20-09-2026,2500,2800,2650
Tamil Nadu,Thiruvannamalai,Tiruvannamalai(Uzhavar Sandhai ),Green Chilli,Green Chilly,Local,20-09-2026,6400,7200,6800
Tamil Nadu,Thiruvannamalai,Tiruvannamalai(Uzhavar Sandhai ),Tapioca,Tapioca,Local,20-09-2026,3000,3500,3250
Tamil Nadu,Thiruvannamalai,Tiruvannamalai(Uzhavar Sandhai ),Cabbage,Cabbage,Local,20-09-2026,2000,2500,2250
Tamil Nadu,Thiruvannamalai,Tiruvannamalai(Uzhavar Sandhai ),Capsicum,Capsicum,Local,20-09-2026,5000,6000,5500
Tamil Nadu,Thiruvannamalai,Tiruvannamalai(Uzhavar Sandhai ),Guava,Guava Allahabad,Local,20-09-2026,5000,6000,5500
Tamil Nadu,Thiruvannamalai,Tiruvannamalai(Uzhavar Sandhai ),Fig(Anjura/Anjeer),Anjura,Local,20-09-2026,7000,8000,7500
Tamil Nadu,Thiruvarur,Mannargudi I(Uzhavar Sandhai ),Cauliflower,Ranchi,Local,20-09-2026,5600,5600,5600
Tamil Nadu,Thiruvarur,Mannargudi I(Uzhavar Sandhai ),Bhindi(Ladies Finger),Bhindi,Local,20-09-2026,3600,3600,3600
Tamil Nadu,Thiruvarur,Mannargudi I(Uzhavar Sandhai ),Ginger(Green),Green Ginger,Local,20-09-2026,18000,18000,18000
Tamil Nadu,Thiruvarur,Mannargudi I(Uzhavar Sandhai ),Mint(Pudina),Mint(Pudina),Local,20-09-2026,6500,6500,6500
Tamil Nadu,Tuticorin,Kovilpatti(Uzhavar Sandhai ),Chikoos(Sapota),Sapota,Local,20-09-2026,5000,5500,5250
Tamil Nadu,Tuticorin,Kovilpatti(Uzhavar Sandhai ),Bitter gourd,Other,Local,20-09-2026,11000,11500,11250
Tamil Nadu,Tuticorin,Kovilpatti(Uzhavar Sandhai ),Bhindi(Ladies Finger),Bhindi,Local,20-09-2026,2500,3000,2750
Tamil Nadu,Tuticorin,Kovilpatti(Uzhavar Sandhai ),Amaranthus,Amaranthus,Local,20-09-2026,2000,2500,2250
Tamil Nadu,Tuticorin,Kovilpatti(Uzhavar Sandhai ),Ginger(Green),Green Ginger,Local,20-09-2026,19000,19500,19250
Tamil Nadu,Tuticorin,Kovilpatti(Uzhavar Sandhai ),Cabbage,Cabbage,Local,20-09-2026,3500,4000,3750
Tamil Nadu,Tuticorin,Kovilpatti(Uzhavar Sandhai ),Snakeguard,Snakeguard,Local,20-09-2026,4000,4500,4250
Tamil Nadu,Tuticorin,Kovilpatti(Uzhavar Sandhai ),Raddish,Raddish,Local,20-09-2026,3500,4000,3750
Tamil Nadu,Tuticorin,Kovilpatti(Uzhavar Sandhai ),Guava,Guava Allahabad,Local,20-09-2026,5500,6000,5750
Tamil Nadu,Tuticorin,Kovilpatti(Uzhavar Sandhai ),Indian Beans(Seam),Indian Beans (Seam),Local,20-09-2026,7000,7500,7250
Tamil Nadu,Vellore,Gudiyatham(Uzhavar Sandhai ),Groundnut,Big (With Shell),Local,20-09-2026,7600,7600,7600
Tamil Nadu,Vellore,Gudiyatham(Uzhavar Sandhai ),Banana,Red Banana,Local,20-09-2026,8500,8500,8500
Tamil Nadu,Vellore,Gudiyatham(Uzhavar Sandhai ),Onion,Bellary,Local,20-09-2026,6000,6000,6000
Tamil Nadu,Vellore,Gudiyatham(Uzhavar Sandhai ),Garlic,Garlic,Local,20-09-2026,24000,24000,24000
Tamil Nadu,Vellore,Gudiyatham(Uzhavar Sandhai ),Coriander(Leaves),I Sort,Local,20-09-2026,5000,5000,5000
Tamil Nadu,Vellore,Gudiyatham(Uzhavar Sandhai ),Banana - Green,Banana - Green,Local,20-09-2026,3500,3500,3500
Tamil Nadu,Vellore,Gudiyatham(Uzhavar Sandhai ),Ginger(Green),Green Ginger,Local,20-09-2026,19000,19000,19000
Tamil Nadu,Vellore,Gudiyatham(Uzhavar Sandhai ),Carrot,Pusakesar,Local,20-09-2026,5600,5600,5600
Tamil Nadu,Vellore,Gudiyatham(Uzhavar Sandhai ),Chow Chow,Chow Chow,Local,20-09-2026,4000,4000,4000
Tamil Nadu,Vellore,Gudiyatham(Uzhavar Sandhai ),Yam(Ratalu),Yam (Ratalu),Local,20-09-2026,5600,5600,5600
Tamil Nadu,Vellore,Gudiyatham(Uzhavar Sandhai ),Sweet Corn ,Sweet Corn ,Local,20-09-2026,2500,2500,2500
Tamil Nadu,Vellore,Kahithapattarai(Uzhavar Sandhai ),Groundnut,Big (With Shell),Local,20-09-2026,7000,7000,7000
Tamil Nadu,Vellore,Kahithapattarai(Uzhavar Sandhai ),Apple,American,Local,20-09-2026,18000,20000,19000
Tamil Nadu,Vellore,Kahithapattarai(Uzhavar Sandhai ),Orange,Darjeeling,Local,20-09-2026,6000,6000,6000
Tamil Nadu,Vellore,Kahithapattarai(Uzhavar Sandhai ),Coriander(Leaves),I Sort,Local,20-09-2026,3500,3500,3500
Tamil Nadu,Vellore,Kahithapattarai(Uzhavar Sandhai ),Beetroot,Beetroot,Local,20-09-2026,4500,4500,4500
Tamil Nadu,Vellore,Kahithapattarai(Uzhavar Sandhai ),Ridgeguard(Tori),Ridgeguard(Tori),Local,20-09-2026,3500,3500,3500
Tamil Nadu,Vellore,Kahithapattarai(Uzhavar Sandhai ),Thondekai,Thondekai,Local,20-09-2026,3000,3000,3000
Tamil Nadu,Vellore,Kahithapattarai(Uzhavar Sandhai ),Chow Chow,Chow Chow,Local,20-09-2026,3500,3500,3500
Tamil Nadu,Vellore,Kahithapattarai(Uzhavar Sandhai ),Mango(Raw-Ripe),Mango - Raw-Ripe,Local,20-09-2026,16000,16000,16000
Tamil Nadu,Vellore,Kahithapattarai(Uzhavar Sandhai ),Guava,Guava Allahabad,Local,20-09-2026,8000,8000,8000
Tamil Nadu,Vellore,Kahithapattarai(Uzhavar Sandhai ),Tender Coconut,Tender Coconut,Local,20-09-2026,3000,3000,3000
Tamil Nadu,Vellore,Kahithapattarai(Uzhavar Sandhai ),Indian Beans(Seam),Indian Beans (Seam),Local,20-09-2026,6500,6500,6500
Tamil Nadu,Vellore,Kahithapattarai(Uzhavar Sandhai ),Onion Green,Onion Green,Local,20-09-2026,11000,11000,11000
Tamil Nadu,Thiruvannamalai,Cheyyar(Uzhavar Sandhai ),Banana,Poovan,Local,20-09-2026,4000,5000,4500
Tamil Nadu,Thiruvannamalai,Cheyyar(Uzhavar Sandhai ),Potato,Other,Local,20-09-2026,3000,3600,3300
Tamil Nadu,Thiruvannamalai,Cheyyar(Uzhavar Sandhai ),Tomato,Local,Local,20-09-2026,2500,3000,2750
Tamil Nadu,Thiruvannamalai,Cheyyar(Uzhavar Sandhai ),Bottle gourd,Bottle Gourd,Local,20-09-2026,1500,2000,1750
Tamil Nadu,Thiruvannamalai,Cheyyar(Uzhavar Sandhai ),Pumpkin,Pumpkin,Local,20-09-2026,2500,3000,2750
Tamil Nadu,Thiruvannamalai,Cheyyar(Uzhavar Sandhai ),Beans,Beans (Whole),Local,20-09-2026,4800,6000,5400
Tamil Nadu,Thiruvannamalai,Cheyyar(Uzhavar Sandhai ),Tender Coconut,Tender Coconut,Local,20-09-2026,2000,2500,2250
Tamil Nadu,Thiruvannamalai,Cheyyar(Uzhavar Sandhai ),Yam(Ratalu),Yam (Ratalu),Local,20-09-2026,5500,7000,6250
Uttar Pradesh,Badaun,Islam Nagar APMC,Wheat,Medium,FAQ,20-09-2026,2600,2600,2600
Tamil Nadu,Ariyalur,Ariyalur(Uzhavar Sandhai),Tomato,Deshi,Local,20-09-2026,2500,3000,2750
Tamil Nadu,Ariyalur,Ariyalur(Uzhavar Sandhai),Green Chilli,Green Chilly,Local,20-09-2026,5000,5500,5250
Uttar Pradesh,Amroha,Amroha APMC,Tomato,Other,FAQ,20-09-2026,1300,1500,1318.36
Keralam,Thiruvananthapuram,Pappanchani VFPCK Market,Cowpea(Veg),Bean Barbati,Grade A,20-09-2026,8000,8000,8000
Keralam,Thiruvananthapuram,Pappanchani VFPCK Market,Amranthas Red,Chawli Lal,Grade A,20-09-2026,4000,4000,4000
Keralam,Thiruvananthapuram,Pappanchani VFPCK Market,Snakeguard,Other,Grade A,20-09-2026,3000,3000,3000
Tamil Nadu,Coimbatore,Sundarapuram(Uzhavar Sandhai ),Cauliflower,Ranchi,Local,20-09-2026,4500,5000,4750
Tamil Nadu,Coimbatore,Sundarapuram(Uzhavar Sandhai ),Coriander(Leaves),I Sort,Local,20-09-2026,4500,5000,4750
Tamil Nadu,Coimbatore,Sundarapuram(Uzhavar Sandhai ),Green Peas,Green Peas,Local,20-09-2026,21000,22000,21500
Tamil Nadu,Coimbatore,Sundarapuram(Uzhavar Sandhai ),Cluster beans,Cluster Beans,Local,20-09-2026,3200,3800,3500
Tamil Nadu,Coimbatore,Sundarapuram(Uzhavar Sandhai ),Bottle gourd,Bottle Gourd,Local,20-09-2026,2500,3000,2750
Tamil Nadu,Coimbatore,Sundarapuram(Uzhavar Sandhai ),Ashgourd,Gouard,Local,20-09-2026,1800,2000,1900
Tamil Nadu,Coimbatore,Sundarapuram(Uzhavar Sandhai ),Pumpkin,Pumpkin,Local,20-09-2026,1800,2000,1900
Tamil Nadu,Coimbatore,Sundarapuram(Uzhavar Sandhai ),Amaranthus,Amaranthus,Local,20-09-2026,5500,6500,6000
Tamil Nadu,Coimbatore,Sundarapuram(Uzhavar Sandhai ),Banana - Green,Banana - Green,Local,20-09-2026,4000,4500,4250
Tamil Nadu,Coimbatore,Sundarapuram(Uzhavar Sandhai ),Beans,Beans (Whole),Local,20-09-2026,7000,7500,7250
Tamil Nadu,Coimbatore,Sundarapuram(Uzhavar Sandhai ),Ginger(Green),Green Ginger,Local,20-09-2026,16000,16500,16250
Tamil Nadu,Coimbatore,Sundarapuram(Uzhavar Sandhai ),Cabbage,Cabbage,Local,20-09-2026,2000,2500,2250
Tamil Nadu,Coimbatore,Sundarapuram(Uzhavar Sandhai ),Snakeguard,Snakeguard,Local,20-09-2026,3000,3500,3250
Tamil Nadu,Coimbatore,Sundarapuram(Uzhavar Sandhai ),Thondekai,Thondekai,Local,20-09-2026,3500,4000,3750
Tamil Nadu,Coimbatore,Sundarapuram(Uzhavar Sandhai ),Guava,Guava Allahabad,Local,20-09-2026,5500,6000,5750
Tamil Nadu,Coimbatore,Sundarapuram(Uzhavar Sandhai ),Lemon,Lemon,Local,20-09-2026,25000,26000,25500
Tamil Nadu,Coimbatore,Sundarapuram(Uzhavar Sandhai ),Sweet Corn ,Sweet Corn ,Local,20-09-2026,3500,4000,3750
Haryana,Gurgaon,Gurgaon APMC,Apple,Apple,Grade C,20-09-2026,5000,10000,7500
Haryana,Gurgaon,Gurgaon APMC,Onion,Other,Grade A,20-09-2026,4000,4500,4250
Haryana,Gurgaon,Gurgaon APMC,Tomato,Other,Grade A,20-09-2026,1000,2000,1500
Tamil Nadu,Erode,Sathiyamagalam(Uzhavar Sandhai ),Brinjal,Other,Local,20-09-2026,2800,3200,3000
Tamil Nadu,Erode,Sathiyamagalam(Uzhavar Sandhai ),Cluster beans,Cluster Beans,Local,20-09-2026,3500,4000,3750
Tamil Nadu,Erode,Sathiyamagalam(Uzhavar Sandhai ),Bottle gourd,Bottle Gourd,Local,20-09-2026,1500,2000,1750
Tamil Nadu,Erode,Sathiyamagalam(Uzhavar Sandhai ),Beans,Beans (Whole),Local,20-09-2026,7000,7500,7250
Tamil Nadu,Erode,Sathiyamagalam(Uzhavar Sandhai ),Carrot,Pusakesar,Local,20-09-2026,5400,5800,5600
Tamil Nadu,Erode,Sathiyamagalam(Uzhavar Sandhai ),Beetroot,Beetroot,Local,20-09-2026,5000,5500,5250
Tamil Nadu,Erode,Sathiyamagalam(Uzhavar Sandhai ),Cucumbar(Kheera),Cucumbar,Local,20-09-2026,3000,3400,3200
Tamil Nadu,Erode,Sathiyamagalam(Uzhavar Sandhai ),Chow Chow,Chow Chow,Local,20-09-2026,2500,3000,2750
Tamil Nadu,Erode,Sathiyamagalam(Uzhavar Sandhai ),Elephant Yam(Suran)/Amorphophallus,Elephant Yam (Suran),Local,20-09-2026,3500,4000,3750
Tamil Nadu,Erode,Sathiyamagalam(Uzhavar Sandhai ),Sweet Corn ,Sweet Corn ,Local,20-09-2026,2500,3000,2750
Tamil Nadu,Coimbatore,Mettupalayam(Uzhavar Sandhai ),Groundnut,Big (With Shell),Local,20-09-2026,8000,9000,8500
Tamil Nadu,Coimbatore,Mettupalayam(Uzhavar Sandhai ),Potato,Red Nanital,Local,20-09-2026,4500,6800,5650
Tamil Nadu,Coimbatore,Mettupalayam(Uzhavar Sandhai ),Papaya,Papaya,Local,20-09-2026,4000,4500,4250
Tamil Nadu,Coimbatore,Mettupalayam(Uzhavar Sandhai ),Bitter gourd,Bitter Gourd,Local,20-09-2026,4400,4800,4600
Tamil Nadu,Coimbatore,Mettupalayam(Uzhavar Sandhai ),Ashgourd,Gouard,Local,20-09-2026,1600,2000,1800
Tamil Nadu,Coimbatore,Mettupalayam(Uzhavar Sandhai ),Coconut,Coconut,Local,20-09-2026,5500,6000,5750
Tamil Nadu,Coimbatore,Mettupalayam(Uzhavar Sandhai ),Ridgeguard(Tori),Ridgeguard(Tori),Local,20-09-2026,3500,4500,4000
Tamil Nadu,Coimbatore,Mettupalayam(Uzhavar Sandhai ),Drumstick,Drumstick,Local,20-09-2026,2500,3500,3000
Tamil Nadu,Coimbatore,Mettupalayam(Uzhavar Sandhai ),Knool Khol,Knool Khol,Local,20-09-2026,4500,5000,4750
Tamil Nadu,Coimbatore,Mettupalayam(Uzhavar Sandhai ),Lime,Lime,Local,20-09-2026,13000,15000,14000
Tamil Nadu,Coimbatore,Mettupalayam(Uzhavar Sandhai ),Elephant Yam(Suran)/Amorphophallus,Elephant Yam (Suran),Local,20-09-2026,3500,4000,3750
Tamil Nadu,Coimbatore,Mettupalayam(Uzhavar Sandhai ),Mint(Pudina),Mint(Pudina),Local,20-09-2026,6000,6500,6250
Uttar Pradesh,Kanpur Dehat,Pukharayan APMC,Wheat,Dara,FAQ,20-09-2026,2600,2600,2600
Uttar Pradesh,Bijnor,Najibabad APMC,Wood,Other,FAQ,20-09-2026,600,720,648
Tamil Nadu,Namakkal,Tiruchengode APMC,Cauliflower,Ranchi,Local,20-09-2026,3500,4000,3750
Tamil Nadu,Namakkal,Tiruchengode APMC,Papaya,Papaya,Local,20-09-2026,3000,3500,3250
Tamil Nadu,Namakkal,Tiruchengode APMC,Ashgourd,Gouard,Local,20-09-2026,1800,2000,1900
Tamil Nadu,Namakkal,Tiruchengode APMC,Beans,Beans (Whole),Local,20-09-2026,6800,7500,7150
Tamil Nadu,Namakkal,Tiruchengode APMC,Tapioca,Tapioca,Local,20-09-2026,3000,3500,3250
Tamil Nadu,Namakkal,Tiruchengode APMC,Ginger(Green),Green Ginger,Local,20-09-2026,16000,18000,17000
Tamil Nadu,Namakkal,Tiruchengode APMC,Cucumbar(Kheera),Cucumbar,Local,20-09-2026,8000,9000,8500
Tamil Nadu,Namakkal,Tiruchengode APMC,Raddish,Raddish,Local,20-09-2026,2600,3000,2800
Tamil Nadu,Namakkal,Tiruchengode APMC,Drumstick,Drumstick,Local,20-09-2026,3000,3500,3250
Tamil Nadu,Namakkal,Tiruchengode APMC,Elephant Yam(Suran)/Amorphophallus,Elephant Yam (Suran),Local,20-09-2026,3000,3500,3250
Tamil Nadu,Namakkal,Tiruchengode APMC,Yam(Ratalu),Yam (Ratalu),Local,20-09-2026,7000,8000,7500
Telangana,Siddipet,Vantamamidi APMC,Bhindi(Ladies Finger),Bhindi,Local,20-09-2026,1000,1500,1250
Telangana,Siddipet,Vantamamidi APMC,Brinjal,Brinjal,Local,20-09-2026,1000,2000,1500
Telangana,Siddipet,Vantamamidi APMC,Onion Green,Onion Green,Local,20-09-2026,2000,2000,2000
Telangana,Khammam,Nelakondapally APMC,Paddy(Common),HMT,Local,20-09-2026,2360,2400,2389
Andhra Pradesh,Visakhapatnam,Bhimunipatnam APMC,Ragi(Finger Millet),Local,Local,20-09-2026,5000,5000,5000
Tamil Nadu,Coimbatore,RSPuram(Uzhavar Sandhai ),Orange,Darjeeling,Local,20-09-2026,14000,17000,15500
Tamil Nadu,Coimbatore,RSPuram(Uzhavar Sandhai ),Onion,Bellary,Local,20-09-2026,5600,6000,5800
Tamil Nadu,Coimbatore,RSPuram(Uzhavar Sandhai ),Potato,Other,Local,20-09-2026,6400,7000,6700
Tamil Nadu,Coimbatore,RSPuram(Uzhavar Sandhai ),Mousambi(Sweet Lime),Mousambi,Local,20-09-2026,4000,4500,4250
Tamil Nadu,Coimbatore,RSPuram(Uzhavar Sandhai ),Cabbage,Cabbage,Local,20-09-2026,2000,2200,2100
Tamil Nadu,Coimbatore,RSPuram(Uzhavar Sandhai ),Pomegranate,Pomogranate,Local,20-09-2026,15000,17000,16000
Tamil Nadu,Coimbatore,RSPuram(Uzhavar Sandhai ),Tender Coconut,Tender Coconut,Local,20-09-2026,4000,4500,4250
Tamil Nadu,Coimbatore,RSPuram(Uzhavar Sandhai ),Elephant Yam(Suran)/Amorphophallus,Elephant Yam (Suran),Local,20-09-2026,3000,3600,3300
Tamil Nadu,Coimbatore,RSPuram(Uzhavar Sandhai ),Baby Corn,Baby Corn,Grade A,20-09-2026,2200,2600,2400
Tamil Nadu,Coimbatore,Singanallur(Uzhavar Sandhai ),Potato,Red Nanital,Local,20-09-2026,4000,7000,5500
Tamil Nadu,Coimbatore,Singanallur(Uzhavar Sandhai ),Cauliflower,Ranchi,Local,20-09-2026,4400,5000,4700
Tamil Nadu,Coimbatore,Singanallur(Uzhavar Sandhai ),Mousambi(Sweet Lime),Mousambi,Local,20-09-2026,4400,5000,4700
Tamil Nadu,Coimbatore,Singanallur(Uzhavar Sandhai ),Beans,Beans (Whole),Local,20-09-2026,6600,7200,6900
Tamil Nadu,Coimbatore,Singanallur(Uzhavar Sandhai ),Ginger(Green),Green Ginger,Local,20-09-2026,14000,16500,15250
Tamil Nadu,Coimbatore,Singanallur(Uzhavar Sandhai ),Snakeguard,Snakeguard,Local,20-09-2026,3000,3400,3200
Tamil Nadu,Coimbatore,Singanallur(Uzhavar Sandhai ),Green Avare(W),Green Avare (W),Local,20-09-2026,6000,6500,6250
Tamil Nadu,Coimbatore,Singanallur(Uzhavar Sandhai ),Drumstick,Drumstick,Local,20-09-2026,3600,4000,3800
Tamil Nadu,Coimbatore,Singanallur(Uzhavar Sandhai ),Lime,Lime,Local,20-09-2026,15000,16000,15500
Tamil Nadu,Coimbatore,Pollachi(Uzhavar Sandhai ),Brinjal,Other,Local,20-09-2026,4000,4500,4250
Tamil Nadu,Coimbatore,Pollachi(Uzhavar Sandhai ),Bitter gourd,Bitter Gourd,Local,20-09-2026,4500,5000,4750
Tamil Nadu,Coimbatore,Pollachi(Uzhavar Sandhai ),Green Chilli,Green Chilly,Local,20-09-2026,5500,6000,5750
Tamil Nadu,Coimbatore,Pollachi(Uzhavar Sandhai ),Beans,Beans (Whole),Local,20-09-2026,6500,7500,7000
Tamil Nadu,Coimbatore,Pollachi(Uzhavar Sandhai ),Elephant Yam(Suran)/Amorphophallus,Elephant Yam (Suran),Local,20-09-2026,3500,4000,3750
Tamil Nadu,Coimbatore,Pollachi(Uzhavar Sandhai ),Mashrooms,Mashrooms,Local,20-09-2026,18000,20000,19000
Tamil Nadu,Coimbatore,Pollachi(Uzhavar Sandhai ),Mint(Pudina),Mint(Pudina),Local,20-09-2026,5000,6000,5500
Odisha,Bargarh,Godbhaga APMC,Ridge Gourd(Permal/Hybrid Gourd),Ridge Gourd(Permal/Hybrid Gourd),Grade B,20-09-2026,2200,2600,2400
Telangana,Ranga Reddy,"Vanasthalipuram,RBZ ",Cabbage,Cabbage,Grade A,20-09-2026,1300,1300,1300
Telangana,Ranga Reddy,"Vanasthalipuram,RBZ ",Brinjal,Brinjal,Grade A,20-09-2026,3500,3500,3500
Telangana,Ranga Reddy,"Vanasthalipuram,RBZ ",Green Chilli,Green Chilly,Grade A,20-09-2026,4000,4000,4000
Telangana,Ranga Reddy,"Vanasthalipuram,RBZ ",Colacasia,Colacasia,Grade A,20-09-2026,2800,2800,2800
Telangana,Ranga Reddy,"Vanasthalipuram,RBZ ",Beetroot,Beetroot,Grade A,20-09-2026,2800,2800,2800
Tamil Nadu,Karur,Karur(Uzhavar Sandhai ),Tomato,Deshi,Local,20-09-2026,2500,3000,2750
Tamil Nadu,Karur,Karur(Uzhavar Sandhai ),Bitter gourd,Other,Local,20-09-2026,5000,5500,5250
Tamil Nadu,Karur,Karur(Uzhavar Sandhai ),Ashgourd,Gouard,Local,20-09-2026,2000,2500,2250
Tamil Nadu,Karur,Karur(Uzhavar Sandhai ),Bhindi(Ladies Finger),Bhindi,Local,20-09-2026,3500,4000,3750
Tamil Nadu,Karur,Karur(Uzhavar Sandhai ),Banana - Green,Banana - Green,Local,20-09-2026,2500,3000,2750
Tamil Nadu,Karur,Karur(Uzhavar Sandhai ),Beans,Beans (Whole),Local,20-09-2026,7500,8000,7750
Tamil Nadu,Karur,Karur(Uzhavar Sandhai ),Coconut,Coconut,Local,20-09-2026,5500,6000,5750
Tamil Nadu,Karur,Karur(Uzhavar Sandhai ),Cabbage,Cabbage,Local,20-09-2026,3500,4000,3750
Tamil Nadu,Karur,Karur(Uzhavar Sandhai ),Snakeguard,Snakeguard,Local,20-09-2026,3000,3500,3250
Tamil Nadu,Karur,Karur(Uzhavar Sandhai ),Beetroot,Beetroot,Local,20-09-2026,6500,7000,6750
Tamil Nadu,Karur,Karur(Uzhavar Sandhai ),Raddish,Raddish,Local,20-09-2026,2500,3000,2750
Tamil Nadu,Karur,Karur(Uzhavar Sandhai ),Knool Khol,Knool Khol,Local,20-09-2026,6500,7000,6750
Tamil Nadu,Karur,Karur(Uzhavar Sandhai ),Elephant Yam(Suran)/Amorphophallus,Elephant Yam (Suran),Local,20-09-2026,4500,5000,4750
Tamil Nadu,Karur,Karur(Uzhavar Sandhai ),Lemon,Lemon,Local,20-09-2026,29500,30000,29750
Tamil Nadu,Karur,Karur(Uzhavar Sandhai ),Amla(Nelli Kai),Amla,Local,20-09-2026,11500,12000,11750
Tripura,South Tripura,Biokhora,Coriander(Leaves),Coriander,FAQ,20-09-2026,5500,5650,5580
Tamil Nadu,Coimbatore,Kurichi(Uzhavar Sandhai ),Brinjal,Round,Local,20-09-2026,4500,5000,4750
Tamil Nadu,Coimbatore,Kurichi(Uzhavar Sandhai ),Ashgourd,Gouard,Local,20-09-2026,1800,2000,1900
Tamil Nadu,Coimbatore,Kurichi(Uzhavar Sandhai ),Pumpkin,Pumpkin,Local,20-09-2026,1800,2000,1900
Tamil Nadu,Coimbatore,Kurichi(Uzhavar Sandhai ),Banana - Green,Banana - Green,Local,20-09-2026,4000,4500,4250
Tamil Nadu,Coimbatore,Kurichi(Uzhavar Sandhai ),Tapioca,Tapioca,Local,20-09-2026,3000,3500,3250
Tamil Nadu,Coimbatore,Kurichi(Uzhavar Sandhai ),Sweet Potato,Hosur Red,Local,20-09-2026,5500,6000,5750
Tamil Nadu,Coimbatore,Kurichi(Uzhavar Sandhai ),Green Avare(W),Green Avare (W),Local,20-09-2026,6000,6500,6250
Tamil Nadu,Cuddalore,Chidambaram(Uzhavar Sandhai ),Banana,Besrai,Local,20-09-2026,4000,4000,4000
Tamil Nadu,Cuddalore,Chidambaram(Uzhavar Sandhai ),Onion Green,Onion Green,Local,20-09-2026,8000,8000,8000
Tamil Nadu,Cuddalore,Cuddalore(Uzhavar Sandhai ),Banana,Besrai,Local,20-09-2026,4000,8000,6000
Tamil Nadu,Cuddalore,Cuddalore(Uzhavar Sandhai ),Potato,Red Nanital,Local,20-09-2026,4000,4000,4000
Tamil Nadu,Cuddalore,Cuddalore(Uzhavar Sandhai ),Green Chilli,Green Chilly,Local,20-09-2026,5000,6000,5500
Tamil Nadu,Cuddalore,Cuddalore(Uzhavar Sandhai ),Ginger(Green),Green Ginger,Local,20-09-2026,18000,18000,18000
Tamil Nadu,Cuddalore,Cuddalore(Uzhavar Sandhai ),Coconut,Coconut,Local,20-09-2026,6000,7000,6500
Tamil Nadu,Cuddalore,Cuddalore(Uzhavar Sandhai ),Chow Chow,Chow Chow,Local,20-09-2026,4000,4000,4000
Tamil Nadu,Cuddalore,Cuddalore(Uzhavar Sandhai ),Yam(Ratalu),Yam (Ratalu),Local,20-09-2026,6000,6000,6000
Tamil Nadu,Cuddalore,Cuddalore(Uzhavar Sandhai ),Colacasia,Colacasia,Local,20-09-2026,6000,6000,6000
Tamil Nadu,Cuddalore,Cuddalore(Uzhavar Sandhai ),Onion Green,Onion Green,Local,20-09-2026,11000,11000,11000
Tamil Nadu,Cuddalore,Cuddalore(Uzhavar Sandhai ),Mint(Pudina),Mint(Pudina),Local,20-09-2026,4000,4000,4000
Tamil Nadu,Tuticorin,Tuticorin(Uzhavar Sandhai ),Brinjal,Round,Local,20-09-2026,3000,3500,3250
Tamil Nadu,Tuticorin,Tuticorin(Uzhavar Sandhai ),Garlic,Garlic,Local,20-09-2026,21000,22000,21500
Tamil Nadu,Tuticorin,Tuticorin(Uzhavar Sandhai ),Ashgourd,Gouard,Local,20-09-2026,1500,2000,1750
Tamil Nadu,Tuticorin,Tuticorin(Uzhavar Sandhai ),Beetroot,Beetroot,Local,20-09-2026,5000,6000,5500
Tamil Nadu,Tuticorin,Tuticorin(Uzhavar Sandhai ),Ridgeguard(Tori),Ridgeguard(Tori),Local,20-09-2026,4500,5000,4750
Tamil Nadu,Tuticorin,Tuticorin(Uzhavar Sandhai ),Chow Chow,Chow Chow,Local,20-09-2026,3500,4000,3750
Tamil Nadu,Tuticorin,Tuticorin(Uzhavar Sandhai ),Jack Fruit(Ripe),Jack Fruit,Local,20-09-2026,5000,6000,5500
Tamil Nadu,Tuticorin,Tuticorin(Uzhavar Sandhai ),Elephant Yam(Suran)/Amorphophallus,Elephant Yam (Suran),Local,20-09-2026,4500,5000,4750
Tamil Nadu,Tuticorin,Tuticorin(Uzhavar Sandhai ),Yam(Ratalu),Yam (Ratalu),Local,20-09-2026,9000,10000,9500
Tamil Nadu,Nagercoil (Kannyiakumari),Vadaseri APMC,Brinjal,Round,Local,20-09-2026,5500,6000,5750
Tamil Nadu,Nagercoil (Kannyiakumari),Vadaseri APMC,Banana,Besrai,Local,20-09-2026,7000,7500,7250
Tamil Nadu,Nagercoil (Kannyiakumari),Vadaseri APMC,Garlic,Garlic,Local,20-09-2026,20000,22000,21000
Tamil Nadu,Nagercoil (Kannyiakumari),Vadaseri APMC,Bottle gourd,Bottle Gourd,Local,20-09-2026,2200,2500,2350
Tamil Nadu,Nagercoil (Kannyiakumari),Vadaseri APMC,Beans,Beans (Whole),Local,20-09-2026,11000,12000,11500
Tamil Nadu,Nagercoil (Kannyiakumari),Vadaseri APMC,Ginger(Green),Green Ginger,Local,20-09-2026,18000,20000,19000
Tamil Nadu,Nagercoil (Kannyiakumari),Vadaseri APMC,Coconut,Coconut,Local,20-09-2026,6100,6300,6200
Tamil Nadu,Nagercoil (Kannyiakumari),Vadaseri APMC,Sweet Potato,Hosur Red,Local,20-09-2026,3500,4000,3750
Tamil Nadu,Nagercoil (Kannyiakumari),Vadaseri APMC,Green Avare(W),Green Avare (W),Local,20-09-2026,3500,4000,3750
Tamil Nadu,Nagercoil (Kannyiakumari),Vadaseri APMC,Lemon,Lemon,Local,20-09-2026,23000,25000,24000
Tamil Nadu,Nagercoil (Kannyiakumari),Vadaseri APMC,Amla(Nelli Kai),Amla,Local,20-09-2026,9000,10000,9500
Madhya Pradesh,Morena,Kailaras APMC,Cauliflower,Other,FAQ,20-09-2026,2400,2400,2400
Madhya Pradesh,Morena,Kailaras APMC,Coriander(Leaves),Coriander,FAQ,20-09-2026,2000,2000,2000
Madhya Pradesh,Morena,Kailaras APMC,Tomato,Other,FAQ,20-09-2026,1600,1600,1600
Madhya Pradesh,Morena,Kailaras APMC,Cabbage,Cabbage,FAQ,20-09-2026,500,2200,2200
Madhya Pradesh,Morena,Kailaras APMC,Colacasia,Arabi,FAQ,20-09-2026,2000,2000,2000
Tamil Nadu,Vellore,Thirupathur APMC,Coriander(Leaves),I Sort,Local,20-09-2026,4000,4000,4000
Tamil Nadu,Vellore,Thirupathur APMC,Green Peas,Green Peas,Local,20-09-2026,10000,10000,10000
Tamil Nadu,Vellore,Thirupathur APMC,Papaya,Papaya,Local,20-09-2026,4000,4000,4000
Tamil Nadu,Vellore,Thirupathur APMC,Cluster beans,Cluster Beans,Local,20-09-2026,4000,4000,4000
Tamil Nadu,Vellore,Thirupathur APMC,Green Chilli,Green Chilly,Local,20-09-2026,7000,7000,7000
Tamil Nadu,Vellore,Thirupathur APMC,Cowpea(Veg),Cowpea (Veg),Local,20-09-2026,6000,6000,6000
Tamil Nadu,Vellore,Thirupathur APMC,Cabbage,Cabbage,Local,20-09-2026,3400,3400,3400
Tamil Nadu,Vellore,Thirupathur APMC,Cucumbar(Kheera),Cucumbar,Local,20-09-2026,4000,4000,4000
Tamil Nadu,Vellore,Thirupathur APMC,Yam(Ratalu),Yam (Ratalu),Local,20-09-2026,4000,4000,4000
Tamil Nadu,Vellore,Thirupathur APMC,Indian Beans(Seam),Indian Beans (Seam),Local,20-09-2026,6000,6000,6000
Tamil Nadu,Vellore,Thirupathur APMC,Custard Apple(Sharifa),Custard Apple(Sharifa),Local,20-09-2026,4000,4000,4000
Tamil Nadu,Vellore,Thirupathur APMC,Amla(Nelli Kai),Amla,Local,20-09-2026,8000,8000,8000
Tamil Nadu,Vellore,Thirupathur APMC,Sweet Corn ,Sweet Corn ,Local,20-09-2026,3000,3000,3000
Tamil Nadu,Vellore,Vellore APMC,Coriander(Leaves),I Sort,Local,20-09-2026,3000,3000,3000
Tamil Nadu,Vellore,Vellore APMC,Bottle gourd,Bottle Gourd,Local,20-09-2026,1500,1500,1500
Tamil Nadu,Vellore,Vellore APMC,Green Chilli,Green Chilly,Local,20-09-2026,5000,5000,5000
Tamil Nadu,Vellore,Vellore APMC,Tapioca,Tapioca,Local,20-09-2026,4000,4000,4000
Tamil Nadu,Vellore,Vellore APMC,Ginger(Green),Green Ginger,Local,20-09-2026,16000,16000,16000
Tamil Nadu,Vellore,Vellore APMC,Sweet Potato,Hosur Red,Local,20-09-2026,3000,3000,3000
Tamil Nadu,Vellore,Vellore APMC,Green Avare(W),Green Avare (W),Local,20-09-2026,5500,5500,5500
Tamil Nadu,Vellore,Vellore APMC,Indian Beans(Seam),Indian Beans (Seam),Local,20-09-2026,5000,5000,5000
Tamil Nadu,Vellore,Vellore APMC,Custard Apple(Sharifa),Custard Apple(Sharifa),Local,20-09-2026,5000,5000,5000
Tamil Nadu,Vellore,Vellore APMC,Amla(Nelli Kai),Amla,Local,20-09-2026,10000,10000,10000
Tamil Nadu,Dharmapuri,Harur(Uzhavar Sandhai ),Onion,Bellary,Local,20-09-2026,6000,6500,6250
Tamil Nadu,Dharmapuri,Harur(Uzhavar Sandhai ),Cauliflower,Ranchi,Local,20-09-2026,3500,4000,3750
Tamil Nadu,Dharmapuri,Harur(Uzhavar Sandhai ),Cluster beans,Cluster Beans,Local,20-09-2026,3500,4000,3750
Tamil Nadu,Dharmapuri,Harur(Uzhavar Sandhai ),Banana - Green,Banana - Green,Local,20-09-2026,2000,2500,2250
Tamil Nadu,Dharmapuri,Harur(Uzhavar Sandhai ),Ridgeguard(Tori),Ridgeguard(Tori),Local,20-09-2026,3500,4000,3750
Tamil Nadu,Dharmapuri,Harur(Uzhavar Sandhai ),Capsicum,Capsicum,Local,20-09-2026,6000,7000,6500
Tamil Nadu,Dharmapuri,Harur(Uzhavar Sandhai ),Green Avare(W),Green Avare (W),Local,20-09-2026,5000,6000,5500
Tamil Nadu,Dharmapuri,Harur(Uzhavar Sandhai ),Drumstick,Drumstick,Local,20-09-2026,4500,5000,4750
Tamil Nadu,Dharmapuri,Harur(Uzhavar Sandhai ),Onion Green,Onion Green,Local,20-09-2026,7000,7500,7250
Tamil Nadu,Krishnagiri,Kaveripattinam(Uzhavar Sandhai ),Banana,Besrai,Local,20-09-2026,4000,7000,5500
Tamil Nadu,Krishnagiri,Kaveripattinam(Uzhavar Sandhai ),Tomato,Local,Local,20-09-2026,3000,3000,3000
Tamil Nadu,Krishnagiri,Kaveripattinam(Uzhavar Sandhai ),Bitter gourd,Bitter Gourd,Local,20-09-2026,5000,5000,5000
Tamil Nadu,Krishnagiri,Kaveripattinam(Uzhavar Sandhai ),Bottle gourd,Bottle Gourd,Local,20-09-2026,3000,3000,3000
Tamil Nadu,Krishnagiri,Kaveripattinam(Uzhavar Sandhai ),Ashgourd,Gouard,Local,20-09-2026,2000,2000,2000
Tamil Nadu,Krishnagiri,Kaveripattinam(Uzhavar Sandhai ),Coconut,Coconut,Local,20-09-2026,6000,6000,6000
Tamil Nadu,Krishnagiri,Kaveripattinam(Uzhavar Sandhai ),Green Avare(W),Green Avare (W),Local,20-09-2026,7000,7000,7000
Tamil Nadu,The Nilgiris,Coonoor(Uzhavar Sandhai ),Banana,Red Banana,Local,20-09-2026,8500,9000,8750
Tamil Nadu,The Nilgiris,Coonoor(Uzhavar Sandhai ),Green Chilli,Green Chilly,Local,20-09-2026,5000,5500,5250
Tamil Nadu,The Nilgiris,Gudalur(Uzhavar Sandhai ),Onion,Bellary,Local,20-09-2026,6000,6500,6250
Tamil Nadu,The Nilgiris,Gudalur(Uzhavar Sandhai ),Garlic,Garlic,Local,20-09-2026,18000,20000,19000
Tamil Nadu,The Nilgiris,Gudalur(Uzhavar Sandhai ),Cluster beans,Cluster Beans,Local,20-09-2026,3500,4000,3750
Tamil Nadu,The Nilgiris,Gudalur(Uzhavar Sandhai ),Bottle gourd,Bottle Gourd,Local,20-09-2026,2500,3000,2750
Tamil Nadu,The Nilgiris,Gudalur(Uzhavar Sandhai ),Beans,Beans (Whole),Local,20-09-2026,7000,8000,7500
Tamil Nadu,The Nilgiris,Gudalur(Uzhavar Sandhai ),Carrot,Pusakesar,Local,20-09-2026,3500,4500,4000
Tamil Nadu,The Nilgiris,Gudalur(Uzhavar Sandhai ),Drumstick,Drumstick,Local,20-09-2026,3500,4000,3750
Odisha,Angul,Angul APMC,Pumpkin,Pumpkin,Grade B,20-09-2026,2000,2000,2000
Odisha,Bargarh,Attabira APMC,Cauliflower,Other,Local,20-09-2026,3450,3800,3600
Gujarat,Ahmedabad,Viramgam APMC,Wheat,Other,Local,20-09-2026,2785,2835,2830
Punjab,Tarntaran,Patti APMC,Tomato,Other,Local,20-09-2026,0.02,0.02,0.02
Uttarakhand,Dehradoon,Vikasnagar APMC,Brinjal,Other,Medium,20-09-2026,800,1200,1200
Haryana,Hissar,Hansi APMC,Chikoos(Sapota),Other,Grade B,20-09-2026,6000,10000,8000
Haryana,Hissar,Hansi APMC,Pear(Marasebu),Other,Grade B,20-09-2026,6000,8000,7000
Haryana,Hissar,Hansi APMC,Ginger(Dry),Other,FAQ,20-09-2026,8000,10000,9000
Haryana,Hissar,Hansi APMC,Onion,Other,FAQ,20-09-2026,4500,5500,5000
Keralam,Kollam,Chathanoor Market,Banana,Red Banana,Medium,20-09-2026,8000,9000,8500
