State,District,Market,Commodity,Variety,Grade,Arrival_Date,Min_Price,Max_Price,Modal_Price,Price_Range,Price_Range_Percent,Price_Valid,Low_Price_Flag,High_Price_Flag
Keralam,Kozhikode(Calicut),Mukkom Market,Snakeguard,Snakeguard,FAQ,2026-09-20 00:00:00,3600,4000,3800,400,11.11%,Valid,Normal,Normal
Keralam,Kozhikode(Calicut),Mukkom Market,Tomato,Tomato,FAQ,2026-09-20 00:00:00,2100,2300,2200,200,9.52%,Valid,Normal,Normal
Keralam,Kozhikode(Calicut),Mukkom Market,Drumstick,Drumstick,FAQ,2026-09-20 00:00:00,4600,4900,4700,300,6.52%,Valid,Normal,Normal
Keralam,Kozhikode(Calicut),Mukkom Market,Onion,Onion,FAQ,2026-09-20 00:00:00,5200,5600,5400,400,7.69%,Valid,Normal,Normal
Keralam,Kozhikode(Calicut),Mukkom Market,Potato,Potato,FAQ,2026-09-20 00:00:00,2400,2800,2600,400,16.67%,Valid,Normal,Normal
Keralam,Kozhikode(Calicut),Mukkom Market,Pineapple,Other,Large,2026-09-20 00:00:00,8000,9000,8500,1000,12.50%,Valid,Normal,Normal
Telangana,Ranga Reddy,"Saroornagar,RBZ",Bottle gourd,Bottle Gourd,Medium,2026-09-20 00:00:00,1300,1300,1300,0,0.00%,Valid,Normal,Normal
Telangana,Ranga Reddy,"Saroornagar,RBZ",Field Bean(Anumulu),Field Bean(Anumulu),Grade B,2026-09-20 00:00:00,4500,4500,4500,0,0.00%,Valid,Normal,Normal
Telangana,Ranga Reddy,"Saroornagar,RBZ",Bhindi(Ladies Finger),Other,Medium,2026-09-20 00:00:00,4000,4000,4000,0,0.00%,Valid,Normal,Normal
Telangana,Ranga Reddy,"Saroornagar,RBZ",French Beans(Frasbean),Other,Medium,2026-09-20 00:00:00,5500,5500,5500,0,0.00%,Valid,Normal,Normal
Keralam,Idukki,Kattappana Market,Amaranthus,Other,Medium,2026-09-20 00:00:00,2800,3000,3000,200,7.14%,Valid,Normal,Normal
Keralam,Idukki,Kattappana Market,Ashgourd,Other,Medium,2026-09-20 00:00:00,3000,3200,3200,200,6.67%,Valid,Normal,Normal
Keralam,Idukki,Kattappana Market,Beetroot,Other,Medium,2026-09-20 00:00:00,3800,4200,4000,400,10.53%,Valid,Normal,Normal
Keralam,Idukki,Kattappana Market,Little gourd(Kundru),Other,Medium,2026-09-20 00:00:00,4000,4500,4300,500,12.50%,Valid,Normal,Normal
Keralam,Idukki,Kattappana Market,Apple,Other,Grade A,2026-09-20 00:00:00,32000,33500,33000,1500,4.69%,Valid,Normal,Normal
Keralam,Idukki,Kattappana Market,Water Melon,Other,Medium,2026-09-20 00:00:00,1800,2100,2100,300,16.67%,Valid,Normal,Normal
Punjab,Gurdaspur,Quadian APMC,Apple,Other,Grade A,2026-09-20 00:00:00,3800,4000,3900,200,5.26%,Valid,Normal,Normal
Punjab,Gurdaspur,Quadian APMC,Banana,Other,FAQ,2026-09-20 00:00:00,2300,2500,2400,200,8.70%,Valid,Normal,Normal
Punjab,Gurdaspur,Quadian APMC,Bhindi(Ladies Finger),Other,Grade A,2026-09-20 00:00:00,3600,3800,3700,200,5.56%,Valid,Normal,Normal
Rajasthan,Jhunjhunu,Surajgarh APMC,Bajra(Pearl Millet/Cumbu),Other,Local,2026-09-20 00:00:00,2350,2350,2350,0,0.00%,Valid,Normal,Normal
Rajasthan,Jalore,Jalore APMC,Cluster beans,Other,Local,2026-09-20 00:00:00,3500,4000,3800,500,14.29%,Valid,Normal,Normal
Rajasthan,Jalore,Jalore APMC,Lemon,Other,Local,2026-09-20 00:00:00,2000,2200,2100,200,10.00%,Valid,Normal,Normal
Keralam,Alappuzha,Harippad Market,Beetroot,Beetroot,FAQ,2026-09-20 00:00:00,6000,6500,6000,500,8.33%,Valid,Normal,Normal
Tamil Nadu,Thirupur,Tiruppur (South) (Uzhavar Sandhai ),Brinjal,Other,Local,2026-09-20 00:00:00,4000,5000,4500,1000,25.00%,Valid,Normal,Normal
Tamil Nadu,Thirupur,Tiruppur (South) (Uzhavar Sandhai ),Papaya,Papaya,Local,2026-09-20 00:00:00,2500,3000,2750,500,20.00%,Valid,Normal,Normal
Tamil Nadu,Thirupur,Tiruppur (South) (Uzhavar Sandhai ),Tomato,Local,Local,2026-09-20 00:00:00,1500,1800,1650,300,20.00%,Valid,Normal,Normal
Tamil Nadu,Thirupur,Tiruppur (South) (Uzhavar Sandhai ),Cluster beans,Cluster Beans,Local,2026-09-20 00:00:00,2500,3000,2750,500,20.00%,Valid,Normal,Normal
Tamil Nadu,Thirupur,Tiruppur (South) (Uzhavar Sandhai ),Green Chilli,Green Chilly,Local,2026-09-20 00:00:00,3000,4000,3500,1000,33.33%,Valid,Normal,Normal
Tamil Nadu,Thirupur,Tiruppur (South) (Uzhavar Sandhai ),Beans,Beans (Whole),Local,2026-09-20 00:00:00,5000,6000,5500,1000,20.00%,Valid,Normal,Normal
Tamil Nadu,Thirupur,Tiruppur (South) (Uzhavar Sandhai ),Drumstick,Drumstick,Local,2026-09-20 00:00:00,2000,3000,2500,1000,50.00%,Valid,Normal,Normal
Tamil Nadu,Thirupur,Tiruppur (South) (Uzhavar Sandhai ),Onion Green,Onion Green,Local,2026-09-20 00:00:00,8000,10000,9000,2000,25.00%,Valid,Normal,Normal
Tamil Nadu,Erode,Perundurai(Uzhavar Sandhai ),Onion,Bellary,Local,2026-09-20 00:00:00,6000,6500,6250,500,8.33%,Valid,Normal,Normal
Tamil Nadu,Erode,Perundurai(Uzhavar Sandhai ),Cauliflower,Ranchi,Local,2026-09-20 00:00:00,3600,4000,3800,400,11.11%,Valid,Normal,Normal
Tamil Nadu,Erode,Perundurai(Uzhavar Sandhai ),Bottle gourd,Bottle Gourd,Local,2026-09-20 00:00:00,1500,1800,1650,300,20.00%,Valid,Normal,Normal
Tamil Nadu,Erode,Perundurai(Uzhavar Sandhai ),Pumpkin,Pumpkin,Local,2026-09-20 00:00:00,2200,2500,2350,300,13.64%,Valid,Normal,Normal
Tamil Nadu,Erode,Perundurai(Uzhavar Sandhai ),Banana - Green,Banana - Green,Local,2026-09-20 00:00:00,2500,2800,2650,300,12.00%,Valid,Normal,Normal
Tamil Nadu,Erode,Perundurai(Uzhavar Sandhai ),Ginger(Green),Green Ginger,Local,2026-09-20 00:00:00,11500,12500,12000,1000,8.70%,Valid,Normal,Normal
Tamil Nadu,Erode,Perundurai(Uzhavar Sandhai ),Carrot,Pusakesar,Local,2026-09-20 00:00:00,5500,5800,5650,300,5.45%,Valid,Normal,Normal
Tamil Nadu,Erode,Perundurai(Uzhavar Sandhai ),Guava,Guava Allahabad,Local,2026-09-20 00:00:00,5500,6000,5750,500,9.09%,Valid,Normal,Normal
Tamil Nadu,Erode,Perundurai(Uzhavar Sandhai ),Onion Green,Onion Green,Local,2026-09-20 00:00:00,7000,8000,7500,1000,14.29%,Valid,Normal,Normal
Tamil Nadu,Dharmapuri,Dharmapuri(Uzhavar Sandhai ),Bhindi(Ladies Finger),Bhindi,Local,2026-09-20 00:00:00,1500,1600,1550,100,6.67%,Valid,Normal,Normal
Tamil Nadu,Dharmapuri,Dharmapuri(Uzhavar Sandhai ),Tapioca,Tapioca,Local,2026-09-20 00:00:00,2800,3000,2900,200,7.14%,Valid,Normal,Normal
Tamil Nadu,Dharmapuri,Dharmapuri(Uzhavar Sandhai ),Yam(Ratalu),Yam (Ratalu),Local,2026-09-20 00:00:00,11200,12000,11600,800,7.14%,Valid,Normal,Normal
Tamil Nadu,Dharmapuri,Dharmapuri(Uzhavar Sandhai ),Lemon,Lemon,Local,2026-09-20 00:00:00,21000,22000,21500,1000,4.76%,Valid,Normal,Normal
Tamil Nadu,Dharmapuri,Dharmapuri(Uzhavar Sandhai ),Onion Green,Onion Green,Local,2026-09-20 00:00:00,6500,7000,6750,500,7.69%,Valid,Normal,Normal
Tamil Nadu,Dharmapuri,Palacode(Uzhavar Sandhai ),Groundnut,Big (With Shell),Local,2026-09-20 00:00:00,6600,7000,6800,400,6.06%,Valid,Normal,Normal
Tamil Nadu,Dharmapuri,Palacode(Uzhavar Sandhai ),Onion,Bellary,Local,2026-09-20 00:00:00,6200,6400,6300,200,3.23%,Valid,Normal,Normal
Tamil Nadu,Dharmapuri,Palacode(Uzhavar Sandhai ),Potato,Other,Local,2026-09-20 00:00:00,2500,2800,2650,300,12.00%,Valid,Normal,Normal
Tamil Nadu,Dharmapuri,Palacode(Uzhavar Sandhai ),Bhindi(Ladies Finger),Bhindi,Local,2026-09-20 00:00:00,2000,2200,2100,200,10.00%,Valid,Normal,Normal
Tamil Nadu,Dharmapuri,Palacode(Uzhavar Sandhai ),Beans,Beans (Whole),Local,2026-09-20 00:00:00,8600,9000,8800,400,4.65%,Valid,Normal,Normal
Tamil Nadu,Dharmapuri,Palacode(Uzhavar Sandhai ),Ginger(Green),Green Ginger,Local,2026-09-20 00:00:00,19500,20000,19750,500,2.56%,Valid,Normal,Normal
Tamil Nadu,Dharmapuri,Palacode(Uzhavar Sandhai ),Snakeguard,Snakeguard,Local,2026-09-20 00:00:00,2600,3000,2800,400,15.38%,Valid,Normal,Normal
Tamil Nadu,Dharmapuri,Palacode(Uzhavar Sandhai ),Thondekai,Thondekai,Local,2026-09-20 00:00:00,4200,4500,4350,300,7.14%,Valid,Normal,Normal
Tamil Nadu,Dharmapuri,Palacode(Uzhavar Sandhai ),Drumstick,Drumstick,Local,2026-09-20 00:00:00,2200,2500,2350,300,13.64%,Valid,Normal,Normal
Tamil Nadu,Dharmapuri,Pennagaram(Uzhavar Sandhai ),Bhindi(Ladies Finger),Bhindi,Local,2026-09-20 00:00:00,2500,2800,2650,300,12.00%,Valid,Normal,Normal
Tamil Nadu,Dharmapuri,Pennagaram(Uzhavar Sandhai ),Amaranthus,Amaranthus,Local,2026-09-20 00:00:00,2200,2500,2350,300,13.64%,Valid,Normal,Normal
Tamil Nadu,Dharmapuri,Pennagaram(Uzhavar Sandhai ),Knool Khol,Knool Khol,Local,2026-09-20 00:00:00,4500,5000,4750,500,11.11%,Valid,Normal,Normal
Tamil Nadu,Dharmapuri,Pennagaram(Uzhavar Sandhai ),Guava,Guava Allahabad,Local,2026-09-20 00:00:00,5500,6000,5750,500,9.09%,Valid,Normal,Normal
Tamil Nadu,Dindigul,Chinnalapatti(Uzhavar Sandhai ),Cauliflower,Ranchi,Local,2026-09-20 00:00:00,4000,5000,4500,1000,25.00%,Valid,Normal,Normal
Tamil Nadu,Dindigul,Chinnalapatti(Uzhavar Sandhai ),Coriander(Leaves),I Sort,Local,2026-09-20 00:00:00,2800,3000,2900,200,7.14%,Valid,Normal,Normal
Tamil Nadu,Dindigul,Chinnalapatti(Uzhavar Sandhai ),Papaya,Papaya,Local,2026-09-20 00:00:00,4500,5000,4750,500,11.11%,Valid,Normal,Normal
Tamil Nadu,Dindigul,Chinnalapatti(Uzhavar Sandhai ),Ginger(Green),Green Ginger,Local,2026-09-20 00:00:00,18000,20000,19000,2000,11.11%,Valid,Normal,Normal
Tamil Nadu,Dindigul,Chinnalapatti(Uzhavar Sandhai ),Coconut,Coconut,Local,2026-09-20 00:00:00,6500,7000,6750,500,7.69%,Valid,Normal,Normal
Tamil Nadu,Dindigul,Chinnalapatti(Uzhavar Sandhai ),Carrot,Pusakesar,Local,2026-09-20 00:00:00,6600,7000,6800,400,6.06%,Valid,Normal,Normal
Tamil Nadu,Dindigul,Chinnalapatti(Uzhavar Sandhai ),Cabbage,Cabbage,Local,2026-09-20 00:00:00,3600,4000,3800,400,11.11%,Valid,Normal,Normal
Tamil Nadu,Dindigul,Chinnalapatti(Uzhavar Sandhai ),Thondekai,Thondekai,Local,2026-09-20 00:00:00,3600,4000,3800,400,11.11%,Valid,Normal,Normal
Tamil Nadu,Dindigul,Chinnalapatti(Uzhavar Sandhai ),Drumstick,Drumstick,Local,2026-09-20 00:00:00,3000,4000,3500,1000,33.33%,Valid,Normal,Normal
Tamil Nadu,Dindigul,Palani(Uzhavar Sandhai ),Tomato,Deshi,Local,2026-09-20 00:00:00,1000,2000,1500,1000,100.00%,Valid,Normal,Normal
Tamil Nadu,Dindigul,Palani(Uzhavar Sandhai ),Cabbage,Cabbage,Local,2026-09-20 00:00:00,2500,3200,2850,700,28.00%,Valid,Normal,Normal
Tamil Nadu,Dindigul,Palani(Uzhavar Sandhai ),Snakeguard,Snakeguard,Local,2026-09-20 00:00:00,1600,2400,2000,800,50.00%,Valid,Normal,Normal
Tamil Nadu,Dindigul,Palani(Uzhavar Sandhai ),Beetroot,Beetroot,Local,2026-09-20 00:00:00,3000,7000,5000,4000,133.33%,Valid,Normal,Normal
Tamil Nadu,Dindigul,Palani(Uzhavar Sandhai ),Yam(Ratalu),Yam (Ratalu),Local,2026-09-20 00:00:00,6000,7500,6750,1500,25.00%,Valid,Normal,Normal
Tamil Nadu,Dindigul,Palani(Uzhavar Sandhai ),Amla(Nelli Kai),Amla,Local,2026-09-20 00:00:00,5000,7000,6000,2000,40.00%,Valid,Normal,Normal
Tamil Nadu,Dindigul,Palani(Uzhavar Sandhai ),Mint(Pudina),Mint(Pudina),Local,2026-09-20 00:00:00,6000,7000,6500,1000,16.67%,Valid,Normal,Normal
Tamil Nadu,Erode,Periyar Nagar(Uzhavar Sandhai ),Cluster beans,Cluster Beans,Local,2026-09-20 00:00:00,2500,3000,2750,500,20.00%,Valid,Normal,Normal
Tamil Nadu,Erode,Periyar Nagar(Uzhavar Sandhai ),Amaranthus,Amaranthus,Local,2026-09-20 00:00:00,4000,4500,4250,500,12.50%,Valid,Normal,Normal
Tamil Nadu,Erode,Periyar Nagar(Uzhavar Sandhai ),Green Chilli,Green Chilly,Local,2026-09-20 00:00:00,5000,5500,5250,500,10.00%,Valid,Normal,Normal
Tamil Nadu,Erode,Periyar Nagar(Uzhavar Sandhai ),Cowpea(Veg),Cowpea (Veg),Local,2026-09-20 00:00:00,3000,3500,3250,500,16.67%,Valid,Normal,Normal
Tamil Nadu,Erode,Periyar Nagar(Uzhavar Sandhai ),Banana - Green,Banana - Green,Local,2026-09-20 00:00:00,3000,3500,3250,500,16.67%,Valid,Normal,Normal
Tamil Nadu,Erode,Periyar Nagar(Uzhavar Sandhai ),Tapioca,Tapioca,Local,2026-09-20 00:00:00,2000,2500,2250,500,25.00%,Valid,Normal,Normal
Tamil Nadu,Erode,Periyar Nagar(Uzhavar Sandhai ),Mint(Pudina),Mint(Pudina),Local,2026-09-20 00:00:00,4000,4600,4300,600,15.00%,Valid,Normal,Normal
Tamil Nadu,Kallakuruchi,Sankarapuram(Uzhavar Sandhai ),Brinjal,Round,Local,2026-09-20 00:00:00,4000,4000,4000,0,0.00%,Valid,Normal,Normal
Tamil Nadu,Kallakuruchi,Sankarapuram(Uzhavar Sandhai ),Groundnut,Big (With Shell),Local,2026-09-20 00:00:00,6000,6000,6000,0,0.00%,Valid,Normal,Normal
Tamil Nadu,Kallakuruchi,Sankarapuram(Uzhavar Sandhai ),Banana,Besrai,Local,2026-09-20 00:00:00,4000,4000,4000,0,0.00%,Valid,Normal,Normal
Tamil Nadu,Kallakuruchi,Sankarapuram(Uzhavar Sandhai ),Onion,Bellary,Local,2026-09-20 00:00:00,7000,7000,7000,0,0.00%,Valid,Normal,Normal
Tamil Nadu,Kallakuruchi,Sankarapuram(Uzhavar Sandhai ),Banana - Green,Banana - Green,Local,2026-09-20 00:00:00,3000,3000,3000,0,0.00%,Valid,Normal,Normal
Tamil Nadu,Kallakuruchi,Sankarapuram(Uzhavar Sandhai ),Coconut,Coconut,Local,2026-09-20 00:00:00,6000,6000,6000,0,0.00%,Valid,Normal,Normal
Tamil Nadu,Kallakuruchi,Sankarapuram(Uzhavar Sandhai ),Raddish,Raddish,Local,2026-09-20 00:00:00,5000,5000,5000,0,0.00%,Valid,Normal,Normal
Tamil Nadu,Kallakuruchi,Sankarapuram(Uzhavar Sandhai ),Drumstick,Drumstick,Local,2026-09-20 00:00:00,5000,5000,5000,0,0.00%,Valid,Normal,Normal
Tamil Nadu,Kallakuruchi,Sankarapuram(Uzhavar Sandhai ),Guava,Guava Allahabad,Local,2026-09-20 00:00:00,7000,7000,7000,0,0.00%,Valid,Normal,Normal
Tamil Nadu,Kallakuruchi,Sankarapuram(Uzhavar Sandhai ),Tender Coconut,Tender Coconut,Local,2026-09-20 00:00:00,3000,3000,3000,0,0.00%,Valid,Normal,Normal
Tamil Nadu,Kallakuruchi,Sankarapuram(Uzhavar Sandhai ),Onion Green,Onion Green,Local,2026-09-20 00:00:00,7000,7000,7000,0,0.00%,Valid,Normal,Normal
Tamil Nadu,Kallakuruchi,Sankarapuram(Uzhavar Sandhai ),Mint(Pudina),Mint(Pudina),Local,2026-09-20 00:00:00,3000,3000,3000,0,0.00%,Valid,Normal,Normal
Tamil Nadu,Kancheepuram,Kundrathur(Uzhavar Sandhai ),Carrot,Pusakesar,Local,2026-09-20 00:00:00,5000,5000,5000,0,0.00%,Valid,Normal,Normal
Tamil Nadu,Kancheepuram,Kundrathur(Uzhavar Sandhai ),Cabbage,Cabbage,Local,2026-09-20 00:00:00,3000,3000,3000,0,0.00%,Valid,Normal,Normal
Tamil Nadu,Kancheepuram,Kundrathur(Uzhavar Sandhai ),Cucumbar(Kheera),Cucumbar,Local,2026-09-20 00:00:00,3000,3000,3000,0,0.00%,Valid,Normal,Normal
Tamil Nadu,Kancheepuram,Kundrathur(Uzhavar Sandhai ),Onion Green,Onion Green,Local,2026-09-20 00:00:00,7000,8000,7500,1000,14.29%,Valid,Normal,Normal
Tamil Nadu,Kancheepuram,Sunguvarchatram(Uzhavar Sandhai ),Potato,Other,Local,2026-09-20 00:00:00,2800,2800,2800,0,0.00%,Valid,Normal,Normal
Tamil Nadu,Kancheepuram,Sunguvarchatram(Uzhavar Sandhai ),Bitter gourd,Bitter Gourd,Local,2026-09-20 00:00:00,4000,4000,4000,0,0.00%,Valid,Normal,Normal
Tamil Nadu,Kancheepuram,Sunguvarchatram(Uzhavar Sandhai ),Bottle gourd,Bottle Gourd,Local,2026-09-20 00:00:00,3000,3000,3000,0,0.00%,Valid,Normal,Normal
Tamil Nadu,Kancheepuram,Sunguvarchatram(Uzhavar Sandhai ),Bhindi(Ladies Finger),Bhindi,Local,2026-09-20 00:00:00,4000,4000,4000,0,0.00%,Valid,Normal,Normal
Tamil Nadu,Kancheepuram,Sunguvarchatram(Uzhavar Sandhai ),Beetroot,Beetroot,Local,2026-09-20 00:00:00,4000,4000,4000,0,0.00%,Valid,Normal,Normal
Tamil Nadu,Kancheepuram,Sunguvarchatram(Uzhavar Sandhai ),Yam(Ratalu),Yam (Ratalu),Local,2026-09-20 00:00:00,4000,4000,4000,0,0.00%,Valid,Normal,Normal
Tamil Nadu,Krishnagiri,Avallapalli(Uzhavar Sandhai ),Onion,Bellary,Local,2026-09-20 00:00:00,6000,6500,6250,500,8.33%,Valid,Normal,Normal
Tamil Nadu,Krishnagiri,Avallapalli(Uzhavar Sandhai ),Potato,Red Nanital,Local,2026-09-20 00:00:00,2000,2500,2250,500,25.00%,Valid,Normal,Normal
Tamil Nadu,Krishnagiri,Avallapalli(Uzhavar Sandhai ),Coriander(Leaves),I Sort,Local,2026-09-20 00:00:00,5500,6000,5750,500,9.09%,Valid,Normal,Normal
Tamil Nadu,Krishnagiri,Avallapalli(Uzhavar Sandhai ),Cluster beans,Cluster Beans,Local,2026-09-20 00:00:00,3500,4000,3750,500,14.29%,Valid,Normal,Normal
Tamil Nadu,Krishnagiri,Avallapalli(Uzhavar Sandhai ),Bottle gourd,Bottle Gourd,Local,2026-09-20 00:00:00,2000,2500,2250,500,25.00%,Valid,Normal,Normal
Tamil Nadu,Krishnagiri,Avallapalli(Uzhavar Sandhai ),Tapioca,Tapioca,Local,2026-09-20 00:00:00,4500,5000,4750,500,11.11%,Valid,Normal,Normal
Tamil Nadu,Krishnagiri,Avallapalli(Uzhavar Sandhai ),Cabbage,Cabbage,Local,2026-09-20 00:00:00,1000,1500,1250,500,50.00%,Valid,Normal,Normal
Tamil Nadu,Krishnagiri,Avallapalli(Uzhavar Sandhai ),Chow Chow,Chow Chow,Local,2026-09-20 00:00:00,2000,2500,2250,500,25.00%,Valid,Normal,Normal
Tamil Nadu,Krishnagiri,Avallapalli(Uzhavar Sandhai ),Onion Green,Onion Green,Local,2026-09-20 00:00:00,9000,10000,9500,1000,11.11%,Valid,Normal,Normal
Tamil Nadu,Dharmapuri,Karimangalam(Uzhavar Sandhai),Coconut,Coconut,Local,2026-09-20 00:00:00,7000,7400,7200,400,5.71%,Valid,Normal,Normal
Tamil Nadu,Dharmapuri,Karimangalam(Uzhavar Sandhai),Beetroot,Beetroot,Local,2026-09-20 00:00:00,4800,5200,5000,400,8.33%,Valid,Normal,Normal
Tamil Nadu,Dharmapuri,Karimangalam(Uzhavar Sandhai),Chow Chow,Chow Chow,Local,2026-09-20 00:00:00,4200,4600,4400,400,9.52%,Valid,Normal,Normal
Tamil Nadu,Krishnagiri,Denkanikottai(Uzhavar Sandhai ),Onion,Bellary,Local,2026-09-20 00:00:00,6000,6500,6250,500,8.33%,Valid,Normal,Normal
Tamil Nadu,Krishnagiri,Denkanikottai(Uzhavar Sandhai ),Garlic,Garlic,Local,2026-09-20 00:00:00,22000,24000,23000,2000,9.09%,Valid,Normal,Normal
Tamil Nadu,Krishnagiri,Denkanikottai(Uzhavar Sandhai ),Bottle gourd,Bottle Gourd,Local,2026-09-20 00:00:00,2000,2500,2250,500,25.00%,Valid,Normal,Normal
Tamil Nadu,Krishnagiri,Denkanikottai(Uzhavar Sandhai ),Cowpea(Veg),Cowpea (Veg),Local,2026-09-20 00:00:00,5500,6000,5750,500,9.09%,Valid,Normal,Normal
Tamil Nadu,Krishnagiri,Denkanikottai(Uzhavar Sandhai ),Beans,Beans (Whole),Local,2026-09-20 00:00:00,6000,7000,6500,1000,16.67%,Valid,Normal,Normal
Tamil Nadu,Krishnagiri,Denkanikottai(Uzhavar Sandhai ),Coconut,Coconut,Local,2026-09-20 00:00:00,5000,5500,5250,500,10.00%,Valid,Normal,Normal
Tamil Nadu,Krishnagiri,Denkanikottai(Uzhavar Sandhai ),Carrot,Pusakesar,Local,2026-09-20 00:00:00,6000,7000,6500,1000,16.67%,Valid,Normal,Normal
Tamil Nadu,Krishnagiri,Denkanikottai(Uzhavar Sandhai ),Beetroot,Beetroot,Local,2026-09-20 00:00:00,3000,3500,3250,500,16.67%,Valid,Normal,Normal
Tamil Nadu,Krishnagiri,Denkanikottai(Uzhavar Sandhai ),Green Avare(W),Green Avare (W),Local,2026-09-20 00:00:00,5500,6000,5750,500,9.09%,Valid,Normal,Normal
Tamil Nadu,Krishnagiri,Denkanikottai(Uzhavar Sandhai ),Chow Chow,Chow Chow,Local,2026-09-20 00:00:00,2000,2500,2250,500,25.00%,Valid,Normal,Normal
Tamil Nadu,Krishnagiri,Hosur(Uzhavar Sandhai ),Banana,Red Banana,Local,2026-09-20 00:00:00,8500,9000,8750,500,5.88%,Valid,Normal,Normal
Tamil Nadu,Krishnagiri,Hosur(Uzhavar Sandhai ),Pineapple,Pine Apple,Local,2026-09-20 00:00:00,8000,10000,9000,2000,25.00%,Valid,Normal,Normal
Tamil Nadu,Krishnagiri,Hosur(Uzhavar Sandhai ),Grapes,Annabesahai,Local,2026-09-20 00:00:00,20000,24000,22000,4000,20.00%,Valid,Normal,Normal
Tamil Nadu,Krishnagiri,Hosur(Uzhavar Sandhai ),Bottle gourd,Bottle Gourd,Local,2026-09-20 00:00:00,2000,2500,2250,500,25.00%,Valid,Normal,Normal
Tamil Nadu,Krishnagiri,Hosur(Uzhavar Sandhai ),Betal Leaves,Mysore,Local,2026-09-20 00:00:00,10000,12000,11000,2000,20.00%,Valid,Normal,Normal
Tamil Nadu,Krishnagiri,Hosur(Uzhavar Sandhai ),Carrot,Pusakesar,Local,2026-09-20 00:00:00,3500,4000,3750,500,14.29%,Valid,Normal,Normal
Tamil Nadu,Krishnagiri,Hosur(Uzhavar Sandhai ),Karbuja(Musk Melon),Karbhuja,Local,2026-09-20 00:00:00,5500,6000,5750,500,9.09%,Valid,Normal,Normal
Tamil Nadu,Krishnagiri,Hosur(Uzhavar Sandhai ),Tender Coconut,Tender Coconut,Local,2026-09-20 00:00:00,4500,5000,4750,500,11.11%,Valid,Normal,Normal
Tamil Nadu,Krishnagiri,Hosur(Uzhavar Sandhai ),Baby Corn,Baby Corn,Grade A,2026-09-20 00:00:00,2500,3000,2750,500,20.00%,Valid,Normal,Normal
Tamil Nadu,Madurai,Anaiyur(Uzhavar Sandhai ),Soyabean,Local,Local,2026-09-20 00:00:00,9000,10000,9500,1000,11.11%,Valid,Normal,Normal
Tamil Nadu,Madurai,Anaiyur(Uzhavar Sandhai ),Orange,Darjeeling,Local,2026-09-20 00:00:00,14000,16000,15000,2000,14.29%,Valid,Normal,Normal
Tamil Nadu,Madurai,Anaiyur(Uzhavar Sandhai ),Banana,Besrai,Local,2026-09-20 00:00:00,4000,5000,4500,1000,25.00%,Valid,Normal,Normal
Tamil Nadu,Madurai,Anaiyur(Uzhavar Sandhai ),Grapes,Annabesahai,Local,2026-09-20 00:00:00,11000,12000,11500,1000,9.09%,Valid,Normal,Normal
Tamil Nadu,Madurai,Anaiyur(Uzhavar Sandhai ),Coriander(Leaves),I Sort,Local,2026-09-20 00:00:00,4500,4800,4650,300,6.67%,Valid,Normal,Normal
Tamil Nadu,Madurai,Anaiyur(Uzhavar Sandhai ),Green Chilli,Green Chilly,Local,2026-09-20 00:00:00,4000,5000,4500,1000,25.00%,Valid,Normal,Normal
Tamil Nadu,Madurai,Anaiyur(Uzhavar Sandhai ),Ridgeguard(Tori),Ridgeguard(Tori),Local,2026-09-20 00:00:00,3600,4500,4050,900,25.00%,Valid,Normal,Normal
Tamil Nadu,Madurai,Anaiyur(Uzhavar Sandhai ),Raddish,Raddish,Local,2026-09-20 00:00:00,2400,2800,2600,400,16.67%,Valid,Normal,Normal
Tamil Nadu,Madurai,Anaiyur(Uzhavar Sandhai ),Chow Chow,Chow Chow,Local,2026-09-20 00:00:00,2600,3000,2800,400,15.38%,Valid,Normal,Normal
Tamil Nadu,Madurai,Anaiyur(Uzhavar Sandhai ),Guava,Guava Allahabad,Local,2026-09-20 00:00:00,6000,7000,6500,1000,16.67%,Valid,Normal,Normal
Tamil Nadu,Madurai,Anaiyur(Uzhavar Sandhai ),Colacasia,Colacasia,Local,2026-09-20 00:00:00,5000,6000,5500,1000,20.00%,Valid,Normal,Normal
Tamil Nadu,Madurai,Anaiyur(Uzhavar Sandhai ),Baby Corn,Baby Corn,Grade A,2026-09-20 00:00:00,2000,2400,2200,400,20.00%,Valid,Normal,Normal
Tamil Nadu,Madurai,Usilampatti(Uzhavar Sandhai ),Bitter gourd,Bitter Gourd,Local,2026-09-20 00:00:00,5000,5500,5250,500,10.00%,Valid,Normal,Normal
Tamil Nadu,Madurai,Usilampatti(Uzhavar Sandhai ),Green Avare(W),Green Avare (W),Local,2026-09-20 00:00:00,10000,11000,10500,1000,10.00%,Valid,Normal,Normal
Tamil Nadu,Madurai,Usilampatti(Uzhavar Sandhai ),Elephant Yam(Suran)/Amorphophallus,Elephant Yam (Suran),Local,2026-09-20 00:00:00,4000,4500,4250,500,12.50%,Valid,Normal,Normal
Tamil Nadu,Nagapattinam,Sirkali(Uzhavar Sandhai ),Potato,Red Nanital,Local,2026-09-20 00:00:00,3600,4000,3800,400,11.11%,Valid,Normal,Normal
Tamil Nadu,Nagapattinam,Sirkali(Uzhavar Sandhai ),Pumpkin,Pumpkin,Local,2026-09-20 00:00:00,2500,3000,2750,500,20.00%,Valid,Normal,Normal
Tamil Nadu,Nagapattinam,Sirkali(Uzhavar Sandhai ),Green Chilli,Green Chilly,Local,2026-09-20 00:00:00,5500,6000,5750,500,9.09%,Valid,Normal,Normal
Tamil Nadu,Nagapattinam,Sirkali(Uzhavar Sandhai ),Beetroot,Beetroot,Local,2026-09-20 00:00:00,4500,5000,4750,500,11.11%,Valid,Normal,Normal
Tamil Nadu,Nagapattinam,Sirkali(Uzhavar Sandhai ),Green Avare(W),Green Avare (W),Local,2026-09-20 00:00:00,6500,7000,6750,500,7.69%,Valid,Normal,Normal
Tamil Nadu,Nagapattinam,Sirkali(Uzhavar Sandhai ),Tender Coconut,Tender Coconut,Local,2026-09-20 00:00:00,2000,2500,2250,500,25.00%,Valid,Normal,Normal
Tamil Nadu,Namakkal,Kumarapalayam(Uzhavar Sandhai ),Banana,Red Banana,Local,2026-09-20 00:00:00,5500,6000,5750,500,9.09%,Valid,Normal,Normal
Tamil Nadu,Namakkal,Kumarapalayam(Uzhavar Sandhai ),Onion,Bellary,Local,2026-09-20 00:00:00,2800,3000,2900,200,7.14%,Valid,Normal,Normal
Tamil Nadu,Namakkal,Kumarapalayam(Uzhavar Sandhai ),Papaya,Papaya,Local,2026-09-20 00:00:00,3000,3500,3250,500,16.67%,Valid,Normal,Normal
Tamil Nadu,Namakkal,Kumarapalayam(Uzhavar Sandhai ),Tomato,Other,Local,2026-09-20 00:00:00,2200,3000,2600,800,36.36%,Valid,Normal,Normal
Tamil Nadu,Namakkal,Kumarapalayam(Uzhavar Sandhai ),Ashgourd,Gouard,Local,2026-09-20 00:00:00,1800,2000,1900,200,11.11%,Valid,Normal,Normal
Tamil Nadu,Namakkal,Kumarapalayam(Uzhavar Sandhai ),Ginger(Green),Green Ginger,Local,2026-09-20 00:00:00,17000,18000,17500,1000,5.88%,Valid,Normal,Normal
Tamil Nadu,Namakkal,Kumarapalayam(Uzhavar Sandhai ),Beetroot,Beetroot,Local,2026-09-20 00:00:00,6000,7000,6500,1000,16.67%,Valid,Normal,Normal
Tamil Nadu,Namakkal,Kumarapalayam(Uzhavar Sandhai ),Ridgeguard(Tori),Ridgeguard(Tori),Local,2026-09-20 00:00:00,5000,5500,5250,500,10.00%,Valid,Normal,Normal
Tamil Nadu,Namakkal,Kumarapalayam(Uzhavar Sandhai ),Mint(Pudina),Mint(Pudina),Local,2026-09-20 00:00:00,5500,6000,5750,500,9.09%,Valid,Normal,Normal
Tamil Nadu,Namakkal,Mohanur(Uzhavar Sandhai ),Onion,Bellary,Local,2026-09-20 00:00:00,5500,6500,6000,1000,18.18%,Valid,Normal,Normal
Tamil Nadu,Namakkal,Mohanur(Uzhavar Sandhai ),Bottle gourd,Bottle Gourd,Local,2026-09-20 00:00:00,1400,2000,1700,600,42.86%,Valid,Normal,Normal
Tamil Nadu,Namakkal,Mohanur(Uzhavar Sandhai ),Coconut,Coconut,Local,2026-09-20 00:00:00,5800,6400,6100,600,10.34%,Valid,Normal,Normal
Tamil Nadu,Namakkal,Mohanur(Uzhavar Sandhai ),Beetroot,Beetroot,Local,2026-09-20 00:00:00,6000,7000,6500,1000,16.67%,Valid,Normal,Normal
Tamil Nadu,Namakkal,Mohanur(Uzhavar Sandhai ),Raddish,Raddish,Local,2026-09-20 00:00:00,3500,4000,3750,500,14.29%,Valid,Normal,Normal
Tamil Nadu,Namakkal,Namakkal(Uzhavar Sandhai ),Brinjal,Other,Local,2026-09-20 00:00:00,4500,4800,4650,300,6.67%,Valid,Normal,Normal
Tamil Nadu,Namakkal,Namakkal(Uzhavar Sandhai ),Onion,Bellary,Local,2026-09-20 00:00:00,6000,6400,6200,400,6.67%,Valid,Normal,Normal
Tamil Nadu,Namakkal,Namakkal(Uzhavar Sandhai ),Garlic,Garlic,Local,2026-09-20 00:00:00,24000,28000,26000,4000,16.67%,Valid,Normal,Normal
Tamil Nadu,Namakkal,Namakkal(Uzhavar Sandhai ),Cauliflower,Ranchi,Local,2026-09-20 00:00:00,2500,4000,3250,1500,60.00%,Valid,Normal,Normal
Tamil Nadu,Namakkal,Namakkal(Uzhavar Sandhai ),Bottle gourd,Bottle Gourd,Local,2026-09-20 00:00:00,1000,2000,1500,1000,100.00%,Valid,Normal,Normal
Tamil Nadu,Namakkal,Namakkal(Uzhavar Sandhai ),Ashgourd,Gouard,Local,2026-09-20 00:00:00,1200,1500,1350,300,25.00%,Valid,Normal,Normal
Tamil Nadu,Namakkal,Namakkal(Uzhavar Sandhai ),Coconut,Coconut,Local,2026-09-20 00:00:00,6000,6400,6200,400,6.67%,Valid,Normal,Normal
Tamil Nadu,Namakkal,Namakkal(Uzhavar Sandhai ),Raddish,Raddish,Local,2026-09-20 00:00:00,3000,3400,3200,400,13.33%,Valid,Normal,Normal
Tamil Nadu,Namakkal,Namakkal(Uzhavar Sandhai ),Thondekai,Thondekai,Local,2026-09-20 00:00:00,4000,4500,4250,500,12.50%,Valid,Normal,Normal
Tamil Nadu,Namakkal,Namakkal(Uzhavar Sandhai ),Drumstick,Drumstick,Local,2026-09-20 00:00:00,3000,3500,3250,500,16.67%,Valid,Normal,Normal
Tamil Nadu,Namakkal,Rasipuram(Uzhavar Sandhai ),Brinjal,Other,Local,2026-09-20 00:00:00,4800,5600,5200,800,16.67%,Valid,Normal,Normal
Tamil Nadu,Namakkal,Rasipuram(Uzhavar Sandhai ),Groundnut,Big (With Shell),Local,2026-09-20 00:00:00,7000,7500,7250,500,7.14%,Valid,Normal,Normal
Tamil Nadu,Namakkal,Rasipuram(Uzhavar Sandhai ),Mango(Raw-Ripe),Mango - Raw-Ripe,Local,2026-09-20 00:00:00,6000,7000,6500,1000,16.67%,Valid,Normal,Normal
Tamil Nadu,Namakkal,Rasipuram(Uzhavar Sandhai ),Rose(Local),Rose (Local),Local,2026-09-20 00:00:00,14000,16000,15000,2000,14.29%,Valid,Normal,Normal
Tamil Nadu,Thanjavur,Tirukattupalli(Uzhavar Sandhai ),Beans,Beans (Whole),Local,2026-09-20 00:00:00,7600,7600,7600,0,0.00%,Valid,Normal,Normal
Tamil Nadu,Thanjavur,Tirukattupalli(Uzhavar Sandhai ),Green Avare(W),Green Avare (W),Local,2026-09-20 00:00:00,7000,7000,7000,0,0.00%,Valid,Normal,Normal
Tamil Nadu,Madurai,Palanganatham(Uzhavar Sandhai ),Orange,Darjeeling,Local,2026-09-20 00:00:00,12000,16000,14000,4000,33.33%,Valid,Normal,Normal
Tamil Nadu,Madurai,Palanganatham(Uzhavar Sandhai ),Cauliflower,Ranchi,Local,2026-09-20 00:00:00,2000,3000,2500,1000,50.00%,Valid,Normal,Normal
Tamil Nadu,Madurai,Palanganatham(Uzhavar Sandhai ),Cluster beans,Cluster Beans,Local,2026-09-20 00:00:00,3600,4000,3800,400,11.11%,Valid,Normal,Normal
Tamil Nadu,Madurai,Palanganatham(Uzhavar Sandhai ),Bottle gourd,Bottle Gourd,Local,2026-09-20 00:00:00,2000,2600,2300,600,30.00%,Valid,Normal,Normal
Tamil Nadu,Madurai,Palanganatham(Uzhavar Sandhai ),Ashgourd,Gouard,Local,2026-09-20 00:00:00,1600,1800,1700,200,12.50%,Valid,Normal,Normal
Tamil Nadu,Madurai,Palanganatham(Uzhavar Sandhai ),Pumpkin,Pumpkin,Local,2026-09-20 00:00:00,1800,2000,1900,200,11.11%,Valid,Normal,Normal
Tamil Nadu,Madurai,Palanganatham(Uzhavar Sandhai ),Bhindi(Ladies Finger),Bhindi,Local,2026-09-20 00:00:00,2800,3200,3000,400,14.29%,Valid,Normal,Normal
Tamil Nadu,Madurai,Palanganatham(Uzhavar Sandhai ),Green Avare(W),Green Avare (W),Local,2026-09-20 00:00:00,9000,11000,10000,2000,22.22%,Valid,Normal,Normal
Tamil Nadu,Madurai,Palanganatham(Uzhavar Sandhai ),Guava,Guava Allahabad,Local,2026-09-20 00:00:00,6000,7000,6500,1000,16.67%,Valid,Normal,Normal
Tamil Nadu,Madurai,Palanganatham(Uzhavar Sandhai ),Pomegranate,Pomogranate,Local,2026-09-20 00:00:00,20000,23000,21500,3000,15.00%,Valid,Normal,Normal
Tamil Nadu,Madurai,Palanganatham(Uzhavar Sandhai ),Elephant Yam(Suran)/Amorphophallus,Elephant Yam (Suran),Local,2026-09-20 00:00:00,5000,6000,5500,1000,20.00%,Valid,Normal,Normal
Tamil Nadu,Madurai,Palanganatham(Uzhavar Sandhai ),Yam(Ratalu),Yam (Ratalu),Local,2026-09-20 00:00:00,6000,7000,6500,1000,16.67%,Valid,Normal,Normal
Tamil Nadu,Madurai,Palanganatham(Uzhavar Sandhai ),Indian Beans(Seam),Indian Beans (Seam),Local,2026-09-20 00:00:00,5000,6000,5500,1000,20.00%,Valid,Normal,Normal
Tamil Nadu,Madurai,Palanganatham(Uzhavar Sandhai ),Amla(Nelli Kai),Amla,Local,2026-09-20 00:00:00,8000,9000,8500,1000,12.50%,Valid,Normal,Normal
Tamil Nadu,Madurai,Anna nagar(Uzhavar Sandhai ),Brinjal,Round,Local,2026-09-20 00:00:00,3500,4500,4000,1000,28.57%,Valid,Normal,Normal
Tamil Nadu,Madurai,Anna nagar(Uzhavar Sandhai ),Banana,Besrai,Local,2026-09-20 00:00:00,3500,4000,3750,500,14.29%,Valid,Normal,Normal
Tamil Nadu,Madurai,Anna nagar(Uzhavar Sandhai ),Chikoos(Sapota),Sapota,Local,2026-09-20 00:00:00,5000,6000,5500,1000,20.00%,Valid,Normal,Normal
Tamil Nadu,Madurai,Anna nagar(Uzhavar Sandhai ),Cluster beans,Cluster Beans,Local,2026-09-20 00:00:00,3500,4000,3750,500,14.29%,Valid,Normal,Normal
Tamil Nadu,Madurai,Anna nagar(Uzhavar Sandhai ),Bottle gourd,Bottle Gourd,Local,2026-09-20 00:00:00,2000,2600,2300,600,30.00%,Valid,Normal,Normal
Tamil Nadu,Madurai,Anna nagar(Uzhavar Sandhai ),Sweet Potato,Hosur Red,Local,2026-09-20 00:00:00,5000,6000,5500,1000,20.00%,Valid,Normal,Normal
Tamil Nadu,Madurai,Anna nagar(Uzhavar Sandhai ),Carrot,Pusakesar,Local,2026-09-20 00:00:00,3500,4000,3750,500,14.29%,Valid,Normal,Normal
Tamil Nadu,Madurai,Anna nagar(Uzhavar Sandhai ),Ridgeguard(Tori),Ridgeguard(Tori),Local,2026-09-20 00:00:00,4000,5000,4500,1000,25.00%,Valid,Normal,Normal
Tamil Nadu,Madurai,Anna nagar(Uzhavar Sandhai ),Green Avare(W),Green Avare (W),Local,2026-09-20 00:00:00,9000,11000,10000,2000,22.22%,Valid,Normal,Normal
Tamil Nadu,Madurai,Anna nagar(Uzhavar Sandhai ),Amla(Nelli Kai),Amla,Local,2026-09-20 00:00:00,8000,9000,8500,1000,12.50%,Valid,Normal,Normal
Tamil Nadu,Madurai,Anna nagar(Uzhavar Sandhai ),Onion Green,Onion Green,Local,2026-09-20 00:00:00,8000,9000,8500,1000,12.50%,Valid,Normal,Normal
Tamil Nadu,Perambalur,Perambalur(Uzhavar Sandhai ),Brinjal,Other,Local,2026-09-20 00:00:00,4800,4800,4800,0,0.00%,Valid,Normal,Normal
Tamil Nadu,Perambalur,Perambalur(Uzhavar Sandhai ),Onion,Bellary,Local,2026-09-20 00:00:00,7000,7200,7100,200,2.86%,Valid,Normal,Normal
Tamil Nadu,Perambalur,Perambalur(Uzhavar Sandhai ),Potato,Other,Local,2026-09-20 00:00:00,2800,3200,3000,400,14.29%,Valid,Normal,Normal
Tamil Nadu,Perambalur,Perambalur(Uzhavar Sandhai ),Cauliflower,Ranchi,Local,2026-09-20 00:00:00,5000,6000,5500,1000,20.00%,Valid,Normal,Normal
Tamil Nadu,Perambalur,Perambalur(Uzhavar Sandhai ),Mousambi(Sweet Lime),Mousambi,Local,2026-09-20 00:00:00,7000,8000,7500,1000,14.29%,Valid,Normal,Normal
Tamil Nadu,Perambalur,Perambalur(Uzhavar Sandhai ),Cowpea(Veg),Cowpea (Veg),Local,2026-09-20 00:00:00,4000,4000,4000,0,0.00%,Valid,Normal,Normal
Tamil Nadu,Perambalur,Perambalur(Uzhavar Sandhai ),Beans,Beans (Whole),Local,2026-09-20 00:00:00,9200,11200,10200,2000,21.74%,Valid,Normal,Normal
Tamil Nadu,Perambalur,Perambalur(Uzhavar Sandhai ),Sweet Potato,Hosur Red,Local,2026-09-20 00:00:00,6000,6400,6200,400,6.67%,Valid,Normal,Normal
Tamil Nadu,Perambalur,Perambalur(Uzhavar Sandhai ),Tender Coconut,Tender Coconut,Local,2026-09-20 00:00:00,3000,4000,3500,1000,33.33%,Valid,Normal,Normal
Tamil Nadu,Perambalur,Perambalur(Uzhavar Sandhai ),Colacasia,Colacasia,Local,2026-09-20 00:00:00,6000,6000,6000,0,0.00%,Valid,Normal,Normal
Tamil Nadu,Salem,Mecheri(Uzhavar Sandhai),Bottle gourd,Bottle Gourd,Local,2026-09-20 00:00:00,2000,2500,2250,500,25.00%,Valid,Normal,Normal
Tamil Nadu,Salem,Mecheri(Uzhavar Sandhai),Snakeguard,Snakeguard,Local,2026-09-20 00:00:00,3000,3500,3250,500,16.67%,Valid,Normal,Normal
Tamil Nadu,Salem,Mecheri(Uzhavar Sandhai),Green Avare(W),Other,Local,2026-09-20 00:00:00,6000,6500,6250,500,8.33%,Valid,Normal,Normal
Tamil Nadu,Salem,Mecheri(Uzhavar Sandhai),Mint(Pudina),Mint(Pudina),Local,2026-09-20 00:00:00,2500,3000,2750,500,20.00%,Valid,Normal,Normal
Tamil Nadu,Ranipet,Arcot(Uzhavar Sandhai ),Banana,Other,Local,2026-09-20 00:00:00,6000,6000,6000,0,0.00%,Valid,Normal,Normal
Tamil Nadu,Ranipet,Arcot(Uzhavar Sandhai ),Potato,Red Nanital,Local,2026-09-20 00:00:00,3000,3000,3000,0,0.00%,Valid,Normal,Normal
Tamil Nadu,Ranipet,Arcot(Uzhavar Sandhai ),Tomato,Deshi,Local,2026-09-20 00:00:00,2400,2400,2400,0,0.00%,Valid,Normal,Normal
Tamil Nadu,Ranipet,Arcot(Uzhavar Sandhai ),Bhindi(Ladies Finger),Bhindi,Local,2026-09-20 00:00:00,3000,3000,3000,0,0.00%,Valid,Normal,Normal
Tamil Nadu,Ranipet,Arcot(Uzhavar Sandhai ),Coconut,Coconut,Local,2026-09-20 00:00:00,4000,5000,4500,1000,25.00%,Valid,Normal,Normal
Tamil Nadu,Ranipet,Arcot(Uzhavar Sandhai ),Carrot,Pusakesar,Local,2026-09-20 00:00:00,6000,6000,6000,0,0.00%,Valid,Normal,Normal
Tamil Nadu,Ranipet,Arcot(Uzhavar Sandhai ),Cucumbar(Kheera),Cucumbar,Local,2026-09-20 00:00:00,4000,4000,4000,0,0.00%,Valid,Normal,Normal
Tamil Nadu,Ranipet,Arcot(Uzhavar Sandhai ),Lemon,Lemon,Local,2026-09-20 00:00:00,20000,20000,20000,0,0.00%,Valid,Normal,Normal
Tamil Nadu,Ranipet,Arcot(Uzhavar Sandhai ),Sweet Corn,Sweet Corn,Local,2026-09-20 00:00:00,4000,4000,4000,0,0.00%,Valid,Normal,Normal
Tamil Nadu,Ranipet,Ranipettai(Uzhavar Sandhai ),Cauliflower,Ranchi,Local,2026-09-20 00:00:00,3000,3000,3000,0,0.00%,Valid,Normal,Normal
Tamil Nadu,Ranipet,Ranipettai(Uzhavar Sandhai ),Bitter gourd,Other,Local,2026-09-20 00:00:00,3600,3600,3600,0,0.00%,Valid,Normal,Normal
Tamil Nadu,Ranipet,Ranipettai(Uzhavar Sandhai ),Bottle gourd,Bottle Gourd,Local,2026-09-20 00:00:00,1500,1500,1500,0,0.00%,Valid,Normal,Normal
Tamil Nadu,Ranipet,Ranipettai(Uzhavar Sandhai ),Pumpkin,Pumpkin,Local,2026-09-20 00:00:00,2000,2000,2000,0,0.00%,Valid,Normal,Normal
Tamil Nadu,Ranipet,Ranipettai(Uzhavar Sandhai ),Cowpea(Veg),Cowpea (Veg),Local,2026-09-20 00:00:00,5000,5000,5000,0,0.00%,Valid,Normal,Normal
Tamil Nadu,Ranipet,Ranipettai(Uzhavar Sandhai ),Banana - Green,Banana - Green,Local,2026-09-20 00:00:00,5000,6000,5500,1000,20.00%,Valid,Normal,Normal
Tamil Nadu,Ranipet,Ranipettai(Uzhavar Sandhai ),Ridgeguard(Tori),Ridgeguard(Tori),Local,2026-09-20 00:00:00,3600,4000,3800,400,11.11%,Valid,Normal,Normal
Tamil Nadu,Ranipet,Ranipettai(Uzhavar Sandhai ),Mango(Raw-Ripe),Mango - Raw-Ripe,Local,2026-09-20 00:00:00,10000,12000,11000,2000,20.00%,Valid,Normal,Normal
Tamil Nadu,Ranipet,Ranipettai(Uzhavar Sandhai ),Knool Khol,Knool Khol,Local,2026-09-20 00:00:00,3500,3500,3500,0,0.00%,Valid,Normal,Normal
Tamil Nadu,Ranipet,Ranipettai(Uzhavar Sandhai ),Jasmine,Jasmine,Local,2026-09-20 00:00:00,72000,72000,72000,0,0.00%,Valid,Normal,Review
Tamil Nadu,Ranipet,Ranipettai(Uzhavar Sandhai ),Marigold(Calcutta),Marigold(Calcutta),Local,2026-09-20 00:00:00,36000,48000,42000,12000,33.33%,Valid,Normal,Normal
Tamil Nadu,Ranipet,Ranipettai(Uzhavar Sandhai ),Colacasia,Colacasia,Local,2026-09-20 00:00:00,3600,4000,3800,400,11.11%,Valid,Normal,Normal
Tamil Nadu,Salem,Ammapet(Uzhavar Sandhai ),Brinjal,Round,Local,2026-09-20 00:00:00,3000,3200,3100,200,6.67%,Valid,Normal,Normal
Tamil Nadu,Salem,Ammapet(Uzhavar Sandhai ),Potato,Other,Local,2026-09-20 00:00:00,4600,5000,4800,400,8.70%,Valid,Normal,Normal
Tamil Nadu,Salem,Ammapet(Uzhavar Sandhai ),Mousambi(Sweet Lime),Mousambi,Local,2026-09-20 00:00:00,3600,4000,3800,400,11.11%,Valid,Normal,Normal
Tamil Nadu,Salem,Ammapet(Uzhavar Sandhai ),Pumpkin,Pumpkin,Local,2026-09-20 00:00:00,1800,2000,1900,200,11.11%,Valid,Normal,Normal
Tamil Nadu,Salem,Ammapet(Uzhavar Sandhai ),Banana - Green,Banana - Green,Local,2026-09-20 00:00:00,2200,2400,2300,200,9.09%,Valid,Normal,Normal
Tamil Nadu,Salem,Ammapet(Uzhavar Sandhai ),Coconut,Coconut,Local,2026-09-20 00:00:00,6000,6500,6250,500,8.33%,Valid,Normal,Normal
Tamil Nadu,Salem,Ammapet(Uzhavar Sandhai ),Sweet Potato,Hosur Red,Local,2026-09-20 00:00:00,4600,5000,4800,400,8.70%,Valid,Normal,Normal
Tamil Nadu,Salem,Ammapet(Uzhavar Sandhai ),Cabbage,Cabbage,Local,2026-09-20 00:00:00,2400,3000,2700,600,25.00%,Valid,Normal,Normal
Tamil Nadu,Salem,Ammapet(Uzhavar Sandhai ),Snakeguard,Snakeguard,Local,2026-09-20 00:00:00,3200,3500,3350,300,9.38%,Valid,Normal,Normal
Tamil Nadu,Salem,Ammapet(Uzhavar Sandhai ),Beetroot,Beetroot,Local,2026-09-20 00:00:00,6000,7000,6500,1000,16.67%,Valid,Normal,Normal
Tamil Nadu,Salem,Ammapet(Uzhavar Sandhai ),Raddish,Raddish,Local,2026-09-20 00:00:00,2400,2600,2500,200,8.33%,Valid,Normal,Normal
Tamil Nadu,Salem,Ammapet(Uzhavar Sandhai ),Thondekai,Thondekai,Local,2026-09-20 00:00:00,3800,4000,3900,200,5.26%,Valid,Normal,Normal
Tamil Nadu,Salem,Ammapet(Uzhavar Sandhai ),Chow Chow,Chow Chow,Local,2026-09-20 00:00:00,3800,4000,3900,200,5.26%,Valid,Normal,Normal
Tamil Nadu,Salem,Ammapet(Uzhavar Sandhai ),Tender Coconut,Tender Coconut,Local,2026-09-20 00:00:00,2000,4000,3000,2000,100.00%,Valid,Normal,Normal
Tamil Nadu,Salem,Ammapet(Uzhavar Sandhai ),Marigold(Calcutta),Marigold(Calcutta),Local,2026-09-20 00:00:00,9000,10000,9500,1000,11.11%,Valid,Normal,Normal
Tamil Nadu,Salem,Ammapet(Uzhavar Sandhai ),Yam(Ratalu),Yam (Ratalu),Local,2026-09-20 00:00:00,6600,7000,6800,400,6.06%,Valid,Normal,Normal
Tamil Nadu,Salem,Ammapet(Uzhavar Sandhai ),Amla(Nelli Kai),Amla,Local,2026-09-20 00:00:00,9000,10000,9500,1000,11.11%,Valid,Normal,Normal
Tamil Nadu,Salem,Ammapet(Uzhavar Sandhai ),Rose(Local),Rose (Local),Local,2026-09-20 00:00:00,8600,9000,8800,400,4.65%,Valid,Normal,Normal
Tamil Nadu,Salem,Mettur(Uzhavar Sandhai ),Cauliflower,Ranchi,Local,2026-09-20 00:00:00,3000,3500,3250,500,16.67%,Valid,Normal,Normal
Tamil Nadu,Salem,Mettur(Uzhavar Sandhai ),Pumpkin,Pumpkin,Local,2026-09-20 00:00:00,1500,2000,1750,500,33.33%,Valid,Normal,Normal
Tamil Nadu,Salem,Mettur(Uzhavar Sandhai ),Green Chilli,Green Chilly,Local,2026-09-20 00:00:00,4000,4500,4250,500,12.50%,Valid,Normal,Normal
Tamil Nadu,Salem,Mettur(Uzhavar Sandhai ),Green Avare(W),Other,Local,2026-09-20 00:00:00,5000,5500,5250,500,10.00%,Valid,Normal,Normal
Tamil Nadu,Salem,Mettur(Uzhavar Sandhai ),Drumstick,Drumstick,Local,2026-09-20 00:00:00,2000,2500,2250,500,25.00%,Valid,Normal,Normal
Tamil Nadu,Salem,Mettur(Uzhavar Sandhai ),Knool Khol,Knool Khol,Local,2026-09-20 00:00:00,4000,4500,4250,500,12.50%,Valid,Normal,Normal
Tamil Nadu,Salem,Mettur(Uzhavar Sandhai ),Amla(Nelli Kai),Amla,Local,2026-09-20 00:00:00,7500,8000,7750,500,6.67%,Valid,Normal,Normal
Tamil Nadu,Salem,Sooramangalam(Uzhavar Sandhai ),Onion,Bellary,Local,2026-09-20 00:00:00,6000,6500,6250,500,8.33%,Valid,Normal,Normal
Tamil Nadu,Salem,Sooramangalam(Uzhavar Sandhai ),Ashgourd,Gouard,Local,2026-09-20 00:00:00,1500,1800,1650,300,20.00%,Valid,Normal,Normal
Tamil Nadu,Thiruchirappalli,Thuraiyur APMC,Brinjal,Other,Local,2026-09-20 00:00:00,2000,2500,2250,500,25.00%,Valid,Normal,Normal
Tamil Nadu,Thiruchirappalli,Thuraiyur APMC,Potato,Other,Local,2026-09-20 00:00:00,2500,3000,2750,500,20.00%,Valid,Normal,Normal
Tamil Nadu,Thiruchirappalli,Thuraiyur APMC,Papaya,Papaya,Local,2026-09-20 00:00:00,3000,4000,3500,1000,33.33%,Valid,Normal,Normal
Tamil Nadu,Thiruchirappalli,Thuraiyur APMC,Cluster beans,Cluster Beans,Local,2026-09-20 00:00:00,3000,3500,3250,500,16.67%,Valid,Normal,Normal
Tamil Nadu,Thiruchirappalli,Thuraiyur APMC,Bottle gourd,Bottle Gourd,Local,2026-09-20 00:00:00,2000,2500,2250,500,25.00%,Valid,Normal,Normal
Tamil Nadu,Thiruchirappalli,Thuraiyur APMC,Bhindi(Ladies Finger),Bhindi,Local,2026-09-20 00:00:00,3000,3500,3250,500,16.67%,Valid,Normal,Normal
Tamil Nadu,Thiruchirappalli,Thuraiyur APMC,Ginger(Green),Green Ginger,Local,2026-09-20 00:00:00,18000,20000,19000,2000,11.11%,Valid,Normal,Normal
Tamil Nadu,Thiruchirappalli,Thuraiyur APMC,Carrot,Pusakesar,Local,2026-09-20 00:00:00,4500,5000,4750,500,11.11%,Valid,Normal,Normal
Tamil Nadu,Thiruchirappalli,Thuraiyur APMC,Cabbage,Cabbage,Local,2026-09-20 00:00:00,2500,3000,2750,500,20.00%,Valid,Normal,Normal
Tamil Nadu,Thiruchirappalli,Thuraiyur APMC,Raddish,Raddish,Local,2026-09-20 00:00:00,3000,3500,3250,500,16.67%,Valid,Normal,Normal
Tamil Nadu,Thiruchirappalli,Thuraiyur APMC,Guava,Guava Allahabad,Local,2026-09-20 00:00:00,7000,8000,7500,1000,14.29%,Valid,Normal,Normal
Tamil Nadu,Salem,Thammampatti (Uzhavar Sandhai ),Papaya,Papaya,Local,2026-09-20 00:00:00,2500,3000,2750,500,20.00%,Valid,Normal,Normal
Tamil Nadu,Salem,Thammampatti (Uzhavar Sandhai ),Bhindi(Ladies Finger),Bhindi,Local,2026-09-20 00:00:00,2000,2400,2200,400,20.00%,Valid,Normal,Normal
Tamil Nadu,Salem,Thammampatti (Uzhavar Sandhai ),Green Avare(W),Green Avare (W),Local,2026-09-20 00:00:00,7000,7500,7250,500,7.14%,Valid,Normal,Normal
Tamil Nadu,Salem,Thammampatti (Uzhavar Sandhai ),Chow Chow,Chow Chow,Local,2026-09-20 00:00:00,4000,4000,4000,0,0.00%,Valid,Normal,Normal
Tamil Nadu,Salem,Thammampatti (Uzhavar Sandhai ),Lime,Lime,Local,2026-09-20 00:00:00,3000,3000,3000,0,0.00%,Valid,Normal,Normal
Tamil Nadu,Salem,Thammampatti (Uzhavar Sandhai ),Onion Green,Onion Green,Local,2026-09-20 00:00:00,5000,7000,6000,2000,40.00%,Valid,Normal,Normal
Tamil Nadu,Salem,Thammampatti (Uzhavar Sandhai ),Mint(Pudina),Mint(Pudina),Local,2026-09-20 00:00:00,4000,4000,4000,0,0.00%,Valid,Normal,Normal
Tamil Nadu,Salem,Thathakapatti(Uzhavar Sandhai ),Brinjal,Round,Local,2026-09-20 00:00:00,2800,3400,3100,600,21.43%,Valid,Normal,Normal
Tamil Nadu,Salem,Thathakapatti(Uzhavar Sandhai ),Onion,Bellary,Local,2026-09-20 00:00:00,6000,6500,6250,500,8.33%,Valid,Normal,Normal
Tamil Nadu,Salem,Thathakapatti(Uzhavar Sandhai ),Cauliflower,Ranchi,Local,2026-09-20 00:00:00,2000,2500,2250,500,25.00%,Valid,Normal,Normal
Tamil Nadu,Salem,Thathakapatti(Uzhavar Sandhai ),Bhindi(Ladies Finger),Bhindi,Local,2026-09-20 00:00:00,2800,3000,2900,200,7.14%,Valid,Normal,Normal
Tamil Nadu,Salem,Thathakapatti(Uzhavar Sandhai ),Beans,Beans (Whole),Local,2026-09-20 00:00:00,8000,8000,8000,0,0.00%,Valid,Normal,Normal
Tamil Nadu,Salem,Thathakapatti(Uzhavar Sandhai ),Tapioca,Tapioca,Local,2026-09-20 00:00:00,3500,4000,3750,500,14.29%,Valid,Normal,Normal
Tamil Nadu,Salem,Thathakapatti(Uzhavar Sandhai ),Ginger(Green),Green Ginger,Local,2026-09-20 00:00:00,16000,17000,16500,1000,6.25%,Valid,Normal,Normal
Tamil Nadu,Salem,Thathakapatti(Uzhavar Sandhai ),Sweet Potato,Hosur Red,Local,2026-09-20 00:00:00,4000,5000,4500,1000,25.00%,Valid,Normal,Normal
Tamil Nadu,Salem,Thathakapatti(Uzhavar Sandhai ),Carrot,Pusakesar,Local,2026-09-20 00:00:00,5000,5500,5250,500,10.00%,Valid,Normal,Normal
Tamil Nadu,Salem,Thathakapatti(Uzhavar Sandhai ),Snakeguard,Snakeguard,Local,2026-09-20 00:00:00,3400,3600,3500,200,5.88%,Valid,Normal,Normal
Tamil Nadu,Salem,Thathakapatti(Uzhavar Sandhai ),Raddish,Raddish,Local,2026-09-20 00:00:00,2400,2600,2500,200,8.33%,Valid,Normal,Normal
Tamil Nadu,Salem,Thathakapatti(Uzhavar Sandhai ),Knool Khol,Knool Khol,Local,2026-09-20 00:00:00,3500,4000,3750,500,14.29%,Valid,Normal,Normal
Tamil Nadu,Salem,Thathakapatti(Uzhavar Sandhai ),Tender Coconut,Tender Coconut,Local,2026-09-20 00:00:00,3000,5000,4000,2000,66.67%,Valid,Normal,Normal
Tamil Nadu,Salem,Thathakapatti(Uzhavar Sandhai ),Kakada,Kakada,Local,2026-09-20 00:00:00,20000,24000,22000,4000,20.00%,Valid,Normal,Normal
Tamil Nadu,Salem,Thathakapatti(Uzhavar Sandhai ),Custard Apple(Sharifa),Custard Apple(Sharifa),Local,2026-09-20 00:00:00,4000,5000,4500,1000,25.00%,Valid,Normal,Normal
Tamil Nadu,Salem,Thathakapatti(Uzhavar Sandhai ),Amla(Nelli Kai),Amla,Local,2026-09-20 00:00:00,7000,8000,7500,1000,14.29%,Valid,Normal,Normal
Tamil Nadu,Salem,Thathakapatti(Uzhavar Sandhai ),Onion Green,Onion Green,Local,2026-09-20 00:00:00,7000,8000,7500,1000,14.29%,Valid,Normal,Normal
Tamil Nadu,Salem,Thathakapatti(Uzhavar Sandhai ),Mint(Pudina),Mint(Pudina),Local,2026-09-20 00:00:00,4000,5000,4500,1000,25.00%,Valid,Normal,Normal
Tamil Nadu,Theni,Chinnamanur(Uzhavar Sandhai ),Potato,Other,Local,2026-09-20 00:00:00,3000,3000,3000,0,0.00%,Valid,Normal,Normal
Tamil Nadu,Theni,Chinnamanur(Uzhavar Sandhai ),Bhindi(Ladies Finger),Bhindi,Local,2026-09-20 00:00:00,4400,4500,4450,100,2.27%,Valid,Normal,Normal
Tamil Nadu,Theni,Chinnamanur(Uzhavar Sandhai ),Banana - Green,Banana - Green,Local,2026-09-20 00:00:00,3600,3600,3600,0,0.00%,Valid,Normal,Normal
Tamil Nadu,Theni,Chinnamanur(Uzhavar Sandhai ),Coconut,Coconut,Local,2026-09-20 00:00:00,5800,5800,5800,0,0.00%,Valid,Normal,Normal
Tamil Nadu,Theni,Chinnamanur(Uzhavar Sandhai ),Sweet Potato,Hosur Red,Local,2026-09-20 00:00:00,5000,5000,5000,0,0.00%,Valid,Normal,Normal
Tamil Nadu,Theni,Chinnamanur(Uzhavar Sandhai ),Knool Khol,Knool Khol,Local,2026-09-20 00:00:00,3600,3600,3600,0,0.00%,Valid,Normal,Normal
Tamil Nadu,Theni,Chinnamanur(Uzhavar Sandhai ),Elephant Yam(Suran)/Amorphophallus,Elephant Yam (Suran),Local,2026-09-20 00:00:00,3500,3500,3500,0,0.00%,Valid,Normal,Normal
Tamil Nadu,Theni,Kambam(Uzhavar Sandhai ),Banana,Besrai,Local,2026-09-20 00:00:00,7000,7000,7000,0,0.00%,Valid,Normal,Normal
Tamil Nadu,Theni,Kambam(Uzhavar Sandhai ),Onion,Bellary,Local,2026-09-20 00:00:00,6500,6500,6500,0,0.00%,Valid,Normal,Normal
Tamil Nadu,Theni,Kambam(Uzhavar Sandhai ),Bhindi(Ladies Finger),Bhindi,Local,2026-09-20 00:00:00,4000,4000,4000,0,0.00%,Valid,Normal,Normal
Tamil Nadu,Theni,Kambam(Uzhavar Sandhai ),Betal Leaves,Mysore,Local,2026-09-20 00:00:00,25000,25000,25000,0,0.00%,Valid,Normal,Normal
Tamil Nadu,Theni,Kambam(Uzhavar Sandhai ),Capsicum,Capsicum,Local,2026-09-20 00:00:00,5000,5000,5000,0,0.00%,Valid,Normal,Normal
Tamil Nadu,Theni,Kambam(Uzhavar Sandhai ),Lime,Lime,Local,2026-09-20 00:00:00,9500,9500,9500,0,0.00%,Valid,Normal,Normal
Tamil Nadu,Theni,Theni(Uzhavar Sandhai ),Soyabean,Local,Local,2026-09-20 00:00:00,9000,9000,9000,0,0.00%,Valid,Normal,Normal
Tamil Nadu,Theni,Theni(Uzhavar Sandhai ),Grapes,Annabesahai,Local,2026-09-20 00:00:00,13000,13000,13000,0,0.00%,Valid,Normal,Normal
Tamil Nadu,Theni,Theni(Uzhavar Sandhai ),Onion,Bellary,Local,2026-09-20 00:00:00,6000,6500,6250,500,8.33%,Valid,Normal,Normal
Tamil Nadu,Theni,Theni(Uzhavar Sandhai ),Garlic,Garlic,Local,2026-09-20 00:00:00,10000,20000,15000,10000,100.00%,Valid,Normal,Normal
Tamil Nadu,Theni,Theni(Uzhavar Sandhai ),Cauliflower,Ranchi,Local,2026-09-20 00:00:00,2000,3500,2750,1500,75.00%,Valid,Normal,Normal
Tamil Nadu,Theni,Theni(Uzhavar Sandhai ),Coriander(Leaves),I Sort,Local,2026-09-20 00:00:00,3000,3000,3000,0,0.00%,Valid,Normal,Normal
Tamil Nadu,Theni,Theni(Uzhavar Sandhai ),Mousambi(Sweet Lime),Mousambi,Local,2026-09-20 00:00:00,7000,7000,7000,0,0.00%,Valid,Normal,Normal
Tamil Nadu,Theni,Theni(Uzhavar Sandhai ),Bitter gourd,Bitter Gourd,Local,2026-09-20 00:00:00,5800,5800,5800,0,0.00%,Valid,Normal,Normal
Tamil Nadu,Theni,Theni(Uzhavar Sandhai ),Beans,Beans (Whole),Local,2026-09-20 00:00:00,6800,8500,7650,1700,25.00%,Valid,Normal,Normal
Tamil Nadu,Theni,Theni(Uzhavar Sandhai ),Coconut,Coconut,Local,2026-09-20 00:00:00,5600,5600,5600,0,0.00%,Valid,Normal,Normal
Tamil Nadu,Theni,Theni(Uzhavar Sandhai ),Yam(Ratalu),Yam (Ratalu),Local,2026-09-20 00:00:00,5000,5000,5000,0,0.00%,Valid,Normal,Normal
Tamil Nadu,Theni,Theni(Uzhavar Sandhai ),Colacasia,Colacasia,Local,2026-09-20 00:00:00,5000,5000,5000,0,0.00%,Valid,Normal,Normal
Tamil Nadu,Thirunelveli,NGO Colony(Uzhavar Sandhai ),Onion,Bellary,Local,2026-09-20 00:00:00,5500,6300,5900,800,14.55%,Valid,Normal,Normal
Tamil Nadu,Thirunelveli,NGO Colony(Uzhavar Sandhai ),Coconut,Coconut,Local,2026-09-20 00:00:00,5500,6000,5750,500,9.09%,Valid,Normal,Normal
Tamil Nadu,Thirunelveli,NGO Colony(Uzhavar Sandhai ),Capsicum,Capsicum,Local,2026-09-20 00:00:00,4500,5000,4750,500,11.11%,Valid,Normal,Normal
Tamil Nadu,Thirunelveli,NGO Colony(Uzhavar Sandhai ),Drumstick,Drumstick,Local,2026-09-20 00:00:00,2500,3000,2750,500,20.00%,Valid,Normal,Normal
Tamil Nadu,Thirunelveli,Palayamkottai(Uzhavar Sandhai ),Banana,Red Banana,Local,2026-09-20 00:00:00,10000,11000,10500,1000,10.00%,Valid,Normal,Normal
Tamil Nadu,Thirunelveli,Palayamkottai(Uzhavar Sandhai ),Bottle gourd,Bottle Gourd,Local,2026-09-20 00:00:00,1200,1400,1300,200,16.67%,Valid,Normal,Normal
Tamil Nadu,Thirunelveli,Palayamkottai(Uzhavar Sandhai ),Pumpkin,Pumpkin,Local,2026-09-20 00:00:00,1000,1200,1100,200,20.00%,Valid,Normal,Normal
Tamil Nadu,Thirunelveli,Palayamkottai(Uzhavar Sandhai ),Bhindi(Ladies Finger),Bhindi,Local,2026-09-20 00:00:00,3600,4000,3800,400,11.11%,Valid,Normal,Normal
Tamil Nadu,Thirunelveli,Palayamkottai(Uzhavar Sandhai ),Coconut,Coconut,Local,2026-09-20 00:00:00,5600,6000,5800,400,7.14%,Valid,Normal,Normal
Tamil Nadu,Thirunelveli,Palayamkottai(Uzhavar Sandhai ),Cucumbar(Kheera),Cucumbar,Local,2026-09-20 00:00:00,4000,6000,5000,2000,50.00%,Valid,Normal,Normal
Tamil Nadu,Thirunelveli,Palayamkottai(Uzhavar Sandhai ),Drumstick,Drumstick,Local,2026-09-20 00:00:00,2800,3000,2900,200,7.14%,Valid,Normal,Normal
Tamil Nadu,Thirupur,Kangayam(Uzhavar Sandhai ),Bhindi(Ladies Finger),Bhindi,Local,2026-09-20 00:00:00,5000,5500,5250,500,10.00%,Valid,Normal,Normal
Tamil Nadu,Thirupur,Tiruppur (North) (Uzhavar Sandhai ),Brinjal,Other,Local,2026-09-20 00:00:00,2500,3000,2750,500,20.00%,Valid,Normal,Normal
Tamil Nadu,Thirupur,Tiruppur (North) (Uzhavar Sandhai ),Banana,Red Banana,Local,2026-09-20 00:00:00,6000,7000,6500,1000,16.67%,Valid,Normal,Normal
Tamil Nadu,Thirupur,Tiruppur (North) (Uzhavar Sandhai ),Coriander(Leaves),I Sort,Local,2026-09-20 00:00:00,4500,5000,4750,500,11.11%,Valid,Normal,Normal
Tamil Nadu,Thirupur,Tiruppur (North) (Uzhavar Sandhai ),Bhindi(Ladies Finger),Bhindi,Local,2026-09-20 00:00:00,3500,4000,3750,500,14.29%,Valid,Normal,Normal
Tamil Nadu,Thirupur,Tiruppur (North) (Uzhavar Sandhai ),Cowpea(Veg),Cowpea (Veg),Local,2026-09-20 00:00:00,3000,3500,3250,500,16.67%,Valid,Normal,Normal
Tamil Nadu,Thirupur,Tiruppur (North) (Uzhavar Sandhai ),Carrot,Pusakesar,Local,2026-09-20 00:00:00,4500,5000,4750,500,11.11%,Valid,Normal,Normal
Tamil Nadu,Thirupur,Tiruppur (North) (Uzhavar Sandhai ),Cabbage,Cabbage,Local,2026-09-20 00:00:00,2500,3000,2750,500,20.00%,Valid,Normal,Normal
Tamil Nadu,Thirupur,Tiruppur (North) (Uzhavar Sandhai ),Beetroot,Beetroot,Local,2026-09-20 00:00:00,5000,6000,5500,1000,20.00%,Valid,Normal,Normal
Tamil Nadu,Thirupur,Tiruppur (North) (Uzhavar Sandhai ),Green Avare(W),Other,Local,2026-09-20 00:00:00,5000,6000,5500,1000,20.00%,Valid,Normal,Normal
Tamil Nadu,Thirupur,Tiruppur (North) (Uzhavar Sandhai ),Amla(Nelli Kai),Amla,Local,2026-09-20 00:00:00,5000,6000,5500,1000,20.00%,Valid,Normal,Normal
Tamil Nadu,Thiruvannamalai,Chengam(Uzhavar Sandhai ),Papaya,Papaya,Local,2026-09-20 00:00:00,3300,4000,3650,700,21.21%,Valid,Normal,Normal
Tamil Nadu,Thiruvannamalai,Chengam(Uzhavar Sandhai ),Cluster beans,Cluster Beans,Local,2026-09-20 00:00:00,3300,4000,3650,700,21.21%,Valid,Normal,Normal
Tamil Nadu,Thiruvannamalai,Chengam(Uzhavar Sandhai ),Bitter gourd,Bitter Gourd,Local,2026-09-20 00:00:00,5000,6000,5500,1000,20.00%,Valid,Normal,Normal
Tamil Nadu,Thiruvannamalai,Chengam(Uzhavar Sandhai ),Banana - Green,Banana - Green,Local,2026-09-20 00:00:00,1200,1500,1350,300,25.00%,Valid,Normal,Normal
Tamil Nadu,Thiruvannamalai,Chengam(Uzhavar Sandhai ),Beans,Beans (Whole),Local,2026-09-20 00:00:00,7000,8000,7500,1000,14.29%,Valid,Normal,Normal
Tamil Nadu,Thiruvannamalai,Chengam(Uzhavar Sandhai ),Drumstick,Drumstick,Local,2026-09-20 00:00:00,5000,6000,5500,1000,20.00%,Valid,Normal,Normal
Tamil Nadu,Thiruvannamalai,Tamarainagar(Uzhavar Sandhai ),Groundnut,Big (With Shell),Local,2026-09-20 00:00:00,7500,9000,8250,1500,20.00%,Valid,Normal,Normal
Tamil Nadu,Thiruvannamalai,Tamarainagar(Uzhavar Sandhai ),Banana,Besrai,Local,2026-09-20 00:00:00,5000,6000,5500,1000,20.00%,Valid,Normal,Normal
Tamil Nadu,Thiruvannamalai,Tamarainagar(Uzhavar Sandhai ),Pumpkin,Pumpkin,Local,2026-09-20 00:00:00,2000,2500,2250,500,25.00%,Valid,Normal,Normal
Tamil Nadu,Thiruvannamalai,Tamarainagar(Uzhavar Sandhai ),Sweet Potato,Hosur Red,Local,2026-09-20 00:00:00,5000,6000,5500,1000,20.00%,Valid,Normal,Normal
Tamil Nadu,Thiruvannamalai,Tamarainagar(Uzhavar Sandhai ),Snakeguard,Snakeguard,Local,2026-09-20 00:00:00,2500,3000,2750,500,20.00%,Valid,Normal,Normal
Tamil Nadu,Thiruvannamalai,Tamarainagar(Uzhavar Sandhai ),Ridgeguard(Tori),Ridgeguard(Tori),Local,2026-09-20 00:00:00,3500,4000,3750,500,14.29%,Valid,Normal,Normal
Tamil Nadu,Thiruvannamalai,Tamarainagar(Uzhavar Sandhai ),Fig(Anjura/Anjeer),Anjura,Local,2026-09-20 00:00:00,5000,6000,5500,1000,20.00%,Valid,Normal,Normal
Tamil Nadu,Thiruvannamalai,Tamarainagar(Uzhavar Sandhai ),Marigold(Calcutta),Marigold(Calcutta),Local,2026-09-20 00:00:00,25000,30000,27500,5000,20.00%,Valid,Normal,Normal
Tamil Nadu,Thiruvannamalai,Vandavasi(Uzhavar Sandhai ),Onion,Bellary,Local,2026-09-20 00:00:00,5000,6000,5500,1000,20.00%,Valid,Normal,Normal
Tamil Nadu,Thiruvannamalai,Vandavasi(Uzhavar Sandhai ),Pumpkin,Pumpkin,Local,2026-09-20 00:00:00,2500,3000,2750,500,20.00%,Valid,Normal,Normal
Tamil Nadu,Thiruvannamalai,Vandavasi(Uzhavar Sandhai ),Green Chilli,Green Chilly,Local,2026-09-20 00:00:00,5000,6000,5500,1000,20.00%,Valid,Normal,Normal
Tamil Nadu,Thiruvannamalai,Vandavasi(Uzhavar Sandhai ),Beans,Beans (Whole),Local,2026-09-20 00:00:00,5000,6000,5500,1000,20.00%,Valid,Normal,Normal
Tamil Nadu,Thiruvannamalai,Vandavasi(Uzhavar Sandhai ),Coconut,Coconut,Local,2026-09-20 00:00:00,4000,5000,4500,1000,25.00%,Valid,Normal,Normal
Tamil Nadu,Thiruvannamalai,Vandavasi(Uzhavar Sandhai ),Carrot,Pusakesar,Local,2026-09-20 00:00:00,5000,6000,5500,1000,20.00%,Valid,Normal,Normal
Tamil Nadu,Thiruvannamalai,Vandavasi(Uzhavar Sandhai ),Ridgeguard(Tori),Ridgeguard(Tori),Local,2026-09-20 00:00:00,2500,3000,2750,500,20.00%,Valid,Normal,Normal
Tamil Nadu,Thiruvannamalai,Vandavasi(Uzhavar Sandhai ),Yam(Ratalu),Yam (Ratalu),Local,2026-09-20 00:00:00,6000,7000,6500,1000,16.67%,Valid,Normal,Normal
Tamil Nadu,Thiruvannamalai,Vandavasi(Uzhavar Sandhai ),Onion Green,Onion Green,Local,2026-09-20 00:00:00,5000,6000,5500,1000,20.00%,Valid,Normal,Normal
Tamil Nadu,Thiruvarur,Muthupettai(Uzhavar Sandhai ),Onion,Bellary,Local,2026-09-20 00:00:00,6000,6000,6000,0,0.00%,Valid,Normal,Normal
Tamil Nadu,Thiruvarur,Muthupettai(Uzhavar Sandhai ),Bottle gourd,Bottle Gourd,Local,2026-09-20 00:00:00,2800,2800,2800,0,0.00%,Valid,Normal,Normal
Tamil Nadu,Thiruvarur,Muthupettai(Uzhavar Sandhai ),Bhindi(Ladies Finger),Bhindi,Local,2026-09-20 00:00:00,3600,3600,3600,0,0.00%,Valid,Normal,Normal
Tamil Nadu,Thiruvarur,Muthupettai(Uzhavar Sandhai ),Snakeguard,Snakeguard,Local,2026-09-20 00:00:00,3400,3400,3400,0,0.00%,Valid,Normal,Normal
Tamil Nadu,Thiruvarur,Muthupettai(Uzhavar Sandhai ),Onion Green,Onion Green,Local,2026-09-20 00:00:00,9500,9500,9500,0,0.00%,Valid,Normal,Normal
Tamil Nadu,Coimbatore,Sulur(Uzhavar Sandhai ),Papaya,Papaya,Local,2026-09-20 00:00:00,4600,5400,5000,800,17.39%,Valid,Normal,Normal
Tamil Nadu,Coimbatore,Sulur(Uzhavar Sandhai ),Cluster beans,Cluster Beans,Local,2026-09-20 00:00:00,3400,3800,3600,400,11.76%,Valid,Normal,Normal
Tamil Nadu,Coimbatore,Sulur(Uzhavar Sandhai ),Bitter gourd,Bitter Gourd,Local,2026-09-20 00:00:00,4400,5000,4700,600,13.64%,Valid,Normal,Normal
Tamil Nadu,Coimbatore,Sulur(Uzhavar Sandhai ),Pumpkin,Pumpkin,Local,2026-09-20 00:00:00,1600,2000,1800,400,25.00%,Valid,Normal,Normal
Tamil Nadu,Coimbatore,Sulur(Uzhavar Sandhai ),Amaranthus,Amaranthus,Local,2026-09-20 00:00:00,5000,6000,5500,1000,20.00%,Valid,Normal,Normal
Tamil Nadu,Coimbatore,Sulur(Uzhavar Sandhai ),Banana - Green,Banana - Green,Local,2026-09-20 00:00:00,4000,4500,4250,500,12.50%,Valid,Normal,Normal
Tamil Nadu,Coimbatore,Sulur(Uzhavar Sandhai ),Beetroot,Beetroot,Local,2026-09-20 00:00:00,4000,5800,4900,1800,45.00%,Valid,Normal,Normal
Tamil Nadu,Coimbatore,Sulur(Uzhavar Sandhai ),Raddish,Raddish,Local,2026-09-20 00:00:00,2600,3200,2900,600,23.08%,Valid,Normal,Normal
Tamil Nadu,Coimbatore,Sulur(Uzhavar Sandhai ),Capsicum,Capsicum,Local,2026-09-20 00:00:00,5400,6000,5700,600,11.11%,Valid,Normal,Normal
Tamil Nadu,Pudukkottai,Gandarvakottai(Uzhavar Sandhai ),Brinjal,Round,Local,2026-09-20 00:00:00,5500,6000,5750,500,9.09%,Valid,Normal,Normal
Tamil Nadu,Pudukkottai,Gandarvakottai(Uzhavar Sandhai ),Coriander(Leaves),I Sort,Local,2026-09-20 00:00:00,4500,5000,4750,500,11.11%,Valid,Normal,Normal
Tamil Nadu,Pudukkottai,Gandarvakottai(Uzhavar Sandhai ),Ashgourd,Gouard,Local,2026-09-20 00:00:00,1000,1500,1250,500,50.00%,Valid,Normal,Normal
Tamil Nadu,Pudukkottai,Gandarvakottai(Uzhavar Sandhai ),Mango(Raw-Ripe),Mango - Raw-Ripe,Local,2026-09-20 00:00:00,9500,10000,9750,500,5.26%,Valid,Normal,Normal
Tamil Nadu,Cuddalore,Panruti(Uzhavar Sandhai ),Onion,Bellary,Local,2026-09-20 00:00:00,5500,5500,5500,0,0.00%,Valid,Normal,Normal
Tamil Nadu,Cuddalore,Panruti(Uzhavar Sandhai ),Coriander(Leaves),I Sort,Local,2026-09-20 00:00:00,6000,6000,6000,0,0.00%,Valid,Normal,Normal
Tamil Nadu,Cuddalore,Panruti(Uzhavar Sandhai ),Bitter gourd,Bitter Gourd,Local,2026-09-20 00:00:00,5000,5000,5000,0,0.00%,Valid,Normal,Normal
Tamil Nadu,Cuddalore,Panruti(Uzhavar Sandhai ),Raddish,Raddish,Local,2026-09-20 00:00:00,2500,2500,2500,0,0.00%,Valid,Normal,Normal
Tamil Nadu,Cuddalore,Panruti(Uzhavar Sandhai ),Drumstick,Drumstick,Local,2026-09-20 00:00:00,4000,4000,4000,0,0.00%,Valid,Normal,Normal
Tamil Nadu,Cuddalore,Panruti(Uzhavar Sandhai ),Guava,Guava Allahabad,Local,2026-09-20 00:00:00,4000,4000,4000,0,0.00%,Valid,Normal,Normal
Tamil Nadu,Cuddalore,Vadalur(Uzhavar Sandhai ),Tomato,Local,Local,2026-09-20 00:00:00,3000,3000,3000,0,0.00%,Valid,Normal,Normal
Tamil Nadu,Cuddalore,Vadalur(Uzhavar Sandhai ),Ashgourd,Gouard,Local,2026-09-20 00:00:00,2000,2000,2000,0,0.00%,Valid,Normal,Normal
Tamil Nadu,Cuddalore,Vadalur(Uzhavar Sandhai ),Amaranthus,Amaranthus,Local,2026-09-20 00:00:00,3000,3500,3250,500,16.67%,Valid,Normal,Normal
Tamil Nadu,Cuddalore,Vadalur(Uzhavar Sandhai ),Cucumbar(Kheera),Cucumbar,Local,2026-09-20 00:00:00,4000,4000,4000,0,0.00%,Valid,Normal,Normal
Tamil Nadu,Cuddalore,Vadalur(Uzhavar Sandhai ),Yam(Ratalu),Yam (Ratalu),Local,2026-09-20 00:00:00,6000,6000,6000,0,0.00%,Valid,Normal,Normal
Tamil Nadu,Dharmapuri,AJattihalli(Uzhavar Sandhai ),Onion,Bellary,Local,2026-09-20 00:00:00,5500,6400,5950,900,16.36%,Valid,Normal,Normal
Tamil Nadu,Dharmapuri,AJattihalli(Uzhavar Sandhai ),Green Chilli,Green Chilly,Local,2026-09-20 00:00:00,3500,4000,3750,500,14.29%,Valid,Normal,Normal
Tamil Nadu,Dharmapuri,AJattihalli(Uzhavar Sandhai ),Banana - Green,Banana - Green,Local,2026-09-20 00:00:00,2500,3000,2750,500,20.00%,Valid,Normal,Normal
Tamil Nadu,Dharmapuri,AJattihalli(Uzhavar Sandhai ),Ridgeguard(Tori),Ridgeguard(Tori),Local,2026-09-20 00:00:00,3000,3000,3000,0,0.00%,Valid,Normal,Normal
Tamil Nadu,Dharmapuri,AJattihalli(Uzhavar Sandhai ),Raddish,Raddish,Local,2026-09-20 00:00:00,1600,2000,1800,400,25.00%,Valid,Normal,Normal
Tamil Nadu,Dharmapuri,AJattihalli(Uzhavar Sandhai ),Thondekai,Thondekai,Local,2026-09-20 00:00:00,4500,4500,4500,0,0.00%,Valid,Normal,Normal
Tamil Nadu,Dharmapuri,AJattihalli(Uzhavar Sandhai ),Capsicum,Capsicum,Local,2026-09-20 00:00:00,7000,7000,7000,0,0.00%,Valid,Normal,Normal
Tamil Nadu,Dharmapuri,AJattihalli(Uzhavar Sandhai ),Amla(Nelli Kai),Amla,Local,2026-09-20 00:00:00,10000,10000,10000,0,0.00%,Valid,Normal,Normal
Tamil Nadu,Karur,Pallapatti (Uzhavar Sandhai ),Tomato,Other,Local,2026-09-20 00:00:00,2500,3000,2750,500,20.00%,Valid,Normal,Normal
Tamil Nadu,Karur,Pallapatti (Uzhavar Sandhai ),Cluster beans,Cluster Beans,Local,2026-09-20 00:00:00,3500,4000,3750,500,14.29%,Valid,Normal,Normal
Tamil Nadu,Karur,Pallapatti (Uzhavar Sandhai ),Green Avare(W),Other,Local,2026-09-20 00:00:00,8000,10000,9000,2000,25.00%,Valid,Normal,Normal
Tamil Nadu,Karur,Pallapatti (Uzhavar Sandhai ),Onion Green,Onion Green,Local,2026-09-20 00:00:00,8500,9000,8750,500,5.88%,Valid,Normal,Normal
Tamil Nadu,Karur,Pallapatti (Uzhavar Sandhai ),Mint(Pudina),Mint(Pudina),Local,2026-09-20 00:00:00,4500,5000,4750,500,11.11%,Valid,Normal,Normal
Tamil Nadu,Karur,Velayuthampalayam(Uzhavar Sandhai ),Pumpkin,Pumpkin,Local,2026-09-20 00:00:00,2000,2500,2250,500,25.00%,Valid,Normal,Normal
Tamil Nadu,Karur,Vengamedu(Uzhavar Sandhai ),Coriander(Leaves),I Sort,Local,2026-09-20 00:00:00,5500,6000,5750,500,9.09%,Valid,Normal,Normal
Tamil Nadu,Karur,Vengamedu(Uzhavar Sandhai ),Bottle gourd,Bottle Gourd,Local,2026-09-20 00:00:00,2500,3000,2750,500,20.00%,Valid,Normal,Normal
Tamil Nadu,Karur,Vengamedu(Uzhavar Sandhai ),Snakeguard,Snakeguard,Local,2026-09-20 00:00:00,3000,3500,3250,500,16.67%,Valid,Normal,Normal
Tamil Nadu,Karur,Vengamedu(Uzhavar Sandhai ),Lemon,Lemon,Local,2026-09-20 00:00:00,29500,30000,29750,500,1.69%,Valid,Normal,Normal
Tamil Nadu,Karur,Vengamedu(Uzhavar Sandhai ),Mint(Pudina),Mint(Pudina),Local,2026-09-20 00:00:00,5500,6000,5750,500,9.09%,Valid,Normal,Normal
Tamil Nadu,Theni,Devaram(Uzhavar Sandhai ),Cauliflower,Ranchi,Local,2026-09-20 00:00:00,3500,3500,3500,0,0.00%,Valid,Normal,Normal
Tamil Nadu,Theni,Devaram(Uzhavar Sandhai ),Coriander(Leaves),I Sort,Local,2026-09-20 00:00:00,3000,3000,3000,0,0.00%,Valid,Normal,Normal
Tamil Nadu,Theni,Devaram(Uzhavar Sandhai ),Cluster beans,Cluster Beans,Local,2026-09-20 00:00:00,3000,3000,3000,0,0.00%,Valid,Normal,Normal
Tamil Nadu,Theni,Devaram(Uzhavar Sandhai ),Ashgourd,Gouard,Local,2026-09-20 00:00:00,1500,1500,1500,0,0.00%,Valid,Normal,Normal
Tamil Nadu,Theni,Devaram(Uzhavar Sandhai ),Pumpkin,Pumpkin,Local,2026-09-20 00:00:00,1500,1500,1500,0,0.00%,Valid,Normal,Normal
Tamil Nadu,Theni,Devaram(Uzhavar Sandhai ),Bhindi(Ladies Finger),Bhindi,Local,2026-09-20 00:00:00,3800,3800,3800,0,0.00%,Valid,Normal,Normal
Tamil Nadu,Theni,Devaram(Uzhavar Sandhai ),Banana - Green,Banana - Green,Local,2026-09-20 00:00:00,3000,3000,3000,0,0.00%,Valid,Normal,Normal
Tamil Nadu,Theni,Devaram(Uzhavar Sandhai ),Coconut,Coconut,Local,2026-09-20 00:00:00,5600,5600,5600,0,0.00%,Valid,Normal,Normal
Tamil Nadu,Theni,Devaram(Uzhavar Sandhai ),Snakeguard,Snakeguard,Local,2026-09-20 00:00:00,2500,2500,2500,0,0.00%,Valid,Normal,Normal
Tamil Nadu,Theni,Devaram(Uzhavar Sandhai ),Beetroot,Beetroot,Local,2026-09-20 00:00:00,3600,3600,3600,0,0.00%,Valid,Normal,Normal
Tamil Nadu,Theni,Devaram(Uzhavar Sandhai ),Lemon,Lemon,Local,2026-09-20 00:00:00,22000,22000,22000,0,0.00%,Valid,Normal,Normal
Tamil Nadu,Theni,Devaram(Uzhavar Sandhai ),Mint(Pudina),Mint(Pudina),Local,2026-09-20 00:00:00,5500,5500,5500,0,0.00%,Valid,Normal,Normal
Tamil Nadu,Salem,Attayampatti(Uzhavar Sandhai ),Groundnut,Big (With Shell),Local,2026-09-20 00:00:00,7000,7000,7000,0,0.00%,Valid,Normal,Normal
Tamil Nadu,Salem,Attayampatti(Uzhavar Sandhai ),Chikoos(Sapota),Sapota,Local,2026-09-20 00:00:00,5000,5000,5000,0,0.00%,Valid,Normal,Normal
Tamil Nadu,Salem,Attayampatti(Uzhavar Sandhai ),Cluster beans,Cluster Beans,Local,2026-09-20 00:00:00,3500,3500,3500,0,0.00%,Valid,Normal,Normal
Tamil Nadu,Salem,Attayampatti(Uzhavar Sandhai ),Green Chilli,Green Chilly,Local,2026-09-20 00:00:00,4000,4500,4250,500,12.50%,Valid,Normal,Normal
Tamil Nadu,Salem,Attayampatti(Uzhavar Sandhai ),Banana - Green,Banana - Green,Local,2026-09-20 00:00:00,2400,2800,2600,400,16.67%,Valid,Normal,Normal
Tamil Nadu,Salem,Attayampatti(Uzhavar Sandhai ),Mint(Pudina),Mint(Pudina),Local,2026-09-20 00:00:00,4000,5000,4500,1000,25.00%,Valid,Normal,Normal
Tamil Nadu,Sivaganga,Sivagangai (Uzhavar Sandhai ),Banana,Poovan,Local,2026-09-20 00:00:00,4000,4000,4000,0,0.00%,Valid,Normal,Normal
Tamil Nadu,Sivaganga,Sivagangai (Uzhavar Sandhai ),Cluster beans,Cluster Beans,Local,2026-09-20 00:00:00,3800,4200,4000,400,10.53%,Valid,Normal,Normal
Tamil Nadu,Sivaganga,Sivagangai (Uzhavar Sandhai ),Bottle gourd,Bottle Gourd,Local,2026-09-20 00:00:00,2200,2800,2500,600,27.27%,Valid,Normal,Normal
Tamil Nadu,Sivaganga,Sivagangai (Uzhavar Sandhai ),Pumpkin,Pumpkin,Local,2026-09-20 00:00:00,1800,2200,2000,400,22.22%,Valid,Normal,Normal
Tamil Nadu,Sivaganga,Sivagangai (Uzhavar Sandhai ),Coconut,Coconut,Local,2026-09-20 00:00:00,7000,7200,7100,200,2.86%,Valid,Normal,Normal
Tamil Nadu,Sivaganga,Sivagangai (Uzhavar Sandhai ),Drumstick,Drumstick,Local,2026-09-20 00:00:00,4200,6200,5200,2000,47.62%,Valid,Normal,Normal
Tamil Nadu,Sivaganga,Sivagangai (Uzhavar Sandhai ),Guava,Guava Allahabad,Local,2026-09-20 00:00:00,6200,7200,6700,1000,16.13%,Valid,Normal,Normal
Tamil Nadu,Sivaganga,Sivagangai (Uzhavar Sandhai ),Indian Beans(Seam),Indian Beans (Seam),Local,2026-09-20 00:00:00,5600,6200,5900,600,10.71%,Valid,Normal,Normal
Tamil Nadu,Sivaganga,Sivagangai (Uzhavar Sandhai ),Onion Green,Onion Green,Local,2026-09-20 00:00:00,8200,9200,8700,1000,12.20%,Valid,Normal,Normal
Tamil Nadu,Sivaganga,Sivagangai (Uzhavar Sandhai ),Mint(Pudina),Mint(Pudina),Local,2026-09-20 00:00:00,5600,6200,5900,600,10.71%,Valid,Normal,Normal
Tamil Nadu,Salem,Edapadi (Uzhavar Sandhai ),Brinjal,Other,Local,2026-09-20 00:00:00,3200,3500,3350,300,9.38%,Valid,Normal,Normal
Tamil Nadu,Salem,Edapadi (Uzhavar Sandhai ),Onion,Bellary,Local,2026-09-20 00:00:00,6400,6800,6600,400,6.25%,Valid,Normal,Normal
Tamil Nadu,Salem,Edapadi (Uzhavar Sandhai ),Potato,Other,Local,2026-09-20 00:00:00,4500,5000,4750,500,11.11%,Valid,Normal,Normal
Tamil Nadu,Salem,Edapadi (Uzhavar Sandhai ),Coriander(Leaves),I Sort,Local,2026-09-20 00:00:00,1800,2000,1900,200,11.11%,Valid,Normal,Normal
Tamil Nadu,Salem,Edapadi (Uzhavar Sandhai ),Bhindi(Ladies Finger),Bhindi,Local,2026-09-20 00:00:00,2200,2600,2400,400,18.18%,Valid,Normal,Normal
Tamil Nadu,Salem,Edapadi (Uzhavar Sandhai ),Snakeguard,Snakeguard,Local,2026-09-20 00:00:00,3500,4000,3750,500,14.29%,Valid,Normal,Normal
Tamil Nadu,Salem,Edapadi (Uzhavar Sandhai ),Raddish,Raddish,Local,2026-09-20 00:00:00,2200,2500,2350,300,13.64%,Valid,Normal,Normal
Tamil Nadu,Salem,Edapadi (Uzhavar Sandhai ),Capsicum,Capsicum,Local,2026-09-20 00:00:00,5500,6000,5750,500,9.09%,Valid,Normal,Normal
Tamil Nadu,Salem,Edapadi (Uzhavar Sandhai ),Elephant Yam(Suran)/Amorphophallus,Elephant Yam (Suran),Local,2026-09-20 00:00:00,3500,4000,3750,500,14.29%,Valid,Normal,Normal
Tamil Nadu,Salem,Elampillai(Uzhavar Sandhai ),Potato,Other,Local,2026-09-20 00:00:00,2500,2800,2650,300,12.00%,Valid,Normal,Normal
Tamil Nadu,Salem,Elampillai(Uzhavar Sandhai ),Mousambi(Sweet Lime),Mousambi,Local,2026-09-20 00:00:00,3000,3500,3250,500,16.67%,Valid,Normal,Normal
Tamil Nadu,Salem,Elampillai(Uzhavar Sandhai ),Pumpkin,Pumpkin,Local,2026-09-20 00:00:00,1800,2000,1900,200,11.11%,Valid,Normal,Normal
Tamil Nadu,Salem,Elampillai(Uzhavar Sandhai ),Banana - Green,Banana - Green,Local,2026-09-20 00:00:00,2500,3000,2750,500,20.00%,Valid,Normal,Normal
Tamil Nadu,Salem,Elampillai(Uzhavar Sandhai ),Beans,Beans (Whole),Local,2026-09-20 00:00:00,7000,8000,7500,1000,14.29%,Valid,Normal,Normal
Tamil Nadu,Salem,Elampillai(Uzhavar Sandhai ),Coconut,Coconut,Local,2026-09-20 00:00:00,6000,6500,6250,500,8.33%,Valid,Normal,Normal
Tamil Nadu,Salem,Elampillai(Uzhavar Sandhai ),Carrot,Pusakesar,Local,2026-09-20 00:00:00,5000,5500,5250,500,10.00%,Valid,Normal,Normal
Tamil Nadu,Salem,Elampillai(Uzhavar Sandhai ),Snakeguard,Snakeguard,Local,2026-09-20 00:00:00,3400,3600,3500,200,5.88%,Valid,Normal,Normal
Tamil Nadu,Salem,Elampillai(Uzhavar Sandhai ),Mint(Pudina),Mint(Pudina),Local,2026-09-20 00:00:00,4000,4500,4250,500,12.50%,Valid,Normal,Normal
Tamil Nadu,Salem,Hasthampatti(Uzhavar Sandhai ),Banana,Red Banana,Local,2026-09-20 00:00:00,7500,8000,7750,500,6.67%,Valid,Normal,Normal
Tamil Nadu,Salem,Hasthampatti(Uzhavar Sandhai ),Coriander(Leaves),I Sort,Local,2026-09-20 00:00:00,1800,2000,1900,200,11.11%,Valid,Normal,Normal
Tamil Nadu,Salem,Hasthampatti(Uzhavar Sandhai ),Green Peas,Green Peas,Local,2026-09-20 00:00:00,15000,15500,15250,500,3.33%,Valid,Normal,Normal
Tamil Nadu,Salem,Hasthampatti(Uzhavar Sandhai ),Bhindi(Ladies Finger),Bhindi,Local,2026-09-20 00:00:00,3000,3400,3200,400,13.33%,Valid,Normal,Normal
Tamil Nadu,Salem,Hasthampatti(Uzhavar Sandhai ),Ginger(Green),Green Ginger,Local,2026-09-20 00:00:00,17000,17500,17250,500,2.94%,Valid,Normal,Normal
Tamil Nadu,Salem,Hasthampatti(Uzhavar Sandhai ),Cabbage,Cabbage,Local,2026-09-20 00:00:00,3000,3400,3200,400,13.33%,Valid,Normal,Normal
Tamil Nadu,Salem,Hasthampatti(Uzhavar Sandhai ),Cucumbar(Kheera),Cucumbar,Local,2026-09-20 00:00:00,5000,6000,5500,1000,20.00%,Valid,Normal,Normal
Tamil Nadu,Salem,Hasthampatti(Uzhavar Sandhai ),Thondekai,Thondekai,Local,2026-09-20 00:00:00,3500,4000,3750,500,14.29%,Valid,Normal,Normal
Tamil Nadu,Salem,Hasthampatti(Uzhavar Sandhai ),Guava,Guava Allahabad,Local,2026-09-20 00:00:00,4000,5000,4500,1000,25.00%,Valid,Normal,Normal
Tamil Nadu,Salem,Hasthampatti(Uzhavar Sandhai ),Indian Beans(Seam),Indian Beans (Seam),Local,2026-09-20 00:00:00,6000,6500,6250,500,8.33%,Valid,Normal,Normal
Tamil Nadu,Salem,Hasthampatti(Uzhavar Sandhai ),Mint(Pudina),Mint(Pudina),Local,2026-09-20 00:00:00,4000,4500,4250,500,12.50%,Valid,Normal,Normal
Tamil Nadu,Salem,Jalagandapuram(Uzhavar Sandhai ),Bitter gourd,Other,Local,2026-09-20 00:00:00,4000,4500,4250,500,12.50%,Valid,Normal,Normal
Tamil Nadu,Salem,Jalagandapuram(Uzhavar Sandhai ),Bhindi(Ladies Finger),Bhindi,Local,2026-09-20 00:00:00,2200,2600,2400,400,18.18%,Valid,Normal,Normal
Tamil Nadu,Salem,Jalagandapuram(Uzhavar Sandhai ),Sweet Potato,Hosur Red,Local,2026-09-20 00:00:00,4000,4500,4250,500,12.50%,Valid,Normal,Normal
Tamil Nadu,Salem,Jalagandapuram(Uzhavar Sandhai ),Beetroot,Beetroot,Local,2026-09-20 00:00:00,5000,6000,5500,1000,20.00%,Valid,Normal,Normal
Tamil Nadu,Salem,Jalagandapuram(Uzhavar Sandhai ),Green Avare(W),Other,Local,2026-09-20 00:00:00,6000,6500,6250,500,8.33%,Valid,Normal,Normal
Tamil Nadu,Salem,Jalagandapuram(Uzhavar Sandhai ),Drumstick,Drumstick,Local,2026-09-20 00:00:00,3000,3500,3250,500,16.67%,Valid,Normal,Normal
Tamil Nadu,Sivaganga,Singampunari(Uzhavar Sandhai ),Brinjal,Other,Local,2026-09-20 00:00:00,3400,3800,3600,400,11.76%,Valid,Normal,Normal
Tamil Nadu,Sivaganga,Singampunari(Uzhavar Sandhai ),Cluster beans,Cluster Beans,Local,2026-09-20 00:00:00,3800,4200,4000,400,10.53%,Valid,Normal,Normal
Tamil Nadu,Sivaganga,Singampunari(Uzhavar Sandhai ),Beetroot,Beetroot,Local,2026-09-20 00:00:00,4200,5200,4700,1000,23.81%,Valid,Normal,Normal
Tamil Nadu,Sivaganga,Singampunari(Uzhavar Sandhai ),Guava,Guava Allahabad,Local,2026-09-20 00:00:00,6000,7000,6500,1000,16.67%,Valid,Normal,Normal
Tamil Nadu,Sivaganga,Karaikudi(Uzhavar Sandhai ),Brinjal,Other,Local,2026-09-20 00:00:00,3600,4000,3800,400,11.11%,Valid,Normal,Normal
Tamil Nadu,Sivaganga,Karaikudi(Uzhavar Sandhai ),Banana,Poovan,Local,2026-09-20 00:00:00,3500,4000,3750,500,14.29%,Valid,Normal,Normal
Tamil Nadu,Sivaganga,Karaikudi(Uzhavar Sandhai ),Potato,Red Nanital,Local,2026-09-20 00:00:00,4000,6000,5000,2000,50.00%,Valid,Normal,Normal
Tamil Nadu,Sivaganga,Karaikudi(Uzhavar Sandhai ),Papaya,Papaya,Local,2026-09-20 00:00:00,5000,5500,5250,500,10.00%,Valid,Normal,Normal
Tamil Nadu,Sivaganga,Karaikudi(Uzhavar Sandhai ),Amaranthus,Amaranthus,Local,2026-09-20 00:00:00,3500,4000,3750,500,14.29%,Valid,Normal,Normal
Tamil Nadu,Sivaganga,Karaikudi(Uzhavar Sandhai ),Ginger(Green),Green Ginger,Local,2026-09-20 00:00:00,21000,21000,21000,0,0.00%,Valid,Normal,Normal
Tamil Nadu,Sivaganga,Karaikudi(Uzhavar Sandhai ),Knool Khol,Knool Khol,Local,2026-09-20 00:00:00,5000,5200,5100,200,4.00%,Valid,Normal,Normal
Tamil Nadu,Sivaganga,Karaikudi(Uzhavar Sandhai ),Onion Green,Onion Green,Local,2026-09-20 00:00:00,8500,9500,9000,1000,11.76%,Valid,Normal,Normal
Tamil Nadu,Sivaganga,Karaikudi(Uzhavar Sandhai ),Mint(Pudina),Mint(Pudina),Local,2026-09-20 00:00:00,6000,6500,6250,500,8.33%,Valid,Normal,Normal
Tamil Nadu,Sivaganga,Tirupatthur(Uzhavar Sandhai ),Brinjal,Other,Local,2026-09-20 00:00:00,3500,4000,3750,500,14.29%,Valid,Normal,Normal
Tamil Nadu,Sivaganga,Tirupatthur(Uzhavar Sandhai ),Tomato,Other,Local,2026-09-20 00:00:00,2500,3000,2750,500,20.00%,Valid,Normal,Normal
Tamil Nadu,Sivaganga,Tirupatthur(Uzhavar Sandhai ),Bottle gourd,Bottle Gourd,Local,2026-09-20 00:00:00,2500,3000,2750,500,20.00%,Valid,Normal,Normal
Tamil Nadu,Sivaganga,Tirupatthur(Uzhavar Sandhai ),Pumpkin,Pumpkin,Local,2026-09-20 00:00:00,2000,2500,2250,500,25.00%,Valid,Normal,Normal
Tamil Nadu,Sivaganga,Tirupatthur(Uzhavar Sandhai ),Beans,Beans (Whole),Local,2026-09-20 00:00:00,8400,9500,8950,1100,13.10%,Valid,Normal,Normal
Tamil Nadu,Sivaganga,Tirupatthur(Uzhavar Sandhai ),Beetroot,Beetroot,Local,2026-09-20 00:00:00,4400,5500,4950,1100,25.00%,Valid,Normal,Normal
Tamil Nadu,Sivaganga,Tirupatthur(Uzhavar Sandhai ),Ridgeguard(Tori),Ridgeguard(Tori),Local,2026-09-20 00:00:00,3500,4000,3750,500,14.29%,Valid,Normal,Normal
Tamil Nadu,Sivaganga,Tirupatthur(Uzhavar Sandhai ),Guava,Guava Allahabad,Local,2026-09-20 00:00:00,6400,7500,6950,1100,17.19%,Valid,Normal,Normal
Tamil Nadu,Thanjavur,Pattukottai(Uzhavar Sandhai ),Bitter gourd,Bitter Gourd,Local,2026-09-20 00:00:00,6000,6000,6000,0,0.00%,Valid,Normal,Normal
Tamil Nadu,Thanjavur,Pattukottai(Uzhavar Sandhai ),Bottle gourd,Bottle Gourd,Local,2026-09-20 00:00:00,2600,2600,2600,0,0.00%,Valid,Normal,Normal
Tamil Nadu,Thanjavur,Pattukottai(Uzhavar Sandhai ),Pumpkin,Pumpkin,Local,2026-09-20 00:00:00,2600,2600,2600,0,0.00%,Valid,Normal,Normal
Tamil Nadu,Thanjavur,Pattukottai(Uzhavar Sandhai ),Amaranthus,Amaranthus,Local,2026-09-20 00:00:00,2000,2000,2000,0,0.00%,Valid,Normal,Normal
Tamil Nadu,Thanjavur,Pattukottai(Uzhavar Sandhai ),Beans,Beans (Whole),Local,2026-09-20 00:00:00,9000,9000,9000,0,0.00%,Valid,Normal,Normal
Tamil Nadu,Thanjavur,Pattukottai(Uzhavar Sandhai ),Coconut,Coconut,Local,2026-09-20 00:00:00,5000,5000,5000,0,0.00%,Valid,Normal,Normal
Tamil Nadu,Thanjavur,Pattukottai(Uzhavar Sandhai ),Carrot,Pusakesar,Local,2026-09-20 00:00:00,6400,6400,6400,0,0.00%,Valid,Normal,Normal
Tamil Nadu,Thanjavur,Pattukottai(Uzhavar Sandhai ),Onion Green,Onion Green,Local,2026-09-20 00:00:00,9000,9000,9000,0,0.00%,Valid,Normal,Normal
Tamil Nadu,Thiruchirappalli,Lalgudi(Uzhavar Sandhai ),Potato,Other,Local,2026-09-20 00:00:00,5000,5000,5000,0,0.00%,Valid,Normal,Normal
Tamil Nadu,Thiruchirappalli,Lalgudi(Uzhavar Sandhai ),Coriander(Leaves),I Sort,Local,2026-09-20 00:00:00,3600,3600,3600,0,0.00%,Valid,Normal,Normal
Tamil Nadu,Thiruchirappalli,Lalgudi(Uzhavar Sandhai ),Papaya,Papaya,Local,2026-09-20 00:00:00,4000,4000,4000,0,0.00%,Valid,Normal,Normal
Tamil Nadu,Thiruchirappalli,Lalgudi(Uzhavar Sandhai ),Tomato,Local,Local,2026-09-20 00:00:00,2800,2800,2800,0,0.00%,Valid,Normal,Normal
Tamil Nadu,Thiruchirappalli,Lalgudi(Uzhavar Sandhai ),Green Chilli,Green Chilly,Local,2026-09-20 00:00:00,4400,4400,4400,0,0.00%,Valid,Normal,Normal
Tamil Nadu,Thiruchirappalli,Lalgudi(Uzhavar Sandhai ),Beans,Beans (Whole),Local,2026-09-20 00:00:00,7600,7600,7600,0,0.00%,Valid,Normal,Normal
Tamil Nadu,Thiruchirappalli,Lalgudi(Uzhavar Sandhai ),Beetroot,Beetroot,Local,2026-09-20 00:00:00,5000,5000,5000,0,0.00%,Valid,Normal,Normal
Tamil Nadu,Thiruchirappalli,Lalgudi(Uzhavar Sandhai ),Ridgeguard(Tori),Ridgeguard(Tori),Local,2026-09-20 00:00:00,4600,4600,4600,0,0.00%,Valid,Normal,Normal
Tamil Nadu,Thiruchirappalli,Lalgudi(Uzhavar Sandhai ),Chow Chow,Chow Chow,Local,2026-09-20 00:00:00,4000,4000,4000,0,0.00%,Valid,Normal,Normal
Tamil Nadu,Thiruchirappalli,Lalgudi(Uzhavar Sandhai ),Elephant Yam(Suran)/Amorphophallus,Elephant Yam (Suran),Local,2026-09-20 00:00:00,3600,3600,3600,0,0.00%,Valid,Normal,Normal
Tamil Nadu,Thiruchirappalli,Lalgudi(Uzhavar Sandhai ),Amla(Nelli Kai),Amla,Local,2026-09-20 00:00:00,11000,11000,11000,0,0.00%,Valid,Normal,Normal
Tamil Nadu,Thiruchirappalli,Lalgudi(Uzhavar Sandhai ),Mint(Pudina),Mint(Pudina),Local,2026-09-20 00:00:00,6600,6600,6600,0,0.00%,Valid,Normal,Normal
Tamil Nadu,Thiruchirappalli,Manachanallur(Uzhavar Sandhai ),Garlic,Garlic,Local,2026-09-20 00:00:00,16000,18000,17000,2000,12.50%,Valid,Normal,Normal
Tamil Nadu,Thiruchirappalli,Manachanallur(Uzhavar Sandhai ),Bottle gourd,Bottle Gourd,Local,2026-09-20 00:00:00,2000,2500,2250,500,25.00%,Valid,Normal,Normal
Tamil Nadu,Thiruchirappalli,Manachanallur(Uzhavar Sandhai ),Cabbage,Cabbage,Local,2026-09-20 00:00:00,2500,3000,2750,500,20.00%,Valid,Normal,Normal
Tamil Nadu,Thiruchirappalli,Manachanallur(Uzhavar Sandhai ),Ridgeguard(Tori),Ridgeguard(Tori),Local,2026-09-20 00:00:00,4000,4500,4250,500,12.50%,Valid,Normal,Normal
Tamil Nadu,Thiruchirappalli,Manachanallur(Uzhavar Sandhai ),Raddish,Raddish,Local,2026-09-20 00:00:00,3000,3500,3250,500,16.67%,Valid,Normal,Normal
Tamil Nadu,Thiruchirappalli,Manachanallur(Uzhavar Sandhai ),Thondekai,Thondekai,Local,2026-09-20 00:00:00,5000,5500,5250,500,10.00%,Valid,Normal,Normal
Tamil Nadu,Thiruchirappalli,Manachanallur(Uzhavar Sandhai ),Mango(Raw-Ripe),Mango - Raw-Ripe,Local,2026-09-20 00:00:00,9000,11000,10000,2000,22.22%,Valid,Normal,Normal
Tamil Nadu,Thiruchirappalli,Manachanallur(Uzhavar Sandhai ),Knool Khol,Knool Khol,Local,2026-09-20 00:00:00,3000,3500,3250,500,16.67%,Valid,Normal,Normal
Tamil Nadu,Thiruchirappalli,Manachanallur(Uzhavar Sandhai ),Onion Green,Onion Green,Local,2026-09-20 00:00:00,8000,10000,9000,2000,25.00%,Valid,Normal,Normal
Tamil Nadu,Thiruchirappalli,Manapparai(Uzhavar Sandhai ),Brinjal,Other,Local,2026-09-20 00:00:00,2400,2400,2400,0,0.00%,Valid,Normal,Normal
Tamil Nadu,Thiruchirappalli,Manapparai(Uzhavar Sandhai ),Grapes,Annabesahai,Local,2026-09-20 00:00:00,9000,9000,9000,0,0.00%,Valid,Normal,Normal
Tamil Nadu,Thiruchirappalli,Manapparai(Uzhavar Sandhai ),Onion,Bellary,Local,2026-09-20 00:00:00,5000,7000,6000,2000,40.00%,Valid,Normal,Normal
Tamil Nadu,Thiruchirappalli,Manapparai(Uzhavar Sandhai ),Cluster beans,Cluster Beans,Local,2026-09-20 00:00:00,3600,3600,3600,0,0.00%,Valid,Normal,Normal
Tamil Nadu,Thiruchirappalli,Manapparai(Uzhavar Sandhai ),Banana - Green,Banana - Green,Local,2026-09-20 00:00:00,3000,3000,3000,0,0.00%,Valid,Normal,Normal
Tamil Nadu,Thiruchirappalli,Manapparai(Uzhavar Sandhai ),Raddish,Raddish,Local,2026-09-20 00:00:00,3000,3600,3300,600,20.00%,Valid,Normal,Normal
Tamil Nadu,Thiruchirappalli,Manapparai(Uzhavar Sandhai ),Mango(Raw-Ripe),Mango - Raw-Ripe,Local,2026-09-20 00:00:00,12000,12000,12000,0,0.00%,Valid,Normal,Normal
Tamil Nadu,Thiruchirappalli,Musiri(Uzhavar Sandhai ),Pumpkin,Pumpkin,Local,2026-09-20 00:00:00,1500,2000,1750,500,33.33%,Valid,Normal,Normal
Tamil Nadu,Thiruchirappalli,Musiri(Uzhavar Sandhai ),Banana - Green,Banana - Green,Local,2026-09-20 00:00:00,2500,2500,2500,0,0.00%,Valid,Normal,Normal
Tamil Nadu,Thiruchirappalli,Musiri(Uzhavar Sandhai ),Green Avare(W),Green Avare (W),Local,2026-09-20 00:00:00,7000,8000,7500,1000,14.29%,Valid,Normal,Normal
Tamil Nadu,Thiruchirappalli,Musiri(Uzhavar Sandhai ),Knool Khol,Knool Khol,Local,2026-09-20 00:00:00,2500,3000,2750,500,20.00%,Valid,Normal,Normal
Tamil Nadu,Thiruchirappalli,Musiri(Uzhavar Sandhai ),Indian Beans(Seam),Indian Beans (Seam),Local,2026-09-20 00:00:00,6000,7000,6500,1000,16.67%,Valid,Normal,Normal
Tamil Nadu,Thiruchirappalli,Thiruverumbur(Uzhavar Sandhai ),Cluster beans,Cluster Beans,Local,2026-09-20 00:00:00,3600,3600,3600,0,0.00%,Valid,Normal,Normal
Tamil Nadu,Thiruchirappalli,Thiruverumbur(Uzhavar Sandhai ),Amaranthus,Amaranthus,Local,2026-09-20 00:00:00,2000,2000,2000,0,0.00%,Valid,Normal,Normal
Tamil Nadu,Thiruchirappalli,Thiruverumbur(Uzhavar Sandhai ),Beans,Beans (Whole),Local,2026-09-20 00:00:00,8000,8000,8000,0,0.00%,Valid,Normal,Normal
Tamil Nadu,Thiruchirappalli,Thiruverumbur(Uzhavar Sandhai ),Ginger(Green),Green Ginger,Local,2026-09-20 00:00:00,19000,19000,19000,0,0.00%,Valid,Normal,Normal
Tamil Nadu,Thiruchirappalli,Thiruverumbur(Uzhavar Sandhai ),Chow Chow,Chow Chow,Local,2026-09-20 00:00:00,4000,4000,4000,0,0.00%,Valid,Normal,Normal
Tamil Nadu,Thiruchirappalli,Thiruverumbur(Uzhavar Sandhai ),Drumstick,Drumstick,Local,2026-09-20 00:00:00,4000,4600,4300,600,15.00%,Valid,Normal,Normal
Tamil Nadu,Thiruchirappalli,Thiruverumbur(Uzhavar Sandhai ),Indian Beans(Seam),Indian Beans (Seam),Local,2026-09-20 00:00:00,7000,7000,7000,0,0.00%,Valid,Normal,Normal
Tamil Nadu,Virudhunagar,Rajapalayam(Uzhavar Sandhai ),Brinjal,Round,Local,2026-09-20 00:00:00,2500,3000,2750,500,20.00%,Valid,Normal,Normal
Tamil Nadu,Virudhunagar,Rajapalayam(Uzhavar Sandhai ),Soyabean,Local,Local,2026-09-20 00:00:00,10000,12000,11000,2000,20.00%,Valid,Normal,Normal
Tamil Nadu,Virudhunagar,Rajapalayam(Uzhavar Sandhai ),Banana,Besrai,Local,2026-09-20 00:00:00,3500,4000,3750,500,14.29%,Valid,Normal,Normal
Tamil Nadu,Virudhunagar,Rajapalayam(Uzhavar Sandhai ),Papaya,Papaya,Local,2026-09-20 00:00:00,3000,3500,3250,500,16.67%,Valid,Normal,Normal
Tamil Nadu,Virudhunagar,Rajapalayam(Uzhavar Sandhai ),Cabbage,Cabbage,Local,2026-09-20 00:00:00,3000,3500,3250,500,16.67%,Valid,Normal,Normal
Tamil Nadu,Virudhunagar,Rajapalayam(Uzhavar Sandhai ),Elephant Yam(Suran)/Amorphophallus,Elephant Yam (Suran),Local,2026-09-20 00:00:00,4500,5000,4750,500,11.11%,Valid,Normal,Normal
Tamil Nadu,Virudhunagar,Rajapalayam(Uzhavar Sandhai ),Yam(Ratalu),Yam (Ratalu),Local,2026-09-20 00:00:00,6000,7000,6500,1000,16.67%,Valid,Normal,Normal
Tamil Nadu,Virudhunagar,Sathur(Uzhavar Sandhai ),Bottle gourd,Bottle Gourd,Local,2026-09-20 00:00:00,1800,2000,1900,200,11.11%,Valid,Normal,Normal
Tamil Nadu,Virudhunagar,Sathur(Uzhavar Sandhai ),Amaranthus,Amaranthus,Local,2026-09-20 00:00:00,2500,3000,2750,500,20.00%,Valid,Normal,Normal
Tamil Nadu,Virudhunagar,Sathur(Uzhavar Sandhai ),Coconut,Coconut,Local,2026-09-20 00:00:00,5500,6000,5750,500,9.09%,Valid,Normal,Normal
Tamil Nadu,Virudhunagar,Sathur(Uzhavar Sandhai ),Chow Chow,Chow Chow,Local,2026-09-20 00:00:00,3500,4000,3750,500,14.29%,Valid,Normal,Normal
Tamil Nadu,Virudhunagar,Thalavaipuram(Uzhavar Sandhai ),Brinjal,Round,Local,2026-09-20 00:00:00,2500,3000,2750,500,20.00%,Valid,Normal,Normal
Tamil Nadu,Virudhunagar,Thalavaipuram(Uzhavar Sandhai ),Bottle gourd,Bottle Gourd,Local,2026-09-20 00:00:00,1600,2000,1800,400,25.00%,Valid,Normal,Normal
Tamil Nadu,Virudhunagar,Thalavaipuram(Uzhavar Sandhai ),Beans,Beans (Whole),Local,2026-09-20 00:00:00,8000,10000,9000,2000,25.00%,Valid,Normal,Normal
Tamil Nadu,Virudhunagar,Thalavaipuram(Uzhavar Sandhai ),Snakeguard,Snakeguard,Local,2026-09-20 00:00:00,3200,4000,3600,800,25.00%,Valid,Normal,Normal
Tamil Nadu,Virudhunagar,Thalavaipuram(Uzhavar Sandhai ),Chow Chow,Chow Chow,Local,2026-09-20 00:00:00,2500,3000,2750,500,20.00%,Valid,Normal,Normal
Tamil Nadu,Virudhunagar,Virudhunagar(Uzhavar Sandhai ),Ashgourd,Gouard,Local,2026-09-20 00:00:00,2200,2300,2250,100,4.55%,Valid,Normal,Normal
Tamil Nadu,Chengalpattu,Pallavaram(Uzhavar Sandhai ),Potato,Red Nanital,Local,2026-09-20 00:00:00,2500,3000,2750,500,20.00%,Valid,Normal,Normal
Tamil Nadu,Chengalpattu,Pallavaram(Uzhavar Sandhai ),Tapioca,Tapioca,Local,2026-09-20 00:00:00,3500,4000,3750,500,14.29%,Valid,Normal,Normal
Tamil Nadu,Chengalpattu,Pallavaram(Uzhavar Sandhai ),Ginger(Green),Green Ginger,Local,2026-09-20 00:00:00,15000,17000,16000,2000,13.33%,Valid,Normal,Normal
Tamil Nadu,Chengalpattu,Pallavaram(Uzhavar Sandhai ),Beetroot,Beetroot,Local,2026-09-20 00:00:00,3500,4000,3750,500,14.29%,Valid,Normal,Normal
Tamil Nadu,Chengalpattu,Pallavaram(Uzhavar Sandhai ),Thondekai,Thondekai,Local,2026-09-20 00:00:00,4000,5000,4500,1000,25.00%,Valid,Normal,Normal
Tamil Nadu,Chengalpattu,Pallavaram(Uzhavar Sandhai ),Capsicum,Capsicum,Local,2026-09-20 00:00:00,6000,7000,6500,1000,16.67%,Valid,Normal,Normal
Tamil Nadu,Chengalpattu,Pallavaram(Uzhavar Sandhai ),Mango(Raw-Ripe),Mango - Raw-Ripe,Local,2026-09-20 00:00:00,7000,8000,7500,1000,14.29%,Valid,Normal,Normal
Tamil Nadu,Chengalpattu,Pallavaram(Uzhavar Sandhai ),Tender Coconut,Tender Coconut,Local,2026-09-20 00:00:00,2500,3000,2750,500,20.00%,Valid,Normal,Normal
Tamil Nadu,Chengalpattu,Pallavaram(Uzhavar Sandhai ),Mashrooms,Mashrooms,Local,2026-09-20 00:00:00,24000,25000,24500,1000,4.17%,Valid,Normal,Normal
Tamil Nadu,Nagercoil (Kannyiakumari),Myladi(Uzhavar Sandhai ),Garlic,Garlic,Local,2026-09-20 00:00:00,14000,15000,14500,1000,7.14%,Valid,Normal,Normal
Tamil Nadu,Nagercoil (Kannyiakumari),Myladi(Uzhavar Sandhai ),Cluster beans,Cluster Beans,Local,2026-09-20 00:00:00,3500,4000,3750,500,14.29%,Valid,Normal,Normal
Tamil Nadu,Nagercoil (Kannyiakumari),Myladi(Uzhavar Sandhai ),Carrot,Pusakesar,Local,2026-09-20 00:00:00,6500,7000,6750,500,7.69%,Valid,Normal,Normal
Maharashtra,Ahilyanagar,APMC Rahuri,Tomato,Other,Local,2026-09-20 00:00:00,500,1500,1000,1000,200.00%,Valid,Normal,Normal
Tamil Nadu,Villupuram,Tindivanam APMC,Brinjal,Round,Local,2026-09-20 00:00:00,4000,5000,4500,1000,25.00%,Valid,Normal,Normal
Tamil Nadu,Villupuram,Tindivanam APMC,Coriander(Leaves),I Sort,Local,2026-09-20 00:00:00,4000,4000,4000,0,0.00%,Valid,Normal,Normal
Tamil Nadu,Villupuram,Tindivanam APMC,Tomato,Deshi,Local,2026-09-20 00:00:00,2200,2200,2200,0,0.00%,Valid,Normal,Normal
Tamil Nadu,Villupuram,Tindivanam APMC,Coconut,Coconut,Local,2026-09-20 00:00:00,6000,6000,6000,0,0.00%,Valid,Normal,Normal
Tamil Nadu,Villupuram,Tindivanam APMC,Cabbage,Cabbage,Local,2026-09-20 00:00:00,3500,3500,3500,0,0.00%,Valid,Normal,Normal
Tamil Nadu,Villupuram,Tindivanam APMC,Beetroot,Beetroot,Local,2026-09-20 00:00:00,4500,4500,4500,0,0.00%,Valid,Normal,Normal
Tamil Nadu,Villupuram,Tindivanam APMC,Chow Chow,Chow Chow,Local,2026-09-20 00:00:00,4600,4600,4600,0,0.00%,Valid,Normal,Normal
Tamil Nadu,Villupuram,Tindivanam APMC,Guava,Guava Allahabad,Local,2026-09-20 00:00:00,8000,8000,8000,0,0.00%,Valid,Normal,Normal
Tamil Nadu,Villupuram,Tindivanam APMC,Fig(Anjura/Anjeer),Anjura,Local,2026-09-20 00:00:00,16000,16000,16000,0,0.00%,Valid,Normal,Normal
Tamil Nadu,Villupuram,Tindivanam APMC,Lemon,Lemon,Local,2026-09-20 00:00:00,16000,16000,16000,0,0.00%,Valid,Normal,Normal
Tamil Nadu,Villupuram,Tindivanam APMC,Rose(Local),Rose (Local),Local,2026-09-20 00:00:00,20000,20000,20000,0,0.00%,Valid,Normal,Normal
Tamil Nadu,Villupuram,Ulundurpettai APMC,Potato,Red Nanital,Local,2026-09-20 00:00:00,4000,4000,4000,0,0.00%,Valid,Normal,Normal
Gujarat,Amreli,Damnagar APMC,Lemon,Lemon,Local,2026-09-20 00:00:00,5500,5500,5500,0,0.00%,Valid,Normal,Normal
Gujarat,Amreli,Damnagar APMC,Ginger(Green),Green Ginger,Local,2026-09-20 00:00:00,7000,7000,7000,0,0.00%,Valid,Normal,Normal
Gujarat,Amreli,Damnagar APMC,Tomato,Local,Local,2026-09-20 00:00:00,3000,3000,3000,0,0.00%,Valid,Normal,Normal
Tamil Nadu,Madurai,Chokkikulam(Uzhavar Sandhai ),Coriander(Leaves),I Sort,Local,2026-09-20 00:00:00,4500,4800,4650,300,6.67%,Valid,Normal,Normal
Tamil Nadu,Madurai,Chokkikulam(Uzhavar Sandhai ),Papaya,Papaya,Local,2026-09-20 00:00:00,4500,5000,4750,500,11.11%,Valid,Normal,Normal
Tamil Nadu,Madurai,Chokkikulam(Uzhavar Sandhai ),Bitter gourd,Bitter Gourd,Local,2026-09-20 00:00:00,5500,6000,5750,500,9.09%,Valid,Normal,Normal
Tamil Nadu,Madurai,Chokkikulam(Uzhavar Sandhai ),Ashgourd,Gouard,Local,2026-09-20 00:00:00,1600,1800,1700,200,12.50%,Valid,Normal,Normal
Tamil Nadu,Madurai,Chokkikulam(Uzhavar Sandhai ),Beetroot,Beetroot,Local,2026-09-20 00:00:00,4000,5000,4500,1000,25.00%,Valid,Normal,Normal
Tamil Nadu,Madurai,Chokkikulam(Uzhavar Sandhai ),Cucumbar(Kheera),Cucumbar,Local,2026-09-20 00:00:00,4000,5000,4500,1000,25.00%,Valid,Normal,Normal
Tamil Nadu,Madurai,Chokkikulam(Uzhavar Sandhai ),Ridgeguard(Tori),Ridgeguard(Tori),Local,2026-09-20 00:00:00,3600,4500,4050,900,25.00%,Valid,Normal,Normal
Tamil Nadu,Madurai,Chokkikulam(Uzhavar Sandhai ),Capsicum,Capsicum,Local,2026-09-20 00:00:00,6000,7000,6500,1000,16.67%,Valid,Normal,Normal
Tamil Nadu,Madurai,Chokkikulam(Uzhavar Sandhai ),Drumstick,Drumstick,Local,2026-09-20 00:00:00,4000,6000,5000,2000,50.00%,Valid,Normal,Normal
Tamil Nadu,Madurai,Chokkikulam(Uzhavar Sandhai ),Guava,Guava Allahabad,Local,2026-09-20 00:00:00,6000,7000,6500,1000,16.67%,Valid,Normal,Normal
Tamil Nadu,Madurai,Chokkikulam(Uzhavar Sandhai ),Yam(Ratalu),Yam (Ratalu),Local,2026-09-20 00:00:00,6500,7000,6750,500,7.69%,Valid,Normal,Normal
Tamil Nadu,Madurai,Chokkikulam(Uzhavar Sandhai ),Indian Beans(Seam),Indian Beans (Seam),Local,2026-09-20 00:00:00,5500,6000,5750,500,9.09%,Valid,Normal,Normal
Tamil Nadu,Madurai,Chokkikulam(Uzhavar Sandhai ),Lemon,Lemon,Local,2026-09-20 00:00:00,26000,28000,27000,2000,7.69%,Valid,Normal,Normal
Uttar Pradesh,Sambhal,Sambhal APMC,Paddy(Common),Common,FAQ,2026-09-20 00:00:00,3200,3200,3200,0,0.00%,Valid,Normal,Normal
Uttar Pradesh,Ambedkarnagar,Akbarpur APMC,Wheat,Dara,FAQ,2026-09-20 00:00:00,2450,2510,2460.75,60,2.45%,Valid,Normal,Normal
Andhra Pradesh,Prakasam,Addanki APMC,Paddy(Common),Paddy,FAQ,2026-09-20 00:00:00,2400,2450,2430,50,2.08%,Valid,Normal,Normal
Uttar Pradesh,Kanpur,Kanpur(Grain) APMC,Capsicum,Other,FAQ,2026-09-20 00:00:00,4000,4000,4000,0,0.00%,Valid,Normal,Normal
Uttar Pradesh,Sitapur,Sitapur APMC,Tomato,Other,FAQ,2026-09-20 00:00:00,1500,1500,1500,0,0.00%,Valid,Normal,Normal
Uttarakhand,Haridwar,Roorkee APMC,Bottle gourd,Other,Medium,2026-09-20 00:00:00,650,850,750,200,30.77%,Valid,Normal,Normal
Uttarakhand,Haridwar,Roorkee APMC,Cucumbar(Kheera),Other,Local,2026-09-20 00:00:00,900,1200,1000,300,33.33%,Valid,Normal,Normal
Uttarakhand,Haridwar,Roorkee APMC,Onion,Other,Medium,2026-09-20 00:00:00,3000,4500,4000,1500,50.00%,Valid,Normal,Normal
Uttarakhand,Haridwar,Roorkee APMC,Tomato,Other,Medium,2026-09-20 00:00:00,1200,2200,1600,1000,83.33%,Valid,Normal,Normal
Maharashtra,Pune,Pune(Moshi),Chikoos(Sapota),Other,Local,2026-09-20 00:00:00,5000,5000,5000,0,0.00%,Valid,Normal,Normal
Maharashtra,Pune,Pune(Moshi),Banana,Other,Local,2026-09-20 00:00:00,2000,6000,4000,4000,200.00%,Valid,Normal,Normal
Maharashtra,Pune,Pune(Moshi),Mousambi(Sweet Lime),Other,Local,2026-09-20 00:00:00,3000,3000,3000,0,0.00%,Valid,Normal,Normal
Maharashtra,Pune,Pune(Moshi),Ginger(Green),Other,Local,2026-09-20 00:00:00,10000,10000,10000,0,0.00%,Valid,Normal,Normal
Maharashtra,Pune,Pune(Moshi),Bottle gourd,Other,Local,2026-09-20 00:00:00,800,2000,1400,1200,150.00%,Valid,Normal,Normal
Maharashtra,Pune,Pune(Moshi),Cauliflower,Other,Local,2026-09-20 00:00:00,1000,2000,1500,1000,100.00%,Valid,Normal,Normal
Maharashtra,Pune,Pune(Moshi),Onion Green,Other,Local,2026-09-20 00:00:00,15,15,15,0,0.00%,Valid,Review,Normal
Maharashtra,Pune,Pune(Moshi),Bitter gourd,Other,Local,2026-09-20 00:00:00,2000,3000,2500,1000,50.00%,Valid,Normal,Normal
Maharashtra,Pune,Pune(Moshi),Brinjal,Other,Local,2026-09-20 00:00:00,1000,2000,1500,1000,100.00%,Valid,Normal,Normal
Tamil Nadu,Erode,Thalavadi(Uzhavar Sandhai ),Bitter gourd,Other,Local,2026-09-20 00:00:00,4500,5000,4750,500,11.11%,Valid,Normal,Normal
Tamil Nadu,Erode,Thalavadi(Uzhavar Sandhai ),Bottle gourd,Bottle Gourd,Local,2026-09-20 00:00:00,1600,2000,1800,400,25.00%,Valid,Normal,Normal
Tamil Nadu,Erode,Thalavadi(Uzhavar Sandhai ),Banana - Green,Banana - Green,Local,2026-09-20 00:00:00,3000,3500,3250,500,16.67%,Valid,Normal,Normal
Tamil Nadu,Erode,Thalavadi(Uzhavar Sandhai ),Coconut,Coconut,Local,2026-09-20 00:00:00,4400,5000,4700,600,13.64%,Valid,Normal,Normal
Tamil Nadu,Erode,Thalavadi(Uzhavar Sandhai ),Beetroot,Beetroot,Local,2026-09-20 00:00:00,3000,3500,3250,500,16.67%,Valid,Normal,Normal
Tamil Nadu,Erode,Thalavadi(Uzhavar Sandhai ),Thondekai,Thondekai,Local,2026-09-20 00:00:00,2600,3000,2800,400,15.38%,Valid,Normal,Normal
Tamil Nadu,Erode,Thalavadi(Uzhavar Sandhai ),Drumstick,Drumstick,Local,2026-09-20 00:00:00,4000,4400,4200,400,10.00%,Valid,Normal,Normal
Tamil Nadu,Erode,Thalavadi(Uzhavar Sandhai ),Guava,Guava Allahabad,Local,2026-09-20 00:00:00,5500,6000,5750,500,9.09%,Valid,Normal,Normal
Tamil Nadu,Erode,Thalavadi(Uzhavar Sandhai ),Onion Green,Onion Green,Local,2026-09-20 00:00:00,6500,7000,6750,500,7.69%,Valid,Normal,Normal
Tamil Nadu,Cuddalore,Viruthachalam(Uzhavar Sandhai ),Ashgourd,Gouard,Local,2026-09-20 00:00:00,2000,2000,2000,0,0.00%,Valid,Normal,Normal
Tamil Nadu,Cuddalore,Viruthachalam(Uzhavar Sandhai ),Bhindi(Ladies Finger),Bhindi,Local,2026-09-20 00:00:00,2000,2000,2000,0,0.00%,Valid,Normal,Normal
Tamil Nadu,Cuddalore,Viruthachalam(Uzhavar Sandhai ),Carrot,Pusakesar,Local,2026-09-20 00:00:00,6000,6000,6000,0,0.00%,Valid,Normal,Normal
Tamil Nadu,Cuddalore,Viruthachalam(Uzhavar Sandhai ),Mint(Pudina),Mint(Pudina),Local,2026-09-20 00:00:00,5000,5000,5000,0,0.00%,Valid,Normal,Normal
Tamil Nadu,Krishnagiri,Krishnagiri(Uzhavar Sandhai ),Potato,Red Nanital,Local,2026-09-20 00:00:00,2200,2600,2400,400,18.18%,Valid,Normal,Normal
Tamil Nadu,Krishnagiri,Krishnagiri(Uzhavar Sandhai ),Cauliflower,Ranchi,Local,2026-09-20 00:00:00,3000,3500,3250,500,16.67%,Valid,Normal,Normal
Tamil Nadu,Krishnagiri,Krishnagiri(Uzhavar Sandhai ),Coriander(Leaves),I Sort,Local,2026-09-20 00:00:00,2500,3000,2750,500,20.00%,Valid,Normal,Normal
Tamil Nadu,Krishnagiri,Krishnagiri(Uzhavar Sandhai ),Bhindi(Ladies Finger),Bhindi,Local,2026-09-20 00:00:00,2000,2400,2200,400,20.00%,Valid,Normal,Normal
Tamil Nadu,Krishnagiri,Krishnagiri(Uzhavar Sandhai ),Tapioca,Tapioca,Local,2026-09-20 00:00:00,2400,2800,2600,400,16.67%,Valid,Normal,Normal
Tamil Nadu,Krishnagiri,Krishnagiri(Uzhavar Sandhai ),Raddish,Raddish,Local,2026-09-20 00:00:00,1600,2000,1800,400,25.00%,Valid,Normal,Normal
Tamil Nadu,Krishnagiri,Krishnagiri(Uzhavar Sandhai ),Thondekai,Thondekai,Local,2026-09-20 00:00:00,3500,4000,3750,500,14.29%,Valid,Normal,Normal
Tamil Nadu,Krishnagiri,Krishnagiri(Uzhavar Sandhai ),Indian Beans(Seam),Indian Beans (Seam),Local,2026-09-20 00:00:00,2600,3000,2800,400,15.38%,Valid,Normal,Normal
Tamil Nadu,Krishnagiri,Krishnagiri(Uzhavar Sandhai ),Amla(Nelli Kai),Amla,Local,2026-09-20 00:00:00,10000,11000,10500,1000,10.00%,Valid,Normal,Normal
Tamil Nadu,Krishnagiri,Krishnagiri(Uzhavar Sandhai ),Onion Green,Onion Green,Local,2026-09-20 00:00:00,7000,8000,7500,1000,14.29%,Valid,Normal,Normal
Tamil Nadu,Nagapattinam,Nagapattinam(Uzhavar Sandhai ),Coriander(Leaves),I Sort,Local,2026-09-20 00:00:00,4000,4500,4250,500,12.50%,Valid,Normal,Normal
Tamil Nadu,Nagapattinam,Nagapattinam(Uzhavar Sandhai ),Cluster beans,Cluster Beans,Local,2026-09-20 00:00:00,3900,3900,3900,0,0.00%,Valid,Normal,Normal
Tamil Nadu,Nagapattinam,Nagapattinam(Uzhavar Sandhai ),Bitter gourd,Bitter Gourd,Local,2026-09-20 00:00:00,6400,8000,7200,1600,25.00%,Valid,Normal,Normal
Tamil Nadu,Nagapattinam,Nagapattinam(Uzhavar Sandhai ),Ginger(Green),Green Ginger,Local,2026-09-20 00:00:00,17000,18000,17500,1000,5.88%,Valid,Normal,Normal
Tamil Nadu,Nagapattinam,Nagapattinam(Uzhavar Sandhai ),Beetroot,Beetroot,Local,2026-09-20 00:00:00,3900,3900,3900,0,0.00%,Valid,Normal,Normal
Tamil Nadu,Nagapattinam,Nagapattinam(Uzhavar Sandhai ),Green Avare(W),Green Avare (W),Local,2026-09-20 00:00:00,7000,8000,7500,1000,14.29%,Valid,Normal,Normal
Tamil Nadu,Nagapattinam,Nagapattinam(Uzhavar Sandhai ),Mango(Raw-Ripe),Mango - Raw-Ripe,Local,2026-09-20 00:00:00,5200,6000,5600,800,15.38%,Valid,Normal,Normal
Tamil Nadu,Nagapattinam,Nagapattinam(Uzhavar Sandhai ),Elephant Yam(Suran)/Amorphophallus,Elephant Yam (Suran),Local,2026-09-20 00:00:00,6600,7500,7050,900,13.64%,Valid,Normal,Normal
Tamil Nadu,Nagapattinam,Nagapattinam(Uzhavar Sandhai ),Lemon,Lemon,Local,2026-09-20 00:00:00,12400,15000,13700,2600,20.97%,Valid,Normal,Normal
Tamil Nadu,Nagapattinam,Nagapattinam(Uzhavar Sandhai ),Mint(Pudina),Mint(Pudina),Local,2026-09-20 00:00:00,3300,3300,3300,0,0.00%,Valid,Normal,Normal
Tamil Nadu,Pudukkottai,Pudukottai(Uzhavar Sandhai ),Bhindi(Ladies Finger),Bhindi,Local,2026-09-20 00:00:00,3000,3500,3250,500,16.67%,Valid,Normal,Normal
Tamil Nadu,Pudukkottai,Pudukottai(Uzhavar Sandhai ),Green Chilli,Green Chilly,Local,2026-09-20 00:00:00,5000,6000,5500,1000,20.00%,Valid,Normal,Normal
Tamil Nadu,Pudukkottai,Pudukottai(Uzhavar Sandhai ),Cowpea(Veg),Cowpea (Veg),Local,2026-09-20 00:00:00,1500,2000,1750,500,33.33%,Valid,Normal,Normal
Tamil Nadu,Pudukkottai,Pudukottai(Uzhavar Sandhai ),Carrot,Pusakesar,Local,2026-09-20 00:00:00,5000,6000,5500,1000,20.00%,Valid,Normal,Normal
Tamil Nadu,Pudukkottai,Pudukottai(Uzhavar Sandhai ),Cabbage,Cabbage,Local,2026-09-20 00:00:00,3000,3500,3250,500,16.67%,Valid,Normal,Normal
Tamil Nadu,Pudukkottai,Pudukottai(Uzhavar Sandhai ),Thondekai,Thondekai,Local,2026-09-20 00:00:00,5000,6000,5500,1000,20.00%,Valid,Normal,Normal
Tamil Nadu,Pudukkottai,Pudukottai(Uzhavar Sandhai ),Tamarind Fruit,Tamarind Fruit,Local,2026-09-20 00:00:00,6000,7000,6500,1000,16.67%,Valid,Normal,Normal
Tamil Nadu,Pudukkottai,Pudukottai(Uzhavar Sandhai ),Elephant Yam(Suran)/Amorphophallus,Elephant Yam (Suran),Local,2026-09-20 00:00:00,5000,6000,5500,1000,20.00%,Valid,Normal,Normal
Tamil Nadu,Pudukkottai,Pudukottai(Uzhavar Sandhai ),Lemon,Lemon,Local,2026-09-20 00:00:00,25000,26000,25500,1000,4.00%,Valid,Normal,Normal
Tamil Nadu,Pudukkottai,Pudukottai(Uzhavar Sandhai ),Mashrooms,Mashrooms,Local,2026-09-20 00:00:00,24000,25000,24500,1000,4.17%,Valid,Normal,Normal
Tamil Nadu,The Nilgiris,Udhagamandalam(Uzhavar Sandhai ),Banana,Besrai,Local,2026-09-20 00:00:00,4000,5000,4500,1000,25.00%,Valid,Normal,Normal
Tamil Nadu,The Nilgiris,Udhagamandalam(Uzhavar Sandhai ),Cauliflower,Ranchi,Local,2026-09-20 00:00:00,4000,4500,4250,500,12.50%,Valid,Normal,Normal
Tamil Nadu,The Nilgiris,Udhagamandalam(Uzhavar Sandhai ),Brinjal,Round,Local,2026-09-20 00:00:00,3000,3400,3200,400,13.33%,Valid,Normal,Normal
Tamil Nadu,The Nilgiris,Udhagamandalam(Uzhavar Sandhai ),Amaranthus,Amaranthus,Local,2026-09-20 00:00:00,6000,7000,6500,1000,16.67%,Valid,Normal,Normal
Tamil Nadu,The Nilgiris,Udhagamandalam(Uzhavar Sandhai ),Green Chilli,Green Chilly,Local,2026-09-20 00:00:00,5000,5500,5250,500,10.00%,Valid,Normal,Normal
Tamil Nadu,The Nilgiris,Udhagamandalam(Uzhavar Sandhai ),Tapioca,Tapioca,Local,2026-09-20 00:00:00,3000,3500,3250,500,16.67%,Valid,Normal,Normal
Tamil Nadu,The Nilgiris,Udhagamandalam(Uzhavar Sandhai ),Ginger(Green),Green Ginger,Local,2026-09-20 00:00:00,16000,17000,16500,1000,6.25%,Valid,Normal,Normal
Tamil Nadu,The Nilgiris,Udhagamandalam(Uzhavar Sandhai ),Carrot,Pusakesar,Local,2026-09-20 00:00:00,3000,3500,3250,500,16.67%,Valid,Normal,Normal
Tamil Nadu,The Nilgiris,Udhagamandalam(Uzhavar Sandhai ),Snakeguard,Snakeguard,Local,2026-09-20 00:00:00,3500,3800,3650,300,8.57%,Valid,Normal,Normal
Tamil Nadu,The Nilgiris,Udhagamandalam(Uzhavar Sandhai ),Ridgeguard(Tori),Ridgeguard(Tori),Local,2026-09-20 00:00:00,4500,4800,4650,300,6.67%,Valid,Normal,Normal
Tamil Nadu,The Nilgiris,Udhagamandalam(Uzhavar Sandhai ),Thondekai,Thondekai,Local,2026-09-20 00:00:00,3000,3500,3250,500,16.67%,Valid,Normal,Normal
Tamil Nadu,Theni,Bodinayakanur(Uzhavar Sandhai ),Brinjal,Round,Local,2026-09-20 00:00:00,3200,3200,3200,0,0.00%,Valid,Normal,Normal
Tamil Nadu,Theni,Bodinayakanur(Uzhavar Sandhai ),Pumpkin,Pumpkin,Local,2026-09-20 00:00:00,1500,1500,1500,0,0.00%,Valid,Normal,Normal
Tamil Nadu,Theni,Bodinayakanur(Uzhavar Sandhai ),Bhindi(Ladies Finger),Bhindi,Local,2026-09-20 00:00:00,4000,4000,4000,0,0.00%,Valid,Normal,Normal
Tamil Nadu,Theni,Bodinayakanur(Uzhavar Sandhai ),Lemon,Lemon,Local,2026-09-20 00:00:00,22000,22000,22000,0,0.00%,Valid,Normal,Normal
Bihar,Sheikhpura,Barbigha APMC,Brinjal,Arkasheela Mattigulla,FAQ,2026-09-20 00:00:00,3818,3980,3890,162,4.24%,Valid,Normal,Normal
Tamil Nadu,Villupuram,Gingee(Uzhavar Sandhai ),Bitter gourd,Bitter Gourd,Local,2026-09-20 00:00:00,5000,6000,5500,1000,20.00%,Valid,Normal,Normal
Tamil Nadu,Villupuram,Gingee(Uzhavar Sandhai ),Chow Chow,Chow Chow,Local,2026-09-20 00:00:00,4500,4500,4500,0,0.00%,Valid,Normal,Normal
Tamil Nadu,Villupuram,Gingee(Uzhavar Sandhai ),Guava,Guava Allahabad,Local,2026-09-20 00:00:00,8000,9000,8500,1000,12.50%,Valid,Normal,Normal
Tamil Nadu,Villupuram,Gingee(Uzhavar Sandhai ),Yam(Ratalu),Yam (Ratalu),Local,2026-09-20 00:00:00,6000,6000,6000,0,0.00%,Valid,Normal,Normal
Tamil Nadu,Villupuram,Gingee(Uzhavar Sandhai ),Onion Green,Onion Green,Local,2026-09-20 00:00:00,7500,7500,7500,0,0.00%,Valid,Normal,Normal
Uttar Pradesh,Barabanki,Barabanki APMC,Paddy(Common),Basmati,FAQ,2026-09-20 00:00:00,2695,2750,2724.32,55,2.04%,Valid,Normal,Normal
Uttar Pradesh,Etawah,Bharthna APMC,Potato,Other,FAQ,2026-09-20 00:00:00,500,500,500,0,0.00%,Valid,Normal,Normal
Tamil Nadu,Thiruvarur,Valangaiman APMC,Green Chilli,Green Chilly,Local,2026-09-20 00:00:00,6000,6000,6000,0,0.00%,Valid,Normal,Normal
Tamil Nadu,Thiruvarur,Valangaiman APMC,Snakeguard,Snakeguard,Local,2026-09-20 00:00:00,4000,4000,4000,0,0.00%,Valid,Normal,Normal
Tamil Nadu,Thiruvarur,Valangaiman APMC,Ridgeguard(Tori),Ridgeguard(Tori),Local,2026-09-20 00:00:00,4000,4000,4000,0,0.00%,Valid,Normal,Normal
Tamil Nadu,Thiruvarur,Valangaiman APMC,Green Avare(W),Green Avare (W),Local,2026-09-20 00:00:00,6000,6000,6000,0,0.00%,Valid,Normal,Normal
Tamil Nadu,Virudhunagar,Kariyapatti(Uzhavar Sandhai ),Coriander(Leaves),I Sort,Local,2026-09-20 00:00:00,3500,4000,3750,500,14.29%,Valid,Normal,Normal
Tamil Nadu,Virudhunagar,Kariyapatti(Uzhavar Sandhai ),Bhindi(Ladies Finger),Bhindi,Local,2026-09-20 00:00:00,3500,4000,3750,500,14.29%,Valid,Normal,Normal
Tamil Nadu,Virudhunagar,Kariyapatti(Uzhavar Sandhai ),Amaranthus,Amaranthus,Local,2026-09-20 00:00:00,3000,3500,3250,500,16.67%,Valid,Normal,Normal
Tamil Nadu,Virudhunagar,Kariyapatti(Uzhavar Sandhai ),Ginger(Green),Green Ginger,Local,2026-09-20 00:00:00,19000,20000,19500,1000,5.26%,Valid,Normal,Normal
Tamil Nadu,Virudhunagar,Kariyapatti(Uzhavar Sandhai ),Coconut,Coconut,Local,2026-09-20 00:00:00,5500,6000,5750,500,9.09%,Valid,Normal,Normal
Tamil Nadu,Virudhunagar,Kariyapatti(Uzhavar Sandhai ),Raddish,Raddish,Local,2026-09-20 00:00:00,3000,3500,3250,500,16.67%,Valid,Normal,Normal
Tamil Nadu,Virudhunagar,Kariyapatti(Uzhavar Sandhai ),Drumstick,Drumstick,Local,2026-09-20 00:00:00,3500,4000,3750,500,14.29%,Valid,Normal,Normal
Tamil Nadu,Virudhunagar,Kariyapatti(Uzhavar Sandhai ),Guava,Guava Allahabad,Local,2026-09-20 00:00:00,4500,5000,4750,500,11.11%,Valid,Normal,Normal
Tamil Nadu,Virudhunagar,Kariyapatti(Uzhavar Sandhai ),Elephant Yam(Suran)/Amorphophallus,Elephant Yam (Suran),Local,2026-09-20 00:00:00,4500,5000,4750,500,11.11%,Valid,Normal,Normal
Tamil Nadu,Vellore,Katpadi (Uzhavar Sandhai ),Ashgourd,Gouard,Local,2026-09-20 00:00:00,2500,2500,2500,0,0.00%,Valid,Normal,Normal
Tamil Nadu,Vellore,Katpadi (Uzhavar Sandhai ),Amaranthus,Amaranthus,Local,2026-09-20 00:00:00,3500,3500,3500,0,0.00%,Valid,Normal,Normal
Tamil Nadu,Vellore,Katpadi (Uzhavar Sandhai ),Banana - Green,Banana - Green,Local,2026-09-20 00:00:00,3000,3000,3000,0,0.00%,Valid,Normal,Normal
Tamil Nadu,Vellore,Katpadi (Uzhavar Sandhai ),Tapioca,Tapioca,Local,2026-09-20 00:00:00,3500,3500,3500,0,0.00%,Valid,Normal,Normal
Tamil Nadu,Vellore,Katpadi (Uzhavar Sandhai ),Carrot,Pusakesar,Local,2026-09-20 00:00:00,5000,6000,5500,1000,20.00%,Valid,Normal,Normal
Tamil Nadu,Vellore,Katpadi (Uzhavar Sandhai ),Chow Chow,Chow Chow,Local,2026-09-20 00:00:00,3000,3000,3000,0,0.00%,Valid,Normal,Normal
Tamil Nadu,Vellore,Katpadi (Uzhavar Sandhai ),Mango(Raw-Ripe),Mango - Raw-Ripe,Local,2026-09-20 00:00:00,15000,15000,15000,0,0.00%,Valid,Normal,Normal
Tamil Nadu,Vellore,Katpadi (Uzhavar Sandhai ),Pomegranate,Pomogranate,Local,2026-09-20 00:00:00,17000,17000,17000,0,0.00%,Valid,Normal,Normal
Tamil Nadu,Vellore,Katpadi (Uzhavar Sandhai ),Marigold(Calcutta),Marigold(Calcutta),Local,2026-09-20 00:00:00,20000,20000,20000,0,0.00%,Valid,Normal,Normal
Tamil Nadu,Vellore,Katpadi (Uzhavar Sandhai ),Lemon,Lemon,Local,2026-09-20 00:00:00,13000,13000,13000,0,0.00%,Valid,Normal,Normal
Tamil Nadu,Vellore,Katpadi (Uzhavar Sandhai ),Colacasia,Colacasia,Local,2026-09-20 00:00:00,4000,4000,4000,0,0.00%,Valid,Normal,Normal
Andhra Pradesh,Kakinada,Peddapuram APMC,Paddy(Common),1001,FAQ,2026-09-20 00:00:00,2369,2400,2390,31,1.31%,Valid,Normal,Normal
Tamil Nadu,Madurai,Thirumangalam(Uzhavar Sandhai ),Papaya,Papaya,Local,2026-09-20 00:00:00,4000,5000,4500,1000,25.00%,Valid,Normal,Normal
Tamil Nadu,Madurai,Thirumangalam(Uzhavar Sandhai ),Cluster beans,Cluster Beans,Local,2026-09-20 00:00:00,3000,4000,3500,1000,33.33%,Valid,Normal,Normal
Tamil Nadu,Madurai,Thirumangalam(Uzhavar Sandhai ),Ashgourd,Gouard,Local,2026-09-20 00:00:00,1500,1800,1650,300,20.00%,Valid,Normal,Normal
Tamil Nadu,Madurai,Thirumangalam(Uzhavar Sandhai ),Green Chilli,Green Chilly,Local,2026-09-20 00:00:00,4000,5000,4500,1000,25.00%,Valid,Normal,Normal
Tamil Nadu,Madurai,Thirumangalam(Uzhavar Sandhai ),Guava,Guava Allahabad,Local,2026-09-20 00:00:00,6000,7000,6500,1000,16.67%,Valid,Normal,Normal
Tamil Nadu,Madurai,Thirumangalam(Uzhavar Sandhai ),Amla(Nelli Kai),Amla,Local,2026-09-20 00:00:00,8000,9000,8500,1000,12.50%,Valid,Normal,Normal
Tamil Nadu,Madurai,Melur(Uzhavar Sandhai ),Coconut,Coconut,Local,2026-09-20 00:00:00,6800,7000,6900,200,2.94%,Valid,Normal,Normal
Tamil Nadu,Madurai,Melur(Uzhavar Sandhai ),Thondekai,Thondekai,Local,2026-09-20 00:00:00,3600,4000,3800,400,11.11%,Valid,Normal,Normal
Tamil Nadu,Madurai,Melur(Uzhavar Sandhai ),Elephant Yam(Suran)/Amorphophallus,Elephant Yam (Suran),Local,2026-09-20 00:00:00,4000,4500,4250,500,12.50%,Valid,Normal,Normal
Tamil Nadu,Madurai,Melur(Uzhavar Sandhai ),Colacasia,Colacasia,Local,2026-09-20 00:00:00,5000,6000,5500,1000,20.00%,Valid,Normal,Normal
Tamil Nadu,Karur,Gandhigramam(Uzhavar Sandhai),Ashgourd,Gouard,Local,2026-09-20 00:00:00,2200,2500,2350,300,13.64%,Valid,Normal,Normal
Tamil Nadu,Karur,Gandhigramam(Uzhavar Sandhai),Ginger(Green),Green Ginger,Local,2026-09-20 00:00:00,17000,19000,18000,2000,11.76%,Valid,Normal,Normal
Tamil Nadu,Karur,Gandhigramam(Uzhavar Sandhai),Raddish,Raddish,Local,2026-09-20 00:00:00,2500,3000,2750,500,20.00%,Valid,Normal,Normal
Tamil Nadu,Karur,Gandhigramam(Uzhavar Sandhai),Guava,Guava Allahabad,Local,2026-09-20 00:00:00,6000,7000,6500,1000,16.67%,Valid,Normal,Normal
Karnataka,Bengaluru South,Ramanagara APMC,Cauliflower,Cauliflower,Local,2026-09-20 00:00:00,2000,2800,2500,800,40.00%,Valid,Normal,Normal
Karnataka,Bengaluru South,Ramanagara APMC,Brinjal,Brinjal,Local,2026-09-20 00:00:00,1200,2400,2000,1200,100.00%,Valid,Normal,Normal
Karnataka,Bengaluru South,Ramanagara APMC,Beans,Beans (Whole),Local,2026-09-20 00:00:00,4000,6000,5000,2000,50.00%,Valid,Normal,Normal
Karnataka,Bengaluru South,Ramanagara APMC,Ladies Finger,Ladies Finger,Local,2026-09-20 00:00:00,1600,3000,2400,1400,87.50%,Valid,Normal,Normal
Karnataka,Bengaluru South,Ramanagara APMC,Capsicum,Capsicum,Local,2026-09-20 00:00:00,3000,5000,4000,2000,66.67%,Valid,Normal,Normal
Tamil Nadu,Salem,Vazhapadi(Uzhavar Sandhai),Jasmine,Jasmine,Local,2026-09-20 00:00:00,65000,65000,65000,0,0.00%,Valid,Normal,Review
Tamil Nadu,Pudukkottai,Aranthangi(Uzhavar Sandhai ),Bitter gourd,Other,Local,2026-09-20 00:00:00,6000,7000,6500,1000,16.67%,Valid,Normal,Normal
Tamil Nadu,Pudukkottai,Aranthangi(Uzhavar Sandhai ),Raddish,Raddish,Local,2026-09-20 00:00:00,3500,4000,3750,500,14.29%,Valid,Normal,Normal
Tamil Nadu,Pudukkottai,Aranthangi(Uzhavar Sandhai ),Onion Green,Onion Green,Local,2026-09-20 00:00:00,9000,10000,9500,1000,11.11%,Valid,Normal,Normal
Tamil Nadu,Nagapattinam,Vedaranyam(Uzhavar Sandhai),Brinjal,Round,Local,2026-09-20 00:00:00,4800,5000,4900,200,4.17%,Valid,Normal,Normal
Tamil Nadu,Nagapattinam,Vedaranyam(Uzhavar Sandhai),Tomato,Deshi,Local,2026-09-20 00:00:00,3500,3600,3550,100,2.86%,Valid,Normal,Normal
Tamil Nadu,Nagapattinam,Vedaranyam(Uzhavar Sandhai),Cluster beans,Cluster Beans,Local,2026-09-20 00:00:00,3400,3500,3450,100,2.94%,Valid,Normal,Normal
Tamil Nadu,Nagapattinam,Vedaranyam(Uzhavar Sandhai),Cabbage,Cabbage,Local,2026-09-20 00:00:00,3200,3500,3350,300,9.38%,Valid,Normal,Normal
Tamil Nadu,Nagapattinam,Vedaranyam(Uzhavar Sandhai),Onion Green,Onion Green,Local,2026-09-20 00:00:00,8500,9000,8750,500,5.88%,Valid,Normal,Normal
Tamil Nadu,Vellore,Perampet(Uzhavar Sandhai),Bhindi(Ladies Finger),Bhindi,Local,2026-09-20 00:00:00,2500,2500,2500,0,0.00%,Valid,Normal,Normal
Tamil Nadu,Vellore,Perampet(Uzhavar Sandhai),Coconut,Coconut,Local,2026-09-20 00:00:00,2500,3000,2750,500,20.00%,Valid,Normal,Normal
Tamil Nadu,Vellore,Perampet(Uzhavar Sandhai),Cabbage,Cabbage,Local,2026-09-20 00:00:00,3000,3000,3000,0,0.00%,Valid,Normal,Normal
Tamil Nadu,Vellore,Perampet(Uzhavar Sandhai),Chow Chow,Chow Chow,Local,2026-09-20 00:00:00,4000,4000,4000,0,0.00%,Valid,Normal,Normal
Tamil Nadu,Vellore,Perampet(Uzhavar Sandhai),Drumstick,Drumstick,Local,2026-09-20 00:00:00,3000,3600,3300,600,20.00%,Valid,Normal,Normal
Tamil Nadu,Vellore,Perampet(Uzhavar Sandhai),Guava,Guava Allahabad,Local,2026-09-20 00:00:00,4500,5000,4750,500,11.11%,Valid,Normal,Normal
Madhya Pradesh,Badwani,Sendhwa(F&V) APMC,Cauliflower,Cauliflower,Medium,2026-09-20 00:00:00,800,1000,900,200,25.00%,Valid,Normal,Normal
Madhya Pradesh,Badwani,Sendhwa(F&V) APMC,Bottle gourd,Bottle Gourd,Medium,2026-09-20 00:00:00,1000,1300,1100,300,30.00%,Valid,Normal,Normal
Madhya Pradesh,Badwani,Sendhwa(F&V) APMC,Brinjal,Round,Small,2026-09-20 00:00:00,600,1000,900,400,66.67%,Valid,Normal,Normal
Andhra Pradesh,Srikakulam,Etcherla APMC,Maize,Deshi White,Local,2026-09-20 00:00:00,2400,2400,2400,0,0.00%,Valid,Normal,Normal
Tamil Nadu,Karur,Kulithalai(Uzhavar Sandhai ),Onion,Bellary,Local,2026-09-20 00:00:00,6000,7000,6500,1000,16.67%,Valid,Normal,Normal
Tamil Nadu,Karur,Kulithalai(Uzhavar Sandhai ),Potato,Other,Local,2026-09-20 00:00:00,4500,5000,4750,500,11.11%,Valid,Normal,Normal
Tamil Nadu,Karur,Kulithalai(Uzhavar Sandhai ),Water Melon,Water Melon,Local,2026-09-20 00:00:00,2500,3000,2750,500,20.00%,Valid,Normal,Normal
Tamil Nadu,Karur,Kulithalai(Uzhavar Sandhai ),Cowpea(Veg),Cowpea (Veg),Local,2026-09-20 00:00:00,2500,3500,3000,1000,40.00%,Valid,Normal,Normal
Tamil Nadu,Karur,Kulithalai(Uzhavar Sandhai ),Banana - Green,Banana - Green,Local,2026-09-20 00:00:00,2500,3000,2750,500,20.00%,Valid,Normal,Normal
Tamil Nadu,Karur,Kulithalai(Uzhavar Sandhai ),Carrot,Pusakesar,Local,2026-09-20 00:00:00,5000,5600,5300,600,12.00%,Valid,Normal,Normal
Tamil Nadu,Karur,Kulithalai(Uzhavar Sandhai ),Chow Chow,Chow Chow,Local,2026-09-20 00:00:00,2800,3200,3000,400,14.29%,Valid,Normal,Normal
Tamil Nadu,Karur,Kulithalai(Uzhavar Sandhai ),Mango(Raw-Ripe),Mango - Raw-Ripe,Local,2026-09-20 00:00:00,7000,9000,8000,2000,28.57%,Valid,Normal,Normal
Tamil Nadu,Thirupur,Dharapuram(Uzhavar Sandhai ),Potato,Other,Local,2026-09-20 00:00:00,6500,7000,6750,500,7.69%,Valid,Normal,Normal
Tamil Nadu,Thirupur,Dharapuram(Uzhavar Sandhai ),Coriander(Leaves),I Sort,Local,2026-09-20 00:00:00,4400,4800,4600,400,9.09%,Valid,Normal,Normal
Tamil Nadu,Thirupur,Dharapuram(Uzhavar Sandhai ),Tomato,Local,Local,2026-09-20 00:00:00,2000,2200,2100,200,10.00%,Valid,Normal,Normal
Tamil Nadu,Thirupur,Dharapuram(Uzhavar Sandhai ),Cluster beans,Cluster Beans,Local,2026-09-20 00:00:00,4000,4500,4250,500,12.50%,Valid,Normal,Normal
Tamil Nadu,Thirupur,Dharapuram(Uzhavar Sandhai ),Coconut,Coconut,Local,2026-09-20 00:00:00,5500,6000,5750,500,9.09%,Valid,Normal,Normal
Tamil Nadu,Thirupur,Palladam(Uzhavar Sandhai ),Bitter gourd,Other,Local,2026-09-20 00:00:00,5000,6000,5500,1000,20.00%,Valid,Normal,Normal
Tamil Nadu,Thirupur,Palladam(Uzhavar Sandhai ),Cabbage,Cabbage,Local,2026-09-20 00:00:00,2500,3000,2750,500,20.00%,Valid,Normal,Normal
Tamil Nadu,Thirupur,Palladam(Uzhavar Sandhai ),Green Avare(W),Other,Local,2026-09-20 00:00:00,6000,7000,6500,1000,16.67%,Valid,Normal,Normal
Tamil Nadu,Thirupur,Palladam(Uzhavar Sandhai ),Chow Chow,Chow Chow,Local,2026-09-20 00:00:00,2500,3000,2750,500,20.00%,Valid,Normal,Normal
Uttar Pradesh,Ghazipur,Jangipura APMC,Onion,Other,FAQ,2026-09-20 00:00:00,3500,3500,3500,0,0.00%,Valid,Normal,Normal
Uttar Pradesh,Mathura,Kosikalan APMC,Paddy(Common),Basmati,FAQ,2026-09-20 00:00:00,3400,3400,3400,0,0.00%,Valid,Normal,Normal
Tamil Nadu,Kallakuruchi,Kallakurichi(Uzhavar Sandhai ),Brinjal,Other,Local,2026-09-20 00:00:00,6000,6000,6000,0,0.00%,Valid,Normal,Normal
Tamil Nadu,Kallakuruchi,Kallakurichi(Uzhavar Sandhai ),Groundnut,Big (With Shell),Local,2026-09-20 00:00:00,7000,7000,7000,0,0.00%,Valid,Normal,Normal
Tamil Nadu,Kallakuruchi,Kallakurichi(Uzhavar Sandhai ),Onion,Bellary,Local,2026-09-20 00:00:00,7000,7000,7000,0,0.00%,Valid,Normal,Normal
Tamil Nadu,Kallakuruchi,Kallakurichi(Uzhavar Sandhai ),Pumpkin,Pumpkin,Local,2026-09-20 00:00:00,2000,2000,2000,0,0.00%,Valid,Normal,Normal
Tamil Nadu,Kallakuruchi,Kallakurichi(Uzhavar Sandhai ),Beans,Beans (Whole),Local,2026-09-20 00:00:00,10000,10000,10000,0,0.00%,Valid,Normal,Normal
Tamil Nadu,Kallakuruchi,Kallakurichi(Uzhavar Sandhai ),Tapioca,Tapioca,Local,2026-09-20 00:00:00,3000,3000,3000,0,0.00%,Valid,Normal,Normal
Tamil Nadu,Kallakuruchi,Kallakurichi(Uzhavar Sandhai ),Cabbage,Cabbage,Local,2026-09-20 00:00:00,4000,4000,4000,0,0.00%,Valid,Normal,Normal
Tamil Nadu,Kallakuruchi,Kallakurichi(Uzhavar Sandhai ),Beetroot,Beetroot,Local,2026-09-20 00:00:00,6000,6000,6000,0,0.00%,Valid,Normal,Normal
Tamil Nadu,Kallakuruchi,Kallakurichi(Uzhavar Sandhai ),Jasmine,Jasmine,Local,2026-09-20 00:00:00,40000,40000,40000,0,0.00%,Valid,Normal,Normal
Tamil Nadu,Kallakuruchi,Kallakurichi(Uzhavar Sandhai ),Yam(Ratalu),Yam (Ratalu),Local,2026-09-20 00:00:00,3000,3000,3000,0,0.00%,Valid,Normal,Normal
Tamil Nadu,Kallakuruchi,Kallakurichi(Uzhavar Sandhai ),Amla(Nelli Kai),Amla,Local,2026-09-20 00:00:00,10000,10000,10000,0,0.00%,Valid,Normal,Normal
Uttar Pradesh,Mathura,Mathura APMC,Cotton,Other,FAQ,2026-09-20 00:00:00,9900,9900,9900,0,0.00%,Valid,Normal,Normal
Uttar Pradesh,Hamirpur,Muskara APMC,Green Gram(Moong)(Whole),Other,FAQ,2026-09-20 00:00:00,8768,8768,8768,0,0.00%,Valid,Normal,Normal
Andhra Pradesh,NTR,Tiruvuru APMC,Dry Chillies,Dry Chillies,Local,2026-09-20 00:00:00,21000,21000,21000,0,0.00%,Valid,Normal,Normal
Tamil Nadu,Salem,Athur(Uzhavar Sandhai ),Brinjal,Other,Local,2026-09-20 00:00:00,2000,2500,2250,500,25.00%,Valid,Normal,Normal
Tamil Nadu,Salem,Athur(Uzhavar Sandhai ),Coriander(Leaves),I Sort,Local,2026-09-20 00:00:00,2500,3000,2750,500,20.00%,Valid,Normal,Normal
Tamil Nadu,Salem,Athur(Uzhavar Sandhai ),Water Melon,Water Melon,Local,2026-09-20 00:00:00,1500,2000,1750,500,33.33%,Valid,Normal,Normal
Tamil Nadu,Salem,Athur(Uzhavar Sandhai ),Banana - Green,Banana - Green,Local,2026-09-20 00:00:00,2000,2400,2200,400,20.00%,Valid,Normal,Normal
Tamil Nadu,Salem,Athur(Uzhavar Sandhai ),Coconut,Coconut,Local,2026-09-20 00:00:00,6000,6500,6250,500,8.33%,Valid,Normal,Normal
Tamil Nadu,Salem,Athur(Uzhavar Sandhai ),Marigold(Calcutta),Marigold(Calcutta),Local,2026-09-20 00:00:00,20000,24000,22000,4000,20.00%,Valid,Normal,Normal
Tamil Nadu,Salem,Athur(Uzhavar Sandhai ),Lemon,Lemon,Local,2026-09-20 00:00:00,9000,10000,9500,1000,11.11%,Valid,Normal,Normal
Tamil Nadu,Salem,Athur(Uzhavar Sandhai ),Custard Apple(Sharifa),Custard Apple(Sharifa),Local,2026-09-20 00:00:00,3500,4000,3750,500,14.29%,Valid,Normal,Normal
Tamil Nadu,Theni,Periyakulam(Uzhavar Sandhai ),Papaya,Papaya,Local,2026-09-20 00:00:00,3000,3500,3250,500,16.67%,Valid,Normal,Normal
Tamil Nadu,Theni,Periyakulam(Uzhavar Sandhai ),Banana - Green,Banana - Green,Local,2026-09-20 00:00:00,2500,3000,2750,500,20.00%,Valid,Normal,Normal
Tamil Nadu,Theni,Periyakulam(Uzhavar Sandhai ),Snakeguard,Snakeguard,Local,2026-09-20 00:00:00,2300,2500,2400,200,8.70%,Valid,Normal,Normal
Tamil Nadu,Theni,Periyakulam(Uzhavar Sandhai ),Raddish,Raddish,Local,2026-09-20 00:00:00,2200,2400,2300,200,9.09%,Valid,Normal,Normal
Tamil Nadu,Theni,Periyakulam(Uzhavar Sandhai ),Yam(Ratalu),Yam (Ratalu),Local,2026-09-20 00:00:00,4800,5000,4900,200,4.17%,Valid,Normal,Normal
Tamil Nadu,Virudhunagar,Srivilliputhur(Uzhavar Sandhai ),Coriander(Leaves),I Sort,Local,2026-09-20 00:00:00,4000,4500,4250,500,12.50%,Valid,Normal,Normal
Tamil Nadu,Virudhunagar,Srivilliputhur(Uzhavar Sandhai ),Cluster beans,Cluster Beans,Local,2026-09-20 00:00:00,3500,4000,3750,500,14.29%,Valid,Normal,Normal
Tamil Nadu,Virudhunagar,Srivilliputhur(Uzhavar Sandhai ),Bitter gourd,Bitter Gourd,Local,2026-09-20 00:00:00,5000,6000,5500,1000,20.00%,Valid,Normal,Normal
Tamil Nadu,Virudhunagar,Srivilliputhur(Uzhavar Sandhai ),Pumpkin,Pumpkin,Local,2026-09-20 00:00:00,1700,2000,1850,300,17.65%,Valid,Normal,Normal
Tamil Nadu,Virudhunagar,Srivilliputhur(Uzhavar Sandhai ),Amaranthus,Amaranthus,Local,2026-09-20 00:00:00,2500,3000,2750,500,20.00%,Valid,Normal,Normal
Tamil Nadu,Virudhunagar,Srivilliputhur(Uzhavar Sandhai ),Green Chilli,Green Chilly,Local,2026-09-20 00:00:00,5000,6000,5500,1000,20.00%,Valid,Normal,Normal
Tamil Nadu,Virudhunagar,Srivilliputhur(Uzhavar Sandhai ),Coconut,Coconut,Local,2026-09-20 00:00:00,5000,6000,5500,1000,20.00%,Valid,Normal,Normal
Tamil Nadu,Virudhunagar,Srivilliputhur(Uzhavar Sandhai ),Beetroot,Beetroot,Local,2026-09-20 00:00:00,4500,5000,4750,500,11.11%,Valid,Normal,Normal
Tamil Nadu,Virudhunagar,Srivilliputhur(Uzhavar Sandhai ),Thondekai,Thondekai,Local,2026-09-20 00:00:00,5000,6000,5500,1000,20.00%,Valid,Normal,Normal
Tamil Nadu,Virudhunagar,Srivilliputhur(Uzhavar Sandhai ),Tender Coconut,Tender Coconut,Local,2026-09-20 00:00:00,2000,2500,2250,500,25.00%,Valid,Normal,Normal
Tamil Nadu,Virudhunagar,Srivilliputhur(Uzhavar Sandhai ),Yam(Ratalu),Yam (Ratalu),Local,2026-09-20 00:00:00,6000,7000,6500,1000,16.67%,Valid,Normal,Normal
Uttar Pradesh,Raebarelli,Raibareilly APMC,Firewood,Firewood,FAQ,2026-09-20 00:00:00,300,300,300,0,0.00%,Valid,Normal,Normal
Uttar Pradesh,Badaun,Shahaswan APMC,Brinjal,Brinjal,Medium,2026-09-20 00:00:00,1200,1500,1400,300,25.00%,Valid,Normal,Normal
Uttar Pradesh,Hathras,Shadabad APMC,Bottle gourd,Bottle Gourd,Small,2026-09-20 00:00:00,600,700,650,100,16.67%,Valid,Normal,Normal
Uttar Pradesh,Firozabad,Shikohabad APMC,Maize,Other,FAQ,2026-09-20 00:00:00,2250,2250,2250,0,0.00%,Valid,Normal,Normal
Uttar Pradesh,Amethi,Sultanpur APMC,Firewood,Firewood,FAQ,2026-09-20 00:00:00,490,490,490,0,0.00%,Valid,Normal,Normal
Uttar Pradesh,Badaun,Wazirganj APMC,Maize,Other,FAQ,2026-09-20 00:00:00,2050,2050,2050,0,0.00%,Valid,Normal,Normal
Tamil Nadu,Coimbatore,Vadavalli(Uzhavar Sandhai ),Orange,Darjeeling,Local,2026-09-20 00:00:00,14000,17000,15500,3000,21.43%,Valid,Normal,Normal
Tamil Nadu,Coimbatore,Vadavalli(Uzhavar Sandhai ),Garlic,Garlic,Local,2026-09-20 00:00:00,22000,23600,22800,1600,7.27%,Valid,Normal,Normal
Tamil Nadu,Coimbatore,Vadavalli(Uzhavar Sandhai ),Cluster beans,Cluster Beans,Local,2026-09-20 00:00:00,3400,3800,3600,400,11.76%,Valid,Normal,Normal
Tamil Nadu,Coimbatore,Vadavalli(Uzhavar Sandhai ),Green Chilli,Green Chilly,Local,2026-09-20 00:00:00,4800,5400,5100,600,12.50%,Valid,Normal,Normal
Tamil Nadu,Coimbatore,Vadavalli(Uzhavar Sandhai ),Sweet Potato,Hosur Red,Local,2026-09-20 00:00:00,5400,5800,5600,400,7.41%,Valid,Normal,Normal
Tamil Nadu,Coimbatore,Vadavalli(Uzhavar Sandhai ),Cucumbar(Kheera),Cucumbar,Local,2026-09-20 00:00:00,4000,4400,4200,400,10.00%,Valid,Normal,Normal
Tamil Nadu,Coimbatore,Vadavalli(Uzhavar Sandhai ),Capsicum,Capsicum,Local,2026-09-20 00:00:00,3800,4400,4100,600,15.79%,Valid,Normal,Normal
Tamil Nadu,Coimbatore,Vadavalli(Uzhavar Sandhai ),Elephant Yam(Suran)/Amorphophallus,Elephant Yam (Suran),Local,2026-09-20 00:00:00,3200,3600,3400,400,12.50%,Valid,Normal,Normal
Tamil Nadu,Coimbatore,Vadavalli(Uzhavar Sandhai ),Lemon,Lemon,Local,2026-09-20 00:00:00,21000,25000,23000,4000,19.05%,Valid,Normal,Normal
West Bengal,Darjeeling,Darjeeling APMC,Potato,Red,FAQ,2026-09-20 00:00:00,1400,1600,1500,200,14.29%,Valid,Normal,Normal
Uttar Pradesh,Bulandshahar,Gulavati APMC,Colacasia,Other,FAQ,2026-09-20 00:00:00,4100,4300,4200,200,4.88%,Valid,Normal,Normal
Uttar Pradesh,Bulandshahar,Gulavati APMC,Bhindi(Ladies Finger),Bhindi,FAQ,2026-09-20 00:00:00,3100,3300,3200,200,6.45%,Valid,Normal,Normal
Tamil Nadu,Coimbatore,Udumalpet APMC,Banana,Other,Local,2026-09-20 00:00:00,6000,7000,6500,1000,16.67%,Valid,Normal,Normal
Tamil Nadu,Coimbatore,Udumalpet APMC,Potato,Red Nanital,Local,2026-09-20 00:00:00,4000,5000,4500,1000,25.00%,Valid,Normal,Normal
Tamil Nadu,Coimbatore,Udumalpet APMC,Cauliflower,Ranchi,Local,2026-09-20 00:00:00,3500,4000,3750,500,14.29%,Valid,Normal,Normal
Tamil Nadu,Coimbatore,Udumalpet APMC,Pumpkin,Pumpkin,Local,2026-09-20 00:00:00,1500,2000,1750,500,33.33%,Valid,Normal,Normal
Tamil Nadu,Coimbatore,Udumalpet APMC,Bhindi(Ladies Finger),Bhindi,Local,2026-09-20 00:00:00,4000,4800,4400,800,20.00%,Valid,Normal,Normal
Tamil Nadu,Coimbatore,Udumalpet APMC,Tapioca,Tapioca,Local,2026-09-20 00:00:00,4000,4500,4250,500,12.50%,Valid,Normal,Normal
Tamil Nadu,Coimbatore,Udumalpet APMC,Ginger(Green),Green Ginger,Local,2026-09-20 00:00:00,18000,18500,18250,500,2.78%,Valid,Normal,Normal
Tamil Nadu,Coimbatore,Udumalpet APMC,Coconut,Coconut,Local,2026-09-20 00:00:00,5500,6000,5750,500,9.09%,Valid,Normal,Normal
Tamil Nadu,Coimbatore,Udumalpet APMC,Snakeguard,Snakeguard,Local,2026-09-20 00:00:00,3000,4000,3500,1000,33.33%,Valid,Normal,Normal
Tamil Nadu,Coimbatore,Udumalpet APMC,Beetroot,Beetroot,Local,2026-09-20 00:00:00,4000,7500,5750,3500,87.50%,Valid,Normal,Normal
Tamil Nadu,Coimbatore,Udumalpet APMC,Chow Chow,Chow Chow,Local,2026-09-20 00:00:00,4000,4500,4250,500,12.50%,Valid,Normal,Normal
Tamil Nadu,Coimbatore,Udumalpet APMC,Drumstick,Drumstick,Local,2026-09-20 00:00:00,2500,3000,2750,500,20.00%,Valid,Normal,Normal
Tamil Nadu,Coimbatore,Udumalpet APMC,Pomegranate,Pomogranate,Local,2026-09-20 00:00:00,15000,17000,16000,2000,13.33%,Valid,Normal,Normal
Tamil Nadu,Coimbatore,Udumalpet APMC,Onion Green,Onion Green,Local,2026-09-20 00:00:00,8500,10500,9500,2000,23.53%,Valid,Normal,Normal
Tamil Nadu,Coimbatore,Udumalpet APMC,Mint(Pudina),Mint(Pudina),Local,2026-09-20 00:00:00,4500,5000,4750,500,11.11%,Valid,Normal,Normal
West Bengal,Darjeeling,Siliguri APMC,Banana,Banana - Ripe,Grade A,2026-09-20 00:00:00,2100,2300,2200,200,9.52%,Valid,Normal,Normal
West Bengal,Darjeeling,Siliguri APMC,Black Gram Dal(Urd Dal),Black Gram Dal,FAQ,2026-09-20 00:00:00,12000,13000,12500,1000,8.33%,Valid,Normal,Normal
West Bengal,Darjeeling,Siliguri APMC,Green Chilli,Green Chilly,FAQ,2026-09-20 00:00:00,6000,6500,6200,500,8.33%,Valid,Normal,Normal
Tamil Nadu,Erode,Gobichettipalayam(Uzhavar Sandhai ),Groundnut,Big (With Shell),Local,2026-09-20 00:00:00,4500,5000,4750,500,11.11%,Valid,Normal,Normal
Tamil Nadu,Erode,Gobichettipalayam(Uzhavar Sandhai ),Potato,Red Nanital,Local,2026-09-20 00:00:00,3600,4000,3800,400,11.11%,Valid,Normal,Normal
Tamil Nadu,Erode,Gobichettipalayam(Uzhavar Sandhai ),Cluster beans,Cluster Beans,Local,2026-09-20 00:00:00,2200,2400,2300,200,9.09%,Valid,Normal,Normal
Tamil Nadu,Erode,Gobichettipalayam(Uzhavar Sandhai ),Banana - Green,Banana - Green,Local,2026-09-20 00:00:00,3400,3600,3500,200,5.88%,Valid,Normal,Normal
Tamil Nadu,Erode,Gobichettipalayam(Uzhavar Sandhai ),Tapioca,Tapioca,Local,2026-09-20 00:00:00,2000,2500,2250,500,25.00%,Valid,Normal,Normal
Tamil Nadu,Erode,Gobichettipalayam(Uzhavar Sandhai ),Ginger(Green),Green Ginger,Local,2026-09-20 00:00:00,7800,8000,7900,200,2.56%,Valid,Normal,Normal
Tamil Nadu,Erode,Gobichettipalayam(Uzhavar Sandhai ),Beetroot,Beetroot,Local,2026-09-20 00:00:00,6500,7000,6750,500,7.69%,Valid,Normal,Normal
Tamil Nadu,Erode,Gobichettipalayam(Uzhavar Sandhai ),Drumstick,Drumstick,Local,2026-09-20 00:00:00,3500,4000,3750,500,14.29%,Valid,Normal,Normal
Tamil Nadu,Erode,Sampath Nagar(Uzhavar Sandhai ),Papaya,Papaya,Local,2026-09-20 00:00:00,3000,3400,3200,400,13.33%,Valid,Normal,Normal
Tamil Nadu,Erode,Sampath Nagar(Uzhavar Sandhai ),Ashgourd,Gouard,Local,2026-09-20 00:00:00,1800,2000,1900,200,11.11%,Valid,Normal,Normal
Tamil Nadu,Erode,Sampath Nagar(Uzhavar Sandhai ),Pumpkin,Pumpkin,Local,2026-09-20 00:00:00,1800,2000,1900,200,11.11%,Valid,Normal,Normal
Tamil Nadu,Erode,Sampath Nagar(Uzhavar Sandhai ),Cowpea(Veg),Cowpea (Veg),Local,2026-09-20 00:00:00,3000,3500,3250,500,16.67%,Valid,Normal,Normal
Tamil Nadu,Erode,Sampath Nagar(Uzhavar Sandhai ),Banana - Green,Banana - Green,Local,2026-09-20 00:00:00,3000,3500,3250,500,16.67%,Valid,Normal,Normal
Tamil Nadu,Erode,Sampath Nagar(Uzhavar Sandhai ),Snakeguard,Snakeguard,Local,2026-09-20 00:00:00,3200,3600,3400,400,12.50%,Valid,Normal,Normal
Tamil Nadu,Erode,Sampath Nagar(Uzhavar Sandhai ),Beetroot,Beetroot,Local,2026-09-20 00:00:00,6200,6600,6400,400,6.45%,Valid,Normal,Normal
Tamil Nadu,Erode,Sampath Nagar(Uzhavar Sandhai ),Ridgeguard(Tori),Ridgeguard(Tori),Local,2026-09-20 00:00:00,3200,3600,3400,400,12.50%,Valid,Normal,Normal
Tamil Nadu,Erode,Sampath Nagar(Uzhavar Sandhai ),Capsicum,Capsicum,Local,2026-09-20 00:00:00,4200,4600,4400,400,9.52%,Valid,Normal,Normal
Tripura,Khowai,Kalyanpur APMC,Cowpea(Veg),Cowpea (Veg),FAQ,2026-09-20 00:00:00,4200,4400,4300,200,4.76%,Valid,Normal,Normal
Tripura,Khowai,Kalyanpur APMC,Tomato,Hybrid,FAQ,2026-09-20 00:00:00,2800,3000,2900,200,7.14%,Valid,Normal,Normal
Tripura,Khowai,Kalyanpur APMC,Green Chilli,Green Chilly,FAQ,2026-09-20 00:00:00,13000,13200,13100,200,1.54%,Valid,Normal,Normal
Tripura,Khowai,Kalyanpur APMC,Cucumbar(Kheera),Cucumbar,FAQ,2026-09-20 00:00:00,4800,5000,4900,200,4.17%,Valid,Normal,Normal
Tamil Nadu,Pudukkottai,Ponnamaravathi(Uzhavar Sandhai),Banana,Other,Local,2026-09-20 00:00:00,6000,7000,6500,1000,16.67%,Valid,Normal,Normal
Tamil Nadu,Pudukkottai,Ponnamaravathi(Uzhavar Sandhai),Tomato,Other,Local,2026-09-20 00:00:00,2500,3000,2750,500,20.00%,Valid,Normal,Normal
Tamil Nadu,Pudukkottai,Ponnamaravathi(Uzhavar Sandhai),Cluster beans,Cluster Beans,Local,2026-09-20 00:00:00,3000,4000,3500,1000,33.33%,Valid,Normal,Normal
Tamil Nadu,Pudukkottai,Ponnamaravathi(Uzhavar Sandhai),Bottle gourd,Bottle Gourd,Local,2026-09-20 00:00:00,1000,2000,1500,1000,100.00%,Valid,Normal,Normal
Tamil Nadu,Pudukkottai,Ponnamaravathi(Uzhavar Sandhai),Bhindi(Ladies Finger),Bhindi,Local,2026-09-20 00:00:00,2500,3000,2750,500,20.00%,Valid,Normal,Normal
Tamil Nadu,Pudukkottai,Ponnamaravathi(Uzhavar Sandhai),Amaranthus,Amaranthus,Local,2026-09-20 00:00:00,1000,2000,1500,1000,100.00%,Valid,Normal,Normal
Tamil Nadu,Pudukkottai,Ponnamaravathi(Uzhavar Sandhai),Raddish,Raddish,Local,2026-09-20 00:00:00,2000,3000,2500,1000,50.00%,Valid,Normal,Normal
Tamil Nadu,Pudukkottai,Ponnamaravathi(Uzhavar Sandhai),Lime,Lime,Local,2026-09-20 00:00:00,1000,2000,1500,1000,100.00%,Valid,Normal,Normal
Tamil Nadu,Nagapattinam,Mayiladuthurai(Uzhavar Sandhai ),Banana,Besrai,Local,2026-09-20 00:00:00,3600,4000,3800,400,11.11%,Valid,Normal,Normal
Tamil Nadu,Nagapattinam,Mayiladuthurai(Uzhavar Sandhai ),Onion,Bellary,Local,2026-09-20 00:00:00,5000,6000,5500,1000,20.00%,Valid,Normal,Normal
Tamil Nadu,Nagapattinam,Mayiladuthurai(Uzhavar Sandhai ),Potato,Red Nanital,Local,2026-09-20 00:00:00,3000,3000,3000,0,0.00%,Valid,Normal,Normal
Tamil Nadu,Nagapattinam,Mayiladuthurai(Uzhavar Sandhai ),Bhindi(Ladies Finger),Bhindi,Local,2026-09-20 00:00:00,4500,5000,4750,500,11.11%,Valid,Normal,Normal
Tamil Nadu,Nagapattinam,Mayiladuthurai(Uzhavar Sandhai ),Amaranthus,Amaranthus,Local,2026-09-20 00:00:00,1500,2000,1750,500,33.33%,Valid,Normal,Normal
Tamil Nadu,Nagapattinam,Mayiladuthurai(Uzhavar Sandhai ),Carrot,Pusakesar,Local,2026-09-20 00:00:00,6000,7000,6500,1000,16.67%,Valid,Normal,Normal
Tamil Nadu,Nagapattinam,Mayiladuthurai(Uzhavar Sandhai ),Mango(Raw-Ripe),Mango - Raw-Ripe,Local,2026-09-20 00:00:00,9000,10000,9500,1000,11.11%,Valid,Normal,Normal
Tamil Nadu,Nagapattinam,Mayiladuthurai(Uzhavar Sandhai ),Lime,Lime,Local,2026-09-20 00:00:00,3600,4000,3800,400,11.11%,Valid,Normal,Normal
Tamil Nadu,Pudukkottai,Viralimalai(Uzhavar Sandhai ),Bitter gourd,Bitter Gourd,Local,2026-09-20 00:00:00,6500,7000,6750,500,7.69%,Valid,Normal,Normal
Tamil Nadu,Pudukkottai,Viralimalai(Uzhavar Sandhai ),Bhindi(Ladies Finger),Bhindi,Local,2026-09-20 00:00:00,2500,3000,2750,500,20.00%,Valid,Normal,Normal
Tamil Nadu,Pudukkottai,Viralimalai(Uzhavar Sandhai ),Amaranthus,Amaranthus,Local,2026-09-20 00:00:00,1500,2000,1750,500,33.33%,Valid,Normal,Normal
Tamil Nadu,Pudukkottai,Viralimalai(Uzhavar Sandhai ),Green Chilli,Green Chilly,Local,2026-09-20 00:00:00,5500,6000,5750,500,9.09%,Valid,Normal,Normal
Tamil Nadu,Pudukkottai,Viralimalai(Uzhavar Sandhai ),Mint(Pudina),Mint(Pudina),Local,2026-09-20 00:00:00,4500,5000,4750,500,11.11%,Valid,Normal,Normal
Tamil Nadu,Ramanathapuram,Kamuthi(Uzhavar Sandhai ),Cluster beans,Cluster Beans,Local,2026-09-20 00:00:00,4000,4500,4250,500,12.50%,Valid,Normal,Normal
Tamil Nadu,Ramanathapuram,Paramakudi(Uzhavar Sandhai ),Brinjal,Round,Local,2026-09-20 00:00:00,6000,7000,6500,1000,16.67%,Valid,Normal,Normal
Tamil Nadu,Ramanathapuram,Paramakudi(Uzhavar Sandhai ),Tomato,Deshi,Local,2026-09-20 00:00:00,2800,3000,2900,200,7.14%,Valid,Normal,Normal
Tamil Nadu,Ramanathapuram,Paramakudi(Uzhavar Sandhai ),Banana - Green,Banana - Green,Local,2026-09-20 00:00:00,3000,3500,3250,500,16.67%,Valid,Normal,Normal
Tamil Nadu,Ramanathapuram,Paramakudi(Uzhavar Sandhai ),Beans,Beans (Whole),Local,2026-09-20 00:00:00,7000,7500,7250,500,7.14%,Valid,Normal,Normal
Tamil Nadu,Ramanathapuram,Paramakudi(Uzhavar Sandhai ),Coconut,Coconut,Local,2026-09-20 00:00:00,6500,7000,6750,500,7.69%,Valid,Normal,Normal
Tamil Nadu,Ramanathapuram,Paramakudi(Uzhavar Sandhai ),Carrot,Pusakesar,Local,2026-09-20 00:00:00,5500,6000,5750,500,9.09%,Valid,Normal,Normal
Tamil Nadu,Ramanathapuram,Paramakudi(Uzhavar Sandhai ),Ridgeguard(Tori),Ridgeguard(Tori),Local,2026-09-20 00:00:00,5200,6000,5600,800,15.38%,Valid,Normal,Normal
Tamil Nadu,Ramanathapuram,Paramakudi(Uzhavar Sandhai ),Chow Chow,Chow Chow,Local,2026-09-20 00:00:00,4500,4800,4650,300,6.67%,Valid,Normal,Normal
Tamil Nadu,Ramanathapuram,Paramakudi(Uzhavar Sandhai ),Kakada,Kakada,Local,2026-09-20 00:00:00,40000,45000,42500,5000,12.50%,Valid,Normal,Normal
Tamil Nadu,Ramanathapuram,Paramakudi(Uzhavar Sandhai ),Marigold(Calcutta),Marigold(Calcutta),Local,2026-09-20 00:00:00,8000,9000,8500,1000,12.50%,Valid,Normal,Normal
Tamil Nadu,Ramanathapuram,Paramakudi(Uzhavar Sandhai ),Onion Green,Onion Green,Local,2026-09-20 00:00:00,7000,8000,7500,1000,14.29%,Valid,Normal,Normal
Tamil Nadu,Pudukkottai,Alangudi(Uzhavar Sandhai ),Bhindi(Ladies Finger),Bhindi,Local,2026-09-20 00:00:00,2500,3000,2750,500,20.00%,Valid,Normal,Normal
Tamil Nadu,Pudukkottai,Alangudi(Uzhavar Sandhai ),Banana - Green,Banana - Green,Local,2026-09-20 00:00:00,2500,3000,2750,500,20.00%,Valid,Normal,Normal
Tamil Nadu,Thiruvannamalai,Arani(Uzhavar Sandhai ),Garlic,Garlic,Local,2026-09-20 00:00:00,24000,27000,25500,3000,12.50%,Valid,Normal,Normal
Tamil Nadu,Thiruvannamalai,Arani(Uzhavar Sandhai ),Bhindi(Ladies Finger),Bhindi,Local,2026-09-20 00:00:00,2500,3000,2750,500,20.00%,Valid,Normal,Normal
Tamil Nadu,Thiruvannamalai,Arani(Uzhavar Sandhai ),Amaranthus,Amaranthus,Local,2026-09-20 00:00:00,1500,2000,1750,500,33.33%,Valid,Normal,Normal
Tamil Nadu,Thiruvannamalai,Arani(Uzhavar Sandhai ),Banana - Green,Banana - Green,Local,2026-09-20 00:00:00,1500,2000,1750,500,33.33%,Valid,Normal,Normal
Tamil Nadu,Thiruvannamalai,Arani(Uzhavar Sandhai ),Snakeguard,Snakeguard,Local,2026-09-20 00:00:00,2500,3000,2750,500,20.00%,Valid,Normal,Normal
Tamil Nadu,Thiruvannamalai,Arani(Uzhavar Sandhai ),Mint(Pudina),Mint(Pudina),Local,2026-09-20 00:00:00,4000,4500,4250,500,12.50%,Valid,Normal,Normal
Tamil Nadu,Thiruvannamalai,Polur(Uzhavar Sandhai ),Banana,Besrai,Local,2026-09-20 00:00:00,4200,5000,4600,800,19.05%,Valid,Normal,Normal
Tamil Nadu,Thiruvannamalai,Polur(Uzhavar Sandhai ),Potato,Red Nanital,Local,2026-09-20 00:00:00,3300,4000,3650,700,21.21%,Valid,Normal,Normal
Tamil Nadu,Thiruvannamalai,Polur(Uzhavar Sandhai ),Cauliflower,Ranchi,Local,2026-09-20 00:00:00,2500,3000,2750,500,20.00%,Valid,Normal,Normal
Tamil Nadu,Thiruvannamalai,Polur(Uzhavar Sandhai ),Tomato,Deshi,Local,2026-09-20 00:00:00,2000,2500,2250,500,25.00%,Valid,Normal,Normal
Tamil Nadu,Thiruvannamalai,Polur(Uzhavar Sandhai ),Bottle gourd,Bottle Gourd,Local,2026-09-20 00:00:00,1600,2000,1800,400,25.00%,Valid,Normal,Normal
Tamil Nadu,Thiruvannamalai,Polur(Uzhavar Sandhai ),Beans,Beans (Whole),Local,2026-09-20 00:00:00,5000,6000,5500,1000,20.00%,Valid,Normal,Normal
Tamil Nadu,Thiruvannamalai,Polur(Uzhavar Sandhai ),Cabbage,Cabbage,Local,2026-09-20 00:00:00,2500,3000,2750,500,20.00%,Valid,Normal,Normal
Tamil Nadu,Thiruvannamalai,Polur(Uzhavar Sandhai ),Snakeguard,Snakeguard,Local,2026-09-20 00:00:00,2500,3000,2750,500,20.00%,Valid,Normal,Normal
Tamil Nadu,Thiruvannamalai,Polur(Uzhavar Sandhai ),Ridgeguard(Tori),Ridgeguard(Tori),Local,2026-09-20 00:00:00,4000,4800,4400,800,20.00%,Valid,Normal,Normal
Tamil Nadu,Thiruvannamalai,Polur(Uzhavar Sandhai ),Chow Chow,Chow Chow,Local,2026-09-20 00:00:00,3300,4000,3650,700,21.21%,Valid,Normal,Normal
Tamil Nadu,Thiruvannamalai,Polur(Uzhavar Sandhai ),Knool Khol,Knool Khol,Local,2026-09-20 00:00:00,3300,4000,3650,700,21.21%,Valid,Normal,Normal
Tamil Nadu,Thiruvannamalai,Polur(Uzhavar Sandhai ),Custard Apple(Sharifa),Custard Apple(Sharifa),Local,2026-09-20 00:00:00,3300,4000,3650,700,21.21%,Valid,Normal,Normal
Tamil Nadu,Thiruvannamalai,Tiruvannamalai(Uzhavar Sandhai ),Banana,Besrai,Local,2026-09-20 00:00:00,5000,6000,5500,1000,20.00%,Valid,Normal,Normal
Tamil Nadu,Thiruvannamalai,Tiruvannamalai(Uzhavar Sandhai ),Onion,Bellary,Local,2026-09-20 00:00:00,6000,6500,6250,500,8.33%,Valid,Normal,Normal
Tamil Nadu,Thiruvannamalai,Tiruvannamalai(Uzhavar Sandhai ),Chikoos(Sapota),Sapota,Local,2026-09-20 00:00:00,5000,6000,5500,1000,20.00%,Valid,Normal,Normal
Tamil Nadu,Thiruvannamalai,Tiruvannamalai(Uzhavar Sandhai ),Bhindi(Ladies Finger),Bhindi,Local,2026-09-20 00:00:00,2500,3000,2750,500,20.00%,Valid,Normal,Normal
Tamil Nadu,Thiruvannamalai,Tiruvannamalai(Uzhavar Sandhai ),Banana - Green,Banana - Green,Local,2026-09-20 00:00:00,2500,3000,2750,500,20.00%,Valid,Normal,Normal
Tamil Nadu,Thiruvannamalai,Tiruvannamalai(Uzhavar Sandhai ),Raddish,Raddish,Local,2026-09-20 00:00:00,2000,2500,2250,500,25.00%,Valid,Normal,Normal
Tamil Nadu,Thiruvannamalai,Tiruvannamalai(Uzhavar Sandhai ),Tender Coconut,Tender Coconut,Local,2026-09-20 00:00:00,2500,3000,2750,500,20.00%,Valid,Normal,Normal
Tamil Nadu,Thiruvannamalai,Tiruvannamalai(Uzhavar Sandhai ),Mashrooms,Mashrooms,Local,2026-09-20 00:00:00,22000,25000,23500,3000,13.64%,Valid,Normal,Normal
Tamil Nadu,Thiruvarur,Mannargudi I(Uzhavar Sandhai ),Ashgourd,Gouard,Local,2026-09-20 00:00:00,3000,3000,3000,0,0.00%,Valid,Normal,Normal
Tamil Nadu,Thiruvarur,Mannargudi I(Uzhavar Sandhai ),Banana - Green,Banana - Green,Local,2026-09-20 00:00:00,4800,4800,4800,0,0.00%,Valid,Normal,Normal
Tamil Nadu,Thiruvarur,Mannargudi I(Uzhavar Sandhai ),Carrot,Pusakesar,Local,2026-09-20 00:00:00,4600,4600,4600,0,0.00%,Valid,Normal,Normal
Tamil Nadu,Thiruvarur,Mannargudi I(Uzhavar Sandhai ),Mango(Raw-Ripe),Mango - Raw-Ripe,Local,2026-09-20 00:00:00,8000,9000,8500,1000,12.50%,Valid,Normal,Normal
Tamil Nadu,Tuticorin,Kovilpatti(Uzhavar Sandhai ),Banana,Other,Local,2026-09-20 00:00:00,3500,4000,3750,500,14.29%,Valid,Normal,Normal
Tamil Nadu,Tuticorin,Kovilpatti(Uzhavar Sandhai ),Onion,Bellary,Local,2026-09-20 00:00:00,7000,7500,7250,500,7.14%,Valid,Normal,Normal
Tamil Nadu,Tuticorin,Kovilpatti(Uzhavar Sandhai ),Coriander(Leaves),I Sort,Local,2026-09-20 00:00:00,4500,5000,4750,500,11.11%,Valid,Normal,Normal
Tamil Nadu,Tuticorin,Kovilpatti(Uzhavar Sandhai ),Cluster beans,Cluster Beans,Local,2026-09-20 00:00:00,4000,4500,4250,500,12.50%,Valid,Normal,Normal
Tamil Nadu,Tuticorin,Kovilpatti(Uzhavar Sandhai ),Green Chilli,Green Chilly,Local,2026-09-20 00:00:00,5500,6000,5750,500,9.09%,Valid,Normal,Normal
Tamil Nadu,Tuticorin,Kovilpatti(Uzhavar Sandhai ),Coconut,Coconut,Local,2026-09-20 00:00:00,6500,7000,6750,500,7.69%,Valid,Normal,Normal
Tamil Nadu,Tuticorin,Kovilpatti(Uzhavar Sandhai ),Drumstick,Drumstick,Local,2026-09-20 00:00:00,4500,5000,4750,500,11.11%,Valid,Normal,Normal
Tamil Nadu,Tuticorin,Kovilpatti(Uzhavar Sandhai ),Lemon,Lemon,Local,2026-09-20 00:00:00,19000,19500,19250,500,2.63%,Valid,Normal,Normal
Tamil Nadu,Vellore,Gudiyatham(Uzhavar Sandhai ),Papaya,Papaya,Local,2026-09-20 00:00:00,3500,3500,3500,0,0.00%,Valid,Normal,Normal
Tamil Nadu,Vellore,Gudiyatham(Uzhavar Sandhai ),Bottle gourd,Bottle Gourd,Local,2026-09-20 00:00:00,1500,1500,1500,0,0.00%,Valid,Normal,Normal
Tamil Nadu,Vellore,Gudiyatham(Uzhavar Sandhai ),Bhindi(Ladies Finger),Bhindi,Local,2026-09-20 00:00:00,2500,2500,2500,0,0.00%,Valid,Normal,Normal
Tamil Nadu,Vellore,Gudiyatham(Uzhavar Sandhai ),Beans,Beans (Whole),Local,2026-09-20 00:00:00,7600,7600,7600,0,0.00%,Valid,Normal,Normal
Tamil Nadu,Vellore,Gudiyatham(Uzhavar Sandhai ),Coconut,Coconut,Local,2026-09-20 00:00:00,4000,4000,4000,0,0.00%,Valid,Normal,Normal
Tamil Nadu,Vellore,Gudiyatham(Uzhavar Sandhai ),Snakeguard,Snakeguard,Local,2026-09-20 00:00:00,3600,3600,3600,0,0.00%,Valid,Normal,Normal
Tamil Nadu,Vellore,Gudiyatham(Uzhavar Sandhai ),Ridgeguard(Tori),Ridgeguard(Tori),Local,2026-09-20 00:00:00,3600,3600,3600,0,0.00%,Valid,Normal,Normal
Tamil Nadu,Vellore,Gudiyatham(Uzhavar Sandhai ),Thondekai,Thondekai,Local,2026-09-20 00:00:00,5000,5000,5000,0,0.00%,Valid,Normal,Normal
Tamil Nadu,Vellore,Gudiyatham(Uzhavar Sandhai ),Knool Khol,Knool Khol,Local,2026-09-20 00:00:00,4600,4600,4600,0,0.00%,Valid,Normal,Normal
Tamil Nadu,Vellore,Gudiyatham(Uzhavar Sandhai ),Lime,Lime,Local,2026-09-20 00:00:00,5000,5000,5000,0,0.00%,Valid,Normal,Normal
Tamil Nadu,Vellore,Gudiyatham(Uzhavar Sandhai ),Tamarind Fruit,Tamarind Fruit,Local,2026-09-20 00:00:00,15000,15000,15000,0,0.00%,Valid,Normal,Normal
Tamil Nadu,Vellore,Gudiyatham(Uzhavar Sandhai ),Indian Beans(Seam),Indian Beans (Seam),Local,2026-09-20 00:00:00,5600,5600,5600,0,0.00%,Valid,Normal,Normal
Tamil Nadu,Vellore,Gudiyatham(Uzhavar Sandhai ),Mint(Pudina),Mint(Pudina),Local,2026-09-20 00:00:00,4000,4000,4000,0,0.00%,Valid,Normal,Normal
Tamil Nadu,Vellore,Kahithapattarai(Uzhavar Sandhai ),Banana,Besrai,Local,2026-09-20 00:00:00,5000,6000,5500,1000,20.00%,Valid,Normal,Normal
Tamil Nadu,Vellore,Kahithapattarai(Uzhavar Sandhai ),Cauliflower,Ranchi,Local,2026-09-20 00:00:00,3000,3000,3000,0,0.00%,Valid,Normal,Normal
Tamil Nadu,Vellore,Kahithapattarai(Uzhavar Sandhai ),Papaya,Papaya,Local,2026-09-20 00:00:00,4500,4500,4500,0,0.00%,Valid,Normal,Normal
Tamil Nadu,Vellore,Kahithapattarai(Uzhavar Sandhai ),Cluster beans,Cluster Beans,Local,2026-09-20 00:00:00,4000,4000,4000,0,0.00%,Valid,Normal,Normal
Tamil Nadu,Vellore,Kahithapattarai(Uzhavar Sandhai ),Pumpkin,Pumpkin,Local,2026-09-20 00:00:00,2000,2000,2000,0,0.00%,Valid,Normal,Normal
Tamil Nadu,Vellore,Kahithapattarai(Uzhavar Sandhai ),Bhindi(Ladies Finger),Bhindi,Local,2026-09-20 00:00:00,4000,4000,4000,0,0.00%,Valid,Normal,Normal
Tamil Nadu,Vellore,Kahithapattarai(Uzhavar Sandhai ),Green Chilli,Green Chilly,Local,2026-09-20 00:00:00,4600,4600,4600,0,0.00%,Valid,Normal,Normal
Tamil Nadu,Vellore,Kahithapattarai(Uzhavar Sandhai ),Ginger(Green),Green Ginger,Local,2026-09-20 00:00:00,8000,8000,8000,0,0.00%,Valid,Normal,Normal
Tamil Nadu,Vellore,Kahithapattarai(Uzhavar Sandhai ),Carrot,Pusakesar,Local,2026-09-20 00:00:00,4600,4600,4600,0,0.00%,Valid,Normal,Normal
Tamil Nadu,Vellore,Kahithapattarai(Uzhavar Sandhai ),Raddish,Raddish,Local,2026-09-20 00:00:00,2500,2500,2500,0,0.00%,Valid,Normal,Normal
Tamil Nadu,Vellore,Kahithapattarai(Uzhavar Sandhai ),Drumstick,Drumstick,Local,2026-09-20 00:00:00,4000,4000,4000,0,0.00%,Valid,Normal,Normal
Tamil Nadu,Vellore,Kahithapattarai(Uzhavar Sandhai ),Lemon,Lemon,Local,2026-09-20 00:00:00,25000,25000,25000,0,0.00%,Valid,Normal,Normal
Tamil Nadu,Vellore,Kahithapattarai(Uzhavar Sandhai ),Colacasia,Colacasia,Local,2026-09-20 00:00:00,4000,4000,4000,0,0.00%,Valid,Normal,Normal
Tamil Nadu,Vellore,Kahithapattarai(Uzhavar Sandhai ),Custard Apple(Sharifa),Custard Apple(Sharifa),Local,2026-09-20 00:00:00,5000,5000,5000,0,0.00%,Valid,Normal,Normal
Tamil Nadu,Thiruvannamalai,Cheyyar(Uzhavar Sandhai ),Onion,Bellary,Local,2026-09-20 00:00:00,4800,6000,5400,1200,25.00%,Valid,Normal,Normal
Tamil Nadu,Thiruvannamalai,Cheyyar(Uzhavar Sandhai ),Papaya,Papaya,Local,2026-09-20 00:00:00,3200,4000,3600,800,25.00%,Valid,Normal,Normal
Tamil Nadu,Thiruvannamalai,Cheyyar(Uzhavar Sandhai ),Bitter gourd,Other,Local,2026-09-20 00:00:00,3200,4000,3600,800,25.00%,Valid,Normal,Normal
Tamil Nadu,Thiruvannamalai,Cheyyar(Uzhavar Sandhai ),Bhindi(Ladies Finger),Bhindi,Local,2026-09-20 00:00:00,2500,3000,2750,500,20.00%,Valid,Normal,Normal
Tamil Nadu,Thiruvannamalai,Cheyyar(Uzhavar Sandhai ),Amaranthus,Amaranthus,Local,2026-09-20 00:00:00,2000,2500,2250,500,25.00%,Valid,Normal,Normal
Tamil Nadu,Thiruvannamalai,Cheyyar(Uzhavar Sandhai ),Green Chilli,Green Chilly,Local,2026-09-20 00:00:00,4800,6000,5400,1200,25.00%,Valid,Normal,Normal
Tamil Nadu,Thiruvannamalai,Cheyyar(Uzhavar Sandhai ),Snakeguard,Snakeguard,Local,2026-09-20 00:00:00,2500,3000,2750,500,20.00%,Valid,Normal,Normal
Tamil Nadu,Thiruvannamalai,Cheyyar(Uzhavar Sandhai ),Thondekai,Thondekai,Local,2026-09-20 00:00:00,3200,4000,3600,800,25.00%,Valid,Normal,Normal
Tamil Nadu,Thiruvannamalai,Cheyyar(Uzhavar Sandhai ),Mint(Pudina),Mint(Pudina),Local,2026-09-20 00:00:00,3200,4000,3600,800,25.00%,Valid,Normal,Normal
Andhra Pradesh,Kakinada,Kakinada (Urban) APMC,Paddy(Common),Paddy Medium,FAQ,2026-09-20 00:00:00,2369,2460,2441,91,3.84%,Valid,Normal,Normal
Tamil Nadu,Ariyalur,Ariyalur(Uzhavar Sandhai),Cluster beans,Cluster Beans,Local,2026-09-20 00:00:00,3000,3500,3250,500,16.67%,Valid,Normal,Normal
Tamil Nadu,Ariyalur,Ariyalur(Uzhavar Sandhai),Ginger(Green),Green Ginger,Local,2026-09-20 00:00:00,17000,18000,17500,1000,5.88%,Valid,Normal,Normal
Tamil Nadu,Ariyalur,Ariyalur(Uzhavar Sandhai),Cabbage,Cabbage,Local,2026-09-20 00:00:00,3000,3500,3250,500,16.67%,Valid,Normal,Normal
Tamil Nadu,Ariyalur,Ariyalur(Uzhavar Sandhai),Drumstick,Drumstick,Local,2026-09-20 00:00:00,3500,4000,3750,500,14.29%,Valid,Normal,Normal
Tamil Nadu,Ariyalur,Ariyalur(Uzhavar Sandhai),Mint(Pudina),Mint(Pudina),Local,2026-09-20 00:00:00,5000,5500,5250,500,10.00%,Valid,Normal,Normal
Odisha,Mayurbhanja,Betnoti APMC,Pointed gourd(Parval),Other,FAQ,2026-09-20 00:00:00,3800,4200,4000,400,10.53%,Valid,Normal,Normal
Odisha,Mayurbhanja,Betnoti APMC,Pumpkin,Pumpkin,FAQ,2026-09-20 00:00:00,1800,2200,2000,400,22.22%,Valid,Normal,Normal
Tamil Nadu,Coimbatore,Sundarapuram(Uzhavar Sandhai ),Brinjal,Other,Local,2026-09-20 00:00:00,3500,4000,3750,500,14.29%,Valid,Normal,Normal
Tamil Nadu,Coimbatore,Sundarapuram(Uzhavar Sandhai ),Potato,Other,Local,2026-09-20 00:00:00,6800,7200,7000,400,5.88%,Valid,Normal,Normal
Tamil Nadu,Coimbatore,Sundarapuram(Uzhavar Sandhai ),Tomato,Local,Local,2026-09-20 00:00:00,2800,3200,3000,400,14.29%,Valid,Normal,Normal
Tamil Nadu,Coimbatore,Sundarapuram(Uzhavar Sandhai ),Bhindi(Ladies Finger),Bhindi,Local,2026-09-20 00:00:00,4500,5000,4750,500,11.11%,Valid,Normal,Normal
Tamil Nadu,Coimbatore,Sundarapuram(Uzhavar Sandhai ),Carrot,Pusakesar,Local,2026-09-20 00:00:00,4500,5000,4750,500,11.11%,Valid,Normal,Normal
Tamil Nadu,Coimbatore,Sundarapuram(Uzhavar Sandhai ),Ridgeguard(Tori),Ridgeguard(Tori),Local,2026-09-20 00:00:00,4000,4500,4250,500,12.50%,Valid,Normal,Normal
Tamil Nadu,Coimbatore,Sundarapuram(Uzhavar Sandhai ),Capsicum,Capsicum,Local,2026-09-20 00:00:00,6000,6500,6250,500,8.33%,Valid,Normal,Normal
Tamil Nadu,Coimbatore,Sundarapuram(Uzhavar Sandhai ),Drumstick,Drumstick,Local,2026-09-20 00:00:00,3500,4000,3750,500,14.29%,Valid,Normal,Normal
Tamil Nadu,Coimbatore,Sundarapuram(Uzhavar Sandhai ),Mango(Raw-Ripe),Mango - Raw-Ripe,Local,2026-09-20 00:00:00,9000,10000,9500,1000,11.11%,Valid,Normal,Normal
Tamil Nadu,Coimbatore,Sundarapuram(Uzhavar Sandhai ),Mint(Pudina),Mint(Pudina),Local,2026-09-20 00:00:00,5500,6000,5750,500,9.09%,Valid,Normal,Normal
Haryana,Gurgaon,Gurgaon APMC,Capsicum,Other,Grade A,2026-09-20 00:00:00,2000,4000,3000,2000,100.00%,Valid,Normal,Normal
Haryana,Gurgaon,Gurgaon APMC,Potato,Other,Grade A,2026-09-20 00:00:00,600,1000,800,400,66.67%,Valid,Normal,Normal
Tamil Nadu,Erode,Sathiyamagalam(Uzhavar Sandhai ),Papaya,Papaya,Local,2026-09-20 00:00:00,2000,2400,2200,400,20.00%,Valid,Normal,Normal
Tamil Nadu,Erode,Sathiyamagalam(Uzhavar Sandhai ),Bitter gourd,Other,Local,2026-09-20 00:00:00,5000,5500,5250,500,10.00%,Valid,Normal,Normal
Tamil Nadu,Erode,Sathiyamagalam(Uzhavar Sandhai ),Pumpkin,Pumpkin,Local,2026-09-20 00:00:00,2500,3000,2750,500,20.00%,Valid,Normal,Normal
Tamil Nadu,Erode,Sathiyamagalam(Uzhavar Sandhai ),Ginger(Green),Green Ginger,Local,2026-09-20 00:00:00,15000,16000,15500,1000,6.67%,Valid,Normal,Normal
Tamil Nadu,Erode,Sathiyamagalam(Uzhavar Sandhai ),Ridgeguard(Tori),Ridgeguard(Tori),Local,2026-09-20 00:00:00,4000,4500,4250,500,12.50%,Valid,Normal,Normal
Tamil Nadu,Erode,Sathiyamagalam(Uzhavar Sandhai ),Raddish,Raddish,Local,2026-09-20 00:00:00,2400,2800,2600,400,16.67%,Valid,Normal,Normal
Tamil Nadu,Coimbatore,Mettupalayam(Uzhavar Sandhai ),Cauliflower,Ranchi,Local,2026-09-20 00:00:00,4000,4500,4250,500,12.50%,Valid,Normal,Normal
Tamil Nadu,Coimbatore,Mettupalayam(Uzhavar Sandhai ),Water Melon,Water Melon,Local,2026-09-20 00:00:00,2000,2500,2250,500,25.00%,Valid,Normal,Normal
Tamil Nadu,Coimbatore,Mettupalayam(Uzhavar Sandhai ),Bottle gourd,Bottle Gourd,Local,2026-09-20 00:00:00,2000,2500,2250,500,25.00%,Valid,Normal,Normal
Tamil Nadu,Coimbatore,Mettupalayam(Uzhavar Sandhai ),Bhindi(Ladies Finger),Bhindi,Local,2026-09-20 00:00:00,3500,4000,3750,500,14.29%,Valid,Normal,Normal
Tamil Nadu,Coimbatore,Mettupalayam(Uzhavar Sandhai ),Cowpea(Veg),Cowpea (Veg),Local,2026-09-20 00:00:00,3000,3500,3250,500,16.67%,Valid,Normal,Normal
Tamil Nadu,Coimbatore,Mettupalayam(Uzhavar Sandhai ),Cabbage,Cabbage,Local,2026-09-20 00:00:00,2500,3000,2750,500,20.00%,Valid,Normal,Normal
Tamil Nadu,Coimbatore,Mettupalayam(Uzhavar Sandhai ),Beetroot,Beetroot,Local,2026-09-20 00:00:00,5500,6000,5750,500,9.09%,Valid,Normal,Normal
Tamil Nadu,Coimbatore,Mettupalayam(Uzhavar Sandhai ),Green Avare(W),Green Avare (W),Local,2026-09-20 00:00:00,5500,6000,5750,500,9.09%,Valid,Normal,Normal
Tamil Nadu,Coimbatore,Mettupalayam(Uzhavar Sandhai ),Mango(Raw-Ripe),Mango - Raw-Ripe,Local,2026-09-20 00:00:00,10000,11000,10500,1000,10.00%,Valid,Normal,Normal
Tamil Nadu,Coimbatore,Mettupalayam(Uzhavar Sandhai ),Jack Fruit(Ripe),Jack Fruit,Local,2026-09-20 00:00:00,3500,4000,3750,500,14.29%,Valid,Normal,Normal
Tamil Nadu,Coimbatore,Mettupalayam(Uzhavar Sandhai ),Guava,Guava Allahabad,Local,2026-09-20 00:00:00,5500,6000,5750,500,9.09%,Valid,Normal,Normal
Tamil Nadu,Coimbatore,Mettupalayam(Uzhavar Sandhai ),Amla(Nelli Kai),Amla,Local,2026-09-20 00:00:00,9000,10000,9500,1000,11.11%,Valid,Normal,Normal
Tamil Nadu,Coimbatore,Mettupalayam(Uzhavar Sandhai ),Sweet Corn,Sweet Corn,Local,2026-09-20 00:00:00,3500,4000,3750,500,14.29%,Valid,Normal,Normal
Uttar Pradesh,Auraiya,Dibiapur APMC,Wheat,Dara,FAQ,2026-09-20 00:00:00,2550,2550,2550,0,0.00%,Valid,Normal,Normal
Tamil Nadu,Namakkal,Tiruchengode APMC,Cluster beans,Cluster Beans,Local,2026-09-20 00:00:00,3200,3600,3400,400,12.50%,Valid,Normal,Normal
Tamil Nadu,Namakkal,Tiruchengode APMC,Pumpkin,Pumpkin,Local,2026-09-20 00:00:00,1800,2000,1900,200,11.11%,Valid,Normal,Normal
Tamil Nadu,Namakkal,Tiruchengode APMC,Coconut,Coconut,Local,2026-09-20 00:00:00,5400,6000,5700,600,11.11%,Valid,Normal,Normal
Tamil Nadu,Namakkal,Tiruchengode APMC,Guava,Guava Allahabad,Local,2026-09-20 00:00:00,7200,8000,7600,800,11.11%,Valid,Normal,Normal
Tamil Nadu,Namakkal,Tiruchengode APMC,Tender Coconut,Tender Coconut,Local,2026-09-20 00:00:00,3500,4000,3750,500,14.29%,Valid,Normal,Normal
Tamil Nadu,Namakkal,Tiruchengode APMC,Amla(Nelli Kai),Amla,Local,2026-09-20 00:00:00,8000,9000,8500,1000,12.50%,Valid,Normal,Normal
Telangana,Siddipet,Vantamamidi APMC,Tomato,Local,Local,2026-09-20 00:00:00,1000,1400,1200,400,40.00%,Valid,Normal,Normal
Tamil Nadu,Coimbatore,RSPuram(Uzhavar Sandhai ),Brinjal,Other,Local,2026-09-20 00:00:00,3000,3600,3300,600,20.00%,Valid,Normal,Normal
Tamil Nadu,Coimbatore,RSPuram(Uzhavar Sandhai ),Groundnut,Big (With Shell),Local,2026-09-20 00:00:00,6500,7000,6750,500,7.69%,Valid,Normal,Normal
Tamil Nadu,Coimbatore,RSPuram(Uzhavar Sandhai ),Coriander(Leaves),I Sort,Local,2026-09-20 00:00:00,4400,4800,4600,400,9.09%,Valid,Normal,Normal
Tamil Nadu,Coimbatore,RSPuram(Uzhavar Sandhai ),Green Peas,Green Peas,Local,2026-09-20 00:00:00,18000,20000,19000,2000,11.11%,Valid,Normal,Normal
Tamil Nadu,Coimbatore,RSPuram(Uzhavar Sandhai ),Tomato,Local,Local,2026-09-20 00:00:00,2600,2800,2700,200,7.69%,Valid,Normal,Normal
Tamil Nadu,Coimbatore,RSPuram(Uzhavar Sandhai ),Pumpkin,Pumpkin,Local,2026-09-20 00:00:00,1600,1800,1700,200,12.50%,Valid,Normal,Normal
Tamil Nadu,Coimbatore,RSPuram(Uzhavar Sandhai ),Beetroot,Beetroot,Local,2026-09-20 00:00:00,5000,5500,5250,500,10.00%,Valid,Normal,Normal
Tamil Nadu,Coimbatore,RSPuram(Uzhavar Sandhai ),Thondekai,Thondekai,Local,2026-09-20 00:00:00,3600,4200,3900,600,16.67%,Valid,Normal,Normal
Tamil Nadu,Coimbatore,RSPuram(Uzhavar Sandhai ),Drumstick,Drumstick,Local,2026-09-20 00:00:00,3200,3600,3400,400,12.50%,Valid,Normal,Normal
Tamil Nadu,Coimbatore,RSPuram(Uzhavar Sandhai ),Amla(Nelli Kai),Amla,Local,2026-09-20 00:00:00,11000,12200,11600,1200,10.91%,Valid,Normal,Normal
Tamil Nadu,Coimbatore,Singanallur(Uzhavar Sandhai ),Orange,Darjeeling,Local,2026-09-20 00:00:00,14000,17000,15500,3000,21.43%,Valid,Normal,Normal
Tamil Nadu,Coimbatore,Singanallur(Uzhavar Sandhai ),Garlic,Garlic,Local,2026-09-20 00:00:00,20000,24000,22000,4000,20.00%,Valid,Normal,Normal
Tamil Nadu,Coimbatore,Singanallur(Uzhavar Sandhai ),Coconut,Coconut,Local,2026-09-20 00:00:00,5600,6000,5800,400,7.14%,Valid,Normal,Normal
Tamil Nadu,Coimbatore,Singanallur(Uzhavar Sandhai ),Sweet Potato,Hosur Red,Local,2026-09-20 00:00:00,5400,6000,5700,600,11.11%,Valid,Normal,Normal
Tamil Nadu,Coimbatore,Singanallur(Uzhavar Sandhai ),Cucumbar(Kheera),Cucumbar,Local,2026-09-20 00:00:00,4000,4500,4250,500,12.50%,Valid,Normal,Normal
Tamil Nadu,Coimbatore,Singanallur(Uzhavar Sandhai ),Capsicum,Capsicum,Local,2026-09-20 00:00:00,5400,6000,5700,600,11.11%,Valid,Normal,Normal
Tamil Nadu,Coimbatore,Singanallur(Uzhavar Sandhai ),Chow Chow,Chow Chow,Local,2026-09-20 00:00:00,3200,3500,3350,300,9.38%,Valid,Normal,Normal
Tamil Nadu,Coimbatore,Singanallur(Uzhavar Sandhai ),Guava,Guava Allahabad,Local,2026-09-20 00:00:00,6000,7000,6500,1000,16.67%,Valid,Normal,Normal
Tamil Nadu,Coimbatore,Singanallur(Uzhavar Sandhai ),Lemon,Lemon,Local,2026-09-20 00:00:00,24000,26000,25000,2000,8.33%,Valid,Normal,Normal
Tamil Nadu,Coimbatore,Singanallur(Uzhavar Sandhai ),Amla(Nelli Kai),Amla,Local,2026-09-20 00:00:00,11000,12000,11500,1000,9.09%,Valid,Normal,Normal
Tamil Nadu,Coimbatore,Pollachi(Uzhavar Sandhai ),Garlic,Garlic,Local,2026-09-20 00:00:00,18000,22000,20000,4000,22.22%,Valid,Normal,Normal
Tamil Nadu,Coimbatore,Pollachi(Uzhavar Sandhai ),Cowpea(Veg),Cowpea (Veg),Local,2026-09-20 00:00:00,4000,4500,4250,500,12.50%,Valid,Normal,Normal
Tamil Nadu,Coimbatore,Pollachi(Uzhavar Sandhai ),Coconut,Coconut,Local,2026-09-20 00:00:00,5500,6000,5750,500,9.09%,Valid,Normal,Normal
Tamil Nadu,Coimbatore,Pollachi(Uzhavar Sandhai ),Beetroot,Beetroot,Local,2026-09-20 00:00:00,5000,6500,5750,1500,30.00%,Valid,Normal,Normal
Tamil Nadu,Coimbatore,Pollachi(Uzhavar Sandhai ),Ridgeguard(Tori),Ridgeguard(Tori),Local,2026-09-20 00:00:00,4500,5000,4750,500,11.11%,Valid,Normal,Normal
Tamil Nadu,Coimbatore,Pollachi(Uzhavar Sandhai ),Drumstick,Drumstick,Local,2026-09-20 00:00:00,3500,4000,3750,500,14.29%,Valid,Normal,Normal
Tamil Nadu,Coimbatore,Pollachi(Uzhavar Sandhai ),Lemon,Lemon,Local,2026-09-20 00:00:00,20000,25000,22500,5000,25.00%,Valid,Normal,Normal
Odisha,Bargarh,Godbhaga APMC,Brinjal,Other,Local,2026-09-20 00:00:00,2700,3100,2900,400,14.81%,Valid,Normal,Normal
Odisha,Bargarh,Godbhaga APMC,Tomato,Other,Local,2026-09-20 00:00:00,1650,1950,1800,300,18.18%,Valid,Normal,Normal
Odisha,Bargarh,Godbhaga APMC,Bottle gourd,Other,Local,2026-09-20 00:00:00,2000,2400,2200,400,20.00%,Valid,Normal,Normal
Uttar Pradesh,Amroha,Dhanaura APMC,Tomato,Other,FAQ,2026-09-20 00:00:00,2300,2300,2300,0,0.00%,Valid,Normal,Normal
Telangana,Ranga Reddy,"Vanasthalipuram,RBZ",Ridgeguard(Tori),Ridgeguard(Tori),Grade A,2026-09-20 00:00:00,3500,3500,3500,0,0.00%,Valid,Normal,Normal
Telangana,Ranga Reddy,"Vanasthalipuram,RBZ",Tomato,Other,Grade A,2026-09-20 00:00:00,2300,2300,2300,0,0.00%,Valid,Normal,Normal
Telangana,Ranga Reddy,"Vanasthalipuram,RBZ",Bitter gourd,Bitter Gourd,Grade A,2026-09-20 00:00:00,3200,3200,3200,0,0.00%,Valid,Normal,Normal
Telangana,Ranga Reddy,"Vanasthalipuram,RBZ",Ladies Finger,Ladies Finger,Grade A,2026-09-20 00:00:00,4000,4000,4000,0,0.00%,Valid,Normal,Normal
Telangana,Ranga Reddy,"Vanasthalipuram,RBZ",Elephant Yam(Suran)/Amorphophallus,Elephant Yam (Suran),Grade A,2026-09-20 00:00:00,3500,3500,3500,0,0.00%,Valid,Normal,Normal
Telangana,Ranga Reddy,"Vanasthalipuram,RBZ",Onion,Onion,Grade A,2026-09-20 00:00:00,4000,4000,4000,0,0.00%,Valid,Normal,Normal
Telangana,Ranga Reddy,"Vanasthalipuram,RBZ",Drumstick,Drumstick,Grade A,2026-09-20 00:00:00,4500,4500,4500,0,0.00%,Valid,Normal,Normal
Tamil Nadu,Karur,Karur(Uzhavar Sandhai ),Cluster beans,Cluster Beans,Local,2026-09-20 00:00:00,3500,4000,3750,500,14.29%,Valid,Normal,Normal
Tamil Nadu,Karur,Karur(Uzhavar Sandhai ),Pumpkin,Pumpkin,Local,2026-09-20 00:00:00,2000,2500,2250,500,25.00%,Valid,Normal,Normal
Tamil Nadu,Karur,Karur(Uzhavar Sandhai ),Cowpea(Veg),Cowpea (Veg),Local,2026-09-20 00:00:00,4000,4500,4250,500,12.50%,Valid,Normal,Normal
Tamil Nadu,Karur,Karur(Uzhavar Sandhai ),Capsicum,Capsicum,Local,2026-09-20 00:00:00,6500,7000,6750,500,7.69%,Valid,Normal,Normal
Tamil Nadu,Coimbatore,Kurichi(Uzhavar Sandhai ),Papaya,Papaya,Local,2026-09-20 00:00:00,5000,5500,5250,500,10.00%,Valid,Normal,Normal
Tamil Nadu,Coimbatore,Kurichi(Uzhavar Sandhai ),Bhindi(Ladies Finger),Bhindi,Local,2026-09-20 00:00:00,4500,5000,4750,500,11.11%,Valid,Normal,Normal
Tamil Nadu,Coimbatore,Kurichi(Uzhavar Sandhai ),Green Chilli,Green Chilly,Local,2026-09-20 00:00:00,6000,6500,6250,500,8.33%,Valid,Normal,Normal
Tamil Nadu,Coimbatore,Kurichi(Uzhavar Sandhai ),Snakeguard,Snakeguard,Local,2026-09-20 00:00:00,3000,3500,3250,500,16.67%,Valid,Normal,Normal
Tamil Nadu,Coimbatore,Kurichi(Uzhavar Sandhai ),Thondekai,Thondekai,Local,2026-09-20 00:00:00,3500,4000,3750,500,14.29%,Valid,Normal,Normal
Tamil Nadu,Cuddalore,Chidambaram(Uzhavar Sandhai ),Brinjal,Round,Local,2026-09-20 00:00:00,3000,4000,3500,1000,33.33%,Valid,Normal,Normal
Tamil Nadu,Cuddalore,Chidambaram(Uzhavar Sandhai ),Onion,Bellary,Local,2026-09-20 00:00:00,5500,5500,5500,0,0.00%,Valid,Normal,Normal
Tamil Nadu,Cuddalore,Chidambaram(Uzhavar Sandhai ),Bottle gourd,Bottle Gourd,Local,2026-09-20 00:00:00,3000,3000,3000,0,0.00%,Valid,Normal,Normal
Tamil Nadu,Cuddalore,Cuddalore(Uzhavar Sandhai ),Onion,Bellary,Local,2026-09-20 00:00:00,6000,7000,6500,1000,16.67%,Valid,Normal,Normal
Tamil Nadu,Cuddalore,Cuddalore(Uzhavar Sandhai ),Cauliflower,Ranchi,Local,2026-09-20 00:00:00,4000,4000,4000,0,0.00%,Valid,Normal,Normal
Tamil Nadu,Cuddalore,Cuddalore(Uzhavar Sandhai ),Coriander(Leaves),I Sort,Local,2026-09-20 00:00:00,5000,5000,5000,0,0.00%,Valid,Normal,Normal
Tamil Nadu,Cuddalore,Cuddalore(Uzhavar Sandhai ),Tomato,Deshi,Local,2026-09-20 00:00:00,2800,3000,2900,200,7.14%,Valid,Normal,Normal
Tamil Nadu,Cuddalore,Cuddalore(Uzhavar Sandhai ),Cluster beans,Cluster Beans,Local,2026-09-20 00:00:00,3500,3500,3500,0,0.00%,Valid,Normal,Normal
Tamil Nadu,Cuddalore,Cuddalore(Uzhavar Sandhai ),Bitter gourd,Bitter Gourd,Local,2026-09-20 00:00:00,6000,7000,6500,1000,16.67%,Valid,Normal,Normal
Tamil Nadu,Cuddalore,Cuddalore(Uzhavar Sandhai ),Amaranthus,Amaranthus,Local,2026-09-20 00:00:00,2000,3000,2500,1000,50.00%,Valid,Normal,Normal
Tamil Nadu,Cuddalore,Cuddalore(Uzhavar Sandhai ),Tapioca,Tapioca,Local,2026-09-20 00:00:00,5000,6000,5500,1000,20.00%,Valid,Normal,Normal
Tamil Nadu,Cuddalore,Cuddalore(Uzhavar Sandhai ),Snakeguard,Snakeguard,Local,2026-09-20 00:00:00,3000,3000,3000,0,0.00%,Valid,Normal,Normal
Tamil Nadu,Cuddalore,Cuddalore(Uzhavar Sandhai ),Knool Khol,Knool Khol,Local,2026-09-20 00:00:00,4000,4000,4000,0,0.00%,Valid,Normal,Normal
Tamil Nadu,Tuticorin,Tuticorin(Uzhavar Sandhai ),Potato,Other,Local,2026-09-20 00:00:00,3000,3500,3250,500,16.67%,Valid,Normal,Normal
Tamil Nadu,Tuticorin,Tuticorin(Uzhavar Sandhai ),Coriander(Leaves),I Sort,Local,2026-09-20 00:00:00,5000,6000,5500,1000,20.00%,Valid,Normal,Normal
Tamil Nadu,Tuticorin,Tuticorin(Uzhavar Sandhai ),Tomato,Local,Local,2026-09-20 00:00:00,2500,3000,2750,500,20.00%,Valid,Normal,Normal
Tamil Nadu,Tuticorin,Tuticorin(Uzhavar Sandhai ),Amaranthus,Amaranthus,Local,2026-09-20 00:00:00,800,1000,900,200,25.00%,Valid,Normal,Normal
Tamil Nadu,Tuticorin,Tuticorin(Uzhavar Sandhai ),Ginger(Green),Green Ginger,Local,2026-09-20 00:00:00,19000,20000,19500,1000,5.26%,Valid,Normal,Normal
Tamil Nadu,Tuticorin,Tuticorin(Uzhavar Sandhai ),Coconut,Coconut,Local,2026-09-20 00:00:00,6500,7000,6750,500,7.69%,Valid,Normal,Normal
Tamil Nadu,Tuticorin,Tuticorin(Uzhavar Sandhai ),Thondekai,Thondekai,Local,2026-09-20 00:00:00,4500,5000,4750,500,11.11%,Valid,Normal,Normal
Tamil Nadu,Tuticorin,Tuticorin(Uzhavar Sandhai ),Guava,Guava Allahabad,Local,2026-09-20 00:00:00,5000,6000,5500,1000,20.00%,Valid,Normal,Normal
Tamil Nadu,Nagercoil (Kannyiakumari),Vadaseri APMC,Bitter gourd,Bitter Gourd,Local,2026-09-20 00:00:00,5500,6000,5750,500,9.09%,Valid,Normal,Normal
Tamil Nadu,Nagercoil (Kannyiakumari),Vadaseri APMC,Bhindi(Ladies Finger),Bhindi,Local,2026-09-20 00:00:00,4500,5000,4750,500,11.11%,Valid,Normal,Normal
Tamil Nadu,Nagercoil (Kannyiakumari),Vadaseri APMC,Cucumbar(Kheera),Cucumbar,Local,2026-09-20 00:00:00,2200,2500,2350,300,13.64%,Valid,Normal,Normal
Tamil Nadu,Nagercoil (Kannyiakumari),Vadaseri APMC,Chow Chow,Chow Chow,Local,2026-09-20 00:00:00,4300,4800,4550,500,11.63%,Valid,Normal,Normal
Tamil Nadu,Nagercoil (Kannyiakumari),Vadaseri APMC,Lime,Lime,Local,2026-09-20 00:00:00,4500,5000,4750,500,11.11%,Valid,Normal,Normal
Tamil Nadu,Nagercoil (Kannyiakumari),Vadaseri APMC,Jasmine,Jasmine,Local,2026-09-20 00:00:00,35000,40000,37500,5000,14.29%,Valid,Normal,Normal
Tamil Nadu,Nagercoil (Kannyiakumari),Vadaseri APMC,Tamarind Fruit,Tamarind Fruit,Local,2026-09-20 00:00:00,13000,14000,13500,1000,7.69%,Valid,Normal,Normal
Tamil Nadu,Nagercoil (Kannyiakumari),Vadaseri APMC,Colacasia,Colacasia,Local,2026-09-20 00:00:00,9000,10000,9500,1000,11.11%,Valid,Normal,Normal
Tamil Nadu,Nagercoil (Kannyiakumari),Vadaseri APMC,Onion Green,Onion Green,Local,2026-09-20 00:00:00,10000,11000,10500,1000,10.00%,Valid,Normal,Normal
Madhya Pradesh,Morena,Kailaras APMC,Potato,Other,FAQ,2026-09-20 00:00:00,700,700,700,0,0.00%,Valid,Normal,Normal
Madhya Pradesh,Morena,Kailaras APMC,Ginger(Dry),Other,FAQ,2026-09-20 00:00:00,6500,6500,6500,0,0.00%,Valid,Normal,Normal
Madhya Pradesh,Morena,Kailaras APMC,Pumpkin,Other,FAQ,2026-09-20 00:00:00,1200,1200,1200,0,0.00%,Valid,Normal,Normal
Tamil Nadu,Vellore,Thirupathur APMC,Tomato,Deshi,Local,2026-09-20 00:00:00,3000,3000,3000,0,0.00%,Valid,Normal,Normal
Tamil Nadu,Vellore,Thirupathur APMC,Bottle gourd,Bottle Gourd,Local,2026-09-20 00:00:00,2000,2000,2000,0,0.00%,Valid,Normal,Normal
Tamil Nadu,Vellore,Thirupathur APMC,Ginger(Green),Green Ginger,Local,2026-09-20 00:00:00,22000,22000,22000,0,0.00%,Valid,Normal,Normal
Tamil Nadu,Vellore,Thirupathur APMC,Capsicum,Capsicum,Local,2026-09-20 00:00:00,5000,5000,5000,0,0.00%,Valid,Normal,Normal
Tamil Nadu,Vellore,Thirupathur APMC,Jack Fruit(Ripe),Jack Fruit,Local,2026-09-20 00:00:00,3000,3000,3000,0,0.00%,Valid,Normal,Normal
Tamil Nadu,Vellore,Thirupathur APMC,Guava,Guava Allahabad,Local,2026-09-20 00:00:00,5000,5000,5000,0,0.00%,Valid,Normal,Normal
Tamil Nadu,Vellore,Thirupathur APMC,Tender Coconut,Tender Coconut,Local,2026-09-20 00:00:00,3000,3000,3000,0,0.00%,Valid,Normal,Normal
Tamil Nadu,Vellore,Vellore APMC,Apple,American,Local,2026-09-20 00:00:00,26000,26000,26000,0,0.00%,Valid,Normal,Normal
Tamil Nadu,Vellore,Vellore APMC,Ashgourd,Gouard,Local,2026-09-20 00:00:00,2500,2500,2500,0,0.00%,Valid,Normal,Normal
Tamil Nadu,Vellore,Vellore APMC,Amaranthus,Amaranthus,Local,2026-09-20 00:00:00,4000,4000,4000,0,0.00%,Valid,Normal,Normal
Tamil Nadu,Vellore,Vellore APMC,Beans,Beans (Whole),Local,2026-09-20 00:00:00,6500,6500,6500,0,0.00%,Valid,Normal,Normal
Tamil Nadu,Vellore,Vellore APMC,Cabbage,Cabbage,Local,2026-09-20 00:00:00,3000,3000,3000,0,0.00%,Valid,Normal,Normal
Tamil Nadu,Vellore,Vellore APMC,Drumstick,Drumstick,Local,2026-09-20 00:00:00,4500,4500,4500,0,0.00%,Valid,Normal,Normal
Tamil Nadu,Vellore,Vellore APMC,Knool Khol,Knool Khol,Local,2026-09-20 00:00:00,3000,3000,3000,0,0.00%,Valid,Normal,Normal
Tamil Nadu,Vellore,Vellore APMC,Yam(Ratalu),Yam (Ratalu),Local,2026-09-20 00:00:00,5000,5000,5000,0,0.00%,Valid,Normal,Normal
Tamil Nadu,Vellore,Vellore APMC,Colacasia,Colacasia,Local,2026-09-20 00:00:00,4000,4000,4000,0,0.00%,Valid,Normal,Normal
Tamil Nadu,Vellore,Vellore APMC,Mint(Pudina),Mint(Pudina),Local,2026-09-20 00:00:00,4500,4500,4500,0,0.00%,Valid,Normal,Normal
Bihar,Sheikhpura,Shekhpura APMC,Bottle gourd,Bottle Gourd,FAQ,2026-09-20 00:00:00,2980,3110,3040,130,4.36%,Valid,Normal,Normal
Tamil Nadu,Dharmapuri,Harur(Uzhavar Sandhai ),Tomato,Deshi,Local,2026-09-20 00:00:00,2000,2500,2250,500,25.00%,Valid,Normal,Normal
Tamil Nadu,Dharmapuri,Harur(Uzhavar Sandhai ),Bitter gourd,Bitter Gourd,Local,2026-09-20 00:00:00,5000,6000,5500,1000,20.00%,Valid,Normal,Normal
Tamil Nadu,Dharmapuri,Harur(Uzhavar Sandhai ),Amaranthus,Amaranthus,Local,2026-09-20 00:00:00,2500,3000,2750,500,20.00%,Valid,Normal,Normal
Tamil Nadu,Dharmapuri,Harur(Uzhavar Sandhai ),Ginger(Green),Green Ginger,Local,2026-09-20 00:00:00,12000,18000,15000,6000,50.00%,Valid,Normal,Normal
Tamil Nadu,Dharmapuri,Harur(Uzhavar Sandhai ),Knool Khol,Knool Khol,Local,2026-09-20 00:00:00,4500,5000,4750,500,11.11%,Valid,Normal,Normal
Tamil Nadu,Dharmapuri,Harur(Uzhavar Sandhai ),Lemon,Lemon,Local,2026-09-20 00:00:00,14000,15000,14500,1000,7.14%,Valid,Normal,Normal
Tamil Nadu,Krishnagiri,Kaveripattinam(Uzhavar Sandhai ),Cluster beans,Cluster Beans,Local,2026-09-20 00:00:00,4000,4000,4000,0,0.00%,Valid,Normal,Normal
Tamil Nadu,Krishnagiri,Kaveripattinam(Uzhavar Sandhai ),Ridgeguard(Tori),Ridgeguard(Tori),Local,2026-09-20 00:00:00,5000,5000,5000,0,0.00%,Valid,Normal,Normal
Tamil Nadu,Krishnagiri,Kaveripattinam(Uzhavar Sandhai ),Raddish,Raddish,Local,2026-09-20 00:00:00,3000,3000,3000,0,0.00%,Valid,Normal,Normal
Tamil Nadu,Krishnagiri,Kaveripattinam(Uzhavar Sandhai ),Lemon,Lemon,Local,2026-09-20 00:00:00,12000,12000,12000,0,0.00%,Valid,Normal,Normal
Tamil Nadu,The Nilgiris,Coonoor(Uzhavar Sandhai ),Brinjal,Other,Local,2026-09-20 00:00:00,3500,3800,3650,300,8.57%,Valid,Normal,Normal
Tamil Nadu,The Nilgiris,Coonoor(Uzhavar Sandhai ),Onion,Bellary,Local,2026-09-20 00:00:00,6400,6800,6600,400,6.25%,Valid,Normal,Normal
Tamil Nadu,The Nilgiris,Coonoor(Uzhavar Sandhai ),Coriander(Leaves),I Sort,Local,2026-09-20 00:00:00,5000,5400,5200,400,8.00%,Valid,Normal,Normal
Tamil Nadu,The Nilgiris,Coonoor(Uzhavar Sandhai ),Bottle gourd,Bottle Gourd,Local,2026-09-20 00:00:00,3000,3300,3150,300,10.00%,Valid,Normal,Normal
Tamil Nadu,The Nilgiris,Coonoor(Uzhavar Sandhai ),Tapioca,Tapioca,Local,2026-09-20 00:00:00,3000,3400,3200,400,13.33%,Valid,Normal,Normal
Tamil Nadu,The Nilgiris,Gudalur(Uzhavar Sandhai ),Brinjal,Round,Local,2026-09-20 00:00:00,4000,4500,4250,500,12.50%,Valid,Normal,Normal
Tamil Nadu,The Nilgiris,Gudalur(Uzhavar Sandhai ),Potato,Red Nanital,Local,2026-09-20 00:00:00,4000,5000,4500,1000,25.00%,Valid,Normal,Normal
Tamil Nadu,The Nilgiris,Gudalur(Uzhavar Sandhai ),Tomato,Deshi,Local,2026-09-20 00:00:00,2500,3000,2750,500,20.00%,Valid,Normal,Normal
Tamil Nadu,The Nilgiris,Gudalur(Uzhavar Sandhai ),Green Chilli,Green Chilly,Local,2026-09-20 00:00:00,4500,5000,4750,500,11.11%,Valid,Normal,Normal
Tamil Nadu,The Nilgiris,Gudalur(Uzhavar Sandhai ),Tapioca,Tapioca,Local,2026-09-20 00:00:00,3000,3500,3250,500,16.67%,Valid,Normal,Normal
Tamil Nadu,The Nilgiris,Gudalur(Uzhavar Sandhai ),Ginger(Green),Green Ginger,Local,2026-09-20 00:00:00,10000,15000,12500,5000,50.00%,Valid,Normal,Normal
Tamil Nadu,The Nilgiris,Gudalur(Uzhavar Sandhai ),Snakeguard,Snakeguard,Local,2026-09-20 00:00:00,3500,4000,3750,500,14.29%,Valid,Normal,Normal
Tamil Nadu,The Nilgiris,Gudalur(Uzhavar Sandhai ),Raddish,Raddish,Local,2026-09-20 00:00:00,3000,3500,3250,500,16.67%,Valid,Normal,Normal
Tamil Nadu,The Nilgiris,Gudalur(Uzhavar Sandhai ),Knool Khol,Knool Khol,Local,2026-09-20 00:00:00,4500,5000,4750,500,11.11%,Valid,Normal,Normal
Odisha,Angul,Angul APMC,Bhindi(Ladies Finger),Other,Grade B,2026-09-20 00:00:00,3200,3200,3200,0,0.00%,Valid,Normal,Normal
Odisha,Angul,Angul APMC,Cucumbar(Kheera),Other,Grade B,2026-09-20 00:00:00,3500,3500,3500,0,0.00%,Valid,Normal,Normal
Odisha,Bargarh,Attabira APMC,Brinjal,Other,Local,2026-09-20 00:00:00,2650,3100,2900,450,16.98%,Valid,Normal,Normal
Uttar Pradesh,Agra,Agra APMC,Green Chilli,Other,FAQ,2026-09-20 00:00:00,1500,1500,1500,0,0.00%,Valid,Normal,Normal
Punjab,Tarntaran,Patti APMC,Apple,Other,Grade B,2026-09-20 00:00:00,1000,1000,1000,0,0.00%,Valid,Normal,Normal
Punjab,Tarntaran,Patti APMC,Bhindi(Ladies Finger),Other,Local,2026-09-20 00:00:00,0.02,0.02,0.02,0,0.00%,Valid,Review,Normal
Punjab,Tarntaran,Patti APMC,Cucumbar(Kheera),Cucumbar,Local,2026-09-20 00:00:00,0.04,0.04,0.04,0,0.00%,Valid,Review,Normal
Uttarakhand,Dehradoon,Vikasnagar APMC,Tomato,Other,Medium,2026-09-20 00:00:00,900,1200,1200,300,33.33%,Valid,Normal,Normal
Uttarakhand,Dehradoon,Vikasnagar APMC,Cucumbar(Kheera),Other,Medium,2026-09-20 00:00:00,500,1200,1200,700,140.00%,Valid,Normal,Normal
Uttarakhand,Dehradoon,Vikasnagar APMC,Bitter gourd,Other,Medium,2026-09-20 00:00:00,1200,1300,1300,100,8.33%,Valid,Normal,Normal
Uttarakhand,Dehradoon,Vikasnagar APMC,Mousambi(Sweet Lime),Other,Medium,2026-09-20 00:00:00,1500,1600,1600,100,6.67%,Valid,Normal,Normal
Odisha,Jharsuguda,Jharsuguda APMC,Tomato,Other,Grade A,2026-09-20 00:00:00,3000,4000,3500,1000,33.33%,Valid,Normal,Normal
Haryana,Hissar,Hansi APMC,Apple,Other,Grade B,2026-09-20 00:00:00,4000,12000,8000,8000,200.00%,Valid,Normal,Normal
Haryana,Hissar,Hansi APMC,Capsicum,Other,FAQ,2026-09-20 00:00:00,4000,5000,4500,1000,25.00%,Valid,Normal,Normal
Haryana,Hissar,Hansi APMC,Cucumbar(Kheera),Other,FAQ,2026-09-20 00:00:00,2000,3000,2500,1000,50.00%,Valid,Normal,Normal
Haryana,Hissar,Hansi APMC,Bottle gourd,Other,FAQ,2026-09-20 00:00:00,600,800,700,200,33.33%,Valid,Normal,Normal
Haryana,Hissar,Hansi APMC,Bitter gourd,Other,FAQ,2026-09-20 00:00:00,3000,3500,3250,500,16.67%,Valid,Normal,Normal
Haryana,Hissar,Hansi APMC,Karbuja(Musk Melon),Other,Grade B,2026-09-20 00:00:00,4000,5000,4500,1000,25.00%,Valid,Normal,Normal
Haryana,Hissar,Hansi APMC,Water Melon,Other,Grade B,2026-09-20 00:00:00,2500,3000,2750,500,20.00%,Valid,Normal,Normal
Haryana,Hissar,Hansi APMC,Beetroot,Other,FAQ,2026-09-20 00:00:00,6000,8000,7000,2000,33.33%,Valid,Normal,Normal
Uttar Pradesh,Maharajganj,Partaval APMC,Wheat,Dara,FAQ,2026-09-20 00:00:00,2400,2400,2400,0,0.00%,Valid,Normal,Normal
Uttarakhand,Haridwar,Lakshar APMC,Wheat,Other,Local,2026-09-20 00:00:00,2585,2600,2600,15,0.58%,Valid,Normal,Normal
Keralam,Kollam,Chathanoor Market,Potato,Other,FAQ,2026-09-20 00:00:00,3800,4200,4000,400,10.53%,Valid,Normal,Normal
Keralam,Kollam,Chathanoor Market,Ginger(Green),Other,FAQ,2026-09-20 00:00:00,20000,22500,21200,2500,12.50%,Valid,Normal,Normal
Keralam,Kollam,Chathanoor Market,Onion,Other,FAQ,2026-09-20 00:00:00,5800,6200,6000,400,6.90%,Valid,Normal,Normal
Andhra Pradesh,Prakasam,Maddipadu APMC,Paddy(Common),B P T,FAQ,2026-09-20 00:00:00,2800,2800,2800,0,0.00%,Valid,Normal,Normal
Keralam,Kozhikode(Calicut),Mukkom Market,Amaranthus,Amaranthus,FAQ,2026-09-20 00:00:00,3400,3600,3500,200,5.88%,Valid,Normal,Normal
Telangana,Ranga Reddy,"Saroornagar,RBZ",Banana - Green,Banana - Green,Medium,2026-09-20 00:00:00,4000,4000,4000,0,0.00%,Valid,Normal,Normal
Telangana,Ranga Reddy,"Saroornagar,RBZ",Beetroot,Beetroot,Medium,2026-09-20 00:00:00,2800,2800,2800,0,0.00%,Valid,Normal,Normal
Telangana,Ranga Reddy,"Saroornagar,RBZ",Carrot,Other,Medium,2026-09-20 00:00:00,5000,5000,5000,0,0.00%,Valid,Normal,Normal
Telangana,Ranga Reddy,"Saroornagar,RBZ",Cucumbar(Kheera),Cucumbar,Medium,2026-09-20 00:00:00,2300,2300,2300,0,0.00%,Valid,Normal,Normal
Keralam,Idukki,Kattappana Market,Colacasia,Other,Medium,2026-09-20 00:00:00,5500,6400,6000,900,16.36%,Valid,Normal,Normal
Keralam,Idukki,Kattappana Market,Drumstick,Other,Medium,2026-09-20 00:00:00,4500,5500,4800,1000,22.22%,Valid,Normal,Normal
Keralam,Idukki,Kattappana Market,Onion,Small,Medium,2026-09-20 00:00:00,8000,8700,8500,700,8.75%,Valid,Normal,Normal
Keralam,Idukki,Kattappana Market,Onion,Big,Medium,2026-09-20 00:00:00,6000,6500,6500,500,8.33%,Valid,Normal,Normal
Keralam,Idukki,Kattappana Market,Cowpea(Veg),Other,Medium,2026-09-20 00:00:00,5800,6000,6000,200,3.45%,Valid,Normal,Normal
Keralam,Idukki,Kattappana Market,Apple,Other,Grade B,2026-09-20 00:00:00,21000,23000,21800,2000,9.52%,Valid,Normal,Normal
Keralam,Idukki,Kattappana Market,Pineapple,Other,Medium,2026-09-20 00:00:00,4800,6000,5500,1200,25.00%,Valid,Normal,Normal
Haryana,Rewari,Kosli APMC,Mousambi(Sweet Lime),Other,Medium,2026-09-20 00:00:00,3000,3000,3000,0,0.00%,Valid,Normal,Normal
Haryana,Rewari,Kosli APMC,Cabbage,Other,FAQ,2026-09-20 00:00:00,2000,2000,2000,0,0.00%,Valid,Normal,Normal
Haryana,Rewari,Kosli APMC,Onion,Other,FAQ,2026-09-20 00:00:00,2500,2500,2500,0,0.00%,Valid,Normal,Normal
Haryana,Rewari,Kosli APMC,Raddish,Other,FAQ,2026-09-20 00:00:00,1000,1000,1000,0,0.00%,Valid,Normal,Normal
Punjab,Gurdaspur,Quadian APMC,Ginger(Green),Other,Grade A,2026-09-20 00:00:00,7800,8000,7900,200,2.56%,Valid,Normal,Normal
Punjab,Gurdaspur,Quadian APMC,Capsicum,Other,Grade A,2026-09-20 00:00:00,3500,3700,3600,200,5.71%,Valid,Normal,Normal
Punjab,Gurdaspur,Quadian APMC,Cabbage,Other,Grade A,2026-09-20 00:00:00,1000,1200,1100,200,20.00%,Valid,Normal,Normal
Rajasthan,Jalore,Jalore APMC,Bottle gourd,Bottle Gourd,Local,2026-09-20 00:00:00,800,1000,900,200,25.00%,Valid,Normal,Normal
Rajasthan,Jalore,Jalore APMC,Banana - Green,Other,Local,2026-09-20 00:00:00,3500,4000,3800,500,14.29%,Valid,Normal,Normal
Rajasthan,Jalore,Jalore APMC,Bitter gourd,Other,Local,2026-09-20 00:00:00,2500,2800,2600,300,12.00%,Valid,Normal,Normal
Rajasthan,Jalore,Jalore APMC,Ridgeguard(Tori),Other,Local,2026-09-20 00:00:00,1800,2000,1900,200,11.11%,Valid,Normal,Normal
Rajasthan,Jalore,Jalore APMC,Brinjal,Brinjal,Local,2026-09-20 00:00:00,1500,1800,1600,300,20.00%,Valid,Normal,Normal
Rajasthan,Jalore,Jalore APMC,Onion Green,Onion Green,Local,2026-09-20 00:00:00,3500,4000,3800,500,14.29%,Valid,Normal,Normal
Keralam,Alappuzha,Harippad Market,Banana - Green,Other,FAQ,2026-09-20 00:00:00,6000,6500,6000,500,8.33%,Valid,Normal,Normal
Andhra Pradesh,Nandyal,Atmakur (Nandyal District) APMC,Paddy(Common),Sona,FAQ,2026-09-20 00:00:00,2320,2441,2400,121,5.22%,Valid,Normal,Normal
Andhra Pradesh,Nandyal,Koilkunta APMC,Jowar(Sorghum),Jowar ( White),FAQ,2026-09-20 00:00:00,3000,3400,3200,400,13.33%,Valid,Normal,Normal
Tamil Nadu,Thirupur,Tiruppur (South) (Uzhavar Sandhai ),Banana,Red Banana,Local,2026-09-20 00:00:00,5000,6000,5500,1000,20.00%,Valid,Normal,Normal
Tamil Nadu,Thirupur,Tiruppur (South) (Uzhavar Sandhai ),Cauliflower,Ranchi,Local,2026-09-20 00:00:00,3000,4000,3500,1000,33.33%,Valid,Normal,Normal
Tamil Nadu,Thirupur,Tiruppur (South) (Uzhavar Sandhai ),Bottle gourd,Bottle Gourd,Local,2026-09-20 00:00:00,1500,2000,1750,500,33.33%,Valid,Normal,Normal
Tamil Nadu,Thirupur,Tiruppur (South) (Uzhavar Sandhai ),Ginger(Green),Green Ginger,Local,2026-09-20 00:00:00,13000,15000,14000,2000,15.38%,Valid,Normal,Normal
Tamil Nadu,Thirupur,Tiruppur (South) (Uzhavar Sandhai ),Coconut,Coconut,Local,2026-09-20 00:00:00,5000,6000,5500,1000,20.00%,Valid,Normal,Normal
Tamil Nadu,Thirupur,Tiruppur (South) (Uzhavar Sandhai ),Amla(Nelli Kai),Amla,Local,2026-09-20 00:00:00,7000,8000,7500,1000,14.29%,Valid,Normal,Normal
Tamil Nadu,Erode,Perundurai(Uzhavar Sandhai ),Brinjal,Round,Local,2026-09-20 00:00:00,3500,4000,3750,500,14.29%,Valid,Normal,Normal
Tamil Nadu,Erode,Perundurai(Uzhavar Sandhai ),Banana,Besrai,Local,2026-09-20 00:00:00,3000,3500,3250,500,16.67%,Valid,Normal,Normal
Tamil Nadu,Erode,Perundurai(Uzhavar Sandhai ),Tomato,Deshi,Local,2026-09-20 00:00:00,2500,2800,2650,300,12.00%,Valid,Normal,Normal
Tamil Nadu,Erode,Perundurai(Uzhavar Sandhai ),Ashgourd,Gouard,Local,2026-09-20 00:00:00,2000,2200,2100,200,10.00%,Valid,Normal,Normal
Tamil Nadu,Erode,Perundurai(Uzhavar Sandhai ),Amaranthus,Amaranthus,Local,2026-09-20 00:00:00,4000,4400,4200,400,10.00%,Valid,Normal,Normal
Tamil Nadu,Erode,Perundurai(Uzhavar Sandhai ),Coconut,Coconut,Local,2026-09-20 00:00:00,5000,5500,5250,500,10.00%,Valid,Normal,Normal
Tamil Nadu,Erode,Perundurai(Uzhavar Sandhai ),Ridgeguard(Tori),Ridgeguard(Tori),Local,2026-09-20 00:00:00,4000,4400,4200,400,10.00%,Valid,Normal,Normal
Tamil Nadu,Erode,Perundurai(Uzhavar Sandhai ),Drumstick,Drumstick,Local,2026-09-20 00:00:00,3500,4000,3750,500,14.29%,Valid,Normal,Normal
Tamil Nadu,Erode,Perundurai(Uzhavar Sandhai ),Mint(Pudina),Mint(Pudina),Local,2026-09-20 00:00:00,3000,3400,3200,400,13.33%,Valid,Normal,Normal
Tamil Nadu,Dharmapuri,Dharmapuri(Uzhavar Sandhai ),Coriander(Leaves),I Sort,Local,2026-09-20 00:00:00,4600,5000,4800,400,8.70%,Valid,Normal,Normal
Tamil Nadu,Dharmapuri,Dharmapuri(Uzhavar Sandhai ),Green Peas,Green Peas,Local,2026-09-20 00:00:00,15500,16200,15850,700,4.52%,Valid,Normal,Normal
Tamil Nadu,Dharmapuri,Dharmapuri(Uzhavar Sandhai ),Ginger(Green),Green Ginger,Local,2026-09-20 00:00:00,21000,22000,21500,1000,4.76%,Valid,Normal,Normal
Tamil Nadu,Dharmapuri,Dharmapuri(Uzhavar Sandhai ),Beetroot,Beetroot,Local,2026-09-20 00:00:00,4800,5200,5000,400,8.33%,Valid,Normal,Normal
Tamil Nadu,Dharmapuri,Dharmapuri(Uzhavar Sandhai ),Thondekai,Thondekai,Local,2026-09-20 00:00:00,4200,4500,4350,300,7.14%,Valid,Normal,Normal
Tamil Nadu,Dharmapuri,Dharmapuri(Uzhavar Sandhai ),Capsicum,Capsicum,Local,2026-09-20 00:00:00,6500,7000,6750,500,7.69%,Valid,Normal,Normal
Tamil Nadu,Dharmapuri,Dharmapuri(Uzhavar Sandhai ),Green Avare(W),Green Avare (W),Local,2026-09-20 00:00:00,4600,5000,4800,400,8.70%,Valid,Normal,Normal
Tamil Nadu,Dharmapuri,Dharmapuri(Uzhavar Sandhai ),Drumstick,Drumstick,Local,2026-09-20 00:00:00,2600,3000,2800,400,15.38%,Valid,Normal,Normal
Tamil Nadu,Dharmapuri,Dharmapuri(Uzhavar Sandhai ),Knool Khol,Knool Khol,Local,2026-09-20 00:00:00,4500,4800,4650,300,6.67%,Valid,Normal,Normal
Tamil Nadu,Dharmapuri,Dharmapuri(Uzhavar Sandhai ),Elephant Yam(Suran)/Amorphophallus,Elephant Yam (Suran),Local,2026-09-20 00:00:00,6200,6400,6300,200,3.23%,Valid,Normal,Normal
Tamil Nadu,Dharmapuri,Dharmapuri(Uzhavar Sandhai ),Amla(Nelli Kai),Amla,Local,2026-09-20 00:00:00,8500,9000,8750,500,5.88%,Valid,Normal,Normal
Tamil Nadu,Dharmapuri,Dharmapuri(Uzhavar Sandhai ),Sweet Corn,Sweet Corn,Local,2026-09-20 00:00:00,2800,3000,2900,200,7.14%,Valid,Normal,Normal
Tamil Nadu,Dharmapuri,Palacode(Uzhavar Sandhai ),Garlic,Garlic,Local,2026-09-20 00:00:00,20500,21000,20750,500,2.44%,Valid,Normal,Normal
Tamil Nadu,Dharmapuri,Palacode(Uzhavar Sandhai ),Cauliflower,Ranchi,Local,2026-09-20 00:00:00,3000,3500,3250,500,16.67%,Valid,Normal,Normal
Tamil Nadu,Dharmapuri,Palacode(Uzhavar Sandhai ),Banana - Green,Banana - Green,Local,2026-09-20 00:00:00,2000,2500,2250,500,25.00%,Valid,Normal,Normal
Tamil Nadu,Dharmapuri,Palacode(Uzhavar Sandhai ),Carrot,Pusakesar,Local,2026-09-20 00:00:00,6000,6400,6200,400,6.67%,Valid,Normal,Normal
Tamil Nadu,Dharmapuri,Palacode(Uzhavar Sandhai ),Cabbage,Cabbage,Local,2026-09-20 00:00:00,2800,3000,2900,200,7.14%,Valid,Normal,Normal
Tamil Nadu,Dharmapuri,Palacode(Uzhavar Sandhai ),Ridgeguard(Tori),Ridgeguard(Tori),Local,2026-09-20 00:00:00,3400,3600,3500,200,5.88%,Valid,Normal,Normal
Tamil Nadu,Dharmapuri,Palacode(Uzhavar Sandhai ),Green Avare(W),Green Avare (W),Local,2026-09-20 00:00:00,5500,6000,5750,500,9.09%,Valid,Normal,Normal
Tamil Nadu,Dharmapuri,Palacode(Uzhavar Sandhai ),Tamarind Fruit,Tamarind Fruit,Local,2026-09-20 00:00:00,10500,11000,10750,500,4.76%,Valid,Normal,Normal
Tamil Nadu,Dharmapuri,Pennagaram(Uzhavar Sandhai ),Onion,Bellary,Local,2026-09-20 00:00:00,6000,6500,6250,500,8.33%,Valid,Normal,Normal
Tamil Nadu,Dharmapuri,Pennagaram(Uzhavar Sandhai ),Potato,Red Nanital,Local,2026-09-20 00:00:00,2800,3000,2900,200,7.14%,Valid,Normal,Normal
Tamil Nadu,Dharmapuri,Pennagaram(Uzhavar Sandhai ),Coriander(Leaves),I Sort,Local,2026-09-20 00:00:00,7500,8000,7750,500,6.67%,Valid,Normal,Normal
Tamil Nadu,Dharmapuri,Pennagaram(Uzhavar Sandhai ),Bottle gourd,Bottle Gourd,Local,2026-09-20 00:00:00,2200,2400,2300,200,9.09%,Valid,Normal,Normal
Tamil Nadu,Dharmapuri,Pennagaram(Uzhavar Sandhai ),Green Chilli,Green Chilly,Local,2026-09-20 00:00:00,4000,4500,4250,500,12.50%,Valid,Normal,Normal
Tamil Nadu,Dharmapuri,Pennagaram(Uzhavar Sandhai ),Raddish,Raddish,Local,2026-09-20 00:00:00,2200,2400,2300,200,9.09%,Valid,Normal,Normal
Tamil Nadu,Dharmapuri,Pennagaram(Uzhavar Sandhai ),Capsicum,Capsicum,Local,2026-09-20 00:00:00,6500,7000,6750,500,7.69%,Valid,Normal,Normal
Tamil Nadu,Dharmapuri,Pennagaram(Uzhavar Sandhai ),Lemon,Lemon,Local,2026-09-20 00:00:00,27000,28000,27500,1000,3.70%,Valid,Normal,Normal
Tamil Nadu,Dindigul,Chinnalapatti(Uzhavar Sandhai ),Banana,Besrai,Local,2026-09-20 00:00:00,6000,7000,6500,1000,16.67%,Valid,Normal,Normal
Tamil Nadu,Dindigul,Chinnalapatti(Uzhavar Sandhai ),Cluster beans,Cluster Beans,Local,2026-09-20 00:00:00,3600,4000,3800,400,11.11%,Valid,Normal,Normal
Tamil Nadu,Dindigul,Chinnalapatti(Uzhavar Sandhai ),Bottle gourd,Bottle Gourd,Local,2026-09-20 00:00:00,2500,3000,2750,500,20.00%,Valid,Normal,Normal
Tamil Nadu,Dindigul,Chinnalapatti(Uzhavar Sandhai ),Bhindi(Ladies Finger),Bhindi,Local,2026-09-20 00:00:00,3600,4000,3800,400,11.11%,Valid,Normal,Normal
Tamil Nadu,Dindigul,Chinnalapatti(Uzhavar Sandhai ),Green Chilli,Green Chilly,Local,2026-09-20 00:00:00,5000,7000,6000,2000,40.00%,Valid,Normal,Normal
Tamil Nadu,Dindigul,Chinnalapatti(Uzhavar Sandhai ),Raddish,Raddish,Local,2026-09-20 00:00:00,3600,4000,3800,400,11.11%,Valid,Normal,Normal
Tamil Nadu,Dindigul,Chinnalapatti(Uzhavar Sandhai ),Chow Chow,Chow Chow,Local,2026-09-20 00:00:00,3600,4000,3800,400,11.11%,Valid,Normal,Normal
Tamil Nadu,Dindigul,Palani(Uzhavar Sandhai ),Brinjal,Other,Local,2026-09-20 00:00:00,4000,6000,5000,2000,50.00%,Valid,Normal,Normal
Tamil Nadu,Dindigul,Palani(Uzhavar Sandhai ),Banana,Red Banana,Local,2026-09-20 00:00:00,9000,10000,9500,1000,11.11%,Valid,Normal,Normal
Tamil Nadu,Dindigul,Palani(Uzhavar Sandhai ),Cluster beans,Cluster Beans,Local,2026-09-20 00:00:00,2400,3000,2700,600,25.00%,Valid,Normal,Normal
Tamil Nadu,Dindigul,Palani(Uzhavar Sandhai ),Amaranthus,Amaranthus,Local,2026-09-20 00:00:00,3000,4000,3500,1000,33.33%,Valid,Normal,Normal
Tamil Nadu,Dindigul,Palani(Uzhavar Sandhai ),Green Chilli,Green Chilly,Local,2026-09-20 00:00:00,4000,5000,4500,1000,25.00%,Valid,Normal,Normal
Tamil Nadu,Dindigul,Palani(Uzhavar Sandhai ),Cowpea(Veg),Cowpea (Veg),Local,2026-09-20 00:00:00,2500,3000,2750,500,20.00%,Valid,Normal,Normal
Tamil Nadu,Dindigul,Palani(Uzhavar Sandhai ),Coconut,Coconut,Local,2026-09-20 00:00:00,5000,5500,5250,500,10.00%,Valid,Normal,Normal
Tamil Nadu,Dindigul,Palani(Uzhavar Sandhai ),Lemon,Lemon,Local,2026-09-20 00:00:00,10000,28000,19000,18000,180.00%,Valid,Normal,Normal
Tamil Nadu,Erode,Periyar Nagar(Uzhavar Sandhai ),Brinjal,Round,Local,2026-09-20 00:00:00,2000,2500,2250,500,25.00%,Valid,Normal,Normal
Tamil Nadu,Erode,Periyar Nagar(Uzhavar Sandhai ),Banana,Red Banana,Local,2026-09-20 00:00:00,6000,6400,6200,400,6.67%,Valid,Normal,Normal
Tamil Nadu,Erode,Periyar Nagar(Uzhavar Sandhai ),Snakeguard,Snakeguard,Local,2026-09-20 00:00:00,3000,3600,3300,600,20.00%,Valid,Normal,Normal
Tamil Nadu,Erode,Periyar Nagar(Uzhavar Sandhai ),Green Avare(W),Green Avare (W),Local,2026-09-20 00:00:00,5500,6000,5750,500,9.09%,Valid,Normal,Normal
Tamil Nadu,Erode,Periyar Nagar(Uzhavar Sandhai ),Tender Coconut,Tender Coconut,Local,2026-09-20 00:00:00,3500,4000,3750,500,14.29%,Valid,Normal,Normal
Tamil Nadu,Kallakuruchi,Sankarapuram(Uzhavar Sandhai ),Potato,Red Nanital,Local,2026-09-20 00:00:00,3500,3500,3500,0,0.00%,Valid,Normal,Normal
Tamil Nadu,Kallakuruchi,Sankarapuram(Uzhavar Sandhai ),Coriander(Leaves),I Sort,Local,2026-09-20 00:00:00,6000,6000,6000,0,0.00%,Valid,Normal,Normal
Tamil Nadu,Kallakuruchi,Sankarapuram(Uzhavar Sandhai ),Chikoos(Sapota),Sapota,Local,2026-09-20 00:00:00,5000,5000,5000,0,0.00%,Valid,Normal,Normal
Tamil Nadu,Kallakuruchi,Sankarapuram(Uzhavar Sandhai ),Bitter gourd,Bitter Gourd,Local,2026-09-20 00:00:00,6000,7000,6500,1000,16.67%,Valid,Normal,Normal
Tamil Nadu,Kallakuruchi,Sankarapuram(Uzhavar Sandhai ),Ginger(Green),Green Ginger,Local,2026-09-20 00:00:00,18000,18000,18000,0,0.00%,Valid,Normal,Normal
Tamil Nadu,Kallakuruchi,Sankarapuram(Uzhavar Sandhai ),Carrot,Pusakesar,Local,2026-09-20 00:00:00,8000,8000,8000,0,0.00%,Valid,Normal,Normal
Tamil Nadu,Kallakuruchi,Sankarapuram(Uzhavar Sandhai ),Elephant Yam(Suran)/Amorphophallus,Elephant Yam (Suran),Local,2026-09-20 00:00:00,3000,3000,3000,0,0.00%,Valid,Normal,Normal
Tamil Nadu,Kancheepuram,Kundrathur(Uzhavar Sandhai ),Tomato,Other,Local,2026-09-20 00:00:00,3000,3000,3000,0,0.00%,Valid,Normal,Normal
Tamil Nadu,Kancheepuram,Kundrathur(Uzhavar Sandhai ),Green Chilli,Green Chilly,Local,2026-09-20 00:00:00,5000,6000,5500,1000,20.00%,Valid,Normal,Normal
Tamil Nadu,Kancheepuram,Kundrathur(Uzhavar Sandhai ),Snakeguard,Snakeguard,Local,2026-09-20 00:00:00,4000,4000,4000,0,0.00%,Valid,Normal,Normal
Tamil Nadu,Kancheepuram,Kundrathur(Uzhavar Sandhai ),Green Avare(W),Green Avare (W),Local,2026-09-20 00:00:00,4000,4000,4000,0,0.00%,Valid,Normal,Normal
Tamil Nadu,Kancheepuram,Sunguvarchatram(Uzhavar Sandhai ),Amaranthus,Amaranthus,Local,2026-09-20 00:00:00,3000,3000,3000,0,0.00%,Valid,Normal,Normal
Tamil Nadu,Kancheepuram,Sunguvarchatram(Uzhavar Sandhai ),Green Chilli,Green Chilly,Local,2026-09-20 00:00:00,5000,6000,5500,1000,20.00%,Valid,Normal,Normal
Tamil Nadu,Kancheepuram,Sunguvarchatram(Uzhavar Sandhai ),Snakeguard,Snakeguard,Local,2026-09-20 00:00:00,4000,4000,4000,0,0.00%,Valid,Normal,Normal
Tamil Nadu,Kancheepuram,Sunguvarchatram(Uzhavar Sandhai ),Green Avare(W),Green Avare (W),Local,2026-09-20 00:00:00,4000,4000,4000,0,0.00%,Valid,Normal,Normal
Tamil Nadu,Krishnagiri,Avallapalli(Uzhavar Sandhai ),Cauliflower,Ranchi,Local,2026-09-20 00:00:00,2500,3000,2750,500,20.00%,Valid,Normal,Normal
Tamil Nadu,Krishnagiri,Avallapalli(Uzhavar Sandhai ),Ashgourd,Gouard,Local,2026-09-20 00:00:00,2000,2500,2250,500,25.00%,Valid,Normal,Normal
Tamil Nadu,Krishnagiri,Avallapalli(Uzhavar Sandhai ),Cowpea(Veg),Cowpea (Veg),Local,2026-09-20 00:00:00,5500,6000,5750,500,9.09%,Valid,Normal,Normal
Tamil Nadu,Krishnagiri,Avallapalli(Uzhavar Sandhai ),Banana - Green,Banana - Green,Local,2026-09-20 00:00:00,3500,4000,3750,500,14.29%,Valid,Normal,Normal
Tamil Nadu,Krishnagiri,Avallapalli(Uzhavar Sandhai ),Raddish,Raddish,Local,2026-09-20 00:00:00,1000,1500,1250,500,50.00%,Valid,Normal,Normal
Tamil Nadu,Krishnagiri,Avallapalli(Uzhavar Sandhai ),Thondekai,Thondekai,Local,2026-09-20 00:00:00,2500,3000,2750,500,20.00%,Valid,Normal,Normal
Tamil Nadu,Krishnagiri,Avallapalli(Uzhavar Sandhai ),Tamarind Fruit,Tamarind Fruit,Local,2026-09-20 00:00:00,9000,10000,9500,1000,11.11%,Valid,Normal,Normal
Tamil Nadu,Krishnagiri,Avallapalli(Uzhavar Sandhai ),Indian Beans(Seam),Indian Beans (Seam),Local,2026-09-20 00:00:00,4500,5000,4750,500,11.11%,Valid,Normal,Normal
Tamil Nadu,Dharmapuri,Karimangalam(Uzhavar Sandhai),Brinjal,Other,Local,2026-09-20 00:00:00,2300,2500,2400,200,8.70%,Valid,Normal,Normal
Tamil Nadu,Dharmapuri,Karimangalam(Uzhavar Sandhai),Bottle gourd,Bottle Gourd,Local,2026-09-20 00:00:00,1800,2000,1900,200,11.11%,Valid,Normal,Normal
Tamil Nadu,Dharmapuri,Karimangalam(Uzhavar Sandhai),Green Chilli,Green Chilly,Local,2026-09-20 00:00:00,3800,4000,3900,200,5.26%,Valid,Normal,Normal
Tamil Nadu,Dharmapuri,Karimangalam(Uzhavar Sandhai),Tapioca,Tapioca,Local,2026-09-20 00:00:00,3000,3400,3200,400,13.33%,Valid,Normal,Normal
Tamil Nadu,Krishnagiri,Denkanikottai(Uzhavar Sandhai ),Brinjal,Round,Local,2026-09-20 00:00:00,2500,3000,2750,500,20.00%,Valid,Normal,Normal
Tamil Nadu,Krishnagiri,Denkanikottai(Uzhavar Sandhai ),Ashgourd,Gouard,Local,2026-09-20 00:00:00,2500,3000,2750,500,20.00%,Valid,Normal,Normal
Tamil Nadu,Krishnagiri,Denkanikottai(Uzhavar Sandhai ),Amaranthus,Amaranthus,Local,2026-09-20 00:00:00,2500,3000,2750,500,20.00%,Valid,Normal,Normal
Tamil Nadu,Krishnagiri,Denkanikottai(Uzhavar Sandhai ),Banana - Green,Banana - Green,Local,2026-09-20 00:00:00,3500,4000,3750,500,14.29%,Valid,Normal,Normal
Tamil Nadu,Krishnagiri,Denkanikottai(Uzhavar Sandhai ),Cucumbar(Kheera),Cucumbar,Local,2026-09-20 00:00:00,2000,2500,2250,500,25.00%,Valid,Normal,Normal
Tamil Nadu,Krishnagiri,Denkanikottai(Uzhavar Sandhai ),Ridgeguard(Tori),Ridgeguard(Tori),Local,2026-09-20 00:00:00,2500,3000,2750,500,20.00%,Valid,Normal,Normal
Tamil Nadu,Krishnagiri,Denkanikottai(Uzhavar Sandhai ),Thondekai,Thondekai,Local,2026-09-20 00:00:00,2500,3000,2750,500,20.00%,Valid,Normal,Normal
Tamil Nadu,Krishnagiri,Denkanikottai(Uzhavar Sandhai ),Onion Green,Onion Green,Local,2026-09-20 00:00:00,9000,9500,9250,500,5.56%,Valid,Normal,Normal
Tamil Nadu,Krishnagiri,Hosur(Uzhavar Sandhai ),Water Melon,Water Melon,Local,2026-09-20 00:00:00,2000,2500,2250,500,25.00%,Valid,Normal,Normal
Tamil Nadu,Krishnagiri,Hosur(Uzhavar Sandhai ),Green Chilli,Green Chilly,Local,2026-09-20 00:00:00,5500,6000,5750,500,9.09%,Valid,Normal,Normal
Tamil Nadu,Krishnagiri,Hosur(Uzhavar Sandhai ),Banana - Green,Banana - Green,Local,2026-09-20 00:00:00,4500,5000,4750,500,11.11%,Valid,Normal,Normal
Tamil Nadu,Krishnagiri,Hosur(Uzhavar Sandhai ),Beans,Beans (Whole),Local,2026-09-20 00:00:00,6500,7000,6750,500,7.69%,Valid,Normal,Normal
Tamil Nadu,Madurai,Anaiyur(Uzhavar Sandhai ),Apple,American,Local,2026-09-20 00:00:00,18000,27000,22500,9000,50.00%,Valid,Normal,Normal
Tamil Nadu,Madurai,Anaiyur(Uzhavar Sandhai ),Green Peas,Green Peas,Local,2026-09-20 00:00:00,12000,14000,13000,2000,16.67%,Valid,Normal,Normal
Tamil Nadu,Madurai,Anaiyur(Uzhavar Sandhai ),Papaya,Papaya,Local,2026-09-20 00:00:00,4500,5000,4750,500,11.11%,Valid,Normal,Normal
Tamil Nadu,Madurai,Anaiyur(Uzhavar Sandhai ),Amaranthus,Amaranthus,Local,2026-09-20 00:00:00,3000,3600,3300,600,20.00%,Valid,Normal,Normal
Tamil Nadu,Madurai,Anaiyur(Uzhavar Sandhai ),Beans,Beans (Whole),Local,2026-09-20 00:00:00,8000,9000,8500,1000,12.50%,Valid,Normal,Normal
Tamil Nadu,Madurai,Anaiyur(Uzhavar Sandhai ),Tapioca,Tapioca,Local,2026-09-20 00:00:00,3600,4000,3800,400,11.11%,Valid,Normal,Normal
Tamil Nadu,Madurai,Anaiyur(Uzhavar Sandhai ),Coconut,Coconut,Local,2026-09-20 00:00:00,6800,7000,6900,200,2.94%,Valid,Normal,Normal
Tamil Nadu,Madurai,Anaiyur(Uzhavar Sandhai ),Thondekai,Thondekai,Local,2026-09-20 00:00:00,3600,4000,3800,400,11.11%,Valid,Normal,Normal
Tamil Nadu,Madurai,Anaiyur(Uzhavar Sandhai ),Capsicum,Capsicum,Local,2026-09-20 00:00:00,6000,7000,6500,1000,16.67%,Valid,Normal,Normal
Tamil Nadu,Madurai,Anaiyur(Uzhavar Sandhai ),Green Avare(W),Green Avare (W),Local,2026-09-20 00:00:00,9000,11000,10000,2000,22.22%,Valid,Normal,Normal
Tamil Nadu,Madurai,Usilampatti(Uzhavar Sandhai ),Brinjal,Round,Local,2026-09-20 00:00:00,4500,5000,4750,500,11.11%,Valid,Normal,Normal
Tamil Nadu,Madurai,Usilampatti(Uzhavar Sandhai ),Tomato,Deshi,Local,2026-09-20 00:00:00,2400,2800,2600,400,16.67%,Valid,Normal,Normal
Tamil Nadu,Madurai,Usilampatti(Uzhavar Sandhai ),Ashgourd,Gouard,Local,2026-09-20 00:00:00,1600,1800,1700,200,12.50%,Valid,Normal,Normal
Tamil Nadu,Madurai,Usilampatti(Uzhavar Sandhai ),Tapioca,Tapioca,Local,2026-09-20 00:00:00,3600,4000,3800,400,11.11%,Valid,Normal,Normal
Tamil Nadu,Madurai,Usilampatti(Uzhavar Sandhai ),Drumstick,Drumstick,Local,2026-09-20 00:00:00,5000,6000,5500,1000,20.00%,Valid,Normal,Normal
Tamil Nadu,Madurai,Usilampatti(Uzhavar Sandhai ),Indian Beans(Seam),Indian Beans (Seam),Local,2026-09-20 00:00:00,5500,6000,5750,500,9.09%,Valid,Normal,Normal
Tamil Nadu,Nagapattinam,Sirkali(Uzhavar Sandhai ),Coriander(Leaves),I Sort,Local,2026-09-20 00:00:00,3500,4000,3750,500,14.29%,Valid,Normal,Normal
Tamil Nadu,Nagapattinam,Sirkali(Uzhavar Sandhai ),Tomato,Deshi,Local,2026-09-20 00:00:00,2500,3000,2750,500,20.00%,Valid,Normal,Normal
Tamil Nadu,Nagapattinam,Sirkali(Uzhavar Sandhai ),Cluster beans,Cluster Beans,Local,2026-09-20 00:00:00,4500,5000,4750,500,11.11%,Valid,Normal,Normal
Tamil Nadu,Nagapattinam,Sirkali(Uzhavar Sandhai ),Ashgourd,Gouard,Local,2026-09-20 00:00:00,2500,3000,2750,500,20.00%,Valid,Normal,Normal
Tamil Nadu,Nagapattinam,Sirkali(Uzhavar Sandhai ),Bhindi(Ladies Finger),Bhindi,Local,2026-09-20 00:00:00,4500,5000,4750,500,11.11%,Valid,Normal,Normal
Tamil Nadu,Nagapattinam,Sirkali(Uzhavar Sandhai ),Tapioca,Tapioca,Local,2026-09-20 00:00:00,4500,5000,4750,500,11.11%,Valid,Normal,Normal
Tamil Nadu,Nagapattinam,Sirkali(Uzhavar Sandhai ),Coconut,Coconut,Local,2026-09-20 00:00:00,3500,4000,3750,500,14.29%,Valid,Normal,Normal
Tamil Nadu,Nagapattinam,Sirkali(Uzhavar Sandhai ),Sweet Potato,Hosur Red,Local,2026-09-20 00:00:00,5500,6000,5750,500,9.09%,Valid,Normal,Normal
Tamil Nadu,Nagapattinam,Sirkali(Uzhavar Sandhai ),Snakeguard,Snakeguard,Local,2026-09-20 00:00:00,4500,5000,4750,500,11.11%,Valid,Normal,Normal
Tamil Nadu,Nagapattinam,Sirkali(Uzhavar Sandhai ),Drumstick,Drumstick,Local,2026-09-20 00:00:00,4500,5000,4750,500,11.11%,Valid,Normal,Normal
Tamil Nadu,Nagapattinam,Sirkali(Uzhavar Sandhai ),Yam(Ratalu),Yam (Ratalu),Local,2026-09-20 00:00:00,5500,6000,5750,500,9.09%,Valid,Normal,Normal
Tamil Nadu,Namakkal,Kumarapalayam(Uzhavar Sandhai ),Brinjal,Other,Local,2026-09-20 00:00:00,4700,5200,4950,500,10.64%,Valid,Normal,Normal
Tamil Nadu,Namakkal,Kumarapalayam(Uzhavar Sandhai ),Pumpkin,Pumpkin,Local,2026-09-20 00:00:00,1600,2000,1800,400,25.00%,Valid,Normal,Normal
Tamil Nadu,Namakkal,Kumarapalayam(Uzhavar Sandhai ),Banana - Green,Banana - Green,Local,2026-09-20 00:00:00,4000,4500,4250,500,12.50%,Valid,Normal,Normal
Tamil Nadu,Namakkal,Kumarapalayam(Uzhavar Sandhai ),Onion Green,Onion Green,Local,2026-09-20 00:00:00,7000,9000,8000,2000,28.57%,Valid,Normal,Normal
Tamil Nadu,Namakkal,Mohanur(Uzhavar Sandhai ),Coriander(Leaves),I Sort,Local,2026-09-20 00:00:00,7000,8000,7500,1000,14.29%,Valid,Normal,Normal
Tamil Nadu,Namakkal,Mohanur(Uzhavar Sandhai ),Bitter gourd,Other,Local,2026-09-20 00:00:00,5500,6000,5750,500,9.09%,Valid,Normal,Normal
Tamil Nadu,Namakkal,Mohanur(Uzhavar Sandhai ),Cabbage,Cabbage,Local,2026-09-20 00:00:00,3000,3500,3250,500,16.67%,Valid,Normal,Normal
Tamil Nadu,Namakkal,Mohanur(Uzhavar Sandhai ),Drumstick,Drumstick,Local,2026-09-20 00:00:00,2800,3200,3000,400,14.29%,Valid,Normal,Normal
Tamil Nadu,Namakkal,Mohanur(Uzhavar Sandhai ),Mint(Pudina),Mint(Pudina),Local,2026-09-20 00:00:00,5000,6000,5500,1000,20.00%,Valid,Normal,Normal
Tamil Nadu,Namakkal,Namakkal(Uzhavar Sandhai ),Green Peas,Green Peas,Local,2026-09-20 00:00:00,15000,16000,15500,1000,6.67%,Valid,Normal,Normal
Tamil Nadu,Namakkal,Namakkal(Uzhavar Sandhai ),Mousambi(Sweet Lime),Mousambi,Local,2026-09-20 00:00:00,3500,4000,3750,500,14.29%,Valid,Normal,Normal
Tamil Nadu,Namakkal,Namakkal(Uzhavar Sandhai ),Pumpkin,Pumpkin,Local,2026-09-20 00:00:00,1200,1500,1350,300,25.00%,Valid,Normal,Normal
Tamil Nadu,Namakkal,Namakkal(Uzhavar Sandhai ),Banana - Green,Banana - Green,Local,2026-09-20 00:00:00,4000,4500,4250,500,12.50%,Valid,Normal,Normal
Tamil Nadu,Namakkal,Namakkal(Uzhavar Sandhai ),Beans,Beans (Whole),Local,2026-09-20 00:00:00,7000,7500,7250,500,7.14%,Valid,Normal,Normal
Tamil Nadu,Namakkal,Namakkal(Uzhavar Sandhai ),Snakeguard,Snakeguard,Local,2026-09-20 00:00:00,5000,5500,5250,500,10.00%,Valid,Normal,Normal
Tamil Nadu,Namakkal,Namakkal(Uzhavar Sandhai ),Ridgeguard(Tori),Ridgeguard(Tori),Local,2026-09-20 00:00:00,6000,6500,6250,500,8.33%,Valid,Normal,Normal
Tamil Nadu,Namakkal,Namakkal(Uzhavar Sandhai ),Green Avare(W),Other,Local,2026-09-20 00:00:00,9000,10000,9500,1000,11.11%,Valid,Normal,Normal
Tamil Nadu,Namakkal,Namakkal(Uzhavar Sandhai ),Guava,Guava Allahabad,Local,2026-09-20 00:00:00,7000,8000,7500,1000,14.29%,Valid,Normal,Normal
Tamil Nadu,Namakkal,Namakkal(Uzhavar Sandhai ),Jasmine,Jasmine,Local,2026-09-20 00:00:00,45000,50000,47500,5000,11.11%,Valid,Normal,Normal
Tamil Nadu,Namakkal,Namakkal(Uzhavar Sandhai ),Lemon,Lemon,Local,2026-09-20 00:00:00,14000,15000,14500,1000,7.14%,Valid,Normal,Normal
Tamil Nadu,Namakkal,Namakkal(Uzhavar Sandhai ),Onion Green,Onion Green,Local,2026-09-20 00:00:00,4000,8800,6400,4800,120.00%,Valid,Normal,Normal
Tamil Nadu,Namakkal,Namakkal(Uzhavar Sandhai ),Baby Corn,Baby Corn,Grade A,2026-09-20 00:00:00,2000,2600,2300,600,30.00%,Valid,Normal,Normal
Tamil Nadu,Namakkal,Rasipuram(Uzhavar Sandhai ),Pineapple,Pine Apple,Local,2026-09-20 00:00:00,4500,5500,5000,1000,22.22%,Valid,Normal,Normal
Tamil Nadu,Namakkal,Rasipuram(Uzhavar Sandhai ),Onion,Bellary,Local,2026-09-20 00:00:00,6000,6500,6250,500,8.33%,Valid,Normal,Normal
Tamil Nadu,Namakkal,Rasipuram(Uzhavar Sandhai ),Water Melon,Water Melon,Local,2026-09-20 00:00:00,1500,2000,1750,500,33.33%,Valid,Normal,Normal
Tamil Nadu,Namakkal,Rasipuram(Uzhavar Sandhai ),Bottle gourd,Bottle Gourd,Local,2026-09-20 00:00:00,1500,2200,1850,700,46.67%,Valid,Normal,Normal
Tamil Nadu,Namakkal,Rasipuram(Uzhavar Sandhai ),Beans,Beans (Whole),Local,2026-09-20 00:00:00,7500,8500,8000,1000,13.33%,Valid,Normal,Normal
Tamil Nadu,Namakkal,Rasipuram(Uzhavar Sandhai ),Tapioca,Tapioca,Local,2026-09-20 00:00:00,3800,4000,3900,200,5.26%,Valid,Normal,Normal
Tamil Nadu,Namakkal,Rasipuram(Uzhavar Sandhai ),Ridgeguard(Tori),Ridgeguard(Tori),Local,2026-09-20 00:00:00,5500,6000,5750,500,9.09%,Valid,Normal,Normal
Tamil Nadu,Namakkal,Rasipuram(Uzhavar Sandhai ),Green Avare(W),Other,Local,2026-09-20 00:00:00,7500,8500,8000,1000,13.33%,Valid,Normal,Normal
Tamil Nadu,Namakkal,Rasipuram(Uzhavar Sandhai ),Drumstick,Drumstick,Local,2026-09-20 00:00:00,3000,3500,3250,500,16.67%,Valid,Normal,Normal
Tamil Nadu,Namakkal,Rasipuram(Uzhavar Sandhai ),Tamarind Fruit,Tamarind Fruit,Local,2026-09-20 00:00:00,13000,15000,14000,2000,15.38%,Valid,Normal,Normal
Tamil Nadu,Namakkal,Rasipuram(Uzhavar Sandhai ),Elephant Yam(Suran)/Amorphophallus,Elephant Yam (Suran),Local,2026-09-20 00:00:00,3500,4000,3750,500,14.29%,Valid,Normal,Normal
Tamil Nadu,Namakkal,Rasipuram(Uzhavar Sandhai ),Amla(Nelli Kai),Amla,Local,2026-09-20 00:00:00,8000,9000,8500,1000,12.50%,Valid,Normal,Normal
Tamil Nadu,Namakkal,Rasipuram(Uzhavar Sandhai ),Sweet Corn,Sweet Corn,Local,2026-09-20 00:00:00,2000,2500,2250,500,25.00%,Valid,Normal,Normal
Tamil Nadu,Thanjavur,Tirukattupalli(Uzhavar Sandhai ),Brinjal,Round,Local,2026-09-20 00:00:00,4000,4400,4200,400,10.00%,Valid,Normal,Normal
Tamil Nadu,Thanjavur,Tirukattupalli(Uzhavar Sandhai ),Tomato,Deshi,Local,2026-09-20 00:00:00,2800,2800,2800,0,0.00%,Valid,Normal,Normal
Tamil Nadu,Thanjavur,Tirukattupalli(Uzhavar Sandhai ),Banana - Green,Banana - Green,Local,2026-09-20 00:00:00,4000,4000,4000,0,0.00%,Valid,Normal,Normal
Tamil Nadu,Thanjavur,Tirukattupalli(Uzhavar Sandhai ),Coconut,Coconut,Local,2026-09-20 00:00:00,6000,6000,6000,0,0.00%,Valid,Normal,Normal
Tamil Nadu,Thanjavur,Tirukattupalli(Uzhavar Sandhai ),Raddish,Raddish,Local,2026-09-20 00:00:00,2800,2800,2800,0,0.00%,Valid,Normal,Normal
Tamil Nadu,Madurai,Palanganatham(Uzhavar Sandhai ),Onion,Bellary,Local,2026-09-20 00:00:00,6000,7000,6500,1000,16.67%,Valid,Normal,Normal
Tamil Nadu,Madurai,Palanganatham(Uzhavar Sandhai ),Potato,Other,Local,2026-09-20 00:00:00,4000,5500,4750,1500,37.50%,Valid,Normal,Normal
Tamil Nadu,Madurai,Palanganatham(Uzhavar Sandhai ),Bitter gourd,Bitter Gourd,Local,2026-09-20 00:00:00,5000,5500,5250,500,10.00%,Valid,Normal,Normal
Tamil Nadu,Madurai,Palanganatham(Uzhavar Sandhai ),Coconut,Coconut,Local,2026-09-20 00:00:00,6800,7000,6900,200,2.94%,Valid,Normal,Normal
Tamil Nadu,Madurai,Palanganatham(Uzhavar Sandhai ),Carrot,Pusakesar,Local,2026-09-20 00:00:00,3000,4000,3500,1000,33.33%,Valid,Normal,Normal
Tamil Nadu,Madurai,Palanganatham(Uzhavar Sandhai ),Raddish,Raddish,Local,2026-09-20 00:00:00,2400,2800,2600,400,16.67%,Valid,Normal,Normal
Tamil Nadu,Madurai,Palanganatham(Uzhavar Sandhai ),Drumstick,Drumstick,Local,2026-09-20 00:00:00,5000,6000,5500,1000,20.00%,Valid,Normal,Normal
Tamil Nadu,Madurai,Palanganatham(Uzhavar Sandhai ),Mint(Pudina),Mint(Pudina),Local,2026-09-20 00:00:00,5000,6000,5500,1000,20.00%,Valid,Normal,Normal
Tamil Nadu,Madurai,Anna nagar(Uzhavar Sandhai ),Pumpkin,Pumpkin,Local,2026-09-20 00:00:00,1800,2000,1900,200,11.11%,Valid,Normal,Normal
Tamil Nadu,Madurai,Anna nagar(Uzhavar Sandhai ),Amaranthus,Amaranthus,Local,2026-09-20 00:00:00,3000,3600,3300,600,20.00%,Valid,Normal,Normal
Tamil Nadu,Madurai,Anna nagar(Uzhavar Sandhai ),Beans,Beans (Whole),Local,2026-09-20 00:00:00,10000,11000,10500,1000,10.00%,Valid,Normal,Normal
Tamil Nadu,Madurai,Anna nagar(Uzhavar Sandhai ),Coconut,Coconut,Local,2026-09-20 00:00:00,6500,7000,6750,500,7.69%,Valid,Normal,Normal
Tamil Nadu,Madurai,Anna nagar(Uzhavar Sandhai ),Betal Leaves,Mysore,Local,2026-09-20 00:00:00,24000,28000,26000,4000,16.67%,Valid,Normal,Normal
Tamil Nadu,Madurai,Anna nagar(Uzhavar Sandhai ),Cabbage,Cabbage,Local,2026-09-20 00:00:00,2500,3000,2750,500,20.00%,Valid,Normal,Normal
Tamil Nadu,Madurai,Anna nagar(Uzhavar Sandhai ),Snakeguard,Snakeguard,Local,2026-09-20 00:00:00,3500,4000,3750,500,14.29%,Valid,Normal,Normal
Tamil Nadu,Madurai,Anna nagar(Uzhavar Sandhai ),Mango(Raw-Ripe),Mango - Raw-Ripe,Local,2026-09-20 00:00:00,10000,13000,11500,3000,30.00%,Valid,Normal,Normal
Tamil Nadu,Madurai,Anna nagar(Uzhavar Sandhai ),Guava,Guava Allahabad,Local,2026-09-20 00:00:00,6000,7000,6500,1000,16.67%,Valid,Normal,Normal
Tamil Nadu,Madurai,Anna nagar(Uzhavar Sandhai ),Elephant Yam(Suran)/Amorphophallus,Elephant Yam (Suran),Local,2026-09-20 00:00:00,4000,4500,4250,500,12.50%,Valid,Normal,Normal
Tamil Nadu,Madurai,Anna nagar(Uzhavar Sandhai ),Mint(Pudina),Mint(Pudina),Local,2026-09-20 00:00:00,5500,6000,5750,500,9.09%,Valid,Normal,Normal
Tamil Nadu,Perambalur,Perambalur(Uzhavar Sandhai ),Green Chilli,Green Chilly,Local,2026-09-20 00:00:00,4500,5000,4750,500,11.11%,Valid,Normal,Normal
Tamil Nadu,Perambalur,Perambalur(Uzhavar Sandhai ),Ginger(Green),Green Ginger,Local,2026-09-20 00:00:00,12000,18000,15000,6000,50.00%,Valid,Normal,Normal
Tamil Nadu,Perambalur,Perambalur(Uzhavar Sandhai ),Green Avare(W),Other,Local,2026-09-20 00:00:00,8000,8400,8200,400,5.00%,Valid,Normal,Normal
Tamil Nadu,Perambalur,Perambalur(Uzhavar Sandhai ),Pomegranate,Pomogranate,Local,2026-09-20 00:00:00,16000,18000,17000,2000,12.50%,Valid,Normal,Normal
Tamil Nadu,Perambalur,Perambalur(Uzhavar Sandhai ),Lemon,Lemon,Local,2026-09-20 00:00:00,12000,15000,13500,3000,25.00%,Valid,Normal,Normal
Tamil Nadu,Salem,Mecheri(Uzhavar Sandhai),Coriander(Leaves),I Sort,Local,2026-09-20 00:00:00,1500,2000,1750,500,33.33%,Valid,Normal,Normal
Tamil Nadu,Salem,Mecheri(Uzhavar Sandhai),Tomato,Deshi,Local,2026-09-20 00:00:00,2000,2500,2250,500,25.00%,Valid,Normal,Normal
Tamil Nadu,Salem,Mecheri(Uzhavar Sandhai),Cluster beans,Cluster Beans,Local,2026-09-20 00:00:00,3000,3500,3250,500,16.67%,Valid,Normal,Normal
Tamil Nadu,Salem,Mecheri(Uzhavar Sandhai),Raddish,Raddish,Local,2026-09-20 00:00:00,2000,2500,2250,500,25.00%,Valid,Normal,Normal
Tamil Nadu,Salem,Mecheri(Uzhavar Sandhai),Onion Green,Onion Green,Local,2026-09-20 00:00:00,7500,8000,7750,500,6.67%,Valid,Normal,Normal
Tamil Nadu,Ranipet,Arcot(Uzhavar Sandhai ),Brinjal,Other,Local,2026-09-20 00:00:00,5600,5600,5600,0,0.00%,Valid,Normal,Normal
Tamil Nadu,Ranipet,Arcot(Uzhavar Sandhai ),Groundnut,Big (With Shell),Local,2026-09-20 00:00:00,6000,6000,6000,0,0.00%,Valid,Normal,Normal
Tamil Nadu,Ranipet,Arcot(Uzhavar Sandhai ),Garlic,Garlic,Local,2026-09-20 00:00:00,20000,20000,20000,0,0.00%,Valid,Normal,Normal
Tamil Nadu,Ranipet,Arcot(Uzhavar Sandhai ),Cauliflower,Ranchi,Local,2026-09-20 00:00:00,3000,4000,3500,1000,33.33%,Valid,Normal,Normal
Tamil Nadu,Ranipet,Arcot(Uzhavar Sandhai ),Coriander(Leaves),I Sort,Local,2026-09-20 00:00:00,4000,4000,4000,0,0.00%,Valid,Normal,Normal
Tamil Nadu,Ranipet,Arcot(Uzhavar Sandhai ),Mousambi(Sweet Lime),Mousambi,Local,2026-09-20 00:00:00,5000,5000,5000,0,0.00%,Valid,Normal,Normal
Tamil Nadu,Ranipet,Arcot(Uzhavar Sandhai ),Bitter gourd,Bitter Gourd,Local,2026-09-20 00:00:00,4000,4000,4000,0,0.00%,Valid,Normal,Normal
Tamil Nadu,Ranipet,Arcot(Uzhavar Sandhai ),Snakeguard,Snakeguard,Local,2026-09-20 00:00:00,2000,2000,2000,0,0.00%,Valid,Normal,Normal
Tamil Nadu,Ranipet,Arcot(Uzhavar Sandhai ),Raddish,Raddish,Local,2026-09-20 00:00:00,2500,2500,2500,0,0.00%,Valid,Normal,Normal
Tamil Nadu,Ranipet,Arcot(Uzhavar Sandhai ),Tender Coconut,Tender Coconut,Local,2026-09-20 00:00:00,2500,3000,2750,500,20.00%,Valid,Normal,Normal
Tamil Nadu,Ranipet,Arcot(Uzhavar Sandhai ),Colacasia,Colacasia,Local,2026-09-20 00:00:00,4000,4000,4000,0,0.00%,Valid,Normal,Normal
Tamil Nadu,Ranipet,Ranipettai(Uzhavar Sandhai ),Mango,Neelam,Local,2026-09-20 00:00:00,12000,12000,12000,0,0.00%,Valid,Normal,Normal
Tamil Nadu,Ranipet,Ranipettai(Uzhavar Sandhai ),Onion,Bellary,Local,2026-09-20 00:00:00,5800,6000,5900,200,3.45%,Valid,Normal,Normal
Tamil Nadu,Ranipet,Ranipettai(Uzhavar Sandhai ),Bhindi(Ladies Finger),Bhindi,Local,2026-09-20 00:00:00,3000,3000,3000,0,0.00%,Valid,Normal,Normal
Tamil Nadu,Ranipet,Ranipettai(Uzhavar Sandhai ),Snakeguard,Snakeguard,Local,2026-09-20 00:00:00,3000,3000,3000,0,0.00%,Valid,Normal,Normal
Tamil Nadu,Ranipet,Ranipettai(Uzhavar Sandhai ),Raddish,Raddish,Local,2026-09-20 00:00:00,2000,2500,2250,500,25.00%,Valid,Normal,Normal
Tamil Nadu,Ranipet,Ranipettai(Uzhavar Sandhai ),Capsicum,Capsicum,Local,2026-09-20 00:00:00,5000,5000,5000,0,0.00%,Valid,Normal,Normal
Tamil Nadu,Ranipet,Ranipettai(Uzhavar Sandhai ),Tender Coconut,Tender Coconut,Local,2026-09-20 00:00:00,3000,4000,3500,1000,33.33%,Valid,Normal,Normal
Tamil Nadu,Ranipet,Ranipettai(Uzhavar Sandhai ),Indian Beans(Seam),Indian Beans (Seam),Local,2026-09-20 00:00:00,5600,5600,5600,0,0.00%,Valid,Normal,Normal
Tamil Nadu,Ranipet,Ranipettai(Uzhavar Sandhai ),Mint(Pudina),Mint(Pudina),Local,2026-09-20 00:00:00,4000,4000,4000,0,0.00%,Valid,Normal,Normal
Tamil Nadu,Salem,Ammapet(Uzhavar Sandhai ),Apple,American,Local,2026-09-20 00:00:00,17000,18000,17500,1000,5.88%,Valid,Normal,Normal
Tamil Nadu,Salem,Ammapet(Uzhavar Sandhai ),Onion,Bellary,Local,2026-09-20 00:00:00,6000,6500,6250,500,8.33%,Valid,Normal,Normal
Tamil Nadu,Salem,Ammapet(Uzhavar Sandhai ),Knool Khol,Knool Khol,Local,2026-09-20 00:00:00,4200,4500,4350,300,7.14%,Valid,Normal,Normal
Tamil Nadu,Salem,Ammapet(Uzhavar Sandhai ),Onion Green,Onion Green,Local,2026-09-20 00:00:00,8000,8400,8200,400,5.00%,Valid,Normal,Normal
Tamil Nadu,Salem,Mettur(Uzhavar Sandhai ),Brinjal,Other,Local,2026-09-20 00:00:00,2500,3000,2750,500,20.00%,Valid,Normal,Normal
Tamil Nadu,Salem,Mettur(Uzhavar Sandhai ),Tomato,Local,Local,2026-09-20 00:00:00,2000,2800,2400,800,40.00%,Valid,Normal,Normal
Tamil Nadu,Salem,Mettur(Uzhavar Sandhai ),Bottle gourd,Bottle Gourd,Local,2026-09-20 00:00:00,1500,2000,1750,500,33.33%,Valid,Normal,Normal
Tamil Nadu,Salem,Mettur(Uzhavar Sandhai ),Beans,Beans (Whole),Local,2026-09-20 00:00:00,7000,7500,7250,500,7.14%,Valid,Normal,Normal
Tamil Nadu,Salem,Mettur(Uzhavar Sandhai ),Cabbage,Cabbage,Local,2026-09-20 00:00:00,2500,3000,2750,500,20.00%,Valid,Normal,Normal
Tamil Nadu,Salem,Mettur(Uzhavar Sandhai ),Ridgeguard(Tori),Ridgeguard(Tori),Local,2026-09-20 00:00:00,3500,4000,3750,500,14.29%,Valid,Normal,Normal
Tamil Nadu,Salem,Mettur(Uzhavar Sandhai ),Raddish,Raddish,Local,2026-09-20 00:00:00,2000,2500,2250,500,25.00%,Valid,Normal,Normal
Tamil Nadu,Salem,Mettur(Uzhavar Sandhai ),Capsicum,Capsicum,Local,2026-09-20 00:00:00,6500,7000,6750,500,7.69%,Valid,Normal,Normal
Tamil Nadu,Salem,Mettur(Uzhavar Sandhai ),Chow Chow,Chow Chow,Local,2026-09-20 00:00:00,3500,4000,3750,500,14.29%,Valid,Normal,Normal
Tamil Nadu,Salem,Mettur(Uzhavar Sandhai ),Marigold(Calcutta),Marigold(Calcutta),Local,2026-09-20 00:00:00,16000,18000,17000,2000,12.50%,Valid,Normal,Normal
Tamil Nadu,Salem,Mettur(Uzhavar Sandhai ),Rose(Local),Rose (Local),Local,2026-09-20 00:00:00,14000,15000,14500,1000,7.14%,Valid,Normal,Normal
Tamil Nadu,Salem,Sooramangalam(Uzhavar Sandhai ),Bottle gourd,Bottle Gourd,Local,2026-09-20 00:00:00,2000,3000,2500,1000,50.00%,Valid,Normal,Normal
Tamil Nadu,Salem,Sooramangalam(Uzhavar Sandhai ),Beans,Beans (Whole),Local,2026-09-20 00:00:00,9000,9400,9200,400,4.44%,Valid,Normal,Normal
Tamil Nadu,Salem,Sooramangalam(Uzhavar Sandhai ),Green Avare(W),Other,Local,2026-09-20 00:00:00,5800,6000,5900,200,3.45%,Valid,Normal,Normal
Tamil Nadu,Salem,Sooramangalam(Uzhavar Sandhai ),Baby Corn,Baby Corn,Grade A,2026-09-20 00:00:00,2500,3000,2750,500,20.00%,Valid,Normal,Normal
Tamil Nadu,Thiruchirappalli,Thuraiyur APMC,Onion,Bellary,Local,2026-09-20 00:00:00,5000,6000,5500,1000,20.00%,Valid,Normal,Normal
Tamil Nadu,Thiruchirappalli,Thuraiyur APMC,Cauliflower,Ranchi,Local,2026-09-20 00:00:00,3000,4000,3500,1000,33.33%,Valid,Normal,Normal
Tamil Nadu,Thiruchirappalli,Thuraiyur APMC,Ashgourd,Gouard,Local,2026-09-20 00:00:00,1200,1800,1500,600,50.00%,Valid,Normal,Normal
Tamil Nadu,Thiruchirappalli,Thuraiyur APMC,Green Chilli,Green Chilly,Local,2026-09-20 00:00:00,3600,4200,3900,600,16.67%,Valid,Normal,Normal
Tamil Nadu,Thiruchirappalli,Thuraiyur APMC,Banana - Green,Banana - Green,Local,2026-09-20 00:00:00,2000,2500,2250,500,25.00%,Valid,Normal,Normal
Tamil Nadu,Thiruchirappalli,Thuraiyur APMC,Beans,Beans (Whole),Local,2026-09-20 00:00:00,6500,7600,7050,1100,16.92%,Valid,Normal,Normal
Tamil Nadu,Thiruchirappalli,Thuraiyur APMC,Tapioca,Tapioca,Local,2026-09-20 00:00:00,3500,4000,3750,500,14.29%,Valid,Normal,Normal
Tamil Nadu,Thiruchirappalli,Thuraiyur APMC,Mango(Raw-Ripe),Mango - Raw-Ripe,Local,2026-09-20 00:00:00,8000,10000,9000,2000,25.00%,Valid,Normal,Normal
Tamil Nadu,Thiruchirappalli,Thuraiyur APMC,Knool Khol,Knool Khol,Local,2026-09-20 00:00:00,3000,3500,3250,500,16.67%,Valid,Normal,Normal
Tamil Nadu,Thiruchirappalli,Thuraiyur APMC,Lemon,Lemon,Local,2026-09-20 00:00:00,20000,22000,21000,2000,10.00%,Valid,Normal,Normal
Tamil Nadu,Salem,Thammampatti (Uzhavar Sandhai ),Brinjal,Round,Local,2026-09-20 00:00:00,3000,4000,3500,1000,33.33%,Valid,Normal,Normal
Tamil Nadu,Salem,Thammampatti (Uzhavar Sandhai ),Onion,Bellary,Local,2026-09-20 00:00:00,6000,6500,6250,500,8.33%,Valid,Normal,Normal
Tamil Nadu,Salem,Thammampatti (Uzhavar Sandhai ),Garlic,Garlic,Local,2026-09-20 00:00:00,24000,28000,26000,4000,16.67%,Valid,Normal,Normal
Tamil Nadu,Salem,Thammampatti (Uzhavar Sandhai ),Raddish,Raddish,Local,2026-09-20 00:00:00,1500,2000,1750,500,33.33%,Valid,Normal,Normal
Tamil Nadu,Salem,Thathakapatti(Uzhavar Sandhai ),Garlic,Garlic,Local,2026-09-20 00:00:00,25000,28000,26500,3000,12.00%,Valid,Normal,Normal
Tamil Nadu,Salem,Thathakapatti(Uzhavar Sandhai ),Chikoos(Sapota),Sapota,Local,2026-09-20 00:00:00,3500,4000,3750,500,14.29%,Valid,Normal,Normal
Tamil Nadu,Salem,Thathakapatti(Uzhavar Sandhai ),Tomato,Deshi,Local,2026-09-20 00:00:00,2400,2800,2600,400,16.67%,Valid,Normal,Normal
Tamil Nadu,Salem,Thathakapatti(Uzhavar Sandhai ),Amaranthus,Amaranthus,Local,2026-09-20 00:00:00,2000,2400,2200,400,20.00%,Valid,Normal,Normal
Tamil Nadu,Salem,Thathakapatti(Uzhavar Sandhai ),Thondekai,Thondekai,Local,2026-09-20 00:00:00,3500,4000,3750,500,14.29%,Valid,Normal,Normal
Tamil Nadu,Salem,Thathakapatti(Uzhavar Sandhai ),Pomegranate,Pomogranate,Local,2026-09-20 00:00:00,14000,16000,15000,2000,14.29%,Valid,Normal,Normal
Tamil Nadu,Salem,Thathakapatti(Uzhavar Sandhai ),Sweet Corn,Sweet Corn,Local,2026-09-20 00:00:00,3500,4000,3750,500,14.29%,Valid,Normal,Normal
Tamil Nadu,Theni,Chinnamanur(Uzhavar Sandhai ),Cauliflower,Ranchi,Local,2026-09-20 00:00:00,3000,3500,3250,500,16.67%,Valid,Normal,Normal
Tamil Nadu,Theni,Chinnamanur(Uzhavar Sandhai ),Cluster beans,Cluster Beans,Local,2026-09-20 00:00:00,3200,3200,3200,0,0.00%,Valid,Normal,Normal
Tamil Nadu,Theni,Chinnamanur(Uzhavar Sandhai ),Beans,Beans (Whole),Local,2026-09-20 00:00:00,6800,8500,7650,1700,25.00%,Valid,Normal,Normal
Tamil Nadu,Theni,Chinnamanur(Uzhavar Sandhai ),Green Avare(W),Other,Local,2026-09-20 00:00:00,7600,7600,7600,0,0.00%,Valid,Normal,Normal
Tamil Nadu,Theni,Chinnamanur(Uzhavar Sandhai ),Drumstick,Drumstick,Local,2026-09-20 00:00:00,4400,4500,4450,100,2.27%,Valid,Normal,Normal
Tamil Nadu,Theni,Chinnamanur(Uzhavar Sandhai ),Onion Green,Onion Green,Local,2026-09-20 00:00:00,7000,9000,8000,2000,28.57%,Valid,Normal,Normal
Tamil Nadu,Theni,Kambam(Uzhavar Sandhai ),Cauliflower,Ranchi,Local,2026-09-20 00:00:00,3500,3500,3500,0,0.00%,Valid,Normal,Normal
Tamil Nadu,Theni,Kambam(Uzhavar Sandhai ),Bitter gourd,Other,Local,2026-09-20 00:00:00,3800,3800,3800,0,0.00%,Valid,Normal,Normal
Tamil Nadu,Theni,Kambam(Uzhavar Sandhai ),Amaranthus,Amaranthus,Local,2026-09-20 00:00:00,2500,2500,2500,0,0.00%,Valid,Normal,Normal
Tamil Nadu,Theni,Kambam(Uzhavar Sandhai ),Beetroot,Beetroot,Local,2026-09-20 00:00:00,3600,3600,3600,0,0.00%,Valid,Normal,Normal
Tamil Nadu,Theni,Kambam(Uzhavar Sandhai ),Cucumbar(Kheera),Cucumbar,Local,2026-09-20 00:00:00,2200,2200,2200,0,0.00%,Valid,Normal,Normal
Tamil Nadu,Theni,Kambam(Uzhavar Sandhai ),Raddish,Raddish,Local,2026-09-20 00:00:00,2400,2400,2400,0,0.00%,Valid,Normal,Normal
Tamil Nadu,Theni,Theni(Uzhavar Sandhai ),Brinjal,Other,Local,2026-09-20 00:00:00,3000,3600,3300,600,20.00%,Valid,Normal,Normal
Tamil Nadu,Theni,Theni(Uzhavar Sandhai ),Pineapple,Pine Apple,Local,2026-09-20 00:00:00,8000,8000,8000,0,0.00%,Valid,Normal,Normal
Tamil Nadu,Theni,Theni(Uzhavar Sandhai ),Papaya,Papaya,Local,2026-09-20 00:00:00,3000,3500,3250,500,16.67%,Valid,Normal,Normal
Tamil Nadu,Theni,Theni(Uzhavar Sandhai ),Water Melon,Water Melon,Local,2026-09-20 00:00:00,2500,2500,2500,0,0.00%,Valid,Normal,Normal
Tamil Nadu,Theni,Theni(Uzhavar Sandhai ),Amaranthus,Amaranthus,Local,2026-09-20 00:00:00,1500,2000,1750,500,33.33%,Valid,Normal,Normal
Tamil Nadu,Theni,Theni(Uzhavar Sandhai ),Betal Leaves,Mysore,Local,2026-09-20 00:00:00,22000,22000,22000,0,0.00%,Valid,Normal,Normal
Tamil Nadu,Theni,Theni(Uzhavar Sandhai ),Carrot,Pusakesar,Local,2026-09-20 00:00:00,2500,3400,2950,900,36.00%,Valid,Normal,Normal
Tamil Nadu,Theni,Theni(Uzhavar Sandhai ),Cabbage,Cabbage,Local,2026-09-20 00:00:00,2800,2800,2800,0,0.00%,Valid,Normal,Normal
Tamil Nadu,Theni,Theni(Uzhavar Sandhai ),Beetroot,Beetroot,Local,2026-09-20 00:00:00,3600,3600,3600,0,0.00%,Valid,Normal,Normal
Tamil Nadu,Theni,Theni(Uzhavar Sandhai ),Raddish,Raddish,Local,2026-09-20 00:00:00,2400,2400,2400,0,0.00%,Valid,Normal,Normal
Tamil Nadu,Theni,Theni(Uzhavar Sandhai ),Capsicum,Capsicum,Local,2026-09-20 00:00:00,5000,5000,5000,0,0.00%,Valid,Normal,Normal
Tamil Nadu,Theni,Theni(Uzhavar Sandhai ),Drumstick,Drumstick,Local,2026-09-20 00:00:00,3000,4400,3700,1400,46.67%,Valid,Normal,Normal
Tamil Nadu,Theni,Theni(Uzhavar Sandhai ),Guava,Guava Allahabad,Local,2026-09-20 00:00:00,12000,12000,12000,0,0.00%,Valid,Normal,Normal
Tamil Nadu,Theni,Theni(Uzhavar Sandhai ),Pomegranate,Pomogranate,Local,2026-09-20 00:00:00,14000,22000,18000,8000,57.14%,Valid,Normal,Normal
Tamil Nadu,Theni,Theni(Uzhavar Sandhai ),Baby Corn,Baby Corn,Grade A,2026-09-20 00:00:00,5000,5000,5000,0,0.00%,Valid,Normal,Normal
Tamil Nadu,Thirunelveli,NGO Colony(Uzhavar Sandhai ),Cauliflower,Ranchi,Local,2026-09-20 00:00:00,3500,4400,3950,900,25.71%,Valid,Normal,Normal
Tamil Nadu,Thirunelveli,NGO Colony(Uzhavar Sandhai ),Bitter gourd,Bitter Gourd,Local,2026-09-20 00:00:00,5000,5500,5250,500,10.00%,Valid,Normal,Normal
Tamil Nadu,Thirunelveli,NGO Colony(Uzhavar Sandhai ),Ashgourd,Gouard,Local,2026-09-20 00:00:00,1000,1200,1100,200,20.00%,Valid,Normal,Normal
Tamil Nadu,Thirunelveli,NGO Colony(Uzhavar Sandhai ),Bhindi(Ladies Finger),Bhindi,Local,2026-09-20 00:00:00,3500,4000,3750,500,14.29%,Valid,Normal,Normal
Tamil Nadu,Thirunelveli,NGO Colony(Uzhavar Sandhai ),Green Chilli,Green Chilly,Local,2026-09-20 00:00:00,3500,4000,3750,500,14.29%,Valid,Normal,Normal
Tamil Nadu,Thirunelveli,NGO Colony(Uzhavar Sandhai ),Ginger(Green),Green Ginger,Local,2026-09-20 00:00:00,16000,18000,17000,2000,12.50%,Valid,Normal,Normal
Tamil Nadu,Thirunelveli,NGO Colony(Uzhavar Sandhai ),Chow Chow,Chow Chow,Local,2026-09-20 00:00:00,3000,3600,3300,600,20.00%,Valid,Normal,Normal
Tamil Nadu,Thirunelveli,Palayamkottai(Uzhavar Sandhai ),Apple,American,Local,2026-09-20 00:00:00,14000,20000,17000,6000,42.86%,Valid,Normal,Normal
Tamil Nadu,Thirunelveli,Palayamkottai(Uzhavar Sandhai ),Onion,Bellary,Local,2026-09-20 00:00:00,5600,6200,5900,600,10.71%,Valid,Normal,Normal
Tamil Nadu,Thirunelveli,Palayamkottai(Uzhavar Sandhai ),Cauliflower,Ranchi,Local,2026-09-20 00:00:00,4200,4400,4300,200,4.76%,Valid,Normal,Normal
Tamil Nadu,Thirunelveli,Palayamkottai(Uzhavar Sandhai ),Amaranthus,Amaranthus,Local,2026-09-20 00:00:00,1200,1500,1350,300,25.00%,Valid,Normal,Normal
Tamil Nadu,Thirunelveli,Palayamkottai(Uzhavar Sandhai ),Beans,Beans (Whole),Local,2026-09-20 00:00:00,11000,12000,11500,1000,9.09%,Valid,Normal,Normal
Tamil Nadu,Thirunelveli,Palayamkottai(Uzhavar Sandhai ),Sweet Potato,Hosur Red,Local,2026-09-20 00:00:00,5500,6000,5750,500,9.09%,Valid,Normal,Normal
Tamil Nadu,Thirunelveli,Palayamkottai(Uzhavar Sandhai ),Green Avare(W),Green Avare (W),Local,2026-09-20 00:00:00,8600,10000,9300,1400,16.28%,Valid,Normal,Normal
Tamil Nadu,Thirunelveli,Palayamkottai(Uzhavar Sandhai ),Lime,Lime,Local,2026-09-20 00:00:00,15000,17000,16000,2000,13.33%,Valid,Normal,Normal
Tamil Nadu,Thirunelveli,Palayamkottai(Uzhavar Sandhai ),Lemon,Lemon,Local,2026-09-20 00:00:00,18000,20000,19000,2000,11.11%,Valid,Normal,Normal
Tamil Nadu,Thirunelveli,Palayamkottai(Uzhavar Sandhai ),Amla(Nelli Kai),Amla,Local,2026-09-20 00:00:00,5500,6000,5750,500,9.09%,Valid,Normal,Normal
Tamil Nadu,Thirunelveli,Palayamkottai(Uzhavar Sandhai ),Onion Green,Onion Green,Local,2026-09-20 00:00:00,9000,10600,9800,1600,17.78%,Valid,Normal,Normal
Tamil Nadu,Thirupur,Kangayam(Uzhavar Sandhai ),Cauliflower,Ranchi,Local,2026-09-20 00:00:00,3000,3500,3250,500,16.67%,Valid,Normal,Normal
Tamil Nadu,Thirupur,Kangayam(Uzhavar Sandhai ),Coriander(Leaves),I Sort,Local,2026-09-20 00:00:00,4400,4800,4600,400,9.09%,Valid,Normal,Normal
Tamil Nadu,Thirupur,Kangayam(Uzhavar Sandhai ),Cluster beans,Cluster Beans,Local,2026-09-20 00:00:00,3500,4000,3750,500,14.29%,Valid,Normal,Normal
Tamil Nadu,Thirupur,Kangayam(Uzhavar Sandhai ),Pumpkin,Pumpkin,Local,2026-09-20 00:00:00,2000,2400,2200,400,20.00%,Valid,Normal,Normal
Tamil Nadu,Thirupur,Kangayam(Uzhavar Sandhai ),Amaranthus,Amaranthus,Local,2026-09-20 00:00:00,2500,2700,2600,200,8.00%,Valid,Normal,Normal
Tamil Nadu,Thirupur,Kangayam(Uzhavar Sandhai ),Green Chilli,Green Chilly,Local,2026-09-20 00:00:00,6000,7000,6500,1000,16.67%,Valid,Normal,Normal
Tamil Nadu,Thirupur,Kangayam(Uzhavar Sandhai ),Raddish,Raddish,Local,2026-09-20 00:00:00,3000,3500,3250,500,16.67%,Valid,Normal,Normal
Tamil Nadu,Thirupur,Tiruppur (North) (Uzhavar Sandhai ),Onion,Bellary,Local,2026-09-20 00:00:00,5500,6000,5750,500,9.09%,Valid,Normal,Normal
Tamil Nadu,Thirupur,Tiruppur (North) (Uzhavar Sandhai ),Cauliflower,Ranchi,Local,2026-09-20 00:00:00,3500,4000,3750,500,14.29%,Valid,Normal,Normal
Tamil Nadu,Thirupur,Tiruppur (North) (Uzhavar Sandhai ),Papaya,Papaya,Local,2026-09-20 00:00:00,3000,3600,3300,600,20.00%,Valid,Normal,Normal
Tamil Nadu,Thirupur,Tiruppur (North) (Uzhavar Sandhai ),Tomato,Local,Local,2026-09-20 00:00:00,2200,2500,2350,300,13.64%,Valid,Normal,Normal
Tamil Nadu,Thirupur,Tiruppur (North) (Uzhavar Sandhai ),Bottle gourd,Bottle Gourd,Local,2026-09-20 00:00:00,1500,2000,1750,500,33.33%,Valid,Normal,Normal
Tamil Nadu,Thirupur,Tiruppur (North) (Uzhavar Sandhai ),Ginger(Green),Green Ginger,Local,2026-09-20 00:00:00,15000,16000,15500,1000,6.67%,Valid,Normal,Normal
Tamil Nadu,Thirupur,Tiruppur (North) (Uzhavar Sandhai ),Ridgeguard(Tori),Ridgeguard(Tori),Local,2026-09-20 00:00:00,5000,5500,5250,500,10.00%,Valid,Normal,Normal
Tamil Nadu,Thirupur,Tiruppur (North) (Uzhavar Sandhai ),Guava,Guava Allahabad,Local,2026-09-20 00:00:00,5000,6000,5500,1000,20.00%,Valid,Normal,Normal
Tamil Nadu,Thiruvannamalai,Chengam(Uzhavar Sandhai ),Banana,Besrai,Local,2026-09-20 00:00:00,5000,6000,5500,1000,20.00%,Valid,Normal,Normal
Tamil Nadu,Thiruvannamalai,Chengam(Uzhavar Sandhai ),Potato,Red Nanital,Local,2026-09-20 00:00:00,2500,3000,2750,500,20.00%,Valid,Normal,Normal
Tamil Nadu,Thiruvannamalai,Chengam(Uzhavar Sandhai ),Cauliflower,Ranchi,Local,2026-09-20 00:00:00,3300,4000,3650,700,21.21%,Valid,Normal,Normal
Tamil Nadu,Thiruvannamalai,Chengam(Uzhavar Sandhai ),Coriander(Leaves),I Sort,Local,2026-09-20 00:00:00,3300,4000,3650,700,21.21%,Valid,Normal,Normal
Tamil Nadu,Thiruvannamalai,Chengam(Uzhavar Sandhai ),Tomato,Deshi,Local,2026-09-20 00:00:00,2000,2500,2250,500,25.00%,Valid,Normal,Normal
Tamil Nadu,Thiruvannamalai,Chengam(Uzhavar Sandhai ),Green Chilli,Green Chilly,Local,2026-09-20 00:00:00,7000,8000,7500,1000,14.29%,Valid,Normal,Normal
Tamil Nadu,Thiruvannamalai,Chengam(Uzhavar Sandhai ),Snakeguard,Snakeguard,Local,2026-09-20 00:00:00,2500,3000,2750,500,20.00%,Valid,Normal,Normal
Tamil Nadu,Thiruvannamalai,Chengam(Uzhavar Sandhai ),Cucumbar(Kheera),Cucumbar,Local,2026-09-20 00:00:00,4200,5000,4600,800,19.05%,Valid,Normal,Normal
Tamil Nadu,Thiruvannamalai,Chengam(Uzhavar Sandhai ),Thondekai,Thondekai,Local,2026-09-20 00:00:00,5000,6000,5500,1000,20.00%,Valid,Normal,Normal
Tamil Nadu,Thiruvannamalai,Chengam(Uzhavar Sandhai ),Chow Chow,Chow Chow,Local,2026-09-20 00:00:00,4000,4800,4400,800,20.00%,Valid,Normal,Normal
Tamil Nadu,Thiruvannamalai,Chengam(Uzhavar Sandhai ),Tamarind Fruit,Tamarind Fruit,Local,2026-09-20 00:00:00,8000,10000,9000,2000,25.00%,Valid,Normal,Normal
Tamil Nadu,Thiruvannamalai,Chengam(Uzhavar Sandhai ),Amla(Nelli Kai),Amla,Local,2026-09-20 00:00:00,8000,10000,9000,2000,25.00%,Valid,Normal,Normal
Tamil Nadu,Thiruvannamalai,Tamarainagar(Uzhavar Sandhai ),Coriander(Leaves),I Sort,Local,2026-09-20 00:00:00,4000,5000,4500,1000,25.00%,Valid,Normal,Normal
Tamil Nadu,Thiruvannamalai,Tamarainagar(Uzhavar Sandhai ),Tomato,Deshi,Local,2026-09-20 00:00:00,2500,3000,2750,500,20.00%,Valid,Normal,Normal
Tamil Nadu,Thiruvannamalai,Tamarainagar(Uzhavar Sandhai ),Ashgourd,Gouard,Local,2026-09-20 00:00:00,2000,2400,2200,400,20.00%,Valid,Normal,Normal
Tamil Nadu,Thiruvannamalai,Tamarainagar(Uzhavar Sandhai ),Bhindi(Ladies Finger),Bhindi,Local,2026-09-20 00:00:00,3500,4000,3750,500,14.29%,Valid,Normal,Normal
Tamil Nadu,Thiruvannamalai,Tamarainagar(Uzhavar Sandhai ),Green Avare(W),Green Avare (W),Local,2026-09-20 00:00:00,5000,6000,5500,1000,20.00%,Valid,Normal,Normal
Tamil Nadu,Thiruvannamalai,Tamarainagar(Uzhavar Sandhai ),Drumstick,Drumstick,Local,2026-09-20 00:00:00,4000,5000,4500,1000,25.00%,Valid,Normal,Normal
Tamil Nadu,Thiruvannamalai,Tamarainagar(Uzhavar Sandhai ),Lime,Lime,Local,2026-09-20 00:00:00,5000,6000,5500,1000,20.00%,Valid,Normal,Normal
Tamil Nadu,Thiruvannamalai,Tamarainagar(Uzhavar Sandhai ),Guava,Guava Allahabad,Local,2026-09-20 00:00:00,7000,8000,7500,1000,14.29%,Valid,Normal,Normal
Tamil Nadu,Thiruvannamalai,Tamarainagar(Uzhavar Sandhai ),Tamarind Fruit,Tamarind Fruit,Local,2026-09-20 00:00:00,10000,12000,11000,2000,20.00%,Valid,Normal,Normal
Tamil Nadu,Thiruvannamalai,Vandavasi(Uzhavar Sandhai ),Brinjal,Other,Local,2026-09-20 00:00:00,4000,4800,4400,800,20.00%,Valid,Normal,Normal
Tamil Nadu,Thiruvannamalai,Vandavasi(Uzhavar Sandhai ),Banana,Karpura,Local,2026-09-20 00:00:00,5000,6000,5500,1000,20.00%,Valid,Normal,Normal
Tamil Nadu,Thiruvannamalai,Vandavasi(Uzhavar Sandhai ),Tomato,Local,Local,2026-09-20 00:00:00,2500,3000,2750,500,20.00%,Valid,Normal,Normal
Tamil Nadu,Thiruvannamalai,Vandavasi(Uzhavar Sandhai ),Cluster beans,Cluster Beans,Local,2026-09-20 00:00:00,3600,4200,3900,600,16.67%,Valid,Normal,Normal
Tamil Nadu,Thiruvannamalai,Vandavasi(Uzhavar Sandhai ),Snakeguard,Snakeguard,Local,2026-09-20 00:00:00,2500,3000,2750,500,20.00%,Valid,Normal,Normal
Tamil Nadu,Thiruvannamalai,Vandavasi(Uzhavar Sandhai ),Chow Chow,Chow Chow,Local,2026-09-20 00:00:00,2500,3000,2750,500,20.00%,Valid,Normal,Normal
Tamil Nadu,Thiruvannamalai,Vandavasi(Uzhavar Sandhai ),Guava,Guava Allahabad,Local,2026-09-20 00:00:00,4000,5000,4500,1000,25.00%,Valid,Normal,Normal
Tamil Nadu,Thiruvannamalai,Vandavasi(Uzhavar Sandhai ),Lemon,Lemon,Local,2026-09-20 00:00:00,10000,12000,11000,2000,20.00%,Valid,Normal,Normal
Tamil Nadu,Thiruvarur,Muthupettai(Uzhavar Sandhai ),Tomato,Deshi,Local,2026-09-20 00:00:00,3000,3000,3000,0,0.00%,Valid,Normal,Normal
Tamil Nadu,Thiruvarur,Muthupettai(Uzhavar Sandhai ),Pumpkin,Pumpkin,Local,2026-09-20 00:00:00,2600,2600,2600,0,0.00%,Valid,Normal,Normal
Tamil Nadu,Thiruvarur,Muthupettai(Uzhavar Sandhai ),Coconut,Coconut,Local,2026-09-20 00:00:00,4000,4000,4000,0,0.00%,Valid,Normal,Normal
Tamil Nadu,Thiruvarur,Muthupettai(Uzhavar Sandhai ),Cabbage,Cabbage,Local,2026-09-20 00:00:00,3400,3400,3400,0,0.00%,Valid,Normal,Normal
Tamil Nadu,Thiruvarur,Muthupettai(Uzhavar Sandhai ),Beetroot,Beetroot,Local,2026-09-20 00:00:00,5400,5400,5400,0,0.00%,Valid,Normal,Normal
Tamil Nadu,Thiruvarur,Muthupettai(Uzhavar Sandhai ),Mint(Pudina),Mint(Pudina),Local,2026-09-20 00:00:00,6500,6500,6500,0,0.00%,Valid,Normal,Normal
Tamil Nadu,Coimbatore,Sulur(Uzhavar Sandhai ),Banana,Besrai,Local,2026-09-20 00:00:00,6000,9000,7500,3000,50.00%,Valid,Normal,Normal
Tamil Nadu,Coimbatore,Sulur(Uzhavar Sandhai ),Garlic,Garlic,Local,2026-09-20 00:00:00,20000,24000,22000,4000,20.00%,Valid,Normal,Normal
Tamil Nadu,Coimbatore,Sulur(Uzhavar Sandhai ),Cauliflower,Ranchi,Local,2026-09-20 00:00:00,4400,5000,4700,600,13.64%,Valid,Normal,Normal
Tamil Nadu,Coimbatore,Sulur(Uzhavar Sandhai ),Cowpea(Veg),Cowpea (Veg),Local,2026-09-20 00:00:00,3600,4000,3800,400,11.11%,Valid,Normal,Normal
Tamil Nadu,Coimbatore,Sulur(Uzhavar Sandhai ),Ginger(Green),Green Ginger,Local,2026-09-20 00:00:00,14000,16500,15250,2500,17.86%,Valid,Normal,Normal
Tamil Nadu,Coimbatore,Sulur(Uzhavar Sandhai ),Ridgeguard(Tori),Ridgeguard(Tori),Local,2026-09-20 00:00:00,4000,4500,4250,500,12.50%,Valid,Normal,Normal
Tamil Nadu,Coimbatore,Sulur(Uzhavar Sandhai ),Drumstick,Drumstick,Local,2026-09-20 00:00:00,3600,4000,3800,400,11.11%,Valid,Normal,Normal
Tamil Nadu,Coimbatore,Sulur(Uzhavar Sandhai ),Mango(Raw-Ripe),Mango - Raw-Ripe,Local,2026-09-20 00:00:00,8000,9000,8500,1000,12.50%,Valid,Normal,Normal
Tamil Nadu,Pudukkottai,Gandarvakottai(Uzhavar Sandhai ),Pumpkin,Pumpkin,Local,2026-09-20 00:00:00,1000,1500,1250,500,50.00%,Valid,Normal,Normal
Tamil Nadu,Pudukkottai,Gandarvakottai(Uzhavar Sandhai ),Bhindi(Ladies Finger),Bhindi,Local,2026-09-20 00:00:00,2500,3000,2750,500,20.00%,Valid,Normal,Normal
Tamil Nadu,Cuddalore,Panruti(Uzhavar Sandhai ),Potato,Red Nanital,Local,2026-09-20 00:00:00,3500,3500,3500,0,0.00%,Valid,Normal,Normal
Tamil Nadu,Cuddalore,Panruti(Uzhavar Sandhai ),Green Avare(W),Green Avare (W),Local,2026-09-20 00:00:00,6000,6000,6000,0,0.00%,Valid,Normal,Normal
Tamil Nadu,Cuddalore,Panruti(Uzhavar Sandhai ),Jack Fruit(Ripe),Jack Fruit,Local,2026-09-20 00:00:00,10000,10000,10000,0,0.00%,Valid,Normal,Normal
Tamil Nadu,Cuddalore,Panruti(Uzhavar Sandhai ),Onion Green,Onion Green,Local,2026-09-20 00:00:00,8000,8000,8000,0,0.00%,Valid,Normal,Normal
Tamil Nadu,Cuddalore,Panruti(Uzhavar Sandhai ),Mint(Pudina),Mint(Pudina),Local,2026-09-20 00:00:00,5000,5000,5000,0,0.00%,Valid,Normal,Normal
Tamil Nadu,Cuddalore,Vadalur(Uzhavar Sandhai ),Onion,Bellary,Local,2026-09-20 00:00:00,5000,6000,5500,1000,20.00%,Valid,Normal,Normal
Tamil Nadu,Cuddalore,Vadalur(Uzhavar Sandhai ),Pumpkin,Pumpkin,Local,2026-09-20 00:00:00,2500,2500,2500,0,0.00%,Valid,Normal,Normal
Tamil Nadu,Cuddalore,Vadalur(Uzhavar Sandhai ),Green Chilli,Green Chilly,Local,2026-09-20 00:00:00,5000,6000,5500,1000,20.00%,Valid,Normal,Normal
Tamil Nadu,Cuddalore,Vadalur(Uzhavar Sandhai ),Drumstick,Drumstick,Local,2026-09-20 00:00:00,3000,3000,3000,0,0.00%,Valid,Normal,Normal
Tamil Nadu,Dharmapuri,AJattihalli(Uzhavar Sandhai ),Brinjal,Other,Local,2026-09-20 00:00:00,2000,2200,2100,200,10.00%,Valid,Normal,Normal
Tamil Nadu,Dharmapuri,AJattihalli(Uzhavar Sandhai ),Papaya,Papaya,Local,2026-09-20 00:00:00,3500,4000,3750,500,14.29%,Valid,Normal,Normal
Tamil Nadu,Dharmapuri,AJattihalli(Uzhavar Sandhai ),Cluster beans,Cluster Beans,Local,2026-09-20 00:00:00,1800,1800,1800,0,0.00%,Valid,Normal,Normal
Tamil Nadu,Dharmapuri,AJattihalli(Uzhavar Sandhai ),Beetroot,Beetroot,Local,2026-09-20 00:00:00,5000,5200,5100,200,4.00%,Valid,Normal,Normal
Tamil Nadu,Dharmapuri,AJattihalli(Uzhavar Sandhai ),Cucumbar(Kheera),Cucumbar,Local,2026-09-20 00:00:00,4500,4500,4500,0,0.00%,Valid,Normal,Normal
Tamil Nadu,Dharmapuri,AJattihalli(Uzhavar Sandhai ),Green Avare(W),Green Avare (W),Local,2026-09-20 00:00:00,6000,6000,6000,0,0.00%,Valid,Normal,Normal
Tamil Nadu,Dharmapuri,AJattihalli(Uzhavar Sandhai ),Lime,Lime,Local,2026-09-20 00:00:00,5000,5000,5000,0,0.00%,Valid,Normal,Normal
Tamil Nadu,Dharmapuri,AJattihalli(Uzhavar Sandhai ),Lemon,Lemon,Local,2026-09-20 00:00:00,25000,32000,28500,7000,28.00%,Valid,Normal,Normal
Tamil Nadu,Dharmapuri,AJattihalli(Uzhavar Sandhai ),Baby Corn,Baby Corn,Grade A,2026-09-20 00:00:00,2500,2500,2500,0,0.00%,Valid,Normal,Normal
Tamil Nadu,Karur,Pallapatti (Uzhavar Sandhai ),Papaya,Papaya,Local,2026-09-20 00:00:00,3500,4000,3750,500,14.29%,Valid,Normal,Normal
Tamil Nadu,Karur,Pallapatti (Uzhavar Sandhai ),Amaranthus,Amaranthus,Local,2026-09-20 00:00:00,2500,3000,2750,500,20.00%,Valid,Normal,Normal
Tamil Nadu,Karur,Pallapatti (Uzhavar Sandhai ),Green Chilli,Green Chilly,Local,2026-09-20 00:00:00,5000,6000,5500,1000,20.00%,Valid,Normal,Normal
Tamil Nadu,Karur,Pallapatti (Uzhavar Sandhai ),Ridgeguard(Tori),Ridgeguard(Tori),Local,2026-09-20 00:00:00,5500,6000,5750,500,9.09%,Valid,Normal,Normal
Tamil Nadu,Karur,Pallapatti (Uzhavar Sandhai ),Raddish,Raddish,Local,2026-09-20 00:00:00,3500,4000,3750,500,14.29%,Valid,Normal,Normal
Tamil Nadu,Karur,Pallapatti (Uzhavar Sandhai ),Guava,Guava Allahabad,Local,2026-09-20 00:00:00,5500,6000,5750,500,9.09%,Valid,Normal,Normal
Tamil Nadu,Karur,Velayuthampalayam(Uzhavar Sandhai ),Brinjal,Other,Local,2026-09-20 00:00:00,2800,3500,3150,700,25.00%,Valid,Normal,Normal
Tamil Nadu,Karur,Velayuthampalayam(Uzhavar Sandhai ),Tomato,Other,Local,2026-09-20 00:00:00,2400,3000,2700,600,25.00%,Valid,Normal,Normal
Tamil Nadu,Karur,Velayuthampalayam(Uzhavar Sandhai ),Cluster beans,Cluster Beans,Local,2026-09-20 00:00:00,3200,4000,3600,800,25.00%,Valid,Normal,Normal
Tamil Nadu,Karur,Velayuthampalayam(Uzhavar Sandhai ),Ashgourd,Gouard,Local,2026-09-20 00:00:00,2000,2500,2250,500,25.00%,Valid,Normal,Normal
Tamil Nadu,Karur,Velayuthampalayam(Uzhavar Sandhai ),Green Chilli,Green Chilly,Local,2026-09-20 00:00:00,5200,6000,5600,800,15.38%,Valid,Normal,Normal
Tamil Nadu,Karur,Velayuthampalayam(Uzhavar Sandhai ),Banana - Green,Banana - Green,Local,2026-09-20 00:00:00,2400,3000,2700,600,25.00%,Valid,Normal,Normal
Tamil Nadu,Karur,Velayuthampalayam(Uzhavar Sandhai ),Ginger(Green),Green Ginger,Local,2026-09-20 00:00:00,17000,19000,18000,2000,11.76%,Valid,Normal,Normal
Tamil Nadu,Karur,Velayuthampalayam(Uzhavar Sandhai ),Snakeguard,Snakeguard,Local,2026-09-20 00:00:00,2800,3500,3150,700,25.00%,Valid,Normal,Normal
Tamil Nadu,Karur,Velayuthampalayam(Uzhavar Sandhai ),Lemon,Lemon,Local,2026-09-20 00:00:00,28000,30000,29000,2000,7.14%,Valid,Normal,Normal
Tamil Nadu,Karur,Vengamedu(Uzhavar Sandhai ),Brinjal,Other,Local,2026-09-20 00:00:00,3500,4500,4000,1000,28.57%,Valid,Normal,Normal
Tamil Nadu,Karur,Vengamedu(Uzhavar Sandhai ),Cluster beans,Cluster Beans,Local,2026-09-20 00:00:00,3500,4000,3750,500,14.29%,Valid,Normal,Normal
Tamil Nadu,Karur,Vengamedu(Uzhavar Sandhai ),Coconut,Coconut,Local,2026-09-20 00:00:00,5500,6000,5750,500,9.09%,Valid,Normal,Normal
Tamil Nadu,Karur,Vengamedu(Uzhavar Sandhai ),Ridgeguard(Tori),Ridgeguard(Tori),Local,2026-09-20 00:00:00,4000,4500,4250,500,12.50%,Valid,Normal,Normal
Tamil Nadu,Karur,Vengamedu(Uzhavar Sandhai ),Raddish,Raddish,Local,2026-09-20 00:00:00,2500,3000,2750,500,20.00%,Valid,Normal,Normal
Tamil Nadu,Karur,Vengamedu(Uzhavar Sandhai ),Drumstick,Drumstick,Local,2026-09-20 00:00:00,2500,3000,2750,500,20.00%,Valid,Normal,Normal
Tamil Nadu,Theni,Devaram(Uzhavar Sandhai ),Ridgeguard(Tori),Ridgeguard(Tori),Local,2026-09-20 00:00:00,3800,3800,3800,0,0.00%,Valid,Normal,Normal
Tamil Nadu,Theni,Devaram(Uzhavar Sandhai ),Raddish,Raddish,Local,2026-09-20 00:00:00,2400,2400,2400,0,0.00%,Valid,Normal,Normal
Tamil Nadu,Theni,Devaram(Uzhavar Sandhai ),Knool Khol,Knool Khol,Local,2026-09-20 00:00:00,3400,3400,3400,0,0.00%,Valid,Normal,Normal
Tamil Nadu,Theni,Devaram(Uzhavar Sandhai ),Amla(Nelli Kai),Amla,Local,2026-09-20 00:00:00,6000,6000,6000,0,0.00%,Valid,Normal,Normal
Tamil Nadu,Salem,Attayampatti(Uzhavar Sandhai ),Ashgourd,Gouard,Local,2026-09-20 00:00:00,2000,2200,2100,200,10.00%,Valid,Normal,Normal
Tamil Nadu,Sivaganga,Sivagangai (Uzhavar Sandhai ),Cauliflower,Ranchi,Local,2026-09-20 00:00:00,2600,3200,2900,600,23.08%,Valid,Normal,Normal
Tamil Nadu,Sivaganga,Sivagangai (Uzhavar Sandhai ),Ashgourd,Gouard,Local,2026-09-20 00:00:00,1800,2000,1900,200,11.11%,Valid,Normal,Normal
Tamil Nadu,Sivaganga,Sivagangai (Uzhavar Sandhai ),Green Chilli,Green Chilly,Local,2026-09-20 00:00:00,3600,4200,3900,600,16.67%,Valid,Normal,Normal
Tamil Nadu,Sivaganga,Sivagangai (Uzhavar Sandhai ),Banana - Green,Banana - Green,Local,2026-09-20 00:00:00,3000,3000,3000,0,0.00%,Valid,Normal,Normal
Tamil Nadu,Sivaganga,Sivagangai (Uzhavar Sandhai ),Cabbage,Cabbage,Local,2026-09-20 00:00:00,2800,3200,3000,400,14.29%,Valid,Normal,Normal
Tamil Nadu,Sivaganga,Sivagangai (Uzhavar Sandhai ),Snakeguard,Snakeguard,Local,2026-09-20 00:00:00,3800,4200,4000,400,10.53%,Valid,Normal,Normal
Tamil Nadu,Sivaganga,Sivagangai (Uzhavar Sandhai ),Yam(Ratalu),Yam (Ratalu),Local,2026-09-20 00:00:00,6600,7200,6900,600,9.09%,Valid,Normal,Normal
Tamil Nadu,Sivaganga,Sivagangai (Uzhavar Sandhai ),Colacasia,Colacasia,Local,2026-09-20 00:00:00,5200,6200,5700,1000,19.23%,Valid,Normal,Normal
Tamil Nadu,Salem,Edapadi (Uzhavar Sandhai ),Papaya,Papaya,Local,2026-09-20 00:00:00,3000,3500,3250,500,16.67%,Valid,Normal,Normal
Tamil Nadu,Salem,Edapadi (Uzhavar Sandhai ),Tapioca,Tapioca,Local,2026-09-20 00:00:00,3000,3500,3250,500,16.67%,Valid,Normal,Normal
Tamil Nadu,Salem,Edapadi (Uzhavar Sandhai ),Ginger(Green),Green Ginger,Local,2026-09-20 00:00:00,17500,18000,17750,500,2.86%,Valid,Normal,Normal
Tamil Nadu,Salem,Edapadi (Uzhavar Sandhai ),Cabbage,Cabbage,Local,2026-09-20 00:00:00,2800,3000,2900,200,7.14%,Valid,Normal,Normal
Tamil Nadu,Salem,Elampillai(Uzhavar Sandhai ),Banana,Red Banana,Local,2026-09-20 00:00:00,7500,8000,7750,500,6.67%,Valid,Normal,Normal
Tamil Nadu,Salem,Elampillai(Uzhavar Sandhai ),Cauliflower,Ranchi,Local,2026-09-20 00:00:00,2500,3000,2750,500,20.00%,Valid,Normal,Normal
Tamil Nadu,Salem,Elampillai(Uzhavar Sandhai ),Cluster beans,Cluster Beans,Local,2026-09-20 00:00:00,2500,3000,2750,500,20.00%,Valid,Normal,Normal
Tamil Nadu,Salem,Elampillai(Uzhavar Sandhai ),Capsicum,Capsicum,Local,2026-09-20 00:00:00,5000,6000,5500,1000,20.00%,Valid,Normal,Normal
Tamil Nadu,Salem,Hasthampatti(Uzhavar Sandhai ),Groundnut,Big (With Shell),Local,2026-09-20 00:00:00,6500,7000,6750,500,7.69%,Valid,Normal,Normal
Tamil Nadu,Salem,Hasthampatti(Uzhavar Sandhai ),Cauliflower,Ranchi,Local,2026-09-20 00:00:00,2500,3000,2750,500,20.00%,Valid,Normal,Normal
Tamil Nadu,Salem,Hasthampatti(Uzhavar Sandhai ),Tomato,Local,Local,2026-09-20 00:00:00,2500,2800,2650,300,12.00%,Valid,Normal,Normal
Tamil Nadu,Salem,Hasthampatti(Uzhavar Sandhai ),Green Chilli,Green Chilly,Local,2026-09-20 00:00:00,4200,4400,4300,200,4.76%,Valid,Normal,Normal
Tamil Nadu,Salem,Hasthampatti(Uzhavar Sandhai ),Tapioca,Tapioca,Local,2026-09-20 00:00:00,3000,3500,3250,500,16.67%,Valid,Normal,Normal
Tamil Nadu,Salem,Hasthampatti(Uzhavar Sandhai ),Snakeguard,Snakeguard,Local,2026-09-20 00:00:00,3600,3800,3700,200,5.56%,Valid,Normal,Normal
Tamil Nadu,Salem,Hasthampatti(Uzhavar Sandhai ),Chow Chow,Chow Chow,Local,2026-09-20 00:00:00,4000,4500,4250,500,12.50%,Valid,Normal,Normal
Tamil Nadu,Salem,Hasthampatti(Uzhavar Sandhai ),Drumstick,Drumstick,Local,2026-09-20 00:00:00,3500,4000,3750,500,14.29%,Valid,Normal,Normal
Tamil Nadu,Salem,Hasthampatti(Uzhavar Sandhai ),Mango(Raw-Ripe),Mango - Raw-Ripe,Local,2026-09-20 00:00:00,7000,8000,7500,1000,14.29%,Valid,Normal,Normal
Tamil Nadu,Salem,Hasthampatti(Uzhavar Sandhai ),Lime,Lime,Local,2026-09-20 00:00:00,3500,4000,3750,500,14.29%,Valid,Normal,Normal
Tamil Nadu,Salem,Hasthampatti(Uzhavar Sandhai ),Pomegranate,Pomogranate,Local,2026-09-20 00:00:00,10000,12000,11000,2000,20.00%,Valid,Normal,Normal
Tamil Nadu,Salem,Hasthampatti(Uzhavar Sandhai ),Tamarind Fruit,Tamarind Fruit,Local,2026-09-20 00:00:00,15000,16000,15500,1000,6.67%,Valid,Normal,Normal
Tamil Nadu,Salem,Hasthampatti(Uzhavar Sandhai ),Lemon,Lemon,Local,2026-09-20 00:00:00,4000,10000,7000,6000,150.00%,Valid,Normal,Normal
Tamil Nadu,Salem,Hasthampatti(Uzhavar Sandhai ),Onion Green,Onion Green,Local,2026-09-20 00:00:00,7500,8000,7750,500,6.67%,Valid,Normal,Normal
Tamil Nadu,Salem,Jalagandapuram(Uzhavar Sandhai ),Potato,Other,Local,2026-09-20 00:00:00,2600,2800,2700,200,7.69%,Valid,Normal,Normal
Tamil Nadu,Salem,Jalagandapuram(Uzhavar Sandhai ),Cauliflower,Ranchi,Local,2026-09-20 00:00:00,2000,2500,2250,500,25.00%,Valid,Normal,Normal
Tamil Nadu,Salem,Jalagandapuram(Uzhavar Sandhai ),Tomato,Other,Local,2026-09-20 00:00:00,2200,2600,2400,400,18.18%,Valid,Normal,Normal
Tamil Nadu,Salem,Jalagandapuram(Uzhavar Sandhai ),Bottle gourd,Bottle Gourd,Local,2026-09-20 00:00:00,1500,2000,1750,500,33.33%,Valid,Normal,Normal
Tamil Nadu,Salem,Jalagandapuram(Uzhavar Sandhai ),Onion Green,Onion Green,Local,2026-09-20 00:00:00,7000,8000,7500,1000,14.29%,Valid,Normal,Normal
Tamil Nadu,Sivaganga,Singampunari(Uzhavar Sandhai ),Banana,Karpura,Local,2026-09-20 00:00:00,3500,4000,3750,500,14.29%,Valid,Normal,Normal
Tamil Nadu,Sivaganga,Singampunari(Uzhavar Sandhai ),Potato,Other,Local,2026-09-20 00:00:00,5200,5600,5400,400,7.69%,Valid,Normal,Normal
Tamil Nadu,Sivaganga,Singampunari(Uzhavar Sandhai ),Tomato,Other,Local,2026-09-20 00:00:00,2600,3000,2800,400,15.38%,Valid,Normal,Normal
Tamil Nadu,Sivaganga,Singampunari(Uzhavar Sandhai ),Bottle gourd,Bottle Gourd,Local,2026-09-20 00:00:00,2200,2800,2500,600,27.27%,Valid,Normal,Normal
Tamil Nadu,Sivaganga,Singampunari(Uzhavar Sandhai ),Pumpkin,Pumpkin,Local,2026-09-20 00:00:00,1800,2200,2000,400,22.22%,Valid,Normal,Normal
Tamil Nadu,Sivaganga,Singampunari(Uzhavar Sandhai ),Bhindi(Ladies Finger),Bhindi,Local,2026-09-20 00:00:00,3000,3400,3200,400,13.33%,Valid,Normal,Normal
Tamil Nadu,Sivaganga,Singampunari(Uzhavar Sandhai ),Cabbage,Cabbage,Local,2026-09-20 00:00:00,2800,3200,3000,400,14.29%,Valid,Normal,Normal
Tamil Nadu,Sivaganga,Singampunari(Uzhavar Sandhai ),Green Avare(W),Other,Local,2026-09-20 00:00:00,8200,9200,8700,1000,12.20%,Valid,Normal,Normal
Tamil Nadu,Sivaganga,Singampunari(Uzhavar Sandhai ),Chow Chow,Chow Chow,Local,2026-09-20 00:00:00,2800,3200,3000,400,14.29%,Valid,Normal,Normal
Tamil Nadu,Sivaganga,Singampunari(Uzhavar Sandhai ),Mango(Raw-Ripe),Mango - Raw-Ripe,Local,2026-09-20 00:00:00,12000,13000,12500,1000,8.33%,Valid,Normal,Normal
Tamil Nadu,Sivaganga,Karaikudi(Uzhavar Sandhai ),Tomato,Local,Local,2026-09-20 00:00:00,2800,3200,3000,400,14.29%,Valid,Normal,Normal
Tamil Nadu,Sivaganga,Karaikudi(Uzhavar Sandhai ),Green Chilli,Green Chilly,Local,2026-09-20 00:00:00,4000,4500,4250,500,12.50%,Valid,Normal,Normal
Tamil Nadu,Sivaganga,Karaikudi(Uzhavar Sandhai ),Snakeguard,Snakeguard,Local,2026-09-20 00:00:00,3500,4000,3750,500,14.29%,Valid,Normal,Normal
Tamil Nadu,Sivaganga,Karaikudi(Uzhavar Sandhai ),Beetroot,Beetroot,Local,2026-09-20 00:00:00,4500,6000,5250,1500,33.33%,Valid,Normal,Normal
Tamil Nadu,Sivaganga,Karaikudi(Uzhavar Sandhai ),Ridgeguard(Tori),Ridgeguard(Tori),Local,2026-09-20 00:00:00,4500,5000,4750,500,11.11%,Valid,Normal,Normal
Tamil Nadu,Sivaganga,Karaikudi(Uzhavar Sandhai ),Capsicum,Capsicum,Local,2026-09-20 00:00:00,6500,7500,7000,1000,15.38%,Valid,Normal,Normal
Tamil Nadu,Sivaganga,Tirupatthur(Uzhavar Sandhai ),Onion,Bellary,Local,2026-09-20 00:00:00,4400,5500,4950,1100,25.00%,Valid,Normal,Normal
Tamil Nadu,Sivaganga,Tirupatthur(Uzhavar Sandhai ),Potato,Red Nanital,Local,2026-09-20 00:00:00,3200,3500,3350,300,9.38%,Valid,Normal,Normal
Tamil Nadu,Sivaganga,Tirupatthur(Uzhavar Sandhai ),Papaya,Papaya,Local,2026-09-20 00:00:00,5000,5500,5250,500,10.00%,Valid,Normal,Normal
Tamil Nadu,Sivaganga,Tirupatthur(Uzhavar Sandhai ),Chow Chow,Chow Chow,Local,2026-09-20 00:00:00,3000,3500,3250,500,16.67%,Valid,Normal,Normal
Tamil Nadu,Sivaganga,Tirupatthur(Uzhavar Sandhai ),Drumstick,Drumstick,Local,2026-09-20 00:00:00,4000,4500,4250,500,12.50%,Valid,Normal,Normal
Tamil Nadu,Sivaganga,Tirupatthur(Uzhavar Sandhai ),Knool Khol,Knool Khol,Local,2026-09-20 00:00:00,4500,5000,4750,500,11.11%,Valid,Normal,Normal
Tamil Nadu,Thanjavur,Pattukottai(Uzhavar Sandhai ),Cauliflower,Ranchi,Local,2026-09-20 00:00:00,4800,4800,4800,0,0.00%,Valid,Normal,Normal
Tamil Nadu,Thanjavur,Pattukottai(Uzhavar Sandhai ),Ashgourd,Gouard,Local,2026-09-20 00:00:00,3000,3000,3000,0,0.00%,Valid,Normal,Normal
Tamil Nadu,Thanjavur,Pattukottai(Uzhavar Sandhai ),Ginger(Green),Green Ginger,Local,2026-09-20 00:00:00,12000,18000,15000,6000,50.00%,Valid,Normal,Normal
Tamil Nadu,Thanjavur,Pattukottai(Uzhavar Sandhai ),Lime,Lime,Local,2026-09-20 00:00:00,4000,4000,4000,0,0.00%,Valid,Normal,Normal
Tamil Nadu,Thanjavur,Pattukottai(Uzhavar Sandhai ),Mint(Pudina),Mint(Pudina),Local,2026-09-20 00:00:00,6800,6800,6800,0,0.00%,Valid,Normal,Normal
Tamil Nadu,Thiruchirappalli,Lalgudi(Uzhavar Sandhai ),Banana,Poovan,Local,2026-09-20 00:00:00,4000,5000,4500,1000,25.00%,Valid,Normal,Normal
Tamil Nadu,Thiruchirappalli,Lalgudi(Uzhavar Sandhai ),Cauliflower,Ranchi,Local,2026-09-20 00:00:00,4000,4000,4000,0,0.00%,Valid,Normal,Normal
Tamil Nadu,Thiruchirappalli,Lalgudi(Uzhavar Sandhai ),Tapioca,Tapioca,Local,2026-09-20 00:00:00,4000,4000,4000,0,0.00%,Valid,Normal,Normal
Tamil Nadu,Thiruchirappalli,Lalgudi(Uzhavar Sandhai ),Coconut,Coconut,Local,2026-09-20 00:00:00,7000,7000,7000,0,0.00%,Valid,Normal,Normal
Tamil Nadu,Thiruchirappalli,Lalgudi(Uzhavar Sandhai ),Green Avare(W),Other,Local,2026-09-20 00:00:00,9000,9000,9000,0,0.00%,Valid,Normal,Normal
Tamil Nadu,Thiruchirappalli,Lalgudi(Uzhavar Sandhai ),Mango(Raw-Ripe),Mango - Raw-Ripe,Local,2026-09-20 00:00:00,10000,10000,10000,0,0.00%,Valid,Normal,Normal
Tamil Nadu,Thiruchirappalli,Lalgudi(Uzhavar Sandhai ),Guava,Guava Allahabad,Local,2026-09-20 00:00:00,8000,8000,8000,0,0.00%,Valid,Normal,Normal
Tamil Nadu,Thiruchirappalli,Manachanallur(Uzhavar Sandhai ),Cauliflower,Ranchi,Local,2026-09-20 00:00:00,4000,4500,4250,500,12.50%,Valid,Normal,Normal
Tamil Nadu,Thiruchirappalli,Manachanallur(Uzhavar Sandhai ),Ashgourd,Gouard,Local,2026-09-20 00:00:00,1600,2000,1800,400,25.00%,Valid,Normal,Normal
Tamil Nadu,Thiruchirappalli,Manachanallur(Uzhavar Sandhai ),Pumpkin,Pumpkin,Local,2026-09-20 00:00:00,1600,2000,1800,400,25.00%,Valid,Normal,Normal
Tamil Nadu,Thiruchirappalli,Manachanallur(Uzhavar Sandhai ),Ginger(Green),Green Ginger,Local,2026-09-20 00:00:00,17000,19000,18000,2000,11.76%,Valid,Normal,Normal
Tamil Nadu,Thiruchirappalli,Manachanallur(Uzhavar Sandhai ),Sweet Potato,Hosur Red,Local,2026-09-20 00:00:00,4500,5000,4750,500,11.11%,Valid,Normal,Normal
Tamil Nadu,Thiruchirappalli,Manachanallur(Uzhavar Sandhai ),Snakeguard,Snakeguard,Local,2026-09-20 00:00:00,3500,4000,3750,500,14.29%,Valid,Normal,Normal
Tamil Nadu,Thiruchirappalli,Manapparai(Uzhavar Sandhai ),Chikoos(Sapota),Sapota,Local,2026-09-20 00:00:00,4000,4000,4000,0,0.00%,Valid,Normal,Normal
Tamil Nadu,Thiruchirappalli,Manapparai(Uzhavar Sandhai ),Papaya,Papaya,Local,2026-09-20 00:00:00,4000,4000,4000,0,0.00%,Valid,Normal,Normal
Tamil Nadu,Thiruchirappalli,Manapparai(Uzhavar Sandhai ),Bhindi(Ladies Finger),Bhindi,Local,2026-09-20 00:00:00,3000,3000,3000,0,0.00%,Valid,Normal,Normal
Tamil Nadu,Thiruchirappalli,Manapparai(Uzhavar Sandhai ),Amaranthus,Amaranthus,Local,2026-09-20 00:00:00,2000,2000,2000,0,0.00%,Valid,Normal,Normal
Tamil Nadu,Thiruchirappalli,Manapparai(Uzhavar Sandhai ),Green Chilli,Green Chilly,Local,2026-09-20 00:00:00,4500,4500,4500,0,0.00%,Valid,Normal,Normal
Tamil Nadu,Thiruchirappalli,Manapparai(Uzhavar Sandhai ),Beans,Beans (Whole),Local,2026-09-20 00:00:00,8000,8000,8000,0,0.00%,Valid,Normal,Normal
Tamil Nadu,Thiruchirappalli,Manapparai(Uzhavar Sandhai ),Carrot,Pusakesar,Local,2026-09-20 00:00:00,5000,5000,5000,0,0.00%,Valid,Normal,Normal
Tamil Nadu,Thiruchirappalli,Manapparai(Uzhavar Sandhai ),Lemon,Lemon,Local,2026-09-20 00:00:00,20000,20000,20000,0,0.00%,Valid,Normal,Normal
Tamil Nadu,Thiruchirappalli,Musiri(Uzhavar Sandhai ),Cauliflower,Ranchi,Local,2026-09-20 00:00:00,3000,3500,3250,500,16.67%,Valid,Normal,Normal
Tamil Nadu,Thiruchirappalli,Musiri(Uzhavar Sandhai ),Coriander(Leaves),I Sort,Local,2026-09-20 00:00:00,3600,4000,3800,400,11.11%,Valid,Normal,Normal
Tamil Nadu,Thiruchirappalli,Musiri(Uzhavar Sandhai ),Bitter gourd,Bitter Gourd,Local,2026-09-20 00:00:00,5000,6000,5500,1000,20.00%,Valid,Normal,Normal
Tamil Nadu,Thiruchirappalli,Musiri(Uzhavar Sandhai ),Bottle gourd,Bottle Gourd,Local,2026-09-20 00:00:00,1500,2000,1750,500,33.33%,Valid,Normal,Normal
Tamil Nadu,Thiruchirappalli,Musiri(Uzhavar Sandhai ),Beans,Beans (Whole),Local,2026-09-20 00:00:00,7000,7600,7300,600,8.57%,Valid,Normal,Normal
Tamil Nadu,Thiruchirappalli,Musiri(Uzhavar Sandhai ),Carrot,Pusakesar,Local,2026-09-20 00:00:00,5000,5500,5250,500,10.00%,Valid,Normal,Normal
Tamil Nadu,Thiruchirappalli,Musiri(Uzhavar Sandhai ),Snakeguard,Snakeguard,Local,2026-09-20 00:00:00,3000,3600,3300,600,20.00%,Valid,Normal,Normal
Tamil Nadu,Thiruchirappalli,Musiri(Uzhavar Sandhai ),Drumstick,Drumstick,Local,2026-09-20 00:00:00,3000,3600,3300,600,20.00%,Valid,Normal,Normal
Tamil Nadu,Thiruchirappalli,Musiri(Uzhavar Sandhai ),Guava,Guava Allahabad,Local,2026-09-20 00:00:00,4000,5000,4500,1000,25.00%,Valid,Normal,Normal
Tamil Nadu,Thiruchirappalli,Musiri(Uzhavar Sandhai ),Yam(Ratalu),Yam (Ratalu),Local,2026-09-20 00:00:00,5000,5600,5300,600,12.00%,Valid,Normal,Normal
Tamil Nadu,Thiruchirappalli,Musiri(Uzhavar Sandhai ),Colacasia,Colacasia,Local,2026-09-20 00:00:00,4500,5000,4750,500,11.11%,Valid,Normal,Normal
Tamil Nadu,Thiruchirappalli,Musiri(Uzhavar Sandhai ),Turnip,Turnip,Local,2026-09-20 00:00:00,3000,3600,3300,600,20.00%,Valid,Normal,Normal
Tamil Nadu,Thiruchirappalli,Musiri(Uzhavar Sandhai ),Amla(Nelli Kai),Amla,Local,2026-09-20 00:00:00,8000,9000,8500,1000,12.50%,Valid,Normal,Normal
Tamil Nadu,Thiruchirappalli,Thiruverumbur(Uzhavar Sandhai ),Brinjal,Other,Local,2026-09-20 00:00:00,4600,4600,4600,0,0.00%,Valid,Normal,Normal
Tamil Nadu,Thiruchirappalli,Thiruverumbur(Uzhavar Sandhai ),Banana,Karpura,Local,2026-09-20 00:00:00,4000,5000,4500,1000,25.00%,Valid,Normal,Normal
Tamil Nadu,Thiruchirappalli,Thiruverumbur(Uzhavar Sandhai ),Onion,Bellary,Local,2026-09-20 00:00:00,5000,7000,6000,2000,40.00%,Valid,Normal,Normal
Tamil Nadu,Thiruchirappalli,Thiruverumbur(Uzhavar Sandhai ),Bitter gourd,Other,Local,2026-09-20 00:00:00,5600,6000,5800,400,7.14%,Valid,Normal,Normal
Tamil Nadu,Thiruchirappalli,Thiruverumbur(Uzhavar Sandhai ),Ashgourd,Gouard,Local,2026-09-20 00:00:00,2000,2000,2000,0,0.00%,Valid,Normal,Normal
Tamil Nadu,Thiruchirappalli,Thiruverumbur(Uzhavar Sandhai ),Cabbage,Cabbage,Local,2026-09-20 00:00:00,3000,3000,3000,0,0.00%,Valid,Normal,Normal
Tamil Nadu,Thiruchirappalli,Thiruverumbur(Uzhavar Sandhai ),Beetroot,Beetroot,Local,2026-09-20 00:00:00,5600,5600,5600,0,0.00%,Valid,Normal,Normal
Tamil Nadu,Thiruchirappalli,Thiruverumbur(Uzhavar Sandhai ),Ridgeguard(Tori),Ridgeguard(Tori),Local,2026-09-20 00:00:00,4600,4600,4600,0,0.00%,Valid,Normal,Normal
Tamil Nadu,Thiruchirappalli,Thiruverumbur(Uzhavar Sandhai ),Raddish,Raddish,Local,2026-09-20 00:00:00,3600,3600,3600,0,0.00%,Valid,Normal,Normal
Tamil Nadu,Thiruchirappalli,Thiruverumbur(Uzhavar Sandhai ),Thondekai,Thondekai,Local,2026-09-20 00:00:00,6000,6000,6000,0,0.00%,Valid,Normal,Normal
Tamil Nadu,Thiruchirappalli,Thiruverumbur(Uzhavar Sandhai ),Onion Green,Onion Green,Local,2026-09-20 00:00:00,10000,11000,10500,1000,10.00%,Valid,Normal,Normal
Tamil Nadu,Virudhunagar,Rajapalayam(Uzhavar Sandhai ),Onion,Bellary,Local,2026-09-20 00:00:00,6000,7000,6500,1000,16.67%,Valid,Normal,Normal
Tamil Nadu,Virudhunagar,Rajapalayam(Uzhavar Sandhai ),Potato,Red Nanital,Local,2026-09-20 00:00:00,3000,3500,3250,500,16.67%,Valid,Normal,Normal
Tamil Nadu,Virudhunagar,Rajapalayam(Uzhavar Sandhai ),Bitter gourd,Bitter Gourd,Local,2026-09-20 00:00:00,8000,9000,8500,1000,12.50%,Valid,Normal,Normal
Tamil Nadu,Virudhunagar,Rajapalayam(Uzhavar Sandhai ),Ashgourd,Gouard,Local,2026-09-20 00:00:00,2500,3000,2750,500,20.00%,Valid,Normal,Normal
Tamil Nadu,Virudhunagar,Rajapalayam(Uzhavar Sandhai ),Amaranthus,Amaranthus,Local,2026-09-20 00:00:00,2500,3000,2750,500,20.00%,Valid,Normal,Normal
Tamil Nadu,Virudhunagar,Rajapalayam(Uzhavar Sandhai ),Beans,Beans (Whole),Local,2026-09-20 00:00:00,8000,10000,9000,2000,25.00%,Valid,Normal,Normal
Tamil Nadu,Virudhunagar,Rajapalayam(Uzhavar Sandhai ),Knool Khol,Knool Khol,Local,2026-09-20 00:00:00,5000,6000,5500,1000,20.00%,Valid,Normal,Normal
Tamil Nadu,Virudhunagar,Rajapalayam(Uzhavar Sandhai ),Guava,Guava Allahabad,Local,2026-09-20 00:00:00,3500,4000,3750,500,14.29%,Valid,Normal,Normal
Tamil Nadu,Virudhunagar,Sathur(Uzhavar Sandhai ),Brinjal,Round,Local,2026-09-20 00:00:00,3500,4000,3750,500,14.29%,Valid,Normal,Normal
Tamil Nadu,Virudhunagar,Sathur(Uzhavar Sandhai ),Cauliflower,Ranchi,Local,2026-09-20 00:00:00,3500,4000,3750,500,14.29%,Valid,Normal,Normal
Tamil Nadu,Virudhunagar,Sathur(Uzhavar Sandhai ),Papaya,Papaya,Local,2026-09-20 00:00:00,2500,3000,2750,500,20.00%,Valid,Normal,Normal
Tamil Nadu,Virudhunagar,Sathur(Uzhavar Sandhai ),Pumpkin,Pumpkin,Local,2026-09-20 00:00:00,1800,2000,1900,200,11.11%,Valid,Normal,Normal
Tamil Nadu,Virudhunagar,Sathur(Uzhavar Sandhai ),Cabbage,Cabbage,Local,2026-09-20 00:00:00,3500,4000,3750,500,14.29%,Valid,Normal,Normal
Tamil Nadu,Virudhunagar,Sathur(Uzhavar Sandhai ),Snakeguard,Snakeguard,Local,2026-09-20 00:00:00,2500,3000,2750,500,20.00%,Valid,Normal,Normal
Tamil Nadu,Virudhunagar,Sathur(Uzhavar Sandhai ),Ridgeguard(Tori),Ridgeguard(Tori),Local,2026-09-20 00:00:00,4500,5000,4750,500,11.11%,Valid,Normal,Normal
Tamil Nadu,Virudhunagar,Sathur(Uzhavar Sandhai ),Drumstick,Drumstick,Local,2026-09-20 00:00:00,3500,4000,3750,500,14.29%,Valid,Normal,Normal
Tamil Nadu,Virudhunagar,Sathur(Uzhavar Sandhai ),Guava,Guava Allahabad,Local,2026-09-20 00:00:00,4500,5000,4750,500,11.11%,Valid,Normal,Normal
Tamil Nadu,Virudhunagar,Thalavaipuram(Uzhavar Sandhai ),Soyabean,Local,Local,2026-09-20 00:00:00,10000,12000,11000,2000,20.00%,Valid,Normal,Normal
Tamil Nadu,Virudhunagar,Thalavaipuram(Uzhavar Sandhai ),Onion,Bellary,Local,2026-09-20 00:00:00,5500,7000,6250,1500,27.27%,Valid,Normal,Normal
Tamil Nadu,Virudhunagar,Thalavaipuram(Uzhavar Sandhai ),Ashgourd,Gouard,Local,2026-09-20 00:00:00,2500,3000,2750,500,20.00%,Valid,Normal,Normal
Tamil Nadu,Virudhunagar,Thalavaipuram(Uzhavar Sandhai ),Pumpkin,Pumpkin,Local,2026-09-20 00:00:00,1600,2000,1800,400,25.00%,Valid,Normal,Normal
Tamil Nadu,Virudhunagar,Thalavaipuram(Uzhavar Sandhai ),Coconut,Coconut,Local,2026-09-20 00:00:00,5000,6000,5500,1000,20.00%,Valid,Normal,Normal
Tamil Nadu,Virudhunagar,Thalavaipuram(Uzhavar Sandhai ),Beetroot,Beetroot,Local,2026-09-20 00:00:00,4000,5200,4600,1200,30.00%,Valid,Normal,Normal
Tamil Nadu,Virudhunagar,Thalavaipuram(Uzhavar Sandhai ),Ridgeguard(Tori),Ridgeguard(Tori),Local,2026-09-20 00:00:00,3200,4000,3600,800,25.00%,Valid,Normal,Normal
Tamil Nadu,Virudhunagar,Thalavaipuram(Uzhavar Sandhai ),Guava,Guava Allahabad,Local,2026-09-20 00:00:00,3200,4000,3600,800,25.00%,Valid,Normal,Normal
Tamil Nadu,Virudhunagar,Virudhunagar(Uzhavar Sandhai ),Tomato,Deshi,Local,2026-09-20 00:00:00,2500,2600,2550,100,4.00%,Valid,Normal,Normal
Tamil Nadu,Chengalpattu,Pallavaram(Uzhavar Sandhai ),Cauliflower,Ranchi,Local,2026-09-20 00:00:00,2500,3000,2750,500,20.00%,Valid,Normal,Normal
Tamil Nadu,Chengalpattu,Pallavaram(Uzhavar Sandhai ),Coriander(Leaves),I Sort,Local,2026-09-20 00:00:00,5000,6000,5500,1000,20.00%,Valid,Normal,Normal
Tamil Nadu,Chengalpattu,Pallavaram(Uzhavar Sandhai ),Tomato,Deshi,Local,2026-09-20 00:00:00,2000,2500,2250,500,25.00%,Valid,Normal,Normal
Tamil Nadu,Chengalpattu,Pallavaram(Uzhavar Sandhai ),Ashgourd,Gouard,Local,2026-09-20 00:00:00,2000,2500,2250,500,25.00%,Valid,Normal,Normal
Tamil Nadu,Chengalpattu,Pallavaram(Uzhavar Sandhai ),Cowpea(Veg),Cowpea (Veg),Local,2026-09-20 00:00:00,6000,7000,6500,1000,16.67%,Valid,Normal,Normal
Tamil Nadu,Chengalpattu,Pallavaram(Uzhavar Sandhai ),Cucumbar(Kheera),Cucumbar,Local,2026-09-20 00:00:00,4000,5000,4500,1000,25.00%,Valid,Normal,Normal
Tamil Nadu,Chengalpattu,Pallavaram(Uzhavar Sandhai ),Raddish,Raddish,Local,2026-09-20 00:00:00,3500,4000,3750,500,14.29%,Valid,Normal,Normal
Tamil Nadu,Chengalpattu,Pallavaram(Uzhavar Sandhai ),Drumstick,Drumstick,Local,2026-09-20 00:00:00,4000,5000,4500,1000,25.00%,Valid,Normal,Normal
Tamil Nadu,Nagercoil (Kannyiakumari),Myladi(Uzhavar Sandhai ),Banana,Besrai,Local,2026-09-20 00:00:00,6500,7000,6750,500,7.69%,Valid,Normal,Normal
Tamil Nadu,Nagercoil (Kannyiakumari),Myladi(Uzhavar Sandhai ),Onion,Bellary,Local,2026-09-20 00:00:00,7000,7500,7250,500,7.14%,Valid,Normal,Normal
Tamil Nadu,Nagercoil (Kannyiakumari),Myladi(Uzhavar Sandhai ),Bitter gourd,Bitter Gourd,Local,2026-09-20 00:00:00,5500,6000,5750,500,9.09%,Valid,Normal,Normal
Tamil Nadu,Nagercoil (Kannyiakumari),Myladi(Uzhavar Sandhai ),Ashgourd,Gouard,Local,2026-09-20 00:00:00,2200,2500,2350,300,13.64%,Valid,Normal,Normal
Tamil Nadu,Nagercoil (Kannyiakumari),Myladi(Uzhavar Sandhai ),Green Chilli,Green Chilly,Local,2026-09-20 00:00:00,7500,8000,7750,500,6.67%,Valid,Normal,Normal
Tamil Nadu,Nagercoil (Kannyiakumari),Myladi(Uzhavar Sandhai ),Banana - Green,Banana - Green,Local,2026-09-20 00:00:00,5500,6000,5750,500,9.09%,Valid,Normal,Normal
Tamil Nadu,Nagercoil (Kannyiakumari),Myladi(Uzhavar Sandhai ),Tapioca,Tapioca,Local,2026-09-20 00:00:00,3500,4000,3750,500,14.29%,Valid,Normal,Normal
Tamil Nadu,Nagercoil (Kannyiakumari),Myladi(Uzhavar Sandhai ),Ginger(Green),Green Ginger,Local,2026-09-20 00:00:00,17500,18000,17750,500,2.86%,Valid,Normal,Normal
Tamil Nadu,Nagercoil (Kannyiakumari),Myladi(Uzhavar Sandhai ),Snakeguard,Snakeguard,Local,2026-09-20 00:00:00,3500,4000,3750,500,14.29%,Valid,Normal,Normal
Tamil Nadu,Nagercoil (Kannyiakumari),Myladi(Uzhavar Sandhai ),Drumstick,Drumstick,Local,2026-09-20 00:00:00,4500,5000,4750,500,11.11%,Valid,Normal,Normal
Tamil Nadu,Nagercoil (Kannyiakumari),Myladi(Uzhavar Sandhai ),Tamarind Fruit,Tamarind Fruit,Local,2026-09-20 00:00:00,14500,15000,14750,500,3.45%,Valid,Normal,Normal
Tamil Nadu,Nagercoil (Kannyiakumari),Myladi(Uzhavar Sandhai ),Onion Green,Onion Green,Local,2026-09-20 00:00:00,8500,9000,8750,500,5.88%,Valid,Normal,Normal
Tamil Nadu,Villupuram,Tindivanam APMC,Papaya,Papaya,Local,2026-09-20 00:00:00,4000,4000,4000,0,0.00%,Valid,Normal,Normal
Tamil Nadu,Villupuram,Tindivanam APMC,Water Melon,Water Melon,Local,2026-09-20 00:00:00,2000,2000,2000,0,0.00%,Valid,Normal,Normal
Tamil Nadu,Villupuram,Tindivanam APMC,Green Chilli,Green Chilly,Local,2026-09-20 00:00:00,5500,5500,5500,0,0.00%,Valid,Normal,Normal
Tamil Nadu,Villupuram,Tindivanam APMC,Tapioca,Tapioca,Local,2026-09-20 00:00:00,4500,4500,4500,0,0.00%,Valid,Normal,Normal
Tamil Nadu,Villupuram,Tindivanam APMC,Carrot,Pusakesar,Local,2026-09-20 00:00:00,6000,6000,6000,0,0.00%,Valid,Normal,Normal
Tamil Nadu,Villupuram,Tindivanam APMC,Snakeguard,Snakeguard,Local,2026-09-20 00:00:00,3000,3000,3000,0,0.00%,Valid,Normal,Normal
Tamil Nadu,Villupuram,Tindivanam APMC,Cucumbar(Kheera),Cucumbar,Local,2026-09-20 00:00:00,4500,4500,4500,0,0.00%,Valid,Normal,Normal
Tamil Nadu,Villupuram,Tindivanam APMC,Capsicum,Capsicum,Local,2026-09-20 00:00:00,6000,6000,6000,0,0.00%,Valid,Normal,Normal
Tamil Nadu,Villupuram,Tindivanam APMC,Drumstick,Drumstick,Local,2026-09-20 00:00:00,4000,4000,4000,0,0.00%,Valid,Normal,Normal
Tamil Nadu,Villupuram,Tindivanam APMC,Yam(Ratalu),Yam (Ratalu),Local,2026-09-20 00:00:00,6000,6000,6000,0,0.00%,Valid,Normal,Normal
Tamil Nadu,Villupuram,Ulundurpettai APMC,Banana,Besrai,Local,2026-09-20 00:00:00,4000,4000,4000,0,0.00%,Valid,Normal,Normal
Tamil Nadu,Villupuram,Ulundurpettai APMC,Onion,Bellary,Local,2026-09-20 00:00:00,6000,6000,6000,0,0.00%,Valid,Normal,Normal
Tamil Nadu,Villupuram,Ulundurpettai APMC,Tomato,Deshi,Local,2026-09-20 00:00:00,2000,2000,2000,0,0.00%,Valid,Normal,Normal
Tamil Nadu,Villupuram,Ulundurpettai APMC,Amaranthus,Amaranthus,Local,2026-09-20 00:00:00,2500,2500,2500,0,0.00%,Valid,Normal,Normal
Tamil Nadu,Villupuram,Ulundurpettai APMC,Green Chilli,Green Chilly,Local,2026-09-20 00:00:00,6000,6000,6000,0,0.00%,Valid,Normal,Normal
Tamil Nadu,Villupuram,Ulundurpettai APMC,Coconut,Coconut,Local,2026-09-20 00:00:00,3000,3000,3000,0,0.00%,Valid,Normal,Normal
Tamil Nadu,Villupuram,Ulundurpettai APMC,Snakeguard,Snakeguard,Local,2026-09-20 00:00:00,4000,4000,4000,0,0.00%,Valid,Normal,Normal
Tamil Nadu,Villupuram,Ulundurpettai APMC,Drumstick,Drumstick,Local,2026-09-20 00:00:00,4000,4000,4000,0,0.00%,Valid,Normal,Normal
Tamil Nadu,Villupuram,Ulundurpettai APMC,Elephant Yam(Suran)/Amorphophallus,Elephant Yam (Suran),Local,2026-09-20 00:00:00,6000,6000,6000,0,0.00%,Valid,Normal,Normal
Tamil Nadu,Villupuram,Ulundurpettai APMC,Amla(Nelli Kai),Amla,Local,2026-09-20 00:00:00,8000,8000,8000,0,0.00%,Valid,Normal,Normal
Tamil Nadu,Villupuram,Ulundurpettai APMC,Onion Green,Onion Green,Local,2026-09-20 00:00:00,7000,7000,7000,0,0.00%,Valid,Normal,Normal
Uttar Pradesh,Mirzapur,Ahirora APMC,Green Chilli,Other,FAQ,2026-09-20 00:00:00,3200,3200,3200,0,0.00%,Valid,Normal,Normal
Uttar Pradesh,Fatehpur,Fatehpur APMC,Tomato,Other,FAQ,2026-09-20 00:00:00,2200,2200,2200,0,0.00%,Valid,Normal,Normal
Uttar Pradesh,Jalaun (Orai),Kalpi APMC,Wheat,Other,FAQ,2026-09-20 00:00:00,2500,2500,2500,0,0.00%,Valid,Normal,Normal
Uttar Pradesh,Kasganj,Kasganj APMC,Paddy(Common),Basmati,FAQ,2026-09-20 00:00:00,3300,3300,3300,0,0.00%,Valid,Normal,Normal
Uttar Pradesh,Kasganj,Kasganj APMC,Wheat,C-83,FAQ,2026-09-20 00:00:00,2601,2601,2601,0,0.00%,Valid,Normal,Normal
Uttar Pradesh,Aligarh,Khair APMC,Paddy(Common),Basmati,FAQ,2026-09-20 00:00:00,3300,3400,3321.36,100,3.03%,Valid,Normal,Normal
Gujarat,Amreli,Damnagar APMC,Guar,Gwar,Local,2026-09-20 00:00:00,3500,3500,3500,0,0.00%,Valid,Normal,Normal
Tamil Nadu,Madurai,Chokkikulam(Uzhavar Sandhai ),Soyabean,Local,Local,2026-09-20 00:00:00,9000,10000,9500,1000,11.11%,Valid,Normal,Normal
Tamil Nadu,Madurai,Chokkikulam(Uzhavar Sandhai ),Banana,Besrai,Local,2026-09-20 00:00:00,4000,5000,4500,1000,25.00%,Valid,Normal,Normal
Tamil Nadu,Madurai,Chokkikulam(Uzhavar Sandhai ),Potato,Red Nanital,Local,2026-09-20 00:00:00,5000,5500,5250,500,10.00%,Valid,Normal,Normal
Tamil Nadu,Madurai,Chokkikulam(Uzhavar Sandhai ),Green Peas,Green Peas,Local,2026-09-20 00:00:00,12000,14000,13000,2000,16.67%,Valid,Normal,Normal
Tamil Nadu,Madurai,Chokkikulam(Uzhavar Sandhai ),Bottle gourd,Bottle Gourd,Local,2026-09-20 00:00:00,2000,2600,2300,600,30.00%,Valid,Normal,Normal
Tamil Nadu,Madurai,Chokkikulam(Uzhavar Sandhai ),Tapioca,Tapioca,Local,2026-09-20 00:00:00,3600,4000,3800,400,11.11%,Valid,Normal,Normal
Tamil Nadu,Madurai,Chokkikulam(Uzhavar Sandhai ),Ginger(Green),Green Ginger,Local,2026-09-20 00:00:00,11000,20000,15500,9000,81.82%,Valid,Normal,Normal
Tamil Nadu,Madurai,Chokkikulam(Uzhavar Sandhai ),Sweet Potato,Hosur Red,Local,2026-09-20 00:00:00,5000,6000,5500,1000,20.00%,Valid,Normal,Normal
Tamil Nadu,Madurai,Chokkikulam(Uzhavar Sandhai ),Carrot,Pusakesar,Local,2026-09-20 00:00:00,2800,4000,3400,1200,42.86%,Valid,Normal,Normal
Tamil Nadu,Madurai,Chokkikulam(Uzhavar Sandhai ),Thondekai,Thondekai,Local,2026-09-20 00:00:00,3600,4000,3800,400,11.11%,Valid,Normal,Normal
Tamil Nadu,Madurai,Chokkikulam(Uzhavar Sandhai ),Mango(Raw-Ripe),Mango - Raw-Ripe,Local,2026-09-20 00:00:00,12000,13000,12500,1000,8.33%,Valid,Normal,Normal
Tamil Nadu,Madurai,Chokkikulam(Uzhavar Sandhai ),Lime,Lime,Local,2026-09-20 00:00:00,3600,4000,3800,400,11.11%,Valid,Normal,Normal
Uttar Pradesh,Ghaziabad,Noida APMC,Onion,Other,FAQ,2026-09-20 00:00:00,4000,4000,4000,0,0.00%,Valid,Normal,Normal
Uttar Pradesh,Saharanpur,Saharanpur APMC,Wood,Other,FAQ,2026-09-20 00:00:00,1300,1300,1300,0,0.00%,Valid,Normal,Normal
Telangana,Bhadradri Kothagudem,Dammapet APMC,Paddy(Common),1001,FAQ,2026-09-20 00:00:00,2400,2500,2500,100,4.17%,Valid,Normal,Normal
Andhra Pradesh,Prakasam,Kondapi APMC,Bengal Gram(Gram)(Whole),Average (Whole),Local,2026-09-20 00:00:00,5400,5800,5600,400,7.41%,Valid,Normal,Normal
Uttar Pradesh,Bareilly,Baheri APMC,Wood,Other,FAQ,2026-09-20 00:00:00,450,450,450,0,0.00%,Valid,Normal,Normal
Uttar Pradesh,Lalitpur,Lalitpur APMC,Wood,Other,FAQ,2026-09-20 00:00:00,200,450,322.76,250,125.00%,Valid,Normal,Normal
Uttar Pradesh,Shahjahanpur,Shahjahanpur APMC,Wood,Other,FAQ,2026-09-20 00:00:00,580,1700,744.1,1120,193.10%,Valid,Normal,Normal
Uttar Pradesh,Varanasi,Varanasi APMC,Ginger(Green),Other,FAQ,2026-09-20 00:00:00,4000,4000,4000,0,0.00%,Valid,Normal,Normal
Uttarakhand,Haridwar,Roorkee APMC,Brinjal,Other,Local,2026-09-20 00:00:00,800,1000,900,200,25.00%,Valid,Normal,Normal
Uttarakhand,Haridwar,Roorkee APMC,Cauliflower,Other,Local,2026-09-20 00:00:00,1000,1500,1200,500,50.00%,Valid,Normal,Normal
Maharashtra,Pune,Pune(Moshi),Amla(Nelli Kai),Other,Local,2026-09-20 00:00:00,8000,8000,8000,0,0.00%,Valid,Normal,Normal
Maharashtra,Pune,Pune(Moshi),Carrot,Other,Local,2026-09-20 00:00:00,2000,2500,2250,500,25.00%,Valid,Normal,Normal
Maharashtra,Pune,Pune(Moshi),Garlic,Other,Local,2026-09-20 00:00:00,10000,10000,10000,0,0.00%,Valid,Normal,Normal
Maharashtra,Pune,Pune(Moshi),Raddish,Other,Local,2026-09-20 00:00:00,10,10,10,0,0.00%,Valid,Review,Normal
Maharashtra,Pune,Pune(Moshi),Spinach,Other,Local,2026-09-20 00:00:00,8,10,9,2,25.00%,Valid,Review,Normal
Tamil Nadu,Erode,Thalavadi(Uzhavar Sandhai ),Brinjal,Round,Local,2026-09-20 00:00:00,2800,3200,3000,400,14.29%,Valid,Normal,Normal
Tamil Nadu,Erode,Thalavadi(Uzhavar Sandhai ),Banana,Red Banana,Local,2026-09-20 00:00:00,6500,7000,6750,500,7.69%,Valid,Normal,Normal
Tamil Nadu,Erode,Thalavadi(Uzhavar Sandhai ),Cauliflower,Ranchi,Local,2026-09-20 00:00:00,3000,3500,3250,500,16.67%,Valid,Normal,Normal
Tamil Nadu,Erode,Thalavadi(Uzhavar Sandhai ),Papaya,Papaya,Local,2026-09-20 00:00:00,2000,2400,2200,400,20.00%,Valid,Normal,Normal
Tamil Nadu,Erode,Thalavadi(Uzhavar Sandhai ),Ashgourd,Gouard,Local,2026-09-20 00:00:00,1400,1800,1600,400,28.57%,Valid,Normal,Normal
Tamil Nadu,Erode,Thalavadi(Uzhavar Sandhai ),Bhindi(Ladies Finger),Bhindi,Local,2026-09-20 00:00:00,2400,2800,2600,400,16.67%,Valid,Normal,Normal
Tamil Nadu,Erode,Thalavadi(Uzhavar Sandhai ),Amaranthus,Amaranthus,Local,2026-09-20 00:00:00,3500,4000,3750,500,14.29%,Valid,Normal,Normal
Tamil Nadu,Erode,Thalavadi(Uzhavar Sandhai ),Green Chilli,Green Chilly,Local,2026-09-20 00:00:00,4000,4500,4250,500,12.50%,Valid,Normal,Normal
Tamil Nadu,Erode,Thalavadi(Uzhavar Sandhai ),Raddish,Raddish,Local,2026-09-20 00:00:00,2400,2800,2600,400,16.67%,Valid,Normal,Normal
Tamil Nadu,Erode,Thalavadi(Uzhavar Sandhai ),Mint(Pudina),Mint(Pudina),Local,2026-09-20 00:00:00,4400,4800,4600,400,9.09%,Valid,Normal,Normal
Tamil Nadu,Cuddalore,Viruthachalam(Uzhavar Sandhai ),Brinjal,Round,Local,2026-09-20 00:00:00,4000,5000,4500,1000,25.00%,Valid,Normal,Normal
Tamil Nadu,Cuddalore,Viruthachalam(Uzhavar Sandhai ),Beans,Beans (Whole),Local,2026-09-20 00:00:00,10000,10000,10000,0,0.00%,Valid,Normal,Normal
Tamil Nadu,Cuddalore,Viruthachalam(Uzhavar Sandhai ),Cabbage,Cabbage,Local,2026-09-20 00:00:00,4000,4000,4000,0,0.00%,Valid,Normal,Normal
Tamil Nadu,Cuddalore,Viruthachalam(Uzhavar Sandhai ),Snakeguard,Snakeguard,Local,2026-09-20 00:00:00,3000,3000,3000,0,0.00%,Valid,Normal,Normal
Tamil Nadu,Cuddalore,Viruthachalam(Uzhavar Sandhai ),Raddish,Raddish,Local,2026-09-20 00:00:00,3000,3000,3000,0,0.00%,Valid,Normal,Normal
Tamil Nadu,Cuddalore,Viruthachalam(Uzhavar Sandhai ),Drumstick,Drumstick,Local,2026-09-20 00:00:00,2000,2000,2000,0,0.00%,Valid,Normal,Normal
Tamil Nadu,Cuddalore,Viruthachalam(Uzhavar Sandhai ),Mango(Raw-Ripe),Mango - Raw-Ripe,Local,2026-09-20 00:00:00,12000,18000,15000,6000,50.00%,Valid,Normal,Normal
Tamil Nadu,Cuddalore,Viruthachalam(Uzhavar Sandhai ),Onion Green,Onion Green,Local,2026-09-20 00:00:00,9000,9000,9000,0,0.00%,Valid,Normal,Normal
Tamil Nadu,Krishnagiri,Krishnagiri(Uzhavar Sandhai ),Groundnut,Big (With Shell),Local,2026-09-20 00:00:00,6000,6500,6250,500,8.33%,Valid,Normal,Normal
Tamil Nadu,Krishnagiri,Krishnagiri(Uzhavar Sandhai ),Banana,Red Banana,Local,2026-09-20 00:00:00,7500,8000,7750,500,6.67%,Valid,Normal,Normal
Tamil Nadu,Krishnagiri,Krishnagiri(Uzhavar Sandhai ),Onion,Bellary,Local,2026-09-20 00:00:00,5500,6000,5750,500,9.09%,Valid,Normal,Normal
Tamil Nadu,Krishnagiri,Krishnagiri(Uzhavar Sandhai ),Water Melon,Water Melon,Local,2026-09-20 00:00:00,1500,2000,1750,500,33.33%,Valid,Normal,Normal
Tamil Nadu,Krishnagiri,Krishnagiri(Uzhavar Sandhai ),Pumpkin,Pumpkin,Local,2026-09-20 00:00:00,1500,2000,1750,500,33.33%,Valid,Normal,Normal
Tamil Nadu,Krishnagiri,Krishnagiri(Uzhavar Sandhai ),Cowpea(Veg),Cowpea (Veg),Local,2026-09-20 00:00:00,5000,6000,5500,1000,20.00%,Valid,Normal,Normal
Tamil Nadu,Krishnagiri,Krishnagiri(Uzhavar Sandhai ),Banana - Green,Banana - Green,Local,2026-09-20 00:00:00,2600,3000,2800,400,15.38%,Valid,Normal,Normal
Tamil Nadu,Krishnagiri,Krishnagiri(Uzhavar Sandhai ),Beans,Beans (Whole),Local,2026-09-20 00:00:00,7000,7500,7250,500,7.14%,Valid,Normal,Normal
Tamil Nadu,Krishnagiri,Krishnagiri(Uzhavar Sandhai ),Knool Khol,Knool Khol,Local,2026-09-20 00:00:00,4500,5000,4750,500,11.11%,Valid,Normal,Normal
Tamil Nadu,Krishnagiri,Krishnagiri(Uzhavar Sandhai ),Lemon,Lemon,Local,2026-09-20 00:00:00,22000,24000,23000,2000,9.09%,Valid,Normal,Normal
Tamil Nadu,Krishnagiri,Krishnagiri(Uzhavar Sandhai ),Sweet Corn,Sweet Corn,Local,2026-09-20 00:00:00,2500,3000,2750,500,20.00%,Valid,Normal,Normal
Tamil Nadu,Nagapattinam,Nagapattinam(Uzhavar Sandhai ),Onion,Bellary,Local,2026-09-20 00:00:00,3900,5000,4450,1100,28.21%,Valid,Normal,Normal
Tamil Nadu,Nagapattinam,Nagapattinam(Uzhavar Sandhai ),Green Chilli,Green Chilly,Local,2026-09-20 00:00:00,6600,6600,6600,0,0.00%,Valid,Normal,Normal
Tamil Nadu,Nagapattinam,Nagapattinam(Uzhavar Sandhai ),Beans,Beans (Whole),Local,2026-09-20 00:00:00,9800,9800,9800,0,0.00%,Valid,Normal,Normal
Tamil Nadu,Nagapattinam,Nagapattinam(Uzhavar Sandhai ),Carrot,Pusakesar,Local,2026-09-20 00:00:00,7300,8800,8050,1500,20.55%,Valid,Normal,Normal
Tamil Nadu,Pudukkottai,Pudukottai(Uzhavar Sandhai ),Banana,Red Banana,Local,2026-09-20 00:00:00,8000,9000,8500,1000,12.50%,Valid,Normal,Normal
Tamil Nadu,Pudukkottai,Pudukottai(Uzhavar Sandhai ),Green Peas,Green Peas,Local,2026-09-20 00:00:00,10000,12000,11000,2000,20.00%,Valid,Normal,Normal
Tamil Nadu,Pudukkottai,Pudukottai(Uzhavar Sandhai ),Tomato,Deshi,Local,2026-09-20 00:00:00,2500,3000,2750,500,20.00%,Valid,Normal,Normal
Tamil Nadu,Pudukkottai,Pudukottai(Uzhavar Sandhai ),Pumpkin,Pumpkin,Local,2026-09-20 00:00:00,1000,1500,1250,500,50.00%,Valid,Normal,Normal
Tamil Nadu,Pudukkottai,Pudukottai(Uzhavar Sandhai ),Mango(Raw-Ripe),Mango - Raw-Ripe,Local,2026-09-20 00:00:00,9000,10000,9500,1000,11.11%,Valid,Normal,Normal
Tamil Nadu,Pudukkottai,Pudukottai(Uzhavar Sandhai ),Knool Khol,Knool Khol,Local,2026-09-20 00:00:00,3000,4000,3500,1000,33.33%,Valid,Normal,Normal
Tamil Nadu,Pudukkottai,Pudukottai(Uzhavar Sandhai ),Lime,Lime,Local,2026-09-20 00:00:00,1500,2000,1750,500,33.33%,Valid,Normal,Normal
Tamil Nadu,Pudukkottai,Pudukottai(Uzhavar Sandhai ),Onion Green,Onion Green,Local,2026-09-20 00:00:00,10000,11000,10500,1000,10.00%,Valid,Normal,Normal
Tamil Nadu,The Nilgiris,Udhagamandalam(Uzhavar Sandhai ),Onion,Bellary,Local,2026-09-20 00:00:00,6500,6800,6650,300,4.62%,Valid,Normal,Normal
Tamil Nadu,The Nilgiris,Udhagamandalam(Uzhavar Sandhai ),Bhindi(Ladies Finger),Bhindi,Local,2026-09-20 00:00:00,4000,4400,4200,400,10.00%,Valid,Normal,Normal
Tamil Nadu,The Nilgiris,Udhagamandalam(Uzhavar Sandhai ),Elephant Yam(Suran)/Amorphophallus,Elephant Yam (Suran),Local,2026-09-20 00:00:00,3500,4000,3750,500,14.29%,Valid,Normal,Normal
Tamil Nadu,The Nilgiris,Udhagamandalam(Uzhavar Sandhai ),Mint(Pudina),Mint(Pudina),Local,2026-09-20 00:00:00,4000,5000,4500,1000,25.00%,Valid,Normal,Normal
Tamil Nadu,Theni,Bodinayakanur(Uzhavar Sandhai ),Potato,Red Nanital,Local,2026-09-20 00:00:00,3000,3000,3000,0,0.00%,Valid,Normal,Normal
Tamil Nadu,Theni,Bodinayakanur(Uzhavar Sandhai ),Cluster beans,Cluster Beans,Local,2026-09-20 00:00:00,3000,3000,3000,0,0.00%,Valid,Normal,Normal
Tamil Nadu,Theni,Bodinayakanur(Uzhavar Sandhai ),Bitter gourd,Bitter Gourd,Local,2026-09-20 00:00:00,3800,3800,3800,0,0.00%,Valid,Normal,Normal
Tamil Nadu,Theni,Bodinayakanur(Uzhavar Sandhai ),Green Chilli,Green Chilly,Local,2026-09-20 00:00:00,5000,5000,5000,0,0.00%,Valid,Normal,Normal
Tamil Nadu,Theni,Bodinayakanur(Uzhavar Sandhai ),Tapioca,Tapioca,Local,2026-09-20 00:00:00,3500,3500,3500,0,0.00%,Valid,Normal,Normal
Tamil Nadu,Theni,Bodinayakanur(Uzhavar Sandhai ),Coconut,Coconut,Local,2026-09-20 00:00:00,5800,5800,5800,0,0.00%,Valid,Normal,Normal
Tamil Nadu,Theni,Bodinayakanur(Uzhavar Sandhai ),Carrot,Pusakesar,Local,2026-09-20 00:00:00,3400,3400,3400,0,0.00%,Valid,Normal,Normal
Tamil Nadu,Theni,Bodinayakanur(Uzhavar Sandhai ),Beetroot,Beetroot,Local,2026-09-20 00:00:00,3600,3600,3600,0,0.00%,Valid,Normal,Normal
Tamil Nadu,Theni,Bodinayakanur(Uzhavar Sandhai ),Raddish,Raddish,Local,2026-09-20 00:00:00,2400,2400,2400,0,0.00%,Valid,Normal,Normal
Tamil Nadu,Theni,Bodinayakanur(Uzhavar Sandhai ),Drumstick,Drumstick,Local,2026-09-20 00:00:00,4000,4000,4000,0,0.00%,Valid,Normal,Normal
Bihar,Sheikhpura,Barbigha APMC,Cucumbar(Kheera),Cucumbar,FAQ,2026-09-20 00:00:00,3900,4025,3960,125,3.21%,Valid,Normal,Normal
Tamil Nadu,Villupuram,Gingee(Uzhavar Sandhai ),Papaya,Papaya,Local,2026-09-20 00:00:00,5000,5000,5000,0,0.00%,Valid,Normal,Normal
Tamil Nadu,Villupuram,Gingee(Uzhavar Sandhai ),Bhindi(Ladies Finger),Bhindi,Local,2026-09-20 00:00:00,2500,2500,2500,0,0.00%,Valid,Normal,Normal
Tamil Nadu,Villupuram,Gingee(Uzhavar Sandhai ),Green Chilli,Green Chilly,Local,2026-09-20 00:00:00,5000,5000,5000,0,0.00%,Valid,Normal,Normal
Tamil Nadu,Villupuram,Gingee(Uzhavar Sandhai ),Carrot,Pusakesar,Local,2026-09-20 00:00:00,6000,6000,6000,0,0.00%,Valid,Normal,Normal
Tamil Nadu,Villupuram,Gingee(Uzhavar Sandhai ),Raddish,Raddish,Local,2026-09-20 00:00:00,4000,4000,4000,0,0.00%,Valid,Normal,Normal
Tamil Nadu,Villupuram,Gingee(Uzhavar Sandhai ),Mango(Raw-Ripe),Mango - Raw-Ripe,Local,2026-09-20 00:00:00,9000,9000,9000,0,0.00%,Valid,Normal,Normal
Uttar Pradesh,Bareilly,Bareilly APMC,Capsicum,Other,FAQ,2026-09-20 00:00:00,2000,2000,2000,0,0.00%,Valid,Normal,Normal
Tamil Nadu,Thiruvarur,Valangaiman APMC,Bottle gourd,Bottle Gourd,Local,2026-09-20 00:00:00,3000,3000,3000,0,0.00%,Valid,Normal,Normal
Tamil Nadu,Thiruvarur,Valangaiman APMC,Ashgourd,Gouard,Local,2026-09-20 00:00:00,2400,2400,2400,0,0.00%,Valid,Normal,Normal
Tamil Nadu,Thiruvarur,Valangaiman APMC,Pumpkin,Pumpkin,Local,2026-09-20 00:00:00,2400,2400,2400,0,0.00%,Valid,Normal,Normal
Tamil Nadu,Thiruvarur,Valangaiman APMC,Amaranthus,Amaranthus,Local,2026-09-20 00:00:00,2000,2000,2000,0,0.00%,Valid,Normal,Normal
Tamil Nadu,Virudhunagar,Kariyapatti(Uzhavar Sandhai ),Brinjal,Round,Local,2026-09-20 00:00:00,3500,4000,3750,500,14.29%,Valid,Normal,Normal
Tamil Nadu,Virudhunagar,Kariyapatti(Uzhavar Sandhai ),Onion,Bellary,Local,2026-09-20 00:00:00,6500,7000,6750,500,7.69%,Valid,Normal,Normal
Tamil Nadu,Virudhunagar,Kariyapatti(Uzhavar Sandhai ),Chikoos(Sapota),Sapota,Local,2026-09-20 00:00:00,3500,4000,3750,500,14.29%,Valid,Normal,Normal
Tamil Nadu,Virudhunagar,Kariyapatti(Uzhavar Sandhai ),Papaya,Papaya,Local,2026-09-20 00:00:00,3000,3500,3250,500,16.67%,Valid,Normal,Normal
Tamil Nadu,Virudhunagar,Kariyapatti(Uzhavar Sandhai ),Cluster beans,Cluster Beans,Local,2026-09-20 00:00:00,3000,3500,3250,500,16.67%,Valid,Normal,Normal
Tamil Nadu,Virudhunagar,Kariyapatti(Uzhavar Sandhai ),Banana - Green,Banana - Green,Local,2026-09-20 00:00:00,3000,3500,3250,500,16.67%,Valid,Normal,Normal
Tamil Nadu,Virudhunagar,Kariyapatti(Uzhavar Sandhai ),Onion Green,Onion Green,Local,2026-09-20 00:00:00,8500,9000,8750,500,5.88%,Valid,Normal,Normal
Uttar Pradesh,Bulandshahar,Buland Shahr APMC,Wood,Other,FAQ,2026-09-20 00:00:00,550,550,550,0,0.00%,Valid,Normal,Normal
Uttar Pradesh,Bulandshahar,Buland Shahr APMC,Onion,Other,FAQ,2026-09-20 00:00:00,2800,2800,2800,0,0.00%,Valid,Normal,Normal
Uttar Pradesh,Aligarh,Charra APMC,Paddy(Common),Basmati,FAQ,2026-09-20 00:00:00,3200,3300,3234.98,100,3.13%,Valid,Normal,Normal
Tamil Nadu,Vellore,Katpadi (Uzhavar Sandhai ),Cluster beans,Cluster Beans,Local,2026-09-20 00:00:00,3000,3500,3250,500,16.67%,Valid,Normal,Normal
Tamil Nadu,Vellore,Katpadi (Uzhavar Sandhai ),Coconut,Coconut,Local,2026-09-20 00:00:00,3000,3500,3250,500,16.67%,Valid,Normal,Normal
Tamil Nadu,Vellore,Katpadi (Uzhavar Sandhai ),Snakeguard,Snakeguard,Local,2026-09-20 00:00:00,3000,3000,3000,0,0.00%,Valid,Normal,Normal
Tamil Nadu,Vellore,Katpadi (Uzhavar Sandhai ),Raddish,Raddish,Local,2026-09-20 00:00:00,2500,2500,2500,0,0.00%,Valid,Normal,Normal
Tamil Nadu,Vellore,Katpadi (Uzhavar Sandhai ),Thondekai,Thondekai,Local,2026-09-20 00:00:00,3500,3500,3500,0,0.00%,Valid,Normal,Normal
Tamil Nadu,Vellore,Katpadi (Uzhavar Sandhai ),Knool Khol,Knool Khol,Local,2026-09-20 00:00:00,3000,3000,3000,0,0.00%,Valid,Normal,Normal
Tamil Nadu,Vellore,Katpadi (Uzhavar Sandhai ),Guava,Guava Allahabad,Local,2026-09-20 00:00:00,10000,10000,10000,0,0.00%,Valid,Normal,Normal
Tamil Nadu,Vellore,Katpadi (Uzhavar Sandhai ),Elephant Yam(Suran)/Amorphophallus,Elephant Yam (Suran),Local,2026-09-20 00:00:00,5500,5500,5500,0,0.00%,Valid,Normal,Normal
Tamil Nadu,Vellore,Katpadi (Uzhavar Sandhai ),Custard Apple(Sharifa),Custard Apple(Sharifa),Local,2026-09-20 00:00:00,5000,5000,5000,0,0.00%,Valid,Normal,Normal
Tamil Nadu,Vellore,Katpadi (Uzhavar Sandhai ),Sweet Corn,Sweet Corn,Local,2026-09-20 00:00:00,2500,3000,2750,500,20.00%,Valid,Normal,Normal
Tamil Nadu,Madurai,Thirumangalam(Uzhavar Sandhai ),Brinjal,Round,Local,2026-09-20 00:00:00,3000,3600,3300,600,20.00%,Valid,Normal,Normal
Tamil Nadu,Madurai,Thirumangalam(Uzhavar Sandhai ),Banana,Besrai,Local,2026-09-20 00:00:00,3000,4000,3500,1000,33.33%,Valid,Normal,Normal
Tamil Nadu,Madurai,Thirumangalam(Uzhavar Sandhai ),Onion,Bellary,Local,2026-09-20 00:00:00,6000,7000,6500,1000,16.67%,Valid,Normal,Normal
Tamil Nadu,Madurai,Thirumangalam(Uzhavar Sandhai ),Bitter gourd,Bitter Gourd,Local,2026-09-20 00:00:00,5000,5500,5250,500,10.00%,Valid,Normal,Normal
Tamil Nadu,Madurai,Thirumangalam(Uzhavar Sandhai ),Pumpkin,Pumpkin,Local,2026-09-20 00:00:00,1500,2000,1750,500,33.33%,Valid,Normal,Normal
Tamil Nadu,Madurai,Thirumangalam(Uzhavar Sandhai ),Ridgeguard(Tori),Ridgeguard(Tori),Local,2026-09-20 00:00:00,4000,4500,4250,500,12.50%,Valid,Normal,Normal
Tamil Nadu,Madurai,Thirumangalam(Uzhavar Sandhai ),Drumstick,Drumstick,Local,2026-09-20 00:00:00,5000,6000,5500,1000,20.00%,Valid,Normal,Normal
Tamil Nadu,Madurai,Thirumangalam(Uzhavar Sandhai ),Yam(Ratalu),Yam (Ratalu),Local,2026-09-20 00:00:00,6000,7000,6500,1000,16.67%,Valid,Normal,Normal
Tamil Nadu,Madurai,Melur(Uzhavar Sandhai ),Groundnut,Big (With Shell),Local,2026-09-20 00:00:00,7000,8000,7500,1000,14.29%,Valid,Normal,Normal
Tamil Nadu,Madurai,Melur(Uzhavar Sandhai ),Brinjal,Round,Local,2026-09-20 00:00:00,3000,3600,3300,600,20.00%,Valid,Normal,Normal
Tamil Nadu,Madurai,Melur(Uzhavar Sandhai ),Papaya,Papaya,Local,2026-09-20 00:00:00,4500,5000,4750,500,11.11%,Valid,Normal,Normal
Tamil Nadu,Madurai,Melur(Uzhavar Sandhai ),Bitter gourd,Other,Local,2026-09-20 00:00:00,5000,5500,5250,500,10.00%,Valid,Normal,Normal
Tamil Nadu,Madurai,Melur(Uzhavar Sandhai ),Ashgourd,Gouard,Local,2026-09-20 00:00:00,1600,1800,1700,200,12.50%,Valid,Normal,Normal
Tamil Nadu,Madurai,Melur(Uzhavar Sandhai ),Pumpkin,Pumpkin,Local,2026-09-20 00:00:00,1600,2000,1800,400,25.00%,Valid,Normal,Normal
Tamil Nadu,Madurai,Melur(Uzhavar Sandhai ),Cowpea(Veg),Cowpea (Veg),Local,2026-09-20 00:00:00,3000,4000,3500,1000,33.33%,Valid,Normal,Normal
Tamil Nadu,Madurai,Melur(Uzhavar Sandhai ),Raddish,Raddish,Local,2026-09-20 00:00:00,2400,2800,2600,400,16.67%,Valid,Normal,Normal
Tamil Nadu,Madurai,Melur(Uzhavar Sandhai ),Amla(Nelli Kai),Amla,Local,2026-09-20 00:00:00,8000,9000,8500,1000,12.50%,Valid,Normal,Normal
Tamil Nadu,Karur,Gandhigramam(Uzhavar Sandhai),Brinjal,Other,Local,2026-09-20 00:00:00,3000,3500,3250,500,16.67%,Valid,Normal,Normal
Tamil Nadu,Karur,Gandhigramam(Uzhavar Sandhai),Cauliflower,Ranchi,Local,2026-09-20 00:00:00,4000,4500,4250,500,12.50%,Valid,Normal,Normal
Tamil Nadu,Karur,Gandhigramam(Uzhavar Sandhai),Cluster beans,Cluster Beans,Local,2026-09-20 00:00:00,3500,4000,3750,500,14.29%,Valid,Normal,Normal
Tamil Nadu,Karur,Gandhigramam(Uzhavar Sandhai),Pumpkin,Pumpkin,Local,2026-09-20 00:00:00,2200,2500,2350,300,13.64%,Valid,Normal,Normal
Tamil Nadu,Karur,Gandhigramam(Uzhavar Sandhai),Banana - Green,Banana - Green,Local,2026-09-20 00:00:00,2000,3000,2500,1000,50.00%,Valid,Normal,Normal
Tamil Nadu,Karur,Gandhigramam(Uzhavar Sandhai),Sweet Potato,Hosur Red,Local,2026-09-20 00:00:00,4500,5000,4750,500,11.11%,Valid,Normal,Normal
Karnataka,Bengaluru South,Ramanagara APMC,Brinjal,Round,Local,2026-09-20 00:00:00,1400,2000,1600,600,42.86%,Valid,Normal,Normal
Karnataka,Bengaluru South,Ramanagara APMC,Bitter gourd,Bitter Gourd,Local,2026-09-20 00:00:00,3000,4000,3600,1000,33.33%,Valid,Normal,Normal
Karnataka,Bengaluru South,Ramanagara APMC,Ginger(Green),Green Ginger,Local,2026-09-20 00:00:00,3000,4500,4000,1500,50.00%,Valid,Normal,Normal
Tamil Nadu,Salem,Vazhapadi(Uzhavar Sandhai),Kakada,Kakada,Local,2026-09-20 00:00:00,25000,25000,25000,0,0.00%,Valid,Normal,Normal
Tamil Nadu,Pudukkottai,Aranthangi(Uzhavar Sandhai ),Brinjal,Other,Local,2026-09-20 00:00:00,5000,6000,5500,1000,20.00%,Valid,Normal,Normal
Tamil Nadu,Pudukkottai,Aranthangi(Uzhavar Sandhai ),Tomato,Other,Local,2026-09-20 00:00:00,2500,3000,2750,500,20.00%,Valid,Normal,Normal
Tamil Nadu,Pudukkottai,Aranthangi(Uzhavar Sandhai ),Pumpkin,Pumpkin,Local,2026-09-20 00:00:00,1000,1500,1250,500,50.00%,Valid,Normal,Normal
Tamil Nadu,Pudukkottai,Aranthangi(Uzhavar Sandhai ),Green Chilli,Green Chilly,Local,2026-09-20 00:00:00,5000,6000,5500,1000,20.00%,Valid,Normal,Normal
Tamil Nadu,Pudukkottai,Aranthangi(Uzhavar Sandhai ),Banana - Green,Banana - Green,Local,2026-09-20 00:00:00,2500,3000,2750,500,20.00%,Valid,Normal,Normal
Tamil Nadu,Pudukkottai,Aranthangi(Uzhavar Sandhai ),Ridgeguard(Tori),Ridgeguard(Tori),Local,2026-09-20 00:00:00,5000,6000,5500,1000,20.00%,Valid,Normal,Normal
Tamil Nadu,Nagapattinam,Vedaranyam(Uzhavar Sandhai),Banana,Other,Local,2026-09-20 00:00:00,3500,4000,3750,500,14.29%,Valid,Normal,Normal
Tamil Nadu,Nagapattinam,Vedaranyam(Uzhavar Sandhai),Potato,Red Nanital,Local,2026-09-20 00:00:00,3200,3400,3300,200,6.25%,Valid,Normal,Normal
Tamil Nadu,Nagapattinam,Vedaranyam(Uzhavar Sandhai),Bitter gourd,Bitter Gourd,Local,2026-09-20 00:00:00,5000,5500,5250,500,10.00%,Valid,Normal,Normal
Tamil Nadu,Nagapattinam,Vedaranyam(Uzhavar Sandhai),Amaranthus,Amaranthus,Local,2026-09-20 00:00:00,2000,2200,2100,200,10.00%,Valid,Normal,Normal
Tamil Nadu,Nagapattinam,Vedaranyam(Uzhavar Sandhai),Snakeguard,Snakeguard,Local,2026-09-20 00:00:00,3500,4000,3750,500,14.29%,Valid,Normal,Normal
Tamil Nadu,Vellore,Perampet(Uzhavar Sandhai),Potato,Red Nanital,Local,2026-09-20 00:00:00,3000,3000,3000,0,0.00%,Valid,Normal,Normal
Tamil Nadu,Vellore,Perampet(Uzhavar Sandhai),Coriander(Leaves),I Sort,Local,2026-09-20 00:00:00,5000,5000,5000,0,0.00%,Valid,Normal,Normal
Tamil Nadu,Vellore,Perampet(Uzhavar Sandhai),Papaya,Papaya,Local,2026-09-20 00:00:00,3000,3500,3250,500,16.67%,Valid,Normal,Normal
Tamil Nadu,Vellore,Perampet(Uzhavar Sandhai),Cluster beans,Cluster Beans,Local,2026-09-20 00:00:00,2500,3000,2750,500,20.00%,Valid,Normal,Normal
Tamil Nadu,Vellore,Perampet(Uzhavar Sandhai),Green Chilli,Green Chilly,Local,2026-09-20 00:00:00,5000,6000,5500,1000,20.00%,Valid,Normal,Normal
Tamil Nadu,Vellore,Perampet(Uzhavar Sandhai),Beans,Beans (Whole),Local,2026-09-20 00:00:00,7000,7600,7300,600,8.57%,Valid,Normal,Normal
Tamil Nadu,Vellore,Perampet(Uzhavar Sandhai),Knool Khol,Knool Khol,Local,2026-09-20 00:00:00,4000,4000,4000,0,0.00%,Valid,Normal,Normal
Tamil Nadu,Vellore,Perampet(Uzhavar Sandhai),Tender Coconut,Tender Coconut,Local,2026-09-20 00:00:00,2500,2500,2500,0,0.00%,Valid,Normal,Normal
Tamil Nadu,Vellore,Perampet(Uzhavar Sandhai),Onion Green,Onion Green,Local,2026-09-20 00:00:00,9000,10000,9500,1000,11.11%,Valid,Normal,Normal
Madhya Pradesh,Badwani,Sendhwa(F&V) APMC,Tomato,Hybrid,Medium,2026-09-20 00:00:00,1200,1500,1400,300,25.00%,Valid,Normal,Normal
Madhya Pradesh,Badwani,Sendhwa(F&V) APMC,Cucumbar(Kheera),Cucumbar,Medium,2026-09-20 00:00:00,500,900,600,400,80.00%,Valid,Normal,Normal
Madhya Pradesh,Badwani,Sendhwa(F&V) APMC,Onion,Red,Medium,2026-09-20 00:00:00,1200,1700,1400,500,41.67%,Valid,Normal,Normal
Madhya Pradesh,Badwani,Sendhwa(F&V) APMC,Cabbage,Cabbage,Medium,2026-09-20 00:00:00,800,1000,900,200,25.00%,Valid,Normal,Normal
Tamil Nadu,Karur,Kulithalai(Uzhavar Sandhai ),Bottle gourd,Bottle Gourd,Local,2026-09-20 00:00:00,1500,2000,1750,500,33.33%,Valid,Normal,Normal
Tamil Nadu,Karur,Kulithalai(Uzhavar Sandhai ),Bhindi(Ladies Finger),Bhindi,Local,2026-09-20 00:00:00,3000,3600,3300,600,20.00%,Valid,Normal,Normal
Tamil Nadu,Karur,Kulithalai(Uzhavar Sandhai ),Turnip,Turnip,Local,2026-09-20 00:00:00,5000,6000,5500,1000,20.00%,Valid,Normal,Normal
Tamil Nadu,Karur,Kulithalai(Uzhavar Sandhai ),Amla(Nelli Kai),Amla,Local,2026-09-20 00:00:00,7500,8000,7750,500,6.67%,Valid,Normal,Normal
Tamil Nadu,Thirupur,Dharapuram(Uzhavar Sandhai ),Cauliflower,Ranchi,Local,2026-09-20 00:00:00,3000,3500,3250,500,16.67%,Valid,Normal,Normal
Tamil Nadu,Thirupur,Dharapuram(Uzhavar Sandhai ),Bottle gourd,Bottle Gourd,Local,2026-09-20 00:00:00,1500,2000,1750,500,33.33%,Valid,Normal,Normal
Tamil Nadu,Thirupur,Dharapuram(Uzhavar Sandhai ),Bhindi(Ladies Finger),Bhindi,Local,2026-09-20 00:00:00,4800,5200,5000,400,8.33%,Valid,Normal,Normal
Tamil Nadu,Thirupur,Dharapuram(Uzhavar Sandhai ),Green Chilli,Green Chilly,Local,2026-09-20 00:00:00,5500,6000,5750,500,9.09%,Valid,Normal,Normal
Tamil Nadu,Thirupur,Dharapuram(Uzhavar Sandhai ),Banana - Green,Banana - Green,Local,2026-09-20 00:00:00,2500,3000,2750,500,20.00%,Valid,Normal,Normal
Tamil Nadu,Thirupur,Dharapuram(Uzhavar Sandhai ),Cabbage,Cabbage,Local,2026-09-20 00:00:00,3000,3500,3250,500,16.67%,Valid,Normal,Normal
Tamil Nadu,Thirupur,Dharapuram(Uzhavar Sandhai ),Raddish,Raddish,Local,2026-09-20 00:00:00,3000,3500,3250,500,16.67%,Valid,Normal,Normal
Tamil Nadu,Thirupur,Palladam(Uzhavar Sandhai ),Cluster beans,Cluster Beans,Local,2026-09-20 00:00:00,2500,3000,2750,500,20.00%,Valid,Normal,Normal
Tamil Nadu,Thirupur,Palladam(Uzhavar Sandhai ),Ashgourd,Gouard,Local,2026-09-20 00:00:00,2000,2500,2250,500,25.00%,Valid,Normal,Normal
Tamil Nadu,Thirupur,Palladam(Uzhavar Sandhai ),Coconut,Coconut,Local,2026-09-20 00:00:00,5500,5800,5650,300,5.45%,Valid,Normal,Normal
Tamil Nadu,Thirupur,Palladam(Uzhavar Sandhai ),Raddish,Raddish,Local,2026-09-20 00:00:00,2500,3000,2750,500,20.00%,Valid,Normal,Normal
Tamil Nadu,Thirupur,Palladam(Uzhavar Sandhai ),Thondekai,Thondekai,Local,2026-09-20 00:00:00,3500,4000,3750,500,14.29%,Valid,Normal,Normal
Tamil Nadu,Thirupur,Palladam(Uzhavar Sandhai ),Onion Green,Onion Green,Local,2026-09-20 00:00:00,8000,9000,8500,1000,12.50%,Valid,Normal,Normal
Uttar Pradesh,Fatehpur,Jahanabad APMC,Wheat,Dara Mill Quality,FAQ,2026-09-20 00:00:00,2500,2500,2500,0,0.00%,Valid,Normal,Normal
Uttar Pradesh,Raebarelli,Jayas APMC,Rice,Common,FAQ,2026-09-20 00:00:00,2600,2600,2600,0,0.00%,Valid,Normal,Normal
Uttar Pradesh,Jalaun (Orai),Jalaun APMC,Wheat,Mill Quality,FAQ,2026-09-20 00:00:00,2540,2540,2540,0,0.00%,Valid,Normal,Normal
Uttar Pradesh,Mathura,Kosikalan APMC,Paddy(Common),Common,FAQ,2026-09-20 00:00:00,3650,3650,3650,0,0.00%,Valid,Normal,Normal
Tamil Nadu,Kallakuruchi,Kallakurichi(Uzhavar Sandhai ),Garlic,Garlic,Local,2026-09-20 00:00:00,26000,26000,26000,0,0.00%,Valid,Normal,Normal
Tamil Nadu,Kallakuruchi,Kallakurichi(Uzhavar Sandhai ),Cauliflower,Ranchi,Local,2026-09-20 00:00:00,3000,3000,3000,0,0.00%,Valid,Normal,Normal
Tamil Nadu,Kallakuruchi,Kallakurichi(Uzhavar Sandhai ),Bitter gourd,Bitter Gourd,Local,2026-09-20 00:00:00,6000,6000,6000,0,0.00%,Valid,Normal,Normal
Tamil Nadu,Kallakuruchi,Kallakurichi(Uzhavar Sandhai ),Thondekai,Thondekai,Local,2026-09-20 00:00:00,5000,5000,5000,0,0.00%,Valid,Normal,Normal
Tamil Nadu,Kallakuruchi,Kallakurichi(Uzhavar Sandhai ),Chow Chow,Chow Chow,Local,2026-09-20 00:00:00,5000,5000,5000,0,0.00%,Valid,Normal,Normal
Tamil Nadu,Kallakuruchi,Kallakurichi(Uzhavar Sandhai ),Guava,Guava Allahabad,Local,2026-09-20 00:00:00,6000,6000,6000,0,0.00%,Valid,Normal,Normal
Tamil Nadu,Kallakuruchi,Kallakurichi(Uzhavar Sandhai ),Elephant Yam(Suran)/Amorphophallus,Elephant Yam (Suran),Local,2026-09-20 00:00:00,4000,4000,4000,0,0.00%,Valid,Normal,Normal
Tamil Nadu,Kallakuruchi,Kallakurichi(Uzhavar Sandhai ),Baby Corn,Baby Corn,Grade A,2026-09-20 00:00:00,3000,3000,3000,0,0.00%,Valid,Normal,Normal
Uttar Pradesh,Hamirpur,Kurara APMC,Peas(Dry),Other,FAQ,2026-09-20 00:00:00,3500,3500,3500,0,0.00%,Valid,Normal,Normal
Uttar Pradesh,Mathura,Mathura APMC,Ginger(Green),Other,FAQ,2026-09-20 00:00:00,8000,8000,8000,0,0.00%,Valid,Normal,Normal
Uttar Pradesh,Mathura,Mathura APMC,Paddy(Common),Common,FAQ,2026-09-20 00:00:00,3401,3601,3506.77,200,5.88%,Valid,Normal,Normal
Andhra Pradesh,Kakinada,Pithapuram APMC,Paddy(Common),B P T,FAQ,2026-09-20 00:00:00,2369,2389,2379,20,0.84%,Valid,Normal,Normal
Andhra Pradesh,Dr.B.R.A.Konaseema,Razole APMC,Coconut,Medium,FAQ,2026-09-20 00:00:00,17500,18000,17500,500,2.86%,Valid,Normal,Normal
Andhra Pradesh,NTR,Tiruvuru APMC,Maize,Hybrid,Local,2026-09-20 00:00:00,2400,2400,2400,0,0.00%,Valid,Normal,Normal
Tripura,South Tripura,Kalsi APMC,Green Chilli,Other,FAQ,2026-09-20 00:00:00,12500,12600,12550,100,0.80%,Valid,Normal,Normal
Tripura,South Tripura,Kalsi APMC,Tomato,Other,FAQ,2026-09-20 00:00:00,3800,3950,3880,150,3.95%,Valid,Normal,Normal
Tamil Nadu,Salem,Athur(Uzhavar Sandhai ),Banana,Red Banana,Local,2026-09-20 00:00:00,7000,7500,7250,500,7.14%,Valid,Normal,Normal
Tamil Nadu,Salem,Athur(Uzhavar Sandhai ),Garlic,Garlic,Local,2026-09-20 00:00:00,20000,22000,21000,2000,10.00%,Valid,Normal,Normal
Tamil Nadu,Salem,Athur(Uzhavar Sandhai ),Papaya,Papaya,Local,2026-09-20 00:00:00,3500,4000,3750,500,14.29%,Valid,Normal,Normal
Tamil Nadu,Salem,Athur(Uzhavar Sandhai ),Cluster beans,Cluster Beans,Local,2026-09-20 00:00:00,2500,3000,2750,500,20.00%,Valid,Normal,Normal
Tamil Nadu,Salem,Athur(Uzhavar Sandhai ),Bottle gourd,Bottle Gourd,Local,2026-09-20 00:00:00,2200,2500,2350,300,13.64%,Valid,Normal,Normal
Tamil Nadu,Salem,Athur(Uzhavar Sandhai ),Cabbage,Cabbage,Local,2026-09-20 00:00:00,2500,3000,2750,500,20.00%,Valid,Normal,Normal
Tamil Nadu,Salem,Athur(Uzhavar Sandhai ),Beetroot,Beetroot,Local,2026-09-20 00:00:00,5000,7000,6000,2000,40.00%,Valid,Normal,Normal
Tamil Nadu,Salem,Athur(Uzhavar Sandhai ),Elephant Yam(Suran)/Amorphophallus,Elephant Yam (Suran),Local,2026-09-20 00:00:00,3000,3500,3250,500,16.67%,Valid,Normal,Normal
Tamil Nadu,Salem,Athur(Uzhavar Sandhai ),Rose(Local),Rose (Local),Local,2026-09-20 00:00:00,16000,18000,17000,2000,12.50%,Valid,Normal,Normal
Tamil Nadu,Salem,Athur(Uzhavar Sandhai ),Tube Rose(Loose),Tube Rose (Loose),Local,2026-09-20 00:00:00,12000,16000,14000,4000,33.33%,Valid,Normal,Normal
Tamil Nadu,Theni,Periyakulam(Uzhavar Sandhai ),Onion,Bellary,Local,2026-09-20 00:00:00,6300,6500,6400,200,3.17%,Valid,Normal,Normal
Tamil Nadu,Theni,Periyakulam(Uzhavar Sandhai ),Potato,Other,Local,2026-09-20 00:00:00,2800,3000,2900,200,7.14%,Valid,Normal,Normal
Tamil Nadu,Theni,Periyakulam(Uzhavar Sandhai ),Cluster beans,Cluster Beans,Local,2026-09-20 00:00:00,2800,3000,2900,200,7.14%,Valid,Normal,Normal
Tamil Nadu,Theni,Periyakulam(Uzhavar Sandhai ),Bitter gourd,Other,Local,2026-09-20 00:00:00,3600,3800,3700,200,5.56%,Valid,Normal,Normal
Tamil Nadu,Theni,Periyakulam(Uzhavar Sandhai ),Pumpkin,Pumpkin,Local,2026-09-20 00:00:00,1600,1800,1700,200,12.50%,Valid,Normal,Normal
Tamil Nadu,Theni,Periyakulam(Uzhavar Sandhai ),Green Chilli,Green Chilly,Local,2026-09-20 00:00:00,5400,5800,5600,400,7.41%,Valid,Normal,Normal
Tamil Nadu,Theni,Periyakulam(Uzhavar Sandhai ),Beetroot,Beetroot,Local,2026-09-20 00:00:00,3300,3600,3450,300,9.09%,Valid,Normal,Normal
Tamil Nadu,Theni,Periyakulam(Uzhavar Sandhai ),Ridgeguard(Tori),Ridgeguard(Tori),Local,2026-09-20 00:00:00,3600,3800,3700,200,5.56%,Valid,Normal,Normal
Tamil Nadu,Theni,Periyakulam(Uzhavar Sandhai ),Thondekai,Thondekai,Local,2026-09-20 00:00:00,3300,3500,3400,200,6.06%,Valid,Normal,Normal
Tamil Nadu,Theni,Periyakulam(Uzhavar Sandhai ),Green Avare(W),Other,Local,2026-09-20 00:00:00,8500,9000,8750,500,5.88%,Valid,Normal,Normal
Tamil Nadu,Theni,Periyakulam(Uzhavar Sandhai ),Drumstick,Drumstick,Local,2026-09-20 00:00:00,4000,4400,4200,400,10.00%,Valid,Normal,Normal
Tamil Nadu,Virudhunagar,Srivilliputhur(Uzhavar Sandhai ),Papaya,Papaya,Local,2026-09-20 00:00:00,2500,3000,2750,500,20.00%,Valid,Normal,Normal
Tamil Nadu,Virudhunagar,Srivilliputhur(Uzhavar Sandhai ),Banana - Green,Banana - Green,Local,2026-09-20 00:00:00,2500,3000,2750,500,20.00%,Valid,Normal,Normal
Uttar Pradesh,Prayagraj,Prayagraj APMC,Ginger(Green),Other,FAQ,2026-09-20 00:00:00,6000,6000,6000,0,0.00%,Valid,Normal,Normal
Uttar Pradesh,Prayagraj,Prayagraj APMC,Potato,Other,FAQ,2026-09-20 00:00:00,700,700,700,0,0.00%,Valid,Normal,Normal
Uttar Pradesh,Badaun,Shahaswan APMC,Apple,Apple,Medium,2026-09-20 00:00:00,6500,7500,7000,1000,15.38%,Valid,Normal,Normal
Uttar Pradesh,Hathras,Shadabad APMC,Potato,Other,FAQ,2026-09-20 00:00:00,350,350,350,0,0.00%,Valid,Normal,Normal
Uttar Pradesh,Ambedkarnagar,Tanda Akbarpur APMC,Mentha Oil,Other,FAQ,2026-09-20 00:00:00,130000,130000,130000,0,0.00%,Valid,Normal,Review
Odisha,Kalahandi,Mukhiguda APMC,Brinjal,Brinjal,Grade B,2026-09-20 00:00:00,2500,3500,3000,1000,40.00%,Valid,Normal,Normal
Odisha,Kalahandi,Mukhiguda APMC,Bitter gourd,Bitter Gourd,Grade B,2026-09-20 00:00:00,4000,4600,4300,600,15.00%,Valid,Normal,Normal
Odisha,Kalahandi,Mukhiguda APMC,Ridgeguard(Tori),Other,Grade B,2026-09-20 00:00:00,3000,3300,3150,300,10.00%,Valid,Normal,Normal
Tamil Nadu,Coimbatore,Vadavalli(Uzhavar Sandhai ),Banana,Red Banana,Local,2026-09-20 00:00:00,8000,8600,8300,600,7.50%,Valid,Normal,Normal
Tamil Nadu,Coimbatore,Vadavalli(Uzhavar Sandhai ),Grapes,Annabesahai,Local,2026-09-20 00:00:00,10000,11000,10500,1000,10.00%,Valid,Normal,Normal
Tamil Nadu,Coimbatore,Vadavalli(Uzhavar Sandhai ),Cauliflower,Ranchi,Local,2026-09-20 00:00:00,4000,4600,4300,600,15.00%,Valid,Normal,Normal
Tamil Nadu,Coimbatore,Vadavalli(Uzhavar Sandhai ),Tomato,Local,Local,2026-09-20 00:00:00,2600,2900,2750,300,11.54%,Valid,Normal,Normal
Tamil Nadu,Coimbatore,Vadavalli(Uzhavar Sandhai ),Bitter gourd,Other,Local,2026-09-20 00:00:00,4400,5000,4700,600,13.64%,Valid,Normal,Normal
Tamil Nadu,Coimbatore,Vadavalli(Uzhavar Sandhai ),Pumpkin,Pumpkin,Local,2026-09-20 00:00:00,1600,1800,1700,200,12.50%,Valid,Normal,Normal
Tamil Nadu,Coimbatore,Vadavalli(Uzhavar Sandhai ),Beetroot,Beetroot,Local,2026-09-20 00:00:00,5000,5500,5250,500,10.00%,Valid,Normal,Normal
Tamil Nadu,Coimbatore,Vadavalli(Uzhavar Sandhai ),Green Avare(W),Other,Local,2026-09-20 00:00:00,6000,6500,6250,500,8.33%,Valid,Normal,Normal
Tamil Nadu,Coimbatore,Vadavalli(Uzhavar Sandhai ),Chow Chow,Chow Chow,Local,2026-09-20 00:00:00,2800,3200,3000,400,14.29%,Valid,Normal,Normal
Tamil Nadu,Coimbatore,Vadavalli(Uzhavar Sandhai ),Pomegranate,Pomogranate,Local,2026-09-20 00:00:00,10000,16500,13250,6500,65.00%,Valid,Normal,Normal
West Bengal,Darjeeling,Karsiyang(Matigara) APMC,Onion,Nasik,FAQ,2026-09-20 00:00:00,5900,6100,6000,200,3.39%,Valid,Normal,Normal
Tripura,South Tripura,Barpathari APMC,Spiny Gourd / Kartali(Kantola),Kartali (Kantola),Local,2026-09-20 00:00:00,5900,6100,6000,200,3.39%,Valid,Normal,Normal
Tamil Nadu,Coimbatore,Udumalpet APMC,Brinjal,Other,Local,2026-09-20 00:00:00,4000,4500,4250,500,12.50%,Valid,Normal,Normal
Tamil Nadu,Coimbatore,Udumalpet APMC,Papaya,Papaya,Local,2026-09-20 00:00:00,3000,3500,3250,500,16.67%,Valid,Normal,Normal
Tamil Nadu,Coimbatore,Udumalpet APMC,Tomato,Deshi,Local,2026-09-20 00:00:00,1500,2400,1950,900,60.00%,Valid,Normal,Normal
Tamil Nadu,Coimbatore,Udumalpet APMC,Bitter gourd,Bitter Gourd,Local,2026-09-20 00:00:00,5500,6500,6000,1000,18.18%,Valid,Normal,Normal
Tamil Nadu,Coimbatore,Udumalpet APMC,Bottle gourd,Bottle Gourd,Local,2026-09-20 00:00:00,1500,2200,1850,700,46.67%,Valid,Normal,Normal
Tamil Nadu,Coimbatore,Udumalpet APMC,Ashgourd,Gouard,Local,2026-09-20 00:00:00,1500,2000,1750,500,33.33%,Valid,Normal,Normal
Tamil Nadu,Coimbatore,Udumalpet APMC,Cowpea(Veg),Cowpea (Veg),Local,2026-09-20 00:00:00,3500,4000,3750,500,14.29%,Valid,Normal,Normal
Tamil Nadu,Coimbatore,Udumalpet APMC,Beans,Beans (Whole),Local,2026-09-20 00:00:00,8000,9000,8500,1000,12.50%,Valid,Normal,Normal
Tamil Nadu,Coimbatore,Udumalpet APMC,Elephant Yam(Suran)/Amorphophallus,Elephant Yam (Suran),Local,2026-09-20 00:00:00,6000,7000,6500,1000,16.67%,Valid,Normal,Normal
West Bengal,Darjeeling,Siliguri APMC,Tomato,Tomato,FAQ,2026-09-20 00:00:00,2600,2800,2700,200,7.69%,Valid,Normal,Normal
West Bengal,Darjeeling,Siliguri APMC,Rice,Fine(Basmati),FAQ,2026-09-20 00:00:00,5100,5300,5200,200,3.92%,Valid,Normal,Normal
West Bengal,Darjeeling,Siliguri APMC,Potato,Jyoti,FAQ,2026-09-20 00:00:00,600,630,620,30,5.00%,Valid,Normal,Normal
Tamil Nadu,Erode,Gobichettipalayam(Uzhavar Sandhai ),Brinjal,Round,Local,2026-09-20 00:00:00,4000,4200,4100,200,5.00%,Valid,Normal,Normal
Tamil Nadu,Erode,Gobichettipalayam(Uzhavar Sandhai ),Papaya,Papaya,Local,2026-09-20 00:00:00,3000,3400,3200,400,13.33%,Valid,Normal,Normal
Tamil Nadu,Erode,Gobichettipalayam(Uzhavar Sandhai ),Mousambi(Sweet Lime),Mousambi,Local,2026-09-20 00:00:00,3600,4000,3800,400,11.11%,Valid,Normal,Normal
Tamil Nadu,Erode,Gobichettipalayam(Uzhavar Sandhai ),Ashgourd,Gouard,Local,2026-09-20 00:00:00,2500,3000,2750,500,20.00%,Valid,Normal,Normal
Tamil Nadu,Erode,Gobichettipalayam(Uzhavar Sandhai ),Pumpkin,Pumpkin,Local,2026-09-20 00:00:00,3000,3500,3250,500,16.67%,Valid,Normal,Normal
Tamil Nadu,Erode,Gobichettipalayam(Uzhavar Sandhai ),Green Chilli,Green Chilly,Local,2026-09-20 00:00:00,5400,5600,5500,200,3.70%,Valid,Normal,Normal
Tamil Nadu,Erode,Gobichettipalayam(Uzhavar Sandhai ),Beans,Beans (Whole),Local,2026-09-20 00:00:00,7400,7600,7500,200,2.70%,Valid,Normal,Normal
Tamil Nadu,Erode,Gobichettipalayam(Uzhavar Sandhai ),Snakeguard,Snakeguard,Local,2026-09-20 00:00:00,4200,4500,4350,300,7.14%,Valid,Normal,Normal
Punjab,Tarntaran,Bhikhiwind APMC,Bitter gourd,Bitter Gourd,Local,2026-09-20 00:00:00,1000,1000,1000,0,0.00%,Valid,Normal,Normal
Punjab,Tarntaran,Bhikhiwind APMC,Brinjal,Brinjal,Local,2026-09-20 00:00:00,900,900,900,0,0.00%,Valid,Normal,Normal
Tamil Nadu,Erode,Sampath Nagar(Uzhavar Sandhai ),Groundnut,Big (With Shell),Local,2026-09-20 00:00:00,5500,6000,5750,500,9.09%,Valid,Normal,Normal
Tamil Nadu,Erode,Sampath Nagar(Uzhavar Sandhai ),Banana,Besrai,Local,2026-09-20 00:00:00,2500,2800,2650,300,12.00%,Valid,Normal,Normal
Tamil Nadu,Erode,Sampath Nagar(Uzhavar Sandhai ),Bitter gourd,Other,Local,2026-09-20 00:00:00,4000,4400,4200,400,10.00%,Valid,Normal,Normal
Tamil Nadu,Erode,Sampath Nagar(Uzhavar Sandhai ),Amaranthus,Amaranthus,Local,2026-09-20 00:00:00,3500,4000,3750,500,14.29%,Valid,Normal,Normal
Tamil Nadu,Erode,Sampath Nagar(Uzhavar Sandhai ),Beans,Beans (Whole),Local,2026-09-20 00:00:00,7500,7800,7650,300,4.00%,Valid,Normal,Normal
Tamil Nadu,Erode,Sampath Nagar(Uzhavar Sandhai ),Coconut,Coconut,Local,2026-09-20 00:00:00,5000,5400,5200,400,8.00%,Valid,Normal,Normal
Tamil Nadu,Erode,Sampath Nagar(Uzhavar Sandhai ),Cabbage,Cabbage,Local,2026-09-20 00:00:00,2000,2200,2100,200,10.00%,Valid,Normal,Normal
Tamil Nadu,Erode,Sampath Nagar(Uzhavar Sandhai ),Drumstick,Drumstick,Local,2026-09-20 00:00:00,3600,4000,3800,400,11.11%,Valid,Normal,Normal
Tamil Nadu,Erode,Sampath Nagar(Uzhavar Sandhai ),Mango(Raw-Ripe),Mango - Raw-Ripe,Local,2026-09-20 00:00:00,7000,8000,7500,1000,14.29%,Valid,Normal,Normal
Tamil Nadu,Erode,Sampath Nagar(Uzhavar Sandhai ),Kakada,Kakada,Local,2026-09-20 00:00:00,27000,28000,27500,1000,3.70%,Valid,Normal,Normal
Tripura,Khowai,Kalyanpur APMC,Ridgeguard(Tori),Ridgeguard(Tori),FAQ,2026-09-20 00:00:00,4000,4200,4100,200,5.00%,Valid,Normal,Normal
Tripura,Khowai,Kalyanpur APMC,Potato,Jalander,FAQ,2026-09-20 00:00:00,1750,1900,1800,150,8.57%,Valid,Normal,Normal
Tamil Nadu,Pudukkottai,Ponnamaravathi(Uzhavar Sandhai),Bitter gourd,Other,Local,2026-09-20 00:00:00,6000,7000,6500,1000,16.67%,Valid,Normal,Normal
Tamil Nadu,Pudukkottai,Ponnamaravathi(Uzhavar Sandhai),Green Chilli,Green Chilly,Local,2026-09-20 00:00:00,5000,6000,5500,1000,20.00%,Valid,Normal,Normal
Tamil Nadu,Pudukkottai,Ponnamaravathi(Uzhavar Sandhai),Ridgeguard(Tori),Ridgeguard(Tori),Local,2026-09-20 00:00:00,5000,6000,5500,1000,20.00%,Valid,Normal,Normal
Tamil Nadu,Pudukkottai,Ponnamaravathi(Uzhavar Sandhai),Onion Green,Onion Green,Local,2026-09-20 00:00:00,9000,10000,9500,1000,11.11%,Valid,Normal,Normal
Tamil Nadu,Nagapattinam,Mayiladuthurai(Uzhavar Sandhai ),Cauliflower,Ranchi,Local,2026-09-20 00:00:00,4500,5000,4750,500,11.11%,Valid,Normal,Normal
Tamil Nadu,Nagapattinam,Mayiladuthurai(Uzhavar Sandhai ),Coriander(Leaves),I Sort,Local,2026-09-20 00:00:00,3600,4000,3800,400,11.11%,Valid,Normal,Normal
Tamil Nadu,Nagapattinam,Mayiladuthurai(Uzhavar Sandhai ),Tomato,Deshi,Local,2026-09-20 00:00:00,2500,3000,2750,500,20.00%,Valid,Normal,Normal
Tamil Nadu,Nagapattinam,Mayiladuthurai(Uzhavar Sandhai ),Cluster beans,Cluster Beans,Local,2026-09-20 00:00:00,4500,5000,4750,500,11.11%,Valid,Normal,Normal
Tamil Nadu,Pudukkottai,Viralimalai(Uzhavar Sandhai ),Brinjal,Other,Local,2026-09-20 00:00:00,5500,6000,5750,500,9.09%,Valid,Normal,Normal
Tamil Nadu,Pudukkottai,Viralimalai(Uzhavar Sandhai ),Papaya,Papaya,Local,2026-09-20 00:00:00,2500,3000,2750,500,20.00%,Valid,Normal,Normal
Tamil Nadu,Pudukkottai,Viralimalai(Uzhavar Sandhai ),Tomato,Deshi,Local,2026-09-20 00:00:00,2500,3000,2750,500,20.00%,Valid,Normal,Normal
Tamil Nadu,Pudukkottai,Viralimalai(Uzhavar Sandhai ),Ashgourd,Gouard,Local,2026-09-20 00:00:00,2000,2500,2250,500,25.00%,Valid,Normal,Normal
Tamil Nadu,Pudukkottai,Viralimalai(Uzhavar Sandhai ),Banana - Green,Banana - Green,Local,2026-09-20 00:00:00,2500,3000,2750,500,20.00%,Valid,Normal,Normal
Tamil Nadu,Pudukkottai,Viralimalai(Uzhavar Sandhai ),Snakeguard,Snakeguard,Local,2026-09-20 00:00:00,2500,3000,2750,500,20.00%,Valid,Normal,Normal
Tamil Nadu,Pudukkottai,Viralimalai(Uzhavar Sandhai ),Ridgeguard(Tori),Ridgeguard(Tori),Local,2026-09-20 00:00:00,4500,5000,4750,500,11.11%,Valid,Normal,Normal
Tamil Nadu,Pudukkottai,Viralimalai(Uzhavar Sandhai ),Drumstick,Drumstick,Local,2026-09-20 00:00:00,4500,5000,4750,500,11.11%,Valid,Normal,Normal
Tamil Nadu,Pudukkottai,Viralimalai(Uzhavar Sandhai ),Onion Green,Onion Green,Local,2026-09-20 00:00:00,8500,9000,8750,500,5.88%,Valid,Normal,Normal
Tamil Nadu,Ramanathapuram,Kamuthi(Uzhavar Sandhai ),Brinjal,Round,Local,2026-09-20 00:00:00,5000,5500,5250,500,10.00%,Valid,Normal,Normal
Tamil Nadu,Ramanathapuram,Kamuthi(Uzhavar Sandhai ),Coriander(Leaves),I Sort,Local,2026-09-20 00:00:00,7000,7500,7250,500,7.14%,Valid,Normal,Normal
Tamil Nadu,Ramanathapuram,Kamuthi(Uzhavar Sandhai ),Tomato,Deshi,Local,2026-09-20 00:00:00,3000,3500,3250,500,16.67%,Valid,Normal,Normal
Tamil Nadu,Ramanathapuram,Paramakudi(Uzhavar Sandhai ),Soyabean,Local,Local,2026-09-20 00:00:00,9000,10000,9500,1000,11.11%,Valid,Normal,Normal
Tamil Nadu,Ramanathapuram,Paramakudi(Uzhavar Sandhai ),Banana,Besrai,Local,2026-09-20 00:00:00,4500,5000,4750,500,11.11%,Valid,Normal,Normal
Tamil Nadu,Ramanathapuram,Paramakudi(Uzhavar Sandhai ),Cauliflower,Ranchi,Local,2026-09-20 00:00:00,5000,5500,5250,500,10.00%,Valid,Normal,Normal
Tamil Nadu,Ramanathapuram,Paramakudi(Uzhavar Sandhai ),Coriander(Leaves),I Sort,Local,2026-09-20 00:00:00,5500,6000,5750,500,9.09%,Valid,Normal,Normal
Tamil Nadu,Ramanathapuram,Paramakudi(Uzhavar Sandhai ),Bhindi(Ladies Finger),Bhindi,Local,2026-09-20 00:00:00,5000,5500,5250,500,10.00%,Valid,Normal,Normal
Tamil Nadu,Ramanathapuram,Paramakudi(Uzhavar Sandhai ),Tube Flower,Tube Flower,Local,2026-09-20 00:00:00,70000,80000,75000,10000,14.29%,Valid,Normal,Review
Tamil Nadu,Ramanathapuram,Paramakudi(Uzhavar Sandhai ),Elephant Yam(Suran)/Amorphophallus,Elephant Yam (Suran),Local,2026-09-20 00:00:00,6500,7000,6750,500,7.69%,Valid,Normal,Normal
Tamil Nadu,Pudukkottai,Alangudi(Uzhavar Sandhai ),Brinjal,Round,Local,2026-09-20 00:00:00,6000,7000,6500,1000,16.67%,Valid,Normal,Normal
Tamil Nadu,Pudukkottai,Alangudi(Uzhavar Sandhai ),Banana,Poovan,Local,2026-09-20 00:00:00,4500,5000,4750,500,11.11%,Valid,Normal,Normal
Tamil Nadu,Pudukkottai,Alangudi(Uzhavar Sandhai ),Tomato,Other,Local,2026-09-20 00:00:00,2500,3000,2750,500,20.00%,Valid,Normal,Normal
Tamil Nadu,Pudukkottai,Alangudi(Uzhavar Sandhai ),Coconut,Coconut,Local,2026-09-20 00:00:00,3500,4000,3750,500,14.29%,Valid,Normal,Normal
Tamil Nadu,Thiruvannamalai,Arani(Uzhavar Sandhai ),Banana,Other,Local,2026-09-20 00:00:00,5000,6000,5500,1000,20.00%,Valid,Normal,Normal
Tamil Nadu,Thiruvannamalai,Arani(Uzhavar Sandhai ),Coriander(Leaves),I Sort,Local,2026-09-20 00:00:00,4000,5000,4500,1000,25.00%,Valid,Normal,Normal
Tamil Nadu,Thiruvannamalai,Arani(Uzhavar Sandhai ),Tomato,Deshi,Local,2026-09-20 00:00:00,2500,3000,2750,500,20.00%,Valid,Normal,Normal
Tamil Nadu,Thiruvannamalai,Arani(Uzhavar Sandhai ),Bitter gourd,Bitter Gourd,Local,2026-09-20 00:00:00,4000,4800,4400,800,20.00%,Valid,Normal,Normal
Tamil Nadu,Thiruvannamalai,Arani(Uzhavar Sandhai ),Beetroot,Beetroot,Local,2026-09-20 00:00:00,3500,4200,3850,700,20.00%,Valid,Normal,Normal
Tamil Nadu,Thiruvannamalai,Arani(Uzhavar Sandhai ),Thondekai,Thondekai,Local,2026-09-20 00:00:00,3000,3600,3300,600,20.00%,Valid,Normal,Normal
Tamil Nadu,Thiruvannamalai,Polur(Uzhavar Sandhai ),Groundnut,Big (With Shell),Local,2026-09-20 00:00:00,5000,6000,5500,1000,20.00%,Valid,Normal,Normal
Tamil Nadu,Thiruvannamalai,Polur(Uzhavar Sandhai ),Bhindi(Ladies Finger),Bhindi,Local,2026-09-20 00:00:00,3300,4000,3650,700,21.21%,Valid,Normal,Normal
Tamil Nadu,Thiruvannamalai,Polur(Uzhavar Sandhai ),Sweet Potato,Hosur Red,Local,2026-09-20 00:00:00,3300,4000,3650,700,21.21%,Valid,Normal,Normal
Tamil Nadu,Thiruvannamalai,Polur(Uzhavar Sandhai ),Beetroot,Beetroot,Local,2026-09-20 00:00:00,4000,4800,4400,800,20.00%,Valid,Normal,Normal
Tamil Nadu,Thiruvannamalai,Polur(Uzhavar Sandhai ),Drumstick,Drumstick,Local,2026-09-20 00:00:00,4000,4800,4400,800,20.00%,Valid,Normal,Normal
Tamil Nadu,Thiruvannamalai,Polur(Uzhavar Sandhai ),Rose(Local),Rose (Local),Local,2026-09-20 00:00:00,16000,20000,18000,4000,25.00%,Valid,Normal,Normal
Tamil Nadu,Thiruvannamalai,Tiruvannamalai(Uzhavar Sandhai ),Brinjal,Round,Local,2026-09-20 00:00:00,6400,7200,6800,800,12.50%,Valid,Normal,Normal
Tamil Nadu,Thiruvannamalai,Tiruvannamalai(Uzhavar Sandhai ),Orange,Darjeeling,Local,2026-09-20 00:00:00,16000,18000,17000,2000,12.50%,Valid,Normal,Normal
Tamil Nadu,Thiruvannamalai,Tiruvannamalai(Uzhavar Sandhai ),Bitter gourd,Bitter Gourd,Local,2026-09-20 00:00:00,3600,4000,3800,400,11.11%,Valid,Normal,Normal
Tamil Nadu,Thiruvannamalai,Tiruvannamalai(Uzhavar Sandhai ),Pumpkin,Pumpkin,Local,2026-09-20 00:00:00,2000,2500,2250,500,25.00%,Valid,Normal,Normal
Tamil Nadu,Thiruvannamalai,Tiruvannamalai(Uzhavar Sandhai ),Thondekai,Thondekai,Local,2026-09-20 00:00:00,3000,3600,3300,600,20.00%,Valid,Normal,Normal
Tamil Nadu,Thiruvannamalai,Tiruvannamalai(Uzhavar Sandhai ),Green Avare(W),Green Avare (W),Local,2026-09-20 00:00:00,5000,6000,5500,1000,20.00%,Valid,Normal,Normal
Tamil Nadu,Thiruvannamalai,Tiruvannamalai(Uzhavar Sandhai ),Drumstick,Drumstick,Local,2026-09-20 00:00:00,5000,6000,5500,1000,20.00%,Valid,Normal,Normal
Tamil Nadu,Thiruvannamalai,Tiruvannamalai(Uzhavar Sandhai ),Knool Khol,Knool Khol,Local,2026-09-20 00:00:00,4000,4800,4400,800,20.00%,Valid,Normal,Normal
Tamil Nadu,Thiruvannamalai,Tiruvannamalai(Uzhavar Sandhai ),Colacasia,Colacasia,Local,2026-09-20 00:00:00,3500,4000,3750,500,14.29%,Valid,Normal,Normal
Tamil Nadu,Thiruvannamalai,Tiruvannamalai(Uzhavar Sandhai ),Sweet Corn,Sweet Corn,Local,2026-09-20 00:00:00,3500,4000,3750,500,14.29%,Valid,Normal,Normal
Tamil Nadu,Thiruvarur,Mannargudi I(Uzhavar Sandhai ),Brinjal,Round,Local,2026-09-20 00:00:00,3800,3800,3800,0,0.00%,Valid,Normal,Normal
Tamil Nadu,Thiruvarur,Mannargudi I(Uzhavar Sandhai ),Green Chilli,Green Chilly,Local,2026-09-20 00:00:00,4800,4800,4800,0,0.00%,Valid,Normal,Normal
Tamil Nadu,Thiruvarur,Mannargudi I(Uzhavar Sandhai ),Beans,Beans (Whole),Local,2026-09-20 00:00:00,7000,7000,7000,0,0.00%,Valid,Normal,Normal
Tamil Nadu,Thiruvarur,Mannargudi I(Uzhavar Sandhai ),Chow Chow,Chow Chow,Local,2026-09-20 00:00:00,4000,4000,4000,0,0.00%,Valid,Normal,Normal
Tamil Nadu,Thiruvarur,Mannargudi I(Uzhavar Sandhai ),Drumstick,Drumstick,Local,2026-09-20 00:00:00,4400,4400,4400,0,0.00%,Valid,Normal,Normal
Tamil Nadu,Tuticorin,Kovilpatti(Uzhavar Sandhai ),Brinjal,Other,Local,2026-09-20 00:00:00,3000,3500,3250,500,16.67%,Valid,Normal,Normal
Tamil Nadu,Tuticorin,Kovilpatti(Uzhavar Sandhai ),Potato,Other,Local,2026-09-20 00:00:00,3500,4000,3750,500,14.29%,Valid,Normal,Normal
Tamil Nadu,Tuticorin,Kovilpatti(Uzhavar Sandhai ),Banana - Green,Banana - Green,Local,2026-09-20 00:00:00,3500,4000,3750,500,14.29%,Valid,Normal,Normal
Tamil Nadu,Tuticorin,Kovilpatti(Uzhavar Sandhai ),Beans,Beans (Whole),Local,2026-09-20 00:00:00,9000,9500,9250,500,5.56%,Valid,Normal,Normal
Tamil Nadu,Tuticorin,Kovilpatti(Uzhavar Sandhai ),Beetroot,Beetroot,Local,2026-09-20 00:00:00,5500,6000,5750,500,9.09%,Valid,Normal,Normal
Tamil Nadu,Tuticorin,Kovilpatti(Uzhavar Sandhai ),Ridgeguard(Tori),Ridgeguard(Tori),Local,2026-09-20 00:00:00,5500,6000,5750,500,9.09%,Valid,Normal,Normal
Tamil Nadu,Tuticorin,Kovilpatti(Uzhavar Sandhai ),Thondekai,Thondekai,Local,2026-09-20 00:00:00,5000,5500,5250,500,10.00%,Valid,Normal,Normal
Tamil Nadu,Tuticorin,Kovilpatti(Uzhavar Sandhai ),Capsicum,Capsicum,Local,2026-09-20 00:00:00,5500,6000,5750,500,9.09%,Valid,Normal,Normal
Tamil Nadu,Tuticorin,Kovilpatti(Uzhavar Sandhai ),Green Avare(W),Other,Local,2026-09-20 00:00:00,9500,10000,9750,500,5.26%,Valid,Normal,Normal
Tamil Nadu,Tuticorin,Kovilpatti(Uzhavar Sandhai ),Yam(Ratalu),Yam (Ratalu),Local,2026-09-20 00:00:00,5500,6000,5750,500,9.09%,Valid,Normal,Normal
Tamil Nadu,Tuticorin,Kovilpatti(Uzhavar Sandhai ),Mint(Pudina),Mint(Pudina),Local,2026-09-20 00:00:00,7000,7500,7250,500,7.14%,Valid,Normal,Normal
Tamil Nadu,Vellore,Gudiyatham(Uzhavar Sandhai ),Bitter gourd,Bitter Gourd,Local,2026-09-20 00:00:00,4500,4500,4500,0,0.00%,Valid,Normal,Normal
Tamil Nadu,Vellore,Gudiyatham(Uzhavar Sandhai ),Pumpkin,Pumpkin,Local,2026-09-20 00:00:00,2400,2400,2400,0,0.00%,Valid,Normal,Normal
Tamil Nadu,Vellore,Gudiyatham(Uzhavar Sandhai ),Green Chilli,Green Chilly,Local,2026-09-20 00:00:00,6600,6600,6600,0,0.00%,Valid,Normal,Normal
Tamil Nadu,Vellore,Gudiyatham(Uzhavar Sandhai ),Cowpea(Veg),Cowpea (Veg),Local,2026-09-20 00:00:00,5600,5600,5600,0,0.00%,Valid,Normal,Normal
Tamil Nadu,Vellore,Gudiyatham(Uzhavar Sandhai ),Sweet Potato,Hosur Red,Local,2026-09-20 00:00:00,3600,3600,3600,0,0.00%,Valid,Normal,Normal
Tamil Nadu,Vellore,Gudiyatham(Uzhavar Sandhai ),Cabbage,Cabbage,Local,2026-09-20 00:00:00,3000,3000,3000,0,0.00%,Valid,Normal,Normal
Tamil Nadu,Vellore,Gudiyatham(Uzhavar Sandhai ),Raddish,Raddish,Local,2026-09-20 00:00:00,3000,3000,3000,0,0.00%,Valid,Normal,Normal
Tamil Nadu,Vellore,Gudiyatham(Uzhavar Sandhai ),Green Avare(W),Green Avare (W),Local,2026-09-20 00:00:00,6600,6600,6600,0,0.00%,Valid,Normal,Normal
Tamil Nadu,Vellore,Kahithapattarai(Uzhavar Sandhai ),Potato,Other,Local,2026-09-20 00:00:00,2500,2500,2500,0,0.00%,Valid,Normal,Normal
Tamil Nadu,Vellore,Kahithapattarai(Uzhavar Sandhai ),Banana - Green,Banana - Green,Local,2026-09-20 00:00:00,6000,6000,6000,0,0.00%,Valid,Normal,Normal
Tamil Nadu,Vellore,Kahithapattarai(Uzhavar Sandhai ),Cabbage,Cabbage,Local,2026-09-20 00:00:00,2500,2500,2500,0,0.00%,Valid,Normal,Normal
Tamil Nadu,Vellore,Kahithapattarai(Uzhavar Sandhai ),Green Avare(W),Other,Local,2026-09-20 00:00:00,5600,5600,5600,0,0.00%,Valid,Normal,Normal
Tamil Nadu,Vellore,Kahithapattarai(Uzhavar Sandhai ),Marigold(Calcutta),Marigold(Calcutta),Local,2026-09-20 00:00:00,16000,16000,16000,0,0.00%,Valid,Normal,Normal
Tamil Nadu,Vellore,Kahithapattarai(Uzhavar Sandhai ),Mint(Pudina),Mint(Pudina),Local,2026-09-20 00:00:00,4500,4500,4500,0,0.00%,Valid,Normal,Normal
Tamil Nadu,Vellore,Kahithapattarai(Uzhavar Sandhai ),Rose(Local),Rose (Local),Local,2026-09-20 00:00:00,15000,17000,16000,2000,13.33%,Valid,Normal,Normal
Tamil Nadu,Thiruvannamalai,Cheyyar(Uzhavar Sandhai ),Brinjal,Other,Local,2026-09-20 00:00:00,4000,4800,4400,800,20.00%,Valid,Normal,Normal
Tamil Nadu,Thiruvannamalai,Cheyyar(Uzhavar Sandhai ),Coriander(Leaves),I Sort,Local,2026-09-20 00:00:00,4000,5000,4500,1000,25.00%,Valid,Normal,Normal
Tamil Nadu,Thiruvannamalai,Cheyyar(Uzhavar Sandhai ),Coconut,Coconut,Local,2026-09-20 00:00:00,3700,4500,4100,800,21.62%,Valid,Normal,Normal
Tamil Nadu,Thiruvannamalai,Cheyyar(Uzhavar Sandhai ),Colacasia,Colacasia,Local,2026-09-20 00:00:00,3500,4200,3850,700,20.00%,Valid,Normal,Normal
Tamil Nadu,Thiruvannamalai,Cheyyar(Uzhavar Sandhai ),Onion Green,Onion Green,Local,2026-09-20 00:00:00,4800,6000,5400,1200,25.00%,Valid,Normal,Normal
Andhra Pradesh,Dr.B.R.A.Konaseema,Ramachandrapuram APMC,Paddy(Common),Paddy,FAQ,2026-09-20 00:00:00,2441,2450,2441,9,0.37%,Valid,Normal,Normal
Andhra Pradesh,Markapuram,Markapur APMC,Cotton,Desi,FAQ,2026-09-20 00:00:00,8000,8000,8000,0,0.00%,Valid,Normal,Normal
Andhra Pradesh,Dr.B.R.A.Konaseema,Mummidivaram APMC,Fish,Katla (Small),FAQ,2026-09-20 00:00:00,9900,10000,9900,100,1.01%,Valid,Normal,Normal
Tamil Nadu,Ariyalur,Ariyalur(Uzhavar Sandhai),Potato,Red Nanital,Local,2026-09-20 00:00:00,3500,4000,3750,500,14.29%,Valid,Normal,Normal
Tamil Nadu,Ariyalur,Ariyalur(Uzhavar Sandhai),Bottle gourd,Bottle Gourd,Local,2026-09-20 00:00:00,2000,2500,2250,500,25.00%,Valid,Normal,Normal
Tamil Nadu,Ariyalur,Ariyalur(Uzhavar Sandhai),Bhindi(Ladies Finger),Bhindi,Local,2026-09-20 00:00:00,3500,4000,3750,500,14.29%,Valid,Normal,Normal
Tamil Nadu,Ariyalur,Ariyalur(Uzhavar Sandhai),Raddish,Raddish,Local,2026-09-20 00:00:00,3000,3500,3250,500,16.67%,Valid,Normal,Normal
Punjab,Gurdaspur,Dhariwal APMC,Bhindi(Ladies Finger),Bhindi,Grade A,2026-09-20 00:00:00,870,870,870,0,0.00%,Valid,Normal,Normal
Odisha,Mayurbhanja,Betnoti APMC,Brinjal,Brinjal,FAQ,2026-09-20 00:00:00,4800,5200,5000,400,8.33%,Valid,Normal,Normal
Odisha,Mayurbhanja,Betnoti APMC,Papaya(Raw),Other,FAQ,2026-09-20 00:00:00,1800,2200,2000,400,22.22%,Valid,Normal,Normal
Tamil Nadu,Coimbatore,Sundarapuram(Uzhavar Sandhai ),Onion,Bellary,Local,2026-09-20 00:00:00,6000,6400,6200,400,6.67%,Valid,Normal,Normal
Tamil Nadu,Coimbatore,Sundarapuram(Uzhavar Sandhai ),Garlic,Garlic,Local,2026-09-20 00:00:00,23000,24000,23500,1000,4.35%,Valid,Normal,Normal
Tamil Nadu,Coimbatore,Sundarapuram(Uzhavar Sandhai ),Cowpea(Veg),Cowpea (Veg),Local,2026-09-20 00:00:00,3500,4000,3750,500,14.29%,Valid,Normal,Normal
Tamil Nadu,Coimbatore,Sundarapuram(Uzhavar Sandhai ),Coconut,Coconut,Local,2026-09-20 00:00:00,5500,5800,5650,300,5.45%,Valid,Normal,Normal
Tamil Nadu,Coimbatore,Sundarapuram(Uzhavar Sandhai ),Sweet Potato,Hosur Red,Local,2026-09-20 00:00:00,5500,6000,5750,500,9.09%,Valid,Normal,Normal
Tamil Nadu,Coimbatore,Sundarapuram(Uzhavar Sandhai ),Amla(Nelli Kai),Amla,Local,2026-09-20 00:00:00,11000,12000,11500,1000,9.09%,Valid,Normal,Normal
Tamil Nadu,Coimbatore,Sundarapuram(Uzhavar Sandhai ),Onion Green,Onion Green,Local,2026-09-20 00:00:00,8500,9000,8750,500,5.88%,Valid,Normal,Normal
Haryana,Gurgaon,Gurgaon APMC,Bhindi(Ladies Finger),Other,Grade A,2026-09-20 00:00:00,1500,2500,2000,1000,66.67%,Valid,Normal,Normal
Haryana,Gurgaon,Gurgaon APMC,Pomegranate,Other,Grade B,2026-09-20 00:00:00,5000,7000,6000,2000,40.00%,Valid,Normal,Normal
Haryana,Gurgaon,Gurgaon APMC,Brinjal,Brinjal,Grade B,2026-09-20 00:00:00,1000,1500,1250,500,50.00%,Valid,Normal,Normal
Andhra Pradesh,Kakinada,Prattipadu APMC,Paddy(Common),1001,FAQ,2026-09-20 00:00:00,2369,2389,2379,20,0.84%,Valid,Normal,Normal
Punjab,Amritsar,Rayya(Sathiala) APMC,Paddy(Basmati),Basmati 1509,FAQ,2026-09-20 00:00:00,3750,3750,3750,0,0.00%,Valid,Normal,Normal
Tamil Nadu,Erode,Sathiyamagalam(Uzhavar Sandhai ),Potato,Other,Local,2026-09-20 00:00:00,3500,4000,3750,500,14.29%,Valid,Normal,Normal
Tamil Nadu,Erode,Sathiyamagalam(Uzhavar Sandhai ),Guava,Guava Allahabad,Local,2026-09-20 00:00:00,5500,6000,5750,500,9.09%,Valid,Normal,Normal
Tamil Nadu,Coimbatore,Mettupalayam(Uzhavar Sandhai ),Brinjal,Round,Local,2026-09-20 00:00:00,2400,2800,2600,400,16.67%,Valid,Normal,Normal
Tamil Nadu,Coimbatore,Mettupalayam(Uzhavar Sandhai ),Onion,Bellary,Local,2026-09-20 00:00:00,5800,6400,6100,600,10.34%,Valid,Normal,Normal
Tamil Nadu,Coimbatore,Mettupalayam(Uzhavar Sandhai ),Coriander(Leaves),I Sort,Local,2026-09-20 00:00:00,5500,6000,5750,500,9.09%,Valid,Normal,Normal
Tamil Nadu,Coimbatore,Mettupalayam(Uzhavar Sandhai ),Green Peas,Green Peas,Local,2026-09-20 00:00:00,14000,16000,15000,2000,14.29%,Valid,Normal,Normal
Tamil Nadu,Coimbatore,Mettupalayam(Uzhavar Sandhai ),Pumpkin,Pumpkin,Local,2026-09-20 00:00:00,1500,1800,1650,300,20.00%,Valid,Normal,Normal
Tamil Nadu,Coimbatore,Mettupalayam(Uzhavar Sandhai ),Amaranthus,Amaranthus,Local,2026-09-20 00:00:00,3000,4000,3500,1000,33.33%,Valid,Normal,Normal
Tamil Nadu,Coimbatore,Mettupalayam(Uzhavar Sandhai ),Beans,Beans (Whole),Local,2026-09-20 00:00:00,6000,7000,6500,1000,16.67%,Valid,Normal,Normal
Tamil Nadu,Coimbatore,Mettupalayam(Uzhavar Sandhai ),Carrot,Pusakesar,Local,2026-09-20 00:00:00,4500,5000,4750,500,11.11%,Valid,Normal,Normal
Tamil Nadu,Coimbatore,Mettupalayam(Uzhavar Sandhai ),Snakeguard,Snakeguard,Local,2026-09-20 00:00:00,3000,3500,3250,500,16.67%,Valid,Normal,Normal
Tamil Nadu,Coimbatore,Mettupalayam(Uzhavar Sandhai ),Thondekai,Thondekai,Local,2026-09-20 00:00:00,3500,3800,3650,300,8.57%,Valid,Normal,Normal
Tamil Nadu,Coimbatore,Mettupalayam(Uzhavar Sandhai ),Capsicum,Capsicum,Local,2026-09-20 00:00:00,5000,6000,5500,1000,20.00%,Valid,Normal,Normal
Tamil Nadu,Coimbatore,Mettupalayam(Uzhavar Sandhai ),Pomegranate,Pomogranate,Local,2026-09-20 00:00:00,12000,15000,13500,3000,25.00%,Valid,Normal,Normal
Uttar Pradesh,Sant Kabir Nagar,Khalilabad APMC,Wheat,Dara,FAQ,2026-09-20 00:00:00,2530,2530,2530,0,0.00%,Valid,Normal,Normal
Tamil Nadu,Namakkal,Tiruchengode APMC,Onion,Bellary,Local,2026-09-20 00:00:00,5800,6500,6150,700,12.07%,Valid,Normal,Normal
Tamil Nadu,Namakkal,Tiruchengode APMC,Coriander(Leaves),I Sort,Local,2026-09-20 00:00:00,11500,13000,12250,1500,13.04%,Valid,Normal,Normal
Tamil Nadu,Namakkal,Tiruchengode APMC,Chikoos(Sapota),Sapota,Local,2026-09-20 00:00:00,4000,4500,4250,500,12.50%,Valid,Normal,Normal
Tamil Nadu,Namakkal,Tiruchengode APMC,Bottle gourd,Bottle Gourd,Local,2026-09-20 00:00:00,1800,2000,1900,200,11.11%,Valid,Normal,Normal
Tamil Nadu,Namakkal,Tiruchengode APMC,Bhindi(Ladies Finger),Bhindi,Local,2026-09-20 00:00:00,3000,3500,3250,500,16.67%,Valid,Normal,Normal
Tamil Nadu,Namakkal,Tiruchengode APMC,Sweet Potato,Hosur Red,Local,2026-09-20 00:00:00,5400,6000,5700,600,11.11%,Valid,Normal,Normal
Tamil Nadu,Namakkal,Tiruchengode APMC,Carrot,Pusakesar,Local,2026-09-20 00:00:00,5400,6000,5700,600,11.11%,Valid,Normal,Normal
Tamil Nadu,Namakkal,Tiruchengode APMC,Snakeguard,Snakeguard,Local,2026-09-20 00:00:00,4500,5000,4750,500,11.11%,Valid,Normal,Normal
Tamil Nadu,Namakkal,Tiruchengode APMC,Ridgeguard(Tori),Ridgeguard(Tori),Local,2026-09-20 00:00:00,5400,6000,5700,600,11.11%,Valid,Normal,Normal
Tamil Nadu,Namakkal,Tiruchengode APMC,Thondekai,Thondekai,Local,2026-09-20 00:00:00,6200,7000,6600,800,12.90%,Valid,Normal,Normal
Tamil Nadu,Namakkal,Tiruchengode APMC,Green Avare(W),Other,Local,2026-09-20 00:00:00,6200,7000,6600,800,12.90%,Valid,Normal,Normal
Tamil Nadu,Namakkal,Tiruchengode APMC,Onion Green,Onion Green,Local,2026-09-20 00:00:00,7000,8000,7500,1000,14.29%,Valid,Normal,Normal
Tamil Nadu,Namakkal,Tiruchengode APMC,Sweet Corn,Sweet Corn,Local,2026-09-20 00:00:00,4800,5500,5150,700,14.58%,Valid,Normal,Normal
Telangana,Siddipet,Vantamamidi APMC,Green Chilli,Green Chilly,Local,2026-09-20 00:00:00,1500,1500,1500,0,0.00%,Valid,Normal,Normal
Telangana,Siddipet,Vantamamidi APMC,Field Pea,Field Pea,Local,2026-09-20 00:00:00,2200,2200,2200,0,0.00%,Valid,Normal,Normal
Telangana,Siddipet,Vantamamidi APMC,Ridgeguard(Tori),Ridgeguard(Tori),Local,2026-09-20 00:00:00,1400,2000,1700,600,42.86%,Valid,Normal,Normal
Tamil Nadu,Coimbatore,RSPuram(Uzhavar Sandhai ),Cluster beans,Cluster Beans,Local,2026-09-20 00:00:00,3400,3800,3600,400,11.76%,Valid,Normal,Normal
Tamil Nadu,Coimbatore,RSPuram(Uzhavar Sandhai ),Bitter gourd,Other,Local,2026-09-20 00:00:00,4000,4800,4400,800,20.00%,Valid,Normal,Normal
Tamil Nadu,Coimbatore,RSPuram(Uzhavar Sandhai ),Ashgourd,Gouard,Local,2026-09-20 00:00:00,1600,1800,1700,200,12.50%,Valid,Normal,Normal
Tamil Nadu,Coimbatore,RSPuram(Uzhavar Sandhai ),Green Chilli,Green Chilly,Local,2026-09-20 00:00:00,4600,5200,4900,600,13.04%,Valid,Normal,Normal
Tamil Nadu,Coimbatore,RSPuram(Uzhavar Sandhai ),Banana - Green,Banana - Green,Local,2026-09-20 00:00:00,3500,4200,3850,700,20.00%,Valid,Normal,Normal
Tamil Nadu,Coimbatore,RSPuram(Uzhavar Sandhai ),Tapioca,Tapioca,Local,2026-09-20 00:00:00,3000,3500,3250,500,16.67%,Valid,Normal,Normal
Tamil Nadu,Coimbatore,RSPuram(Uzhavar Sandhai ),Ginger(Green),Green Ginger,Local,2026-09-20 00:00:00,14800,15800,15300,1000,6.76%,Valid,Normal,Normal
Tamil Nadu,Coimbatore,RSPuram(Uzhavar Sandhai ),Ridgeguard(Tori),Ridgeguard(Tori),Local,2026-09-20 00:00:00,3800,4200,4000,400,10.53%,Valid,Normal,Normal
Tamil Nadu,Coimbatore,RSPuram(Uzhavar Sandhai ),Green Avare(W),Other,Local,2026-09-20 00:00:00,6000,6500,6250,500,8.33%,Valid,Normal,Normal
Tamil Nadu,Coimbatore,RSPuram(Uzhavar Sandhai ),Yam(Ratalu),Yam (Ratalu),Local,2026-09-20 00:00:00,7500,8000,7750,500,6.67%,Valid,Normal,Normal
Tamil Nadu,Coimbatore,RSPuram(Uzhavar Sandhai ),Custard Apple(Sharifa),Custard Apple(Sharifa),Local,2026-09-20 00:00:00,5000,6000,5500,1000,20.00%,Valid,Normal,Normal
Tamil Nadu,Coimbatore,RSPuram(Uzhavar Sandhai ),Onion Green,Onion Green,Local,2026-09-20 00:00:00,8400,9000,8700,600,7.14%,Valid,Normal,Normal
Tamil Nadu,Coimbatore,RSPuram(Uzhavar Sandhai ),Sweet Corn,Sweet Corn,Local,2026-09-20 00:00:00,3500,4000,3750,500,14.29%,Valid,Normal,Normal
Tamil Nadu,Coimbatore,Singanallur(Uzhavar Sandhai ),Brinjal,Round,Local,2026-09-20 00:00:00,3600,5000,4300,1400,38.89%,Valid,Normal,Normal
Tamil Nadu,Coimbatore,Singanallur(Uzhavar Sandhai ),Apple,American,Local,2026-09-20 00:00:00,20000,28000,24000,8000,40.00%,Valid,Normal,Normal
Tamil Nadu,Coimbatore,Singanallur(Uzhavar Sandhai ),Grapes,Annabesahai,Local,2026-09-20 00:00:00,10000,11000,10500,1000,10.00%,Valid,Normal,Normal
Tamil Nadu,Coimbatore,Singanallur(Uzhavar Sandhai ),Coriander(Leaves),I Sort,Local,2026-09-20 00:00:00,4400,5000,4700,600,13.64%,Valid,Normal,Normal
Tamil Nadu,Coimbatore,Singanallur(Uzhavar Sandhai ),Green Peas,Green Peas,Local,2026-09-20 00:00:00,20000,21000,20500,1000,5.00%,Valid,Normal,Normal
Tamil Nadu,Coimbatore,Singanallur(Uzhavar Sandhai ),Papaya,Papaya,Local,2026-09-20 00:00:00,4600,5400,5000,800,17.39%,Valid,Normal,Normal
Tamil Nadu,Coimbatore,Singanallur(Uzhavar Sandhai ),Bottle gourd,Bottle Gourd,Local,2026-09-20 00:00:00,2800,3200,3000,400,14.29%,Valid,Normal,Normal
Tamil Nadu,Coimbatore,Singanallur(Uzhavar Sandhai ),Ashgourd,Gouard,Local,2026-09-20 00:00:00,1800,2000,1900,200,11.11%,Valid,Normal,Normal
Tamil Nadu,Coimbatore,Singanallur(Uzhavar Sandhai ),Pumpkin,Pumpkin,Local,2026-09-20 00:00:00,1600,2000,1800,400,25.00%,Valid,Normal,Normal
Tamil Nadu,Coimbatore,Singanallur(Uzhavar Sandhai ),Bhindi(Ladies Finger),Bhindi,Local,2026-09-20 00:00:00,4000,4600,4300,600,15.00%,Valid,Normal,Normal
Tamil Nadu,Coimbatore,Singanallur(Uzhavar Sandhai ),Amaranthus,Amaranthus,Local,2026-09-20 00:00:00,5000,6000,5500,1000,20.00%,Valid,Normal,Normal
Tamil Nadu,Coimbatore,Singanallur(Uzhavar Sandhai ),Green Chilli,Green Chilly,Local,2026-09-20 00:00:00,5000,5600,5300,600,12.00%,Valid,Normal,Normal
Tamil Nadu,Coimbatore,Singanallur(Uzhavar Sandhai ),Cowpea(Veg),Cowpea (Veg),Local,2026-09-20 00:00:00,3600,4000,3800,400,11.11%,Valid,Normal,Normal
Tamil Nadu,Coimbatore,Singanallur(Uzhavar Sandhai ),Banana - Green,Banana - Green,Local,2026-09-20 00:00:00,4000,4500,4250,500,12.50%,Valid,Normal,Normal
Tamil Nadu,Coimbatore,Singanallur(Uzhavar Sandhai ),Betal Leaves,Mysore,Local,2026-09-20 00:00:00,20000,24000,22000,4000,20.00%,Valid,Normal,Normal
Tamil Nadu,Coimbatore,Singanallur(Uzhavar Sandhai ),Raddish,Raddish,Local,2026-09-20 00:00:00,2800,3200,3000,400,14.29%,Valid,Normal,Normal
Tamil Nadu,Coimbatore,Singanallur(Uzhavar Sandhai ),Thondekai,Thondekai,Local,2026-09-20 00:00:00,4000,4400,4200,400,10.00%,Valid,Normal,Normal
Tamil Nadu,Coimbatore,Singanallur(Uzhavar Sandhai ),Mango(Raw-Ripe),Mango - Raw-Ripe,Local,2026-09-20 00:00:00,8000,9000,8500,1000,12.50%,Valid,Normal,Normal
Tamil Nadu,Coimbatore,Singanallur(Uzhavar Sandhai ),Pomegranate,Pomogranate,Local,2026-09-20 00:00:00,14000,17000,15500,3000,21.43%,Valid,Normal,Normal
Tamil Nadu,Coimbatore,Singanallur(Uzhavar Sandhai ),Elephant Yam(Suran)/Amorphophallus,Elephant Yam (Suran),Local,2026-09-20 00:00:00,3600,4000,3800,400,11.11%,Valid,Normal,Normal
Tamil Nadu,Coimbatore,Singanallur(Uzhavar Sandhai ),Colacasia,Colacasia,Local,2026-09-20 00:00:00,4600,5000,4800,400,8.70%,Valid,Normal,Normal
Tamil Nadu,Coimbatore,Singanallur(Uzhavar Sandhai ),Onion Green,Onion Green,Local,2026-09-20 00:00:00,8600,9200,8900,600,6.98%,Valid,Normal,Normal
Tamil Nadu,Coimbatore,Singanallur(Uzhavar Sandhai ),Sweet Corn,Sweet Corn,Local,2026-09-20 00:00:00,3600,4000,3800,400,11.11%,Valid,Normal,Normal
Tamil Nadu,Coimbatore,Pollachi(Uzhavar Sandhai ),Banana,Red Banana,Local,2026-09-20 00:00:00,8000,9000,8500,1000,12.50%,Valid,Normal,Normal
Tamil Nadu,Coimbatore,Pollachi(Uzhavar Sandhai ),Onion,Bellary,Local,2026-09-20 00:00:00,5500,6400,5950,900,16.36%,Valid,Normal,Normal
Tamil Nadu,Coimbatore,Pollachi(Uzhavar Sandhai ),Pumpkin,Pumpkin,Local,2026-09-20 00:00:00,2000,2500,2250,500,25.00%,Valid,Normal,Normal
Tamil Nadu,Coimbatore,Pollachi(Uzhavar Sandhai ),Amaranthus,Amaranthus,Local,2026-09-20 00:00:00,3000,4000,3500,1000,33.33%,Valid,Normal,Normal
Tamil Nadu,Coimbatore,Pollachi(Uzhavar Sandhai ),Banana - Green,Banana - Green,Local,2026-09-20 00:00:00,4000,4500,4250,500,12.50%,Valid,Normal,Normal
Tamil Nadu,Coimbatore,Pollachi(Uzhavar Sandhai ),Ginger(Green),Green Ginger,Local,2026-09-20 00:00:00,16000,18000,17000,2000,12.50%,Valid,Normal,Normal
Tamil Nadu,Coimbatore,Pollachi(Uzhavar Sandhai ),Snakeguard,Snakeguard,Local,2026-09-20 00:00:00,3500,3800,3650,300,8.57%,Valid,Normal,Normal
Tamil Nadu,Coimbatore,Pollachi(Uzhavar Sandhai ),Raddish,Raddish,Local,2026-09-20 00:00:00,3000,3500,3250,500,16.67%,Valid,Normal,Normal
Tamil Nadu,Coimbatore,Pollachi(Uzhavar Sandhai ),Tender Coconut,Tender Coconut,Local,2026-09-20 00:00:00,3500,4000,3750,500,14.29%,Valid,Normal,Normal
Uttar Pradesh,Muzaffarnagar,Khatauli APMC,Potato,Other,FAQ,2026-09-20 00:00:00,600,600,600,0,0.00%,Valid,Normal,Normal
Telangana,Ranga Reddy,"Vanasthalipuram,RBZ",Cauliflower,Cauliflower,Grade A,2026-09-20 00:00:00,2100,2100,2100,0,0.00%,Valid,Normal,Normal
Telangana,Ranga Reddy,"Vanasthalipuram,RBZ",Banana - Green,Banana - Green,Grade A,2026-09-20 00:00:00,4000,4000,4000,0,0.00%,Valid,Normal,Normal
Telangana,Ranga Reddy,"Vanasthalipuram,RBZ",Cucumbar(Kheera),Other,Grade A,2026-09-20 00:00:00,2300,2300,2300,0,0.00%,Valid,Normal,Normal
Tamil Nadu,Karur,Karur(Uzhavar Sandhai ),Cauliflower,Ranchi,Local,2026-09-20 00:00:00,3500,4000,3750,500,14.29%,Valid,Normal,Normal
Tamil Nadu,Karur,Karur(Uzhavar Sandhai ),Papaya,Papaya,Local,2026-09-20 00:00:00,4500,5000,4750,500,11.11%,Valid,Normal,Normal
Tamil Nadu,Karur,Karur(Uzhavar Sandhai ),Ridgeguard(Tori),Ridgeguard(Tori),Local,2026-09-20 00:00:00,4000,4500,4250,500,12.50%,Valid,Normal,Normal
Tamil Nadu,Karur,Karur(Uzhavar Sandhai ),Green Avare(W),Other,Local,2026-09-20 00:00:00,9000,10000,9500,1000,11.11%,Valid,Normal,Normal
Tamil Nadu,Karur,Karur(Uzhavar Sandhai ),Chow Chow,Chow Chow,Local,2026-09-20 00:00:00,3500,4000,3750,500,14.29%,Valid,Normal,Normal
Tamil Nadu,Karur,Karur(Uzhavar Sandhai ),Yam(Ratalu),Yam (Ratalu),Local,2026-09-20 00:00:00,9000,10000,9500,1000,11.11%,Valid,Normal,Normal
Tripura,South Tripura,Biokhora,Brinjal,Brinjal,FAQ,2026-09-20 00:00:00,3800,3900,3850,100,2.63%,Valid,Normal,Normal
Tamil Nadu,Coimbatore,Kurichi(Uzhavar Sandhai ),Onion,Bellary,Local,2026-09-20 00:00:00,6000,6400,6200,400,6.67%,Valid,Normal,Normal
Tamil Nadu,Coimbatore,Kurichi(Uzhavar Sandhai ),Tomato,Local,Local,2026-09-20 00:00:00,2800,3200,3000,400,14.29%,Valid,Normal,Normal
Tamil Nadu,Coimbatore,Kurichi(Uzhavar Sandhai ),Bottle gourd,Bottle Gourd,Local,2026-09-20 00:00:00,2500,3000,2750,500,20.00%,Valid,Normal,Normal
Tamil Nadu,Coimbatore,Kurichi(Uzhavar Sandhai ),Cucumbar(Kheera),Cucumbar,Local,2026-09-20 00:00:00,4000,4500,4250,500,12.50%,Valid,Normal,Normal
Tamil Nadu,Coimbatore,Kurichi(Uzhavar Sandhai ),Drumstick,Drumstick,Local,2026-09-20 00:00:00,3500,4000,3750,500,14.29%,Valid,Normal,Normal
Tamil Nadu,Coimbatore,Kurichi(Uzhavar Sandhai ),Guava,Guava Allahabad,Local,2026-09-20 00:00:00,5500,6000,5750,500,9.09%,Valid,Normal,Normal
Tamil Nadu,Coimbatore,Kurichi(Uzhavar Sandhai ),Lemon,Lemon,Local,2026-09-20 00:00:00,25000,26000,25500,1000,4.00%,Valid,Normal,Normal
Tamil Nadu,Coimbatore,Kurichi(Uzhavar Sandhai ),Mint(Pudina),Mint(Pudina),Local,2026-09-20 00:00:00,5500,6000,5750,500,9.09%,Valid,Normal,Normal
Tamil Nadu,Cuddalore,Chidambaram(Uzhavar Sandhai ),Tomato,Local,Local,2026-09-20 00:00:00,3000,3000,3000,0,0.00%,Valid,Normal,Normal
Tamil Nadu,Cuddalore,Chidambaram(Uzhavar Sandhai ),Snakeguard,Snakeguard,Local,2026-09-20 00:00:00,3000,3000,3000,0,0.00%,Valid,Normal,Normal
Tamil Nadu,Cuddalore,Cuddalore(Uzhavar Sandhai ),Groundnut,Big (With Shell),Local,2026-09-20 00:00:00,8000,8000,8000,0,0.00%,Valid,Normal,Normal
Tamil Nadu,Cuddalore,Cuddalore(Uzhavar Sandhai ),Banana - Green,Banana - Green,Local,2026-09-20 00:00:00,3000,3500,3250,500,16.67%,Valid,Normal,Normal
Tamil Nadu,Cuddalore,Cuddalore(Uzhavar Sandhai ),Beans,Beans (Whole),Local,2026-09-20 00:00:00,11000,11000,11000,0,0.00%,Valid,Normal,Normal
Tamil Nadu,Cuddalore,Cuddalore(Uzhavar Sandhai ),Sweet Potato,Hosur Red,Local,2026-09-20 00:00:00,8000,10000,9000,2000,25.00%,Valid,Normal,Normal
Tamil Nadu,Cuddalore,Cuddalore(Uzhavar Sandhai ),Carrot,Pusakesar,Local,2026-09-20 00:00:00,5000,5000,5000,0,0.00%,Valid,Normal,Normal
Tamil Nadu,Cuddalore,Cuddalore(Uzhavar Sandhai ),Cabbage,Cabbage,Local,2026-09-20 00:00:00,2500,2500,2500,0,0.00%,Valid,Normal,Normal
Tamil Nadu,Cuddalore,Cuddalore(Uzhavar Sandhai ),Ridgeguard(Tori),Ridgeguard(Tori),Local,2026-09-20 00:00:00,6000,6000,6000,0,0.00%,Valid,Normal,Normal
Tamil Nadu,Cuddalore,Cuddalore(Uzhavar Sandhai ),Capsicum,Capsicum,Local,2026-09-20 00:00:00,5000,5000,5000,0,0.00%,Valid,Normal,Normal
Tamil Nadu,Cuddalore,Cuddalore(Uzhavar Sandhai ),Green Avare(W),Green Avare (W),Local,2026-09-20 00:00:00,7500,7500,7500,0,0.00%,Valid,Normal,Normal
Tamil Nadu,Cuddalore,Cuddalore(Uzhavar Sandhai ),Drumstick,Drumstick,Local,2026-09-20 00:00:00,6000,6000,6000,0,0.00%,Valid,Normal,Normal
Tamil Nadu,Cuddalore,Cuddalore(Uzhavar Sandhai ),Mango(Raw-Ripe),Mango - Raw-Ripe,Local,2026-09-20 00:00:00,13000,13000,13000,0,0.00%,Valid,Normal,Normal
Tamil Nadu,Cuddalore,Cuddalore(Uzhavar Sandhai ),Lemon,Lemon,Local,2026-09-20 00:00:00,30000,35000,32500,5000,16.67%,Valid,Normal,Normal
Tamil Nadu,Tuticorin,Tuticorin(Uzhavar Sandhai ),Orange,Darjeeling,Local,2026-09-20 00:00:00,14000,15000,14500,1000,7.14%,Valid,Normal,Normal
Tamil Nadu,Tuticorin,Tuticorin(Uzhavar Sandhai ),Banana,Besrai,Local,2026-09-20 00:00:00,2500,3000,2750,500,20.00%,Valid,Normal,Normal
Tamil Nadu,Tuticorin,Tuticorin(Uzhavar Sandhai ),Mango,Safeda,Local,2026-09-20 00:00:00,14000,15000,14500,1000,7.14%,Valid,Normal,Normal
Tamil Nadu,Tuticorin,Tuticorin(Uzhavar Sandhai ),Grapes,Annabesahai,Local,2026-09-20 00:00:00,13000,14000,13500,1000,7.69%,Valid,Normal,Normal
Tamil Nadu,Tuticorin,Tuticorin(Uzhavar Sandhai ),Onion,Bellary,Local,2026-09-20 00:00:00,5000,6000,5500,1000,20.00%,Valid,Normal,Normal
Tamil Nadu,Tuticorin,Tuticorin(Uzhavar Sandhai ),Tapioca,Tapioca,Local,2026-09-20 00:00:00,3000,3500,3250,500,16.67%,Valid,Normal,Normal
Tamil Nadu,Tuticorin,Tuticorin(Uzhavar Sandhai ),Carrot,Pusakesar,Local,2026-09-20 00:00:00,5000,6000,5500,1000,20.00%,Valid,Normal,Normal
Tamil Nadu,Tuticorin,Tuticorin(Uzhavar Sandhai ),Snakeguard,Snakeguard,Local,2026-09-20 00:00:00,4500,5000,4750,500,11.11%,Valid,Normal,Normal
Tamil Nadu,Tuticorin,Tuticorin(Uzhavar Sandhai ),Raddish,Raddish,Local,2026-09-20 00:00:00,3000,3500,3250,500,16.67%,Valid,Normal,Normal
Tamil Nadu,Tuticorin,Tuticorin(Uzhavar Sandhai ),Drumstick,Drumstick,Local,2026-09-20 00:00:00,4500,5000,4750,500,11.11%,Valid,Normal,Normal
Tamil Nadu,Tuticorin,Tuticorin(Uzhavar Sandhai ),Mango(Raw-Ripe),Mango - Raw-Ripe,Local,2026-09-20 00:00:00,12000,13000,12500,1000,8.33%,Valid,Normal,Normal
Tamil Nadu,Tuticorin,Tuticorin(Uzhavar Sandhai ),Pomegranate,Pomogranate,Local,2026-09-20 00:00:00,21000,22000,21500,1000,4.76%,Valid,Normal,Normal
Tamil Nadu,Tuticorin,Tuticorin(Uzhavar Sandhai ),Mashrooms,Mashrooms,Local,2026-09-20 00:00:00,24000,25000,24500,1000,4.17%,Valid,Normal,Normal
Tamil Nadu,Nagercoil (Kannyiakumari),Vadaseri APMC,Mango,Safeda,Local,2026-09-20 00:00:00,6500,7000,6750,500,7.69%,Valid,Normal,Normal
Tamil Nadu,Nagercoil (Kannyiakumari),Vadaseri APMC,Pineapple,Pine Apple,Local,2026-09-20 00:00:00,4500,5000,4750,500,11.11%,Valid,Normal,Normal
Tamil Nadu,Nagercoil (Kannyiakumari),Vadaseri APMC,Cauliflower,Ranchi,Local,2026-09-20 00:00:00,5500,6000,5750,500,9.09%,Valid,Normal,Normal
Tamil Nadu,Nagercoil (Kannyiakumari),Vadaseri APMC,Papaya,Papaya,Local,2026-09-20 00:00:00,3500,4000,3750,500,14.29%,Valid,Normal,Normal
Tamil Nadu,Nagercoil (Kannyiakumari),Vadaseri APMC,Tomato,Local,Local,2026-09-20 00:00:00,2500,2800,2650,300,12.00%,Valid,Normal,Normal
Tamil Nadu,Nagercoil (Kannyiakumari),Vadaseri APMC,Pumpkin,Pumpkin,Local,2026-09-20 00:00:00,1500,1800,1650,300,20.00%,Valid,Normal,Normal
Tamil Nadu,Nagercoil (Kannyiakumari),Vadaseri APMC,Amaranthus,Amaranthus,Local,2026-09-20 00:00:00,1500,2000,1750,500,33.33%,Valid,Normal,Normal
Tamil Nadu,Nagercoil (Kannyiakumari),Vadaseri APMC,Banana - Green,Banana - Green,Local,2026-09-20 00:00:00,5500,6000,5750,500,9.09%,Valid,Normal,Normal
Tamil Nadu,Nagercoil (Kannyiakumari),Vadaseri APMC,Beetroot,Beetroot,Local,2026-09-20 00:00:00,5000,5500,5250,500,10.00%,Valid,Normal,Normal
Tamil Nadu,Nagercoil (Kannyiakumari),Vadaseri APMC,Drumstick,Drumstick,Local,2026-09-20 00:00:00,4500,5000,4750,500,11.11%,Valid,Normal,Normal
Tamil Nadu,Nagercoil (Kannyiakumari),Vadaseri APMC,Mango(Raw-Ripe),Mango - Raw-Ripe,Local,2026-09-20 00:00:00,9000,10000,9500,1000,11.11%,Valid,Normal,Normal
Tamil Nadu,Nagercoil (Kannyiakumari),Vadaseri APMC,Mint(Pudina),Mint(Pudina),Local,2026-09-20 00:00:00,7500,8000,7750,500,6.67%,Valid,Normal,Normal
Maharashtra,Raigad,APMC Murud,Rice,Other,Local,2026-09-20 00:00:00,4000,4500,4250,500,12.50%,Valid,Normal,Normal
Madhya Pradesh,Morena,Kailaras APMC,Onion,Other,FAQ,2026-09-20 00:00:00,3200,3200,3200,0,0.00%,Valid,Normal,Normal
Madhya Pradesh,Morena,Kailaras APMC,Chili Red,Geeli Mirchi,FAQ,2026-09-20 00:00:00,1500,2200,1500,700,46.67%,Valid,Normal,Normal
Madhya Pradesh,Morena,Kailaras APMC,Water chestnut,Water chestnut,FAQ,2026-09-20 00:00:00,4000,4000,4000,0,0.00%,Valid,Normal,Normal
Tamil Nadu,Vellore,Thirupathur APMC,Banana,Besrai,Local,2026-09-20 00:00:00,4000,4000,4000,0,0.00%,Valid,Normal,Normal
Tamil Nadu,Vellore,Thirupathur APMC,Potato,Red Nanital,Local,2026-09-20 00:00:00,3000,3000,3000,0,0.00%,Valid,Normal,Normal
Tamil Nadu,Vellore,Thirupathur APMC,Garlic,Garlic,Local,2026-09-20 00:00:00,26000,26000,26000,0,0.00%,Valid,Normal,Normal
Tamil Nadu,Vellore,Thirupathur APMC,Cauliflower,Ranchi,Local,2026-09-20 00:00:00,3000,3000,3000,0,0.00%,Valid,Normal,Normal
Tamil Nadu,Vellore,Thirupathur APMC,Ashgourd,Gouard,Local,2026-09-20 00:00:00,2000,2000,2000,0,0.00%,Valid,Normal,Normal
Tamil Nadu,Vellore,Thirupathur APMC,Bhindi(Ladies Finger),Bhindi,Local,2026-09-20 00:00:00,3000,3000,3000,0,0.00%,Valid,Normal,Normal
Tamil Nadu,Vellore,Thirupathur APMC,Banana - Green,Banana - Green,Local,2026-09-20 00:00:00,2500,2500,2500,0,0.00%,Valid,Normal,Normal
Tamil Nadu,Vellore,Thirupathur APMC,Tapioca,Tapioca,Local,2026-09-20 00:00:00,3000,3000,3000,0,0.00%,Valid,Normal,Normal
Tamil Nadu,Vellore,Thirupathur APMC,Coconut,Coconut,Local,2026-09-20 00:00:00,5000,5000,5000,0,0.00%,Valid,Normal,Normal
Tamil Nadu,Vellore,Thirupathur APMC,Carrot,Pusakesar,Local,2026-09-20 00:00:00,6400,6400,6400,0,0.00%,Valid,Normal,Normal
Tamil Nadu,Vellore,Thirupathur APMC,Beetroot,Beetroot,Local,2026-09-20 00:00:00,5000,5000,5000,0,0.00%,Valid,Normal,Normal
Tamil Nadu,Vellore,Thirupathur APMC,Ridgeguard(Tori),Ridgeguard(Tori),Local,2026-09-20 00:00:00,4000,4000,4000,0,0.00%,Valid,Normal,Normal
Tamil Nadu,Vellore,Thirupathur APMC,Green Avare(W),Green Avare (W),Local,2026-09-20 00:00:00,7000,7000,7000,0,0.00%,Valid,Normal,Normal
Tamil Nadu,Vellore,Thirupathur APMC,Onion Green,Onion Green,Local,2026-09-20 00:00:00,7500,7500,7500,0,0.00%,Valid,Normal,Normal
Tamil Nadu,Vellore,Thirupathur APMC,Mint(Pudina),Mint(Pudina),Local,2026-09-20 00:00:00,5000,5000,5000,0,0.00%,Valid,Normal,Normal
Tamil Nadu,Vellore,Vellore APMC,Garlic,Garlic,Local,2026-09-20 00:00:00,22000,22000,22000,0,0.00%,Valid,Normal,Normal
Tamil Nadu,Vellore,Vellore APMC,Cauliflower,Ranchi,Local,2026-09-20 00:00:00,2500,2500,2500,0,0.00%,Valid,Normal,Normal
Tamil Nadu,Vellore,Vellore APMC,Papaya,Papaya,Local,2026-09-20 00:00:00,4500,4500,4500,0,0.00%,Valid,Normal,Normal
Tamil Nadu,Vellore,Vellore APMC,Bitter gourd,Bitter Gourd,Local,2026-09-20 00:00:00,3000,3000,3000,0,0.00%,Valid,Normal,Normal
Tamil Nadu,Vellore,Vellore APMC,Pumpkin,Pumpkin,Local,2026-09-20 00:00:00,2500,2500,2500,0,0.00%,Valid,Normal,Normal
Tamil Nadu,Vellore,Vellore APMC,Carrot,Pusakesar,Local,2026-09-20 00:00:00,4600,4600,4600,0,0.00%,Valid,Normal,Normal
Tamil Nadu,Vellore,Vellore APMC,Ridgeguard(Tori),Ridgeguard(Tori),Local,2026-09-20 00:00:00,3500,3500,3500,0,0.00%,Valid,Normal,Normal
Tamil Nadu,Vellore,Vellore APMC,Raddish,Raddish,Local,2026-09-20 00:00:00,2000,2000,2000,0,0.00%,Valid,Normal,Normal
Tamil Nadu,Dharmapuri,Harur(Uzhavar Sandhai ),Brinjal,Round,Local,2026-09-20 00:00:00,2500,3000,2750,500,20.00%,Valid,Normal,Normal
Tamil Nadu,Dharmapuri,Harur(Uzhavar Sandhai ),Pumpkin,Pumpkin,Local,2026-09-20 00:00:00,1500,2000,1750,500,33.33%,Valid,Normal,Normal
Tamil Nadu,Dharmapuri,Harur(Uzhavar Sandhai ),Coconut,Coconut,Local,2026-09-20 00:00:00,6000,7000,6500,1000,16.67%,Valid,Normal,Normal
Tamil Nadu,Dharmapuri,Harur(Uzhavar Sandhai ),Snakeguard,Snakeguard,Local,2026-09-20 00:00:00,3000,3500,3250,500,16.67%,Valid,Normal,Normal
Tamil Nadu,Dharmapuri,Harur(Uzhavar Sandhai ),Thondekai,Thondekai,Local,2026-09-20 00:00:00,4500,5000,4750,500,11.11%,Valid,Normal,Normal
Tamil Nadu,Dharmapuri,Harur(Uzhavar Sandhai ),Chow Chow,Chow Chow,Local,2026-09-20 00:00:00,4000,4500,4250,500,12.50%,Valid,Normal,Normal
Tamil Nadu,Krishnagiri,Kaveripattinam(Uzhavar Sandhai ),Potato,Red Nanital,Local,2026-09-20 00:00:00,4000,4000,4000,0,0.00%,Valid,Normal,Normal
Tamil Nadu,Krishnagiri,Kaveripattinam(Uzhavar Sandhai ),Banana - Green,Banana - Green,Local,2026-09-20 00:00:00,2500,3000,2750,500,20.00%,Valid,Normal,Normal
Tamil Nadu,Krishnagiri,Kaveripattinam(Uzhavar Sandhai ),Snakeguard,Snakeguard,Local,2026-09-20 00:00:00,3000,3000,3000,0,0.00%,Valid,Normal,Normal
Tamil Nadu,Krishnagiri,Kaveripattinam(Uzhavar Sandhai ),Drumstick,Drumstick,Local,2026-09-20 00:00:00,4000,4000,4000,0,0.00%,Valid,Normal,Normal
Tamil Nadu,Krishnagiri,Kaveripattinam(Uzhavar Sandhai ),Mango(Raw-Ripe),Mango - Raw-Ripe,Local,2026-09-20 00:00:00,9000,9000,9000,0,0.00%,Valid,Normal,Normal
Tamil Nadu,Krishnagiri,Kaveripattinam(Uzhavar Sandhai ),Mint(Pudina),Mint(Pudina),Local,2026-09-20 00:00:00,5000,5000,5000,0,0.00%,Valid,Normal,Normal
Tamil Nadu,The Nilgiris,Coonoor(Uzhavar Sandhai ),Bitter gourd,Other,Local,2026-09-20 00:00:00,4500,5000,4750,500,11.11%,Valid,Normal,Normal
Tamil Nadu,The Nilgiris,Coonoor(Uzhavar Sandhai ),Cucumbar(Kheera),Cucumbar,Local,2026-09-20 00:00:00,4500,4800,4650,300,6.67%,Valid,Normal,Normal
Tamil Nadu,The Nilgiris,Coonoor(Uzhavar Sandhai ),Green Avare(W),Other,Local,2026-09-20 00:00:00,5800,6200,6000,400,6.90%,Valid,Normal,Normal
Tamil Nadu,The Nilgiris,Coonoor(Uzhavar Sandhai ),Drumstick,Drumstick,Local,2026-09-20 00:00:00,3000,3300,3150,300,10.00%,Valid,Normal,Normal
Tamil Nadu,The Nilgiris,Coonoor(Uzhavar Sandhai ),Elephant Yam(Suran)/Amorphophallus,Elephant Yam (Suran),Local,2026-09-20 00:00:00,4000,4400,4200,400,10.00%,Valid,Normal,Normal
Tamil Nadu,The Nilgiris,Coonoor(Uzhavar Sandhai ),Onion Green,Onion Green,Local,2026-09-20 00:00:00,8800,9200,9000,400,4.55%,Valid,Normal,Normal
Tamil Nadu,The Nilgiris,Coonoor(Uzhavar Sandhai ),Mint(Pudina),Mint(Pudina),Local,2026-09-20 00:00:00,5500,6000,5750,500,9.09%,Valid,Normal,Normal
Tamil Nadu,The Nilgiris,Gudalur(Uzhavar Sandhai ),Banana,Besrai,Local,2026-09-20 00:00:00,4000,5000,4500,1000,25.00%,Valid,Normal,Normal
Tamil Nadu,The Nilgiris,Gudalur(Uzhavar Sandhai ),Cauliflower,Ranchi,Local,2026-09-20 00:00:00,3500,4000,3750,500,14.29%,Valid,Normal,Normal
Tamil Nadu,The Nilgiris,Gudalur(Uzhavar Sandhai ),Bitter gourd,Bitter Gourd,Local,2026-09-20 00:00:00,4500,5000,4750,500,11.11%,Valid,Normal,Normal
Tamil Nadu,The Nilgiris,Gudalur(Uzhavar Sandhai ),Cucumbar(Kheera),Cucumbar,Local,2026-09-20 00:00:00,3500,4000,3750,500,14.29%,Valid,Normal,Normal
Tamil Nadu,The Nilgiris,Gudalur(Uzhavar Sandhai ),Thondekai,Thondekai,Local,2026-09-20 00:00:00,3500,4000,3750,500,14.29%,Valid,Normal,Normal
Tamil Nadu,The Nilgiris,Gudalur(Uzhavar Sandhai ),Capsicum,Capsicum,Local,2026-09-20 00:00:00,5000,6000,5500,1000,20.00%,Valid,Normal,Normal
Tamil Nadu,The Nilgiris,Gudalur(Uzhavar Sandhai ),Green Avare(W),Green Avare (W),Local,2026-09-20 00:00:00,6000,6500,6250,500,8.33%,Valid,Normal,Normal
Tamil Nadu,The Nilgiris,Gudalur(Uzhavar Sandhai ),Elephant Yam(Suran)/Amorphophallus,Elephant Yam (Suran),Local,2026-09-20 00:00:00,3500,4000,3750,500,14.29%,Valid,Normal,Normal
Tamil Nadu,The Nilgiris,Gudalur(Uzhavar Sandhai ),Lemon,Lemon,Local,2026-09-20 00:00:00,24000,25000,24500,1000,4.17%,Valid,Normal,Normal
Tamil Nadu,The Nilgiris,Gudalur(Uzhavar Sandhai ),Onion Green,Onion Green,Local,2026-09-20 00:00:00,8500,9000,8750,500,5.88%,Valid,Normal,Normal
Tamil Nadu,The Nilgiris,Gudalur(Uzhavar Sandhai ),Mint(Pudina),Mint(Pudina),Local,2026-09-20 00:00:00,5000,6000,5500,1000,20.00%,Valid,Normal,Normal
Odisha,Angul,Angul APMC,Brinjal,Other,Grade B,2026-09-20 00:00:00,3000,3000,3000,0,0.00%,Valid,Normal,Normal
Odisha,Angul,Angul APMC,Bitter gourd,Bitter Gourd,Grade B,2026-09-20 00:00:00,2500,2500,2500,0,0.00%,Valid,Normal,Normal
Odisha,Angul,Angul APMC,Little gourd(Kundru),Other,Grade B,2026-09-20 00:00:00,3200,3200,3200,0,0.00%,Valid,Normal,Normal
Odisha,Angul,Angul APMC,Onion,Other,Grade B,2026-09-20 00:00:00,4200,4200,4200,0,0.00%,Valid,Normal,Normal
Odisha,Bargarh,Attabira APMC,Bhindi(Ladies Finger),Bhindi,Local,2026-09-20 00:00:00,3400,3800,3600,400,11.76%,Valid,Normal,Normal
Odisha,Bargarh,Attabira APMC,Bottle gourd,Bottle Gourd,Local,2026-09-20 00:00:00,2050,2400,2200,350,17.07%,Valid,Normal,Normal
Punjab,Tarntaran,Patti APMC,Garlic,Other,Local,2026-09-20 00:00:00,12.6,12.6,12.6,0,0.00%,Valid,Review,Normal
Punjab,Tarntaran,Patti APMC,Pea Pod/Pea Cod/??? ???,Other,Local,2026-09-20 00:00:00,5000,5000,5000,0,0.00%,Valid,Normal,Normal
Uttarakhand,Dehradoon,Vikasnagar APMC,Cabbage,Cabbage,Medium,2026-09-20 00:00:00,600,1500,1500,900,150.00%,Valid,Normal,Normal
Uttarakhand,Dehradoon,Vikasnagar APMC,Colacasia,Other,Medium,2026-09-20 00:00:00,1500,1800,1800,300,20.00%,Valid,Normal,Normal
Uttarakhand,Dehradoon,Vikasnagar APMC,Pumpkin,Pumpkin,Medium,2026-09-20 00:00:00,400,600,600,200,50.00%,Valid,Normal,Normal
Uttar Pradesh,Auraiya,Auraiya APMC,Firewood,Firewood,FAQ,2026-09-20 00:00:00,500,500,500,0,0.00%,Valid,Normal,Normal
Odisha,Jharsuguda,Jharsuguda APMC,Onion,Other,Grade A,2026-09-20 00:00:00,5000,5500,5000,500,10.00%,Valid,Normal,Normal
Odisha,Jharsuguda,Jharsuguda APMC,Ginger(Green),Other,Grade A,2026-09-20 00:00:00,14000,15000,15000,1000,7.14%,Valid,Normal,Normal
Haryana,Hissar,Hansi APMC,Cauliflower,Other,FAQ,2026-09-20 00:00:00,4000,5000,4500,1000,25.00%,Valid,Normal,Normal
Haryana,Hissar,Hansi APMC,Garlic,Other,FAQ,2026-09-20 00:00:00,10000,20000,15000,10000,100.00%,Valid,Normal,Normal
Haryana,Hissar,Hansi APMC,Pineapple,Other,Grade B,2026-09-20 00:00:00,4000,6000,5000,2000,50.00%,Valid,Normal,Normal
Haryana,Hissar,Hansi APMC,Bhindi(Ladies Finger),Other,FAQ,2026-09-20 00:00:00,1800,2000,1900,200,11.11%,Valid,Normal,Normal
Haryana,Hissar,Hansi APMC,Lemon,Other,FAQ,2026-09-20 00:00:00,8000,10000,9000,2000,25.00%,Valid,Normal,Normal
Haryana,Hissar,Hansi APMC,Raddish,Other,FAQ,2026-09-20 00:00:00,1500,2000,1750,500,33.33%,Valid,Normal,Normal
Keralam,Kollam,Chathanoor Market,Pumpkin,Other,FAQ,2026-09-20 00:00:00,2000,2700,2400,700,35.00%,Valid,Normal,Normal
Keralam,Kollam,Chathanoor Market,Banana,Palayamthodan,Medium,2026-09-20 00:00:00,3000,4000,3500,1000,33.33%,Valid,Normal,Normal
Keralam,Kollam,Chathanoor Market,Bhindi(Ladies Finger),Other,FAQ,2026-09-20 00:00:00,5000,6000,5500,1000,20.00%,Valid,Normal,Normal
Keralam,Kollam,Chathanoor Market,Bitter gourd,Other,FAQ,2026-09-20 00:00:00,7500,9000,8300,1500,20.00%,Valid,Normal,Normal
Keralam,Kollam,Chathanoor Market,Cowpea(Veg),Other,FAQ,2026-09-20 00:00:00,5500,6500,6000,1000,18.18%,Valid,Normal,Normal
Keralam,Kollam,Chathanoor Market,Little gourd(Kundru),Other,FAQ,2026-09-20 00:00:00,5500,6500,6000,1000,18.18%,Valid,Normal,Normal
Keralam,Kollam,Chathanoor Market,Tomato,Other,FAQ,2026-09-20 00:00:00,3500,4500,4000,1000,28.57%,Valid,Normal,Normal
Keralam,Kollam,Chathanoor Market,Banana,Robusta,Medium,2026-09-20 00:00:00,3000,4000,3500,1000,33.33%,Valid,Normal,Normal
Andhra Pradesh,Prakasam,Santhamaguluru APMC,Maize,Hybrid,FAQ,2026-09-20 00:00:00,2400,2480,2450,80,3.33%,Valid,Normal,Normal
Andhra Pradesh,Prakasam,Maddipadu APMC,Bajra(Pearl Millet/Cumbu),Bold,FAQ,2026-09-20 00:00:00,2850,2850,2850,0,0.00%,Valid,Normal,Normal
Keralam,Kozhikode(Calicut),Mukkom Market,Beetroot,Beetroot,FAQ,2026-09-20 00:00:00,4800,5200,5000,400,8.33%,Valid,Normal,Normal
Keralam,Kozhikode(Calicut),Mukkom Market,Green Chilli,Green Chilly,FAQ,2026-09-20 00:00:00,6000,6400,6200,400,6.67%,Valid,Normal,Normal
Keralam,Kozhikode(Calicut),Mukkom Market,Banana,Other,Large,2026-09-20 00:00:00,7000,7600,7400,600,8.57%,Valid,Normal,Normal
Keralam,Kozhikode(Calicut),Mukkom Market,Grapes,Other,Large,2026-09-20 00:00:00,8000,9000,8500,1000,12.50%,Valid,Normal,Normal
Telangana,Ranga Reddy,"Saroornagar,RBZ",Cabbage,Other,Medium,2026-09-20 00:00:00,1300,1300,1300,0,0.00%,Valid,Normal,Normal
Telangana,Ranga Reddy,"Saroornagar,RBZ",Brinjal,Other,Medium,2026-09-20 00:00:00,3500,3500,3500,0,0.00%,Valid,Normal,Normal
Telangana,Ranga Reddy,"Saroornagar,RBZ",Cauliflower,Cauliflower,Medium,2026-09-20 00:00:00,2100,2100,2100,0,0.00%,Valid,Normal,Normal
Telangana,Ranga Reddy,"Saroornagar,RBZ",Cluster beans,Cluster Beans,Medium,2026-09-20 00:00:00,4000,4000,4000,0,0.00%,Valid,Normal,Normal
Keralam,Idukki,Kattappana Market,Banana - Green,Other,Medium,2026-09-20 00:00:00,6000,6800,6500,800,13.33%,Valid,Normal,Normal
Keralam,Idukki,Kattappana Market,Cabbage,Other,Medium,2026-09-20 00:00:00,3000,3300,3200,300,10.00%,Valid,Normal,Normal
Keralam,Idukki,Kattappana Market,Pumpkin,Other,Medium,2026-09-20 00:00:00,2100,2300,2300,200,9.52%,Valid,Normal,Normal
Haryana,Rewari,Kosli APMC,Banana,Other,Medium,2026-09-20 00:00:00,2000,2000,2000,0,0.00%,Valid,Normal,Normal
Haryana,Rewari,Kosli APMC,Cucumbar(Kheera),Other,FAQ,2026-09-20 00:00:00,3000,3000,3000,0,0.00%,Valid,Normal,Normal
Punjab,Gurdaspur,Quadian APMC,Green Chilli,Other,Grade A,2026-09-20 00:00:00,2200,2400,2300,200,9.09%,Valid,Normal,Normal
Punjab,Gurdaspur,Quadian APMC,Potato,Other,Grade A,2026-09-20 00:00:00,400,600,500,200,50.00%,Valid,Normal,Normal
Rajasthan,Jalore,Jalore APMC,Cabbage,Cabbage,Local,2026-09-20 00:00:00,1500,2000,1800,500,33.33%,Valid,Normal,Normal
Rajasthan,Jalore,Jalore APMC,Bhindi(Ladies Finger),Bhindi,Local,2026-09-20 00:00:00,1200,1600,1400,400,33.33%,Valid,Normal,Normal
Rajasthan,Jalore,Jalore APMC,Tomato,Tomato,Local,2026-09-20 00:00:00,1500,2000,1800,500,33.33%,Valid,Normal,Normal
Rajasthan,Jalore,Jalore APMC,Cucumbar(Kheera),Cucumbar,Local,2026-09-20 00:00:00,1200,1400,1300,200,16.67%,Valid,Normal,Normal
Keralam,Alappuzha,Harippad Market,Ashgourd,Other,FAQ,2026-09-20 00:00:00,4000,4500,4000,500,12.50%,Valid,Normal,Normal
Keralam,Alappuzha,Harippad Market,Amaranthus,Other,FAQ,2026-09-20 00:00:00,5000,5500,5000,500,10.00%,Valid,Normal,Normal
Tamil Nadu,Thirupur,Tiruppur (South) (Uzhavar Sandhai ),Amaranthus,Amaranthus,Local,2026-09-20 00:00:00,2500,3000,2750,500,20.00%,Valid,Normal,Normal
Tamil Nadu,Thirupur,Tiruppur (South) (Uzhavar Sandhai ),Ridgeguard(Tori),Ridgeguard(Tori),Local,2026-09-20 00:00:00,4000,5000,4500,1000,25.00%,Valid,Normal,Normal
Tamil Nadu,Thirupur,Tiruppur (South) (Uzhavar Sandhai ),Raddish,Raddish,Local,2026-09-20 00:00:00,1500,2000,1750,500,33.33%,Valid,Normal,Normal
Tamil Nadu,Erode,Perundurai(Uzhavar Sandhai ),Papaya,Papaya,Local,2026-09-20 00:00:00,3000,3500,3250,500,16.67%,Valid,Normal,Normal
Tamil Nadu,Erode,Perundurai(Uzhavar Sandhai ),Cluster beans,Cluster Beans,Local,2026-09-20 00:00:00,3000,3400,3200,400,13.33%,Valid,Normal,Normal
Tamil Nadu,Erode,Perundurai(Uzhavar Sandhai ),Beans,Beans (Whole),Local,2026-09-20 00:00:00,7000,7500,7250,500,7.14%,Valid,Normal,Normal
Tamil Nadu,Erode,Perundurai(Uzhavar Sandhai ),Beetroot,Beetroot,Local,2026-09-20 00:00:00,5000,5500,5250,500,10.00%,Valid,Normal,Normal
Tamil Nadu,Erode,Perundurai(Uzhavar Sandhai ),Elephant Yam(Suran)/Amorphophallus,Elephant Yam (Suran),Local,2026-09-20 00:00:00,3000,3500,3250,500,16.67%,Valid,Normal,Normal
Tamil Nadu,Dharmapuri,Dharmapuri(Uzhavar Sandhai ),Banana,Besrai,Local,2026-09-20 00:00:00,5200,5500,5350,300,5.77%,Valid,Normal,Normal
Tamil Nadu,Dharmapuri,Dharmapuri(Uzhavar Sandhai ),Garlic,Garlic,Local,2026-09-20 00:00:00,23000,24000,23500,1000,4.35%,Valid,Normal,Normal
Tamil Nadu,Dharmapuri,Dharmapuri(Uzhavar Sandhai ),Cauliflower,Ranchi,Local,2026-09-20 00:00:00,3300,3500,3400,200,6.06%,Valid,Normal,Normal
Tamil Nadu,Dharmapuri,Dharmapuri(Uzhavar Sandhai ),Cluster beans,Cluster Beans,Local,2026-09-20 00:00:00,1700,1800,1750,100,5.88%,Valid,Normal,Normal
Tamil Nadu,Dharmapuri,Dharmapuri(Uzhavar Sandhai ),Pumpkin,Pumpkin,Local,2026-09-20 00:00:00,1400,1500,1450,100,7.14%,Valid,Normal,Normal
Tamil Nadu,Dharmapuri,Dharmapuri(Uzhavar Sandhai ),Amaranthus,Amaranthus,Local,2026-09-20 00:00:00,2400,2500,2450,100,4.17%,Valid,Normal,Normal
Tamil Nadu,Dharmapuri,Dharmapuri(Uzhavar Sandhai ),Coconut,Coconut,Local,2026-09-20 00:00:00,7000,7400,7200,400,5.71%,Valid,Normal,Normal
Tamil Nadu,Dharmapuri,Dharmapuri(Uzhavar Sandhai ),Carrot,Pusakesar,Local,2026-09-20 00:00:00,6200,6400,6300,200,3.23%,Valid,Normal,Normal
Tamil Nadu,Dharmapuri,Dharmapuri(Uzhavar Sandhai ),Cabbage,Cabbage,Local,2026-09-20 00:00:00,2800,3000,2900,200,7.14%,Valid,Normal,Normal
Tamil Nadu,Dharmapuri,Dharmapuri(Uzhavar Sandhai ),Cucumbar(Kheera),Cucumbar,Local,2026-09-20 00:00:00,4200,4500,4350,300,7.14%,Valid,Normal,Normal
Tamil Nadu,Dharmapuri,Dharmapuri(Uzhavar Sandhai ),Tamarind Fruit,Tamarind Fruit,Local,2026-09-20 00:00:00,11000,11600,11300,600,5.45%,Valid,Normal,Normal
Tamil Nadu,Dharmapuri,Dharmapuri(Uzhavar Sandhai ),Indian Beans(Seam),Indian Beans (Seam),Local,2026-09-20 00:00:00,5500,6000,5750,500,9.09%,Valid,Normal,Normal
Tamil Nadu,Dharmapuri,Dharmapuri(Uzhavar Sandhai ),Colacasia,Colacasia,Local,2026-09-20 00:00:00,6200,6600,6400,400,6.45%,Valid,Normal,Normal
Tamil Nadu,Dharmapuri,Dharmapuri(Uzhavar Sandhai ),Mashrooms,Mashrooms,Local,2026-09-20 00:00:00,15300,16000,15650,700,4.58%,Valid,Normal,Normal
Tamil Nadu,Dharmapuri,Palacode(Uzhavar Sandhai ),Banana,Poovan,Local,2026-09-20 00:00:00,5000,5500,5250,500,10.00%,Valid,Normal,Normal
Tamil Nadu,Dharmapuri,Palacode(Uzhavar Sandhai ),Tomato,Local,Local,2026-09-20 00:00:00,2300,2500,2400,200,8.70%,Valid,Normal,Normal
Tamil Nadu,Dharmapuri,Palacode(Uzhavar Sandhai ),Bottle gourd,Bottle Gourd,Local,2026-09-20 00:00:00,1800,2000,1900,200,11.11%,Valid,Normal,Normal
Tamil Nadu,Dharmapuri,Palacode(Uzhavar Sandhai ),Ashgourd,Gouard,Local,2026-09-20 00:00:00,1200,1500,1350,300,25.00%,Valid,Normal,Normal
Tamil Nadu,Dharmapuri,Palacode(Uzhavar Sandhai ),Pumpkin,Pumpkin,Local,2026-09-20 00:00:00,1800,2000,1900,200,11.11%,Valid,Normal,Normal
Tamil Nadu,Dharmapuri,Palacode(Uzhavar Sandhai ),Amaranthus,Amaranthus,Local,2026-09-20 00:00:00,2000,2500,2250,500,25.00%,Valid,Normal,Normal
Tamil Nadu,Dharmapuri,Palacode(Uzhavar Sandhai ),Cowpea(Veg),Cowpea (Veg),Local,2026-09-20 00:00:00,5800,6000,5900,200,3.45%,Valid,Normal,Normal
Tamil Nadu,Dharmapuri,Palacode(Uzhavar Sandhai ),Beetroot,Beetroot,Local,2026-09-20 00:00:00,4600,5000,4800,400,8.70%,Valid,Normal,Normal
Tamil Nadu,Dharmapuri,Palacode(Uzhavar Sandhai ),Cucumbar(Kheera),Cucumbar,Local,2026-09-20 00:00:00,3800,4000,3900,200,5.26%,Valid,Normal,Normal
Tamil Nadu,Dharmapuri,Palacode(Uzhavar Sandhai ),Raddish,Raddish,Local,2026-09-20 00:00:00,1400,1600,1500,200,14.29%,Valid,Normal,Normal
Tamil Nadu,Dharmapuri,Palacode(Uzhavar Sandhai ),Chow Chow,Chow Chow,Local,2026-09-20 00:00:00,4200,4500,4350,300,7.14%,Valid,Normal,Normal
Tamil Nadu,Dharmapuri,Palacode(Uzhavar Sandhai ),Knool Khol,Knool Khol,Local,2026-09-20 00:00:00,4500,4800,4650,300,6.67%,Valid,Normal,Normal
Tamil Nadu,Dharmapuri,Palacode(Uzhavar Sandhai ),Guava,Guava Allahabad,Local,2026-09-20 00:00:00,6600,7000,6800,400,6.06%,Valid,Normal,Normal
Tamil Nadu,Dharmapuri,Palacode(Uzhavar Sandhai ),Lemon,Lemon,Local,2026-09-20 00:00:00,21500,22000,21750,500,2.33%,Valid,Normal,Normal
Tamil Nadu,Dharmapuri,Palacode(Uzhavar Sandhai ),Sweet Corn,Sweet Corn,Local,2026-09-20 00:00:00,2800,3000,2900,200,7.14%,Valid,Normal,Normal
Tamil Nadu,Dharmapuri,Pennagaram(Uzhavar Sandhai ),Groundnut,Big (With Shell),Local,2026-09-20 00:00:00,6000,6500,6250,500,8.33%,Valid,Normal,Normal
Tamil Nadu,Dharmapuri,Pennagaram(Uzhavar Sandhai ),Brinjal,Round,Local,2026-09-20 00:00:00,2800,3000,2900,200,7.14%,Valid,Normal,Normal
Tamil Nadu,Dharmapuri,Pennagaram(Uzhavar Sandhai ),Pumpkin,Pumpkin,Local,2026-09-20 00:00:00,1800,2000,1900,200,11.11%,Valid,Normal,Normal
Tamil Nadu,Dharmapuri,Pennagaram(Uzhavar Sandhai ),Cowpea(Veg),Cowpea (Veg),Local,2026-09-20 00:00:00,5500,6000,5750,500,9.09%,Valid,Normal,Normal
Tamil Nadu,Dharmapuri,Pennagaram(Uzhavar Sandhai ),Sweet Potato,Hosur Red,Local,2026-09-20 00:00:00,2800,3000,2900,200,7.14%,Valid,Normal,Normal
Tamil Nadu,Dharmapuri,Pennagaram(Uzhavar Sandhai ),Carrot,Pusakesar,Local,2026-09-20 00:00:00,7000,7500,7250,500,7.14%,Valid,Normal,Normal
Tamil Nadu,Dharmapuri,Pennagaram(Uzhavar Sandhai ),Cabbage,Cabbage,Local,2026-09-20 00:00:00,3000,3500,3250,500,16.67%,Valid,Normal,Normal
Tamil Nadu,Dharmapuri,Pennagaram(Uzhavar Sandhai ),Snakeguard,Snakeguard,Local,2026-09-20 00:00:00,2800,3000,2900,200,7.14%,Valid,Normal,Normal
Tamil Nadu,Dharmapuri,Pennagaram(Uzhavar Sandhai ),Cucumbar(Kheera),Cucumbar,Local,2026-09-20 00:00:00,4000,4500,4250,500,12.50%,Valid,Normal,Normal
Tamil Nadu,Dharmapuri,Pennagaram(Uzhavar Sandhai ),Thondekai,Thondekai,Local,2026-09-20 00:00:00,5500,6000,5750,500,9.09%,Valid,Normal,Normal
Tamil Nadu,Dharmapuri,Pennagaram(Uzhavar Sandhai ),Drumstick,Drumstick,Local,2026-09-20 00:00:00,2500,3000,2750,500,20.00%,Valid,Normal,Normal
Tamil Nadu,Dindigul,Chinnalapatti(Uzhavar Sandhai ),Tomato,Deshi,Local,2026-09-20 00:00:00,2500,3000,2750,500,20.00%,Valid,Normal,Normal
Tamil Nadu,Dindigul,Chinnalapatti(Uzhavar Sandhai ),Beetroot,Beetroot,Local,2026-09-20 00:00:00,3000,8000,5500,5000,166.67%,Valid,Normal,Normal
Tamil Nadu,Dindigul,Chinnalapatti(Uzhavar Sandhai ),Amla(Nelli Kai),Amla,Local,2026-09-20 00:00:00,6000,6000,6000,0,0.00%,Valid,Normal,Normal
Tamil Nadu,Dindigul,Palani(Uzhavar Sandhai ),Soyabean,Local,Local,2026-09-20 00:00:00,10000,12000,11000,2000,20.00%,Valid,Normal,Normal
Tamil Nadu,Dindigul,Palani(Uzhavar Sandhai ),Garlic,Garlic,Local,2026-09-20 00:00:00,16000,25000,20500,9000,56.25%,Valid,Normal,Normal
Tamil Nadu,Dindigul,Palani(Uzhavar Sandhai ),Cauliflower,Ranchi,Local,2026-09-20 00:00:00,2000,4000,3000,2000,100.00%,Valid,Normal,Normal
Tamil Nadu,Dindigul,Palani(Uzhavar Sandhai ),Bitter gourd,Other,Local,2026-09-20 00:00:00,4000,4500,4250,500,12.50%,Valid,Normal,Normal
Tamil Nadu,Dindigul,Palani(Uzhavar Sandhai ),Ginger(Green),Green Ginger,Local,2026-09-20 00:00:00,8000,16500,12250,8500,106.25%,Valid,Normal,Normal
Tamil Nadu,Dindigul,Palani(Uzhavar Sandhai ),Carrot,Pusakesar,Local,2026-09-20 00:00:00,4500,5400,4950,900,20.00%,Valid,Normal,Normal
Tamil Nadu,Dindigul,Palani(Uzhavar Sandhai ),Thondekai,Thondekai,Local,2026-09-20 00:00:00,3000,4000,3500,1000,33.33%,Valid,Normal,Normal
Tamil Nadu,Dindigul,Palani(Uzhavar Sandhai ),Chow Chow,Chow Chow,Local,2026-09-20 00:00:00,3000,3600,3300,600,20.00%,Valid,Normal,Normal
Tamil Nadu,Erode,Periyar Nagar(Uzhavar Sandhai ),Coriander(Leaves),I Sort,Local,2026-09-20 00:00:00,3500,4000,3750,500,14.29%,Valid,Normal,Normal
Tamil Nadu,Kallakuruchi,Sankarapuram(Uzhavar Sandhai ),Tomato,Deshi,Local,2026-09-20 00:00:00,2500,2500,2500,0,0.00%,Valid,Normal,Normal
Tamil Nadu,Kallakuruchi,Sankarapuram(Uzhavar Sandhai ),Cluster beans,Cluster Beans,Local,2026-09-20 00:00:00,5000,5000,5000,0,0.00%,Valid,Normal,Normal
Tamil Nadu,Kallakuruchi,Sankarapuram(Uzhavar Sandhai ),Pumpkin,Pumpkin,Local,2026-09-20 00:00:00,2000,2000,2000,0,0.00%,Valid,Normal,Normal
Tamil Nadu,Kallakuruchi,Sankarapuram(Uzhavar Sandhai ),Sweet Potato,Hosur Red,Local,2026-09-20 00:00:00,6000,6000,6000,0,0.00%,Valid,Normal,Normal
Tamil Nadu,Kallakuruchi,Sankarapuram(Uzhavar Sandhai ),Ridgeguard(Tori),Ridgeguard(Tori),Local,2026-09-20 00:00:00,4000,4000,4000,0,0.00%,Valid,Normal,Normal
Tamil Nadu,Kallakuruchi,Sankarapuram(Uzhavar Sandhai ),Thondekai,Thondekai,Local,2026-09-20 00:00:00,6000,6000,6000,0,0.00%,Valid,Normal,Normal
Tamil Nadu,Kallakuruchi,Sankarapuram(Uzhavar Sandhai ),Jack Fruit(Ripe),Jack Fruit,Local,2026-09-20 00:00:00,2000,2000,2000,0,0.00%,Valid,Normal,Normal
Tamil Nadu,Kallakuruchi,Sankarapuram(Uzhavar Sandhai ),Yam(Ratalu),Yam (Ratalu),Local,2026-09-20 00:00:00,3000,3000,3000,0,0.00%,Valid,Normal,Normal
Tamil Nadu,Kancheepuram,Kundrathur(Uzhavar Sandhai ),Onion,Bellary,Local,2026-09-20 00:00:00,5000,6000,5500,1000,20.00%,Valid,Normal,Normal
Tamil Nadu,Kancheepuram,Kundrathur(Uzhavar Sandhai ),Cauliflower,Ranchi,Local,2026-09-20 00:00:00,3000,3500,3250,500,16.67%,Valid,Normal,Normal
Tamil Nadu,Kancheepuram,Kundrathur(Uzhavar Sandhai ),Ashgourd,Gouard,Local,2026-09-20 00:00:00,2000,2000,2000,0,0.00%,Valid,Normal,Normal
Tamil Nadu,Kancheepuram,Kundrathur(Uzhavar Sandhai ),Drumstick,Drumstick,Local,2026-09-20 00:00:00,4000,4000,4000,0,0.00%,Valid,Normal,Normal
Tamil Nadu,Kancheepuram,Kundrathur(Uzhavar Sandhai ),Colacasia,Colacasia,Local,2026-09-20 00:00:00,3000,3000,3000,0,0.00%,Valid,Normal,Normal
Tamil Nadu,Kancheepuram,Sunguvarchatram(Uzhavar Sandhai ),Ashgourd,Gouard,Local,2026-09-20 00:00:00,2000,2000,2000,0,0.00%,Valid,Normal,Normal
Tamil Nadu,Kancheepuram,Sunguvarchatram(Uzhavar Sandhai ),Coconut,Coconut,Local,2026-09-20 00:00:00,5000,6000,5500,1000,20.00%,Valid,Normal,Normal
Tamil Nadu,Kancheepuram,Sunguvarchatram(Uzhavar Sandhai ),Carrot,Pusakesar,Local,2026-09-20 00:00:00,5000,5000,5000,0,0.00%,Valid,Normal,Normal
Tamil Nadu,Kancheepuram,Sunguvarchatram(Uzhavar Sandhai ),Colacasia,Colacasia,Local,2026-09-20 00:00:00,3000,3000,3000,0,0.00%,Valid,Normal,Normal
Tamil Nadu,Kancheepuram,Sunguvarchatram(Uzhavar Sandhai ),Onion Green,Onion Green,Local,2026-09-20 00:00:00,7000,8000,7500,1000,14.29%,Valid,Normal,Normal
Tamil Nadu,Krishnagiri,Avallapalli(Uzhavar Sandhai ),Brinjal,Round,Local,2026-09-20 00:00:00,2500,3000,2750,500,20.00%,Valid,Normal,Normal
Tamil Nadu,Krishnagiri,Avallapalli(Uzhavar Sandhai ),Garlic,Garlic,Local,2026-09-20 00:00:00,22000,24000,23000,2000,9.09%,Valid,Normal,Normal
Tamil Nadu,Krishnagiri,Avallapalli(Uzhavar Sandhai ),Tomato,Deshi,Local,2026-09-20 00:00:00,2000,2500,2250,500,25.00%,Valid,Normal,Normal
Tamil Nadu,Krishnagiri,Avallapalli(Uzhavar Sandhai ),Carrot,Pusakesar,Local,2026-09-20 00:00:00,3500,4000,3750,500,14.29%,Valid,Normal,Normal
Tamil Nadu,Krishnagiri,Avallapalli(Uzhavar Sandhai ),Snakeguard,Snakeguard,Local,2026-09-20 00:00:00,3000,3500,3250,500,16.67%,Valid,Normal,Normal
Tamil Nadu,Krishnagiri,Avallapalli(Uzhavar Sandhai ),Beetroot,Beetroot,Local,2026-09-20 00:00:00,3000,3500,3250,500,16.67%,Valid,Normal,Normal
Tamil Nadu,Krishnagiri,Avallapalli(Uzhavar Sandhai ),Ridgeguard(Tori),Ridgeguard(Tori),Local,2026-09-20 00:00:00,3000,3500,3250,500,16.67%,Valid,Normal,Normal
Tamil Nadu,Krishnagiri,Avallapalli(Uzhavar Sandhai ),Green Avare(W),Green Avare (W),Local,2026-09-20 00:00:00,5500,6000,5750,500,9.09%,Valid,Normal,Normal
Tamil Nadu,Krishnagiri,Avallapalli(Uzhavar Sandhai ),Knool Khol,Knool Khol,Local,2026-09-20 00:00:00,2000,2500,2250,500,25.00%,Valid,Normal,Normal
Tamil Nadu,Krishnagiri,Avallapalli(Uzhavar Sandhai ),Colacasia,Colacasia,Local,2026-09-20 00:00:00,4500,5000,4750,500,11.11%,Valid,Normal,Normal
Tamil Nadu,Dharmapuri,Karimangalam(Uzhavar Sandhai),Banana,Karpura,Local,2026-09-20 00:00:00,6500,7000,6750,500,7.69%,Valid,Normal,Normal
Tamil Nadu,Dharmapuri,Karimangalam(Uzhavar Sandhai),Onion,Bellary,Local,2026-09-20 00:00:00,6000,6400,6200,400,6.67%,Valid,Normal,Normal
Tamil Nadu,Dharmapuri,Karimangalam(Uzhavar Sandhai),Garlic,Garlic,Local,2026-09-20 00:00:00,21000,22000,21500,1000,4.76%,Valid,Normal,Normal
Tamil Nadu,Dharmapuri,Karimangalam(Uzhavar Sandhai),Cauliflower,Ranchi,Local,2026-09-20 00:00:00,3800,4000,3900,200,5.26%,Valid,Normal,Normal
Tamil Nadu,Dharmapuri,Karimangalam(Uzhavar Sandhai),Coriander(Leaves),I Sort,Local,2026-09-20 00:00:00,4500,5000,4750,500,11.11%,Valid,Normal,Normal
Tamil Nadu,Dharmapuri,Karimangalam(Uzhavar Sandhai),Tomato,Local,Local,2026-09-20 00:00:00,2300,2500,2400,200,8.70%,Valid,Normal,Normal
Tamil Nadu,Dharmapuri,Karimangalam(Uzhavar Sandhai),Cabbage,Cabbage,Local,2026-09-20 00:00:00,2800,3000,2900,200,7.14%,Valid,Normal,Normal
Tamil Nadu,Dharmapuri,Karimangalam(Uzhavar Sandhai),Knool Khol,Knool Khol,Local,2026-09-20 00:00:00,4400,4800,4600,400,9.09%,Valid,Normal,Normal
Tamil Nadu,Dharmapuri,Karimangalam(Uzhavar Sandhai),Amla(Nelli Kai),Amla,Local,2026-09-20 00:00:00,8000,8500,8250,500,6.25%,Valid,Normal,Normal
Tamil Nadu,Krishnagiri,Denkanikottai(Uzhavar Sandhai ),Potato,Red Nanital,Local,2026-09-20 00:00:00,2000,2500,2250,500,25.00%,Valid,Normal,Normal
Tamil Nadu,Krishnagiri,Denkanikottai(Uzhavar Sandhai ),Cauliflower,Ranchi,Local,2026-09-20 00:00:00,3000,3500,3250,500,16.67%,Valid,Normal,Normal
Tamil Nadu,Krishnagiri,Denkanikottai(Uzhavar Sandhai ),Cluster beans,Cluster Beans,Local,2026-09-20 00:00:00,3500,4000,3750,500,14.29%,Valid,Normal,Normal
Tamil Nadu,Krishnagiri,Denkanikottai(Uzhavar Sandhai ),Knool Khol,Knool Khol,Local,2026-09-20 00:00:00,2000,2500,2250,500,25.00%,Valid,Normal,Normal
Tamil Nadu,Krishnagiri,Denkanikottai(Uzhavar Sandhai ),Lemon,Lemon,Local,2026-09-20 00:00:00,22000,24000,23000,2000,9.09%,Valid,Normal,Normal
Tamil Nadu,Krishnagiri,Hosur(Uzhavar Sandhai ),Orange,Darjeeling,Local,2026-09-20 00:00:00,22000,24000,23000,2000,9.09%,Valid,Normal,Normal
Tamil Nadu,Krishnagiri,Hosur(Uzhavar Sandhai ),Onion,Bellary,Local,2026-09-20 00:00:00,6000,6500,6250,500,8.33%,Valid,Normal,Normal
Tamil Nadu,Krishnagiri,Hosur(Uzhavar Sandhai ),Papaya,Papaya,Local,2026-09-20 00:00:00,3500,4000,3750,500,14.29%,Valid,Normal,Normal
Tamil Nadu,Krishnagiri,Hosur(Uzhavar Sandhai ),Bhindi(Ladies Finger),Bhindi,Local,2026-09-20 00:00:00,3000,3500,3250,500,16.67%,Valid,Normal,Normal
Tamil Nadu,Krishnagiri,Hosur(Uzhavar Sandhai ),Cabbage,Cabbage,Local,2026-09-20 00:00:00,1000,1500,1250,500,50.00%,Valid,Normal,Normal
Tamil Nadu,Krishnagiri,Hosur(Uzhavar Sandhai ),Capsicum,Capsicum,Local,2026-09-20 00:00:00,3000,3500,3250,500,16.67%,Valid,Normal,Normal
Tamil Nadu,Krishnagiri,Hosur(Uzhavar Sandhai ),Pomegranate,Pomogranate,Local,2026-09-20 00:00:00,18000,20000,19000,2000,11.11%,Valid,Normal,Normal
Tamil Nadu,Krishnagiri,Hosur(Uzhavar Sandhai ),Tube Flower,Tube Flower,Local,2026-09-20 00:00:00,70000,80000,75000,10000,14.29%,Valid,Normal,Review
Tamil Nadu,Krishnagiri,Hosur(Uzhavar Sandhai ),Tamarind Fruit,Tamarind Fruit,Local,2026-09-20 00:00:00,12000,15000,13500,3000,25.00%,Valid,Normal,Normal
Tamil Nadu,Madurai,Anaiyur(Uzhavar Sandhai ),Brinjal,Round,Local,2026-09-20 00:00:00,3600,4500,4050,900,25.00%,Valid,Normal,Normal
Tamil Nadu,Madurai,Anaiyur(Uzhavar Sandhai ),Groundnut,Big (With Shell),Local,2026-09-20 00:00:00,7000,8000,7500,1000,14.29%,Valid,Normal,Normal
Tamil Nadu,Madurai,Anaiyur(Uzhavar Sandhai ),Onion,Bellary,Local,2026-09-20 00:00:00,5000,7000,6000,2000,40.00%,Valid,Normal,Normal
Tamil Nadu,Madurai,Anaiyur(Uzhavar Sandhai ),Chikoos(Sapota),Sapota,Local,2026-09-20 00:00:00,4000,6000,5000,2000,50.00%,Valid,Normal,Normal
Tamil Nadu,Madurai,Anaiyur(Uzhavar Sandhai ),Bitter gourd,Bitter Gourd,Local,2026-09-20 00:00:00,5500,6000,5750,500,9.09%,Valid,Normal,Normal
Tamil Nadu,Madurai,Anaiyur(Uzhavar Sandhai ),Pumpkin,Pumpkin,Local,2026-09-20 00:00:00,1600,2000,1800,400,25.00%,Valid,Normal,Normal
Tamil Nadu,Madurai,Anaiyur(Uzhavar Sandhai ),Banana - Green,Banana - Green,Local,2026-09-20 00:00:00,2000,2400,2200,400,20.00%,Valid,Normal,Normal
Tamil Nadu,Madurai,Anaiyur(Uzhavar Sandhai ),Cucumbar(Kheera),Cucumbar,Local,2026-09-20 00:00:00,4000,5000,4500,1000,25.00%,Valid,Normal,Normal
Tamil Nadu,Madurai,Anaiyur(Uzhavar Sandhai ),Yam(Ratalu),Yam (Ratalu),Local,2026-09-20 00:00:00,6500,7000,6750,500,7.69%,Valid,Normal,Normal
Tamil Nadu,Madurai,Anaiyur(Uzhavar Sandhai ),Indian Beans(Seam),Indian Beans (Seam),Local,2026-09-20 00:00:00,5500,6000,5750,500,9.09%,Valid,Normal,Normal
Tamil Nadu,Madurai,Anaiyur(Uzhavar Sandhai ),Amla(Nelli Kai),Amla,Local,2026-09-20 00:00:00,8000,9000,8500,1000,12.50%,Valid,Normal,Normal
Tamil Nadu,Madurai,Anaiyur(Uzhavar Sandhai ),Onion Green,Onion Green,Local,2026-09-20 00:00:00,8000,9000,8500,1000,12.50%,Valid,Normal,Normal
Tamil Nadu,Madurai,Usilampatti(Uzhavar Sandhai ),Onion,Bellary,Local,2026-09-20 00:00:00,6500,7000,6750,500,7.69%,Valid,Normal,Normal
Tamil Nadu,Madurai,Usilampatti(Uzhavar Sandhai ),Green Chilli,Green Chilly,Local,2026-09-20 00:00:00,4500,5000,4750,500,11.11%,Valid,Normal,Normal
Tamil Nadu,Madurai,Usilampatti(Uzhavar Sandhai ),Coconut,Coconut,Local,2026-09-20 00:00:00,6800,7000,6900,200,2.94%,Valid,Normal,Normal
Tamil Nadu,Madurai,Usilampatti(Uzhavar Sandhai ),Snakeguard,Snakeguard,Local,2026-09-20 00:00:00,3600,4000,3800,400,11.11%,Valid,Normal,Normal
Tamil Nadu,Nagapattinam,Sirkali(Uzhavar Sandhai ),Cauliflower,Ranchi,Local,2026-09-20 00:00:00,5000,5000,5000,0,0.00%,Valid,Normal,Normal
Tamil Nadu,Nagapattinam,Sirkali(Uzhavar Sandhai ),Amaranthus,Amaranthus,Local,2026-09-20 00:00:00,1500,2000,1750,500,33.33%,Valid,Normal,Normal
Tamil Nadu,Nagapattinam,Sirkali(Uzhavar Sandhai ),Beans,Beans (Whole),Local,2026-09-20 00:00:00,9000,9000,9000,0,0.00%,Valid,Normal,Normal
Tamil Nadu,Nagapattinam,Sirkali(Uzhavar Sandhai ),Cucumbar(Kheera),Cucumbar,Local,2026-09-20 00:00:00,3000,3000,3000,0,0.00%,Valid,Normal,Normal
Tamil Nadu,Nagapattinam,Sirkali(Uzhavar Sandhai ),Raddish,Raddish,Local,2026-09-20 00:00:00,3600,4000,3800,400,11.11%,Valid,Normal,Normal
Tamil Nadu,Nagapattinam,Sirkali(Uzhavar Sandhai ),Guava,Guava Allahabad,Local,2026-09-20 00:00:00,4500,5000,4750,500,11.11%,Valid,Normal,Normal
Tamil Nadu,Namakkal,Kumarapalayam(Uzhavar Sandhai ),Potato,Other,Local,2026-09-20 00:00:00,3300,3500,3400,200,6.06%,Valid,Normal,Normal
Tamil Nadu,Namakkal,Kumarapalayam(Uzhavar Sandhai ),Coriander(Leaves),I Sort,Local,2026-09-20 00:00:00,9000,10000,9500,1000,11.11%,Valid,Normal,Normal
Tamil Nadu,Namakkal,Kumarapalayam(Uzhavar Sandhai ),Bitter gourd,Other,Local,2026-09-20 00:00:00,5200,5800,5500,600,11.54%,Valid,Normal,Normal
Tamil Nadu,Namakkal,Kumarapalayam(Uzhavar Sandhai ),Bottle gourd,Bottle Gourd,Local,2026-09-20 00:00:00,1800,2000,1900,200,11.11%,Valid,Normal,Normal
Tamil Nadu,Namakkal,Kumarapalayam(Uzhavar Sandhai ),Amaranthus,Amaranthus,Local,2026-09-20 00:00:00,4500,5000,4750,500,11.11%,Valid,Normal,Normal
Tamil Nadu,Namakkal,Kumarapalayam(Uzhavar Sandhai ),Coconut,Coconut,Local,2026-09-20 00:00:00,6000,6400,6200,400,6.67%,Valid,Normal,Normal
Tamil Nadu,Namakkal,Kumarapalayam(Uzhavar Sandhai ),Snakeguard,Snakeguard,Local,2026-09-20 00:00:00,4300,4800,4550,500,11.63%,Valid,Normal,Normal
Tamil Nadu,Namakkal,Kumarapalayam(Uzhavar Sandhai ),Guava,Guava Allahabad,Local,2026-09-20 00:00:00,6500,7500,7000,1000,15.38%,Valid,Normal,Normal
Tamil Nadu,Namakkal,Kumarapalayam(Uzhavar Sandhai ),Tender Coconut,Tender Coconut,Local,2026-09-20 00:00:00,3000,3500,3250,500,16.67%,Valid,Normal,Normal
Tamil Nadu,Namakkal,Kumarapalayam(Uzhavar Sandhai ),Lemon,Lemon,Local,2026-09-20 00:00:00,14000,16000,15000,2000,14.29%,Valid,Normal,Normal
Tamil Nadu,Namakkal,Mohanur(Uzhavar Sandhai ),Papaya,Papaya,Local,2026-09-20 00:00:00,3200,3600,3400,400,12.50%,Valid,Normal,Normal
Tamil Nadu,Namakkal,Mohanur(Uzhavar Sandhai ),Cluster beans,Cluster Beans,Local,2026-09-20 00:00:00,3500,4000,3750,500,14.29%,Valid,Normal,Normal
Tamil Nadu,Namakkal,Mohanur(Uzhavar Sandhai ),Ashgourd,Gouard,Local,2026-09-20 00:00:00,2000,2500,2250,500,25.00%,Valid,Normal,Normal
Tamil Nadu,Namakkal,Mohanur(Uzhavar Sandhai ),Amaranthus,Amaranthus,Local,2026-09-20 00:00:00,4500,5000,4750,500,11.11%,Valid,Normal,Normal
Tamil Nadu,Namakkal,Mohanur(Uzhavar Sandhai ),Green Chilli,Green Chilly,Local,2026-09-20 00:00:00,6000,7000,6500,1000,16.67%,Valid,Normal,Normal
Tamil Nadu,Namakkal,Mohanur(Uzhavar Sandhai ),Banana - Green,Banana - Green,Local,2026-09-20 00:00:00,4000,4500,4250,500,12.50%,Valid,Normal,Normal
Tamil Nadu,Namakkal,Mohanur(Uzhavar Sandhai ),Snakeguard,Snakeguard,Local,2026-09-20 00:00:00,5000,6000,5500,1000,20.00%,Valid,Normal,Normal
Tamil Nadu,Namakkal,Mohanur(Uzhavar Sandhai ),Green Avare(W),Other,Local,2026-09-20 00:00:00,9000,10000,9500,1000,11.11%,Valid,Normal,Normal
Tamil Nadu,Namakkal,Mohanur(Uzhavar Sandhai ),Onion Green,Onion Green,Local,2026-09-20 00:00:00,5000,8000,6500,3000,60.00%,Valid,Normal,Normal
Tamil Nadu,Namakkal,Namakkal(Uzhavar Sandhai ),Groundnut,Big (With Shell),Local,2026-09-20 00:00:00,6500,7000,6750,500,7.69%,Valid,Normal,Normal
Tamil Nadu,Namakkal,Namakkal(Uzhavar Sandhai ),Banana,Red Banana,Local,2026-09-20 00:00:00,7000,7500,7250,500,7.14%,Valid,Normal,Normal
Tamil Nadu,Namakkal,Namakkal(Uzhavar Sandhai ),Water Melon,Water Melon,Local,2026-09-20 00:00:00,1200,1600,1400,400,33.33%,Valid,Normal,Normal
Tamil Nadu,Namakkal,Namakkal(Uzhavar Sandhai ),Cluster beans,Cluster Beans,Local,2026-09-20 00:00:00,3000,3500,3250,500,16.67%,Valid,Normal,Normal
Tamil Nadu,Namakkal,Namakkal(Uzhavar Sandhai ),Bitter gourd,Other,Local,2026-09-20 00:00:00,5500,6000,5750,500,9.09%,Valid,Normal,Normal
Tamil Nadu,Namakkal,Namakkal(Uzhavar Sandhai ),Bhindi(Ladies Finger),Bhindi,Local,2026-09-20 00:00:00,3500,4000,3750,500,14.29%,Valid,Normal,Normal
Tamil Nadu,Namakkal,Namakkal(Uzhavar Sandhai ),Betal Leaves,Mysore,Local,2026-09-20 00:00:00,12000,13000,12500,1000,8.33%,Valid,Normal,Normal
Tamil Nadu,Namakkal,Namakkal(Uzhavar Sandhai ),Chow Chow,Chow Chow,Local,2026-09-20 00:00:00,3000,3200,3100,200,6.67%,Valid,Normal,Normal
Tamil Nadu,Namakkal,Namakkal(Uzhavar Sandhai ),Knool Khol,Knool Khol,Local,2026-09-20 00:00:00,3500,4000,3750,500,14.29%,Valid,Normal,Normal
Tamil Nadu,Namakkal,Namakkal(Uzhavar Sandhai ),Yam(Ratalu),Yam (Ratalu),Local,2026-09-20 00:00:00,7500,8000,7750,500,6.67%,Valid,Normal,Normal
Tamil Nadu,Namakkal,Rasipuram(Uzhavar Sandhai ),Chili Red,Bold,Local,2026-09-20 00:00:00,17000,18000,17500,1000,5.88%,Valid,Normal,Normal
Tamil Nadu,Namakkal,Rasipuram(Uzhavar Sandhai ),Coriander(Leaves),I Sort,Local,2026-09-20 00:00:00,9000,10000,9500,1000,11.11%,Valid,Normal,Normal
Tamil Nadu,Namakkal,Rasipuram(Uzhavar Sandhai ),Papaya,Papaya,Local,2026-09-20 00:00:00,3000,3500,3250,500,16.67%,Valid,Normal,Normal
Tamil Nadu,Namakkal,Rasipuram(Uzhavar Sandhai ),Banana - Green,Banana - Green,Local,2026-09-20 00:00:00,3500,4000,3750,500,14.29%,Valid,Normal,Normal
Tamil Nadu,Namakkal,Rasipuram(Uzhavar Sandhai ),Carrot,Pusakesar,Local,2026-09-20 00:00:00,5500,6500,6000,1000,18.18%,Valid,Normal,Normal
Tamil Nadu,Namakkal,Rasipuram(Uzhavar Sandhai ),Cabbage,Cabbage,Local,2026-09-20 00:00:00,3600,3800,3700,200,5.56%,Valid,Normal,Normal
Tamil Nadu,Namakkal,Rasipuram(Uzhavar Sandhai ),Chow Chow,Chow Chow,Local,2026-09-20 00:00:00,2500,3000,2750,500,20.00%,Valid,Normal,Normal
Tamil Nadu,Namakkal,Rasipuram(Uzhavar Sandhai ),Lemon,Lemon,Local,2026-09-20 00:00:00,13000,15000,14000,2000,15.38%,Valid,Normal,Normal
Tamil Nadu,Namakkal,Rasipuram(Uzhavar Sandhai ),Onion Green,Onion Green,Local,2026-09-20 00:00:00,6500,9500,8000,3000,46.15%,Valid,Normal,Normal
Tamil Nadu,Namakkal,Rasipuram(Uzhavar Sandhai ),Mint(Pudina),Mint(Pudina),Local,2026-09-20 00:00:00,5500,6000,5750,500,9.09%,Valid,Normal,Normal
Tamil Nadu,Thanjavur,Tirukattupalli(Uzhavar Sandhai ),Onion,Bellary,Local,2026-09-20 00:00:00,6000,6800,6400,800,13.33%,Valid,Normal,Normal
Tamil Nadu,Thanjavur,Tirukattupalli(Uzhavar Sandhai ),Bhindi(Ladies Finger),Bhindi,Local,2026-09-20 00:00:00,4000,4000,4000,0,0.00%,Valid,Normal,Normal
Tamil Nadu,Thanjavur,Tirukattupalli(Uzhavar Sandhai ),Onion Green,Onion Green,Local,2026-09-20 00:00:00,8800,8800,8800,0,0.00%,Valid,Normal,Normal
Tamil Nadu,Madurai,Palanganatham(Uzhavar Sandhai ),Brinjal,Other,Local,2026-09-20 00:00:00,3000,3600,3300,600,20.00%,Valid,Normal,Normal
Tamil Nadu,Madurai,Palanganatham(Uzhavar Sandhai ),Soyabean,Local,Local,2026-09-20 00:00:00,9000,10000,9500,1000,11.11%,Valid,Normal,Normal
Tamil Nadu,Madurai,Palanganatham(Uzhavar Sandhai ),Coriander(Leaves),I Sort,Local,2026-09-20 00:00:00,4000,4800,4400,800,20.00%,Valid,Normal,Normal
Tamil Nadu,Madurai,Palanganatham(Uzhavar Sandhai ),Mousambi(Sweet Lime),Mousambi,Local,2026-09-20 00:00:00,6000,7000,6500,1000,16.67%,Valid,Normal,Normal
Tamil Nadu,Madurai,Palanganatham(Uzhavar Sandhai ),Green Chilli,Green Chilly,Local,2026-09-20 00:00:00,4000,5000,4500,1000,25.00%,Valid,Normal,Normal
Tamil Nadu,Madurai,Palanganatham(Uzhavar Sandhai ),Snakeguard,Snakeguard,Local,2026-09-20 00:00:00,3600,4000,3800,400,11.11%,Valid,Normal,Normal
Tamil Nadu,Madurai,Palanganatham(Uzhavar Sandhai ),Beetroot,Beetroot,Local,2026-09-20 00:00:00,4000,5000,4500,1000,25.00%,Valid,Normal,Normal
Tamil Nadu,Madurai,Palanganatham(Uzhavar Sandhai ),Mango(Raw-Ripe),Mango - Raw-Ripe,Local,2026-09-20 00:00:00,10000,13000,11500,3000,30.00%,Valid,Normal,Normal
Tamil Nadu,Madurai,Palanganatham(Uzhavar Sandhai ),Lime,Lime,Local,2026-09-20 00:00:00,10000,13000,11500,3000,30.00%,Valid,Normal,Normal
Tamil Nadu,Madurai,Palanganatham(Uzhavar Sandhai ),Mashrooms,Mashrooms,Local,2026-09-20 00:00:00,30000,35000,32500,5000,16.67%,Valid,Normal,Normal
Tamil Nadu,Madurai,Palanganatham(Uzhavar Sandhai ),Onion Green,Onion Green,Local,2026-09-20 00:00:00,8000,9000,8500,1000,12.50%,Valid,Normal,Normal
Tamil Nadu,Madurai,Anna nagar(Uzhavar Sandhai ),Soyabean,Local,Local,2026-09-20 00:00:00,8000,10000,9000,2000,25.00%,Valid,Normal,Normal
Tamil Nadu,Madurai,Anna nagar(Uzhavar Sandhai ),Apple,American,Local,2026-09-20 00:00:00,18000,20000,19000,2000,11.11%,Valid,Normal,Normal
Tamil Nadu,Madurai,Anna nagar(Uzhavar Sandhai ),Orange,Darjeeling,Local,2026-09-20 00:00:00,14000,16000,15000,2000,14.29%,Valid,Normal,Normal
Tamil Nadu,Madurai,Anna nagar(Uzhavar Sandhai ),Grapes,Annabesahai,Local,2026-09-20 00:00:00,11000,12000,11500,1000,9.09%,Valid,Normal,Normal
Tamil Nadu,Madurai,Anna nagar(Uzhavar Sandhai ),Potato,Red Nanital,Local,2026-09-20 00:00:00,5000,5500,5250,500,10.00%,Valid,Normal,Normal
Tamil Nadu,Madurai,Anna nagar(Uzhavar Sandhai ),Cauliflower,Ranchi,Local,2026-09-20 00:00:00,2500,3000,2750,500,20.00%,Valid,Normal,Normal
Tamil Nadu,Madurai,Anna nagar(Uzhavar Sandhai ),Green Peas,Green Peas,Local,2026-09-20 00:00:00,12000,14000,13000,2000,16.67%,Valid,Normal,Normal
Tamil Nadu,Madurai,Anna nagar(Uzhavar Sandhai ),Ashgourd,Gouard,Local,2026-09-20 00:00:00,1600,1800,1700,200,12.50%,Valid,Normal,Normal
Tamil Nadu,Madurai,Anna nagar(Uzhavar Sandhai ),Bhindi(Ladies Finger),Bhindi,Local,2026-09-20 00:00:00,2400,2800,2600,400,16.67%,Valid,Normal,Normal
Tamil Nadu,Madurai,Anna nagar(Uzhavar Sandhai ),Banana - Green,Banana - Green,Local,2026-09-20 00:00:00,2500,3000,2750,500,20.00%,Valid,Normal,Normal
Tamil Nadu,Madurai,Anna nagar(Uzhavar Sandhai ),Ginger(Green),Green Ginger,Local,2026-09-20 00:00:00,18000,20000,19000,2000,11.11%,Valid,Normal,Normal
Tamil Nadu,Madurai,Anna nagar(Uzhavar Sandhai ),Beetroot,Beetroot,Local,2026-09-20 00:00:00,4500,5500,5000,1000,22.22%,Valid,Normal,Normal
Tamil Nadu,Madurai,Anna nagar(Uzhavar Sandhai ),Raddish,Raddish,Local,2026-09-20 00:00:00,2500,3000,2750,500,20.00%,Valid,Normal,Normal
Tamil Nadu,Madurai,Anna nagar(Uzhavar Sandhai ),Thondekai,Thondekai,Local,2026-09-20 00:00:00,3000,3600,3300,600,20.00%,Valid,Normal,Normal
Tamil Nadu,Madurai,Anna nagar(Uzhavar Sandhai ),Pomegranate,Pomogranate,Local,2026-09-20 00:00:00,20000,23000,21500,3000,15.00%,Valid,Normal,Normal
Tamil Nadu,Madurai,Anna nagar(Uzhavar Sandhai ),Turnip,Turnip,Local,2026-09-20 00:00:00,6000,7000,6500,1000,16.67%,Valid,Normal,Normal
Tamil Nadu,Perambalur,Perambalur(Uzhavar Sandhai ),Grapes,Annabesahai,Local,2026-09-20 00:00:00,10000,12000,11000,2000,20.00%,Valid,Normal,Normal
Tamil Nadu,Perambalur,Perambalur(Uzhavar Sandhai ),Amaranthus,Amaranthus,Local,2026-09-20 00:00:00,1500,2000,1750,500,33.33%,Valid,Normal,Normal
Tamil Nadu,Perambalur,Perambalur(Uzhavar Sandhai ),Cabbage,Cabbage,Local,2026-09-20 00:00:00,3000,3200,3100,200,6.67%,Valid,Normal,Normal
Tamil Nadu,Perambalur,Perambalur(Uzhavar Sandhai ),Snakeguard,Snakeguard,Local,2026-09-20 00:00:00,2800,3200,3000,400,14.29%,Valid,Normal,Normal
Tamil Nadu,Perambalur,Perambalur(Uzhavar Sandhai ),Beetroot,Beetroot,Local,2026-09-20 00:00:00,5000,6000,5500,1000,20.00%,Valid,Normal,Normal
Tamil Nadu,Perambalur,Perambalur(Uzhavar Sandhai ),Raddish,Raddish,Local,2026-09-20 00:00:00,2400,2800,2600,400,16.67%,Valid,Normal,Normal
Tamil Nadu,Perambalur,Perambalur(Uzhavar Sandhai ),Chow Chow,Chow Chow,Local,2026-09-20 00:00:00,4000,4600,4300,600,15.00%,Valid,Normal,Normal
Tamil Nadu,Perambalur,Perambalur(Uzhavar Sandhai ),Drumstick,Drumstick,Local,2026-09-20 00:00:00,3000,3600,3300,600,20.00%,Valid,Normal,Normal
Tamil Nadu,Perambalur,Perambalur(Uzhavar Sandhai ),Mango(Raw-Ripe),Mango - Raw-Ripe,Local,2026-09-20 00:00:00,11600,16800,14200,5200,44.83%,Valid,Normal,Normal
Tamil Nadu,Perambalur,Perambalur(Uzhavar Sandhai ),Guava,Guava Allahabad,Local,2026-09-20 00:00:00,6000,7000,6500,1000,16.67%,Valid,Normal,Normal
Tamil Nadu,Perambalur,Perambalur(Uzhavar Sandhai ),Elephant Yam(Suran)/Amorphophallus,Elephant Yam (Suran),Local,2026-09-20 00:00:00,4000,4800,4400,800,20.00%,Valid,Normal,Normal
Tamil Nadu,Perambalur,Perambalur(Uzhavar Sandhai ),Indian Beans(Seam),Indian Beans (Seam),Local,2026-09-20 00:00:00,7000,8000,7500,1000,14.29%,Valid,Normal,Normal
Tamil Nadu,Perambalur,Perambalur(Uzhavar Sandhai ),Onion Green,Onion Green,Local,2026-09-20 00:00:00,3500,6000,4750,2500,71.43%,Valid,Normal,Normal
Tamil Nadu,Perambalur,Perambalur(Uzhavar Sandhai ),Mint(Pudina),Mint(Pudina),Local,2026-09-20 00:00:00,6500,7200,6850,700,10.77%,Valid,Normal,Normal
Tamil Nadu,Salem,Mecheri(Uzhavar Sandhai),Banana,Karpura,Local,2026-09-20 00:00:00,4500,5000,4750,500,11.11%,Valid,Normal,Normal
Tamil Nadu,Salem,Mecheri(Uzhavar Sandhai),Papaya,Papaya,Local,2026-09-20 00:00:00,2500,3000,2750,500,20.00%,Valid,Normal,Normal
Tamil Nadu,Salem,Mecheri(Uzhavar Sandhai),Amaranthus,Amaranthus,Local,2026-09-20 00:00:00,2000,2500,2250,500,25.00%,Valid,Normal,Normal
Tamil Nadu,Salem,Mecheri(Uzhavar Sandhai),Ridgeguard(Tori),Ridgeguard(Tori),Local,2026-09-20 00:00:00,3500,4000,3750,500,14.29%,Valid,Normal,Normal
Tamil Nadu,Ranipet,Arcot(Uzhavar Sandhai ),Pumpkin,Pumpkin,Local,2026-09-20 00:00:00,2000,2000,2000,0,0.00%,Valid,Normal,Normal
Tamil Nadu,Ranipet,Arcot(Uzhavar Sandhai ),Amaranthus,Amaranthus,Local,2026-09-20 00:00:00,2500,3000,2750,500,20.00%,Valid,Normal,Normal
Tamil Nadu,Ranipet,Arcot(Uzhavar Sandhai ),Banana - Green,Banana - Green,Local,2026-09-20 00:00:00,4000,5000,4500,1000,25.00%,Valid,Normal,Normal
Tamil Nadu,Ranipet,Arcot(Uzhavar Sandhai ),Cabbage,Cabbage,Local,2026-09-20 00:00:00,3000,3000,3000,0,0.00%,Valid,Normal,Normal
Tamil Nadu,Ranipet,Arcot(Uzhavar Sandhai ),Beetroot,Beetroot,Local,2026-09-20 00:00:00,5500,5500,5500,0,0.00%,Valid,Normal,Normal
Tamil Nadu,Ranipet,Arcot(Uzhavar Sandhai ),Chow Chow,Chow Chow,Local,2026-09-20 00:00:00,4000,4000,4000,0,0.00%,Valid,Normal,Normal
Tamil Nadu,Ranipet,Arcot(Uzhavar Sandhai ),Pomegranate,Pomogranate,Local,2026-09-20 00:00:00,15000,15000,15000,0,0.00%,Valid,Normal,Normal
Tamil Nadu,Ranipet,Arcot(Uzhavar Sandhai ),Elephant Yam(Suran)/Amorphophallus,Elephant Yam (Suran),Local,2026-09-20 00:00:00,6000,6000,6000,0,0.00%,Valid,Normal,Normal
Tamil Nadu,Ranipet,Arcot(Uzhavar Sandhai ),Amla(Nelli Kai),Amla,Local,2026-09-20 00:00:00,12000,12000,12000,0,0.00%,Valid,Normal,Normal
Tamil Nadu,Ranipet,Arcot(Uzhavar Sandhai ),Onion Green,Onion Green,Local,2026-09-20 00:00:00,9000,9000,9000,0,0.00%,Valid,Normal,Normal
Tamil Nadu,Ranipet,Ranipettai(Uzhavar Sandhai ),Brinjal,Other,Local,2026-09-20 00:00:00,3600,4000,3800,400,11.11%,Valid,Normal,Normal
Tamil Nadu,Ranipet,Ranipettai(Uzhavar Sandhai ),Groundnut,Big (With Shell),Local,2026-09-20 00:00:00,6000,6000,6000,0,0.00%,Valid,Normal,Normal
Tamil Nadu,Ranipet,Ranipettai(Uzhavar Sandhai ),Potato,Other,Local,2026-09-20 00:00:00,3300,3300,3300,0,0.00%,Valid,Normal,Normal
Tamil Nadu,Ranipet,Ranipettai(Uzhavar Sandhai ),Mousambi(Sweet Lime),Mousambi,Local,2026-09-20 00:00:00,8000,8000,8000,0,0.00%,Valid,Normal,Normal
Tamil Nadu,Ranipet,Ranipettai(Uzhavar Sandhai ),Cluster beans,Cluster Beans,Local,2026-09-20 00:00:00,3000,3000,3000,0,0.00%,Valid,Normal,Normal
Tamil Nadu,Ranipet,Ranipettai(Uzhavar Sandhai ),Ashgourd,Gouard,Local,2026-09-20 00:00:00,3000,3000,3000,0,0.00%,Valid,Normal,Normal
Tamil Nadu,Ranipet,Ranipettai(Uzhavar Sandhai ),Beans,Beans (Whole),Local,2026-09-20 00:00:00,7000,9000,8000,2000,28.57%,Valid,Normal,Normal
Tamil Nadu,Ranipet,Ranipettai(Uzhavar Sandhai ),Tapioca,Tapioca,Local,2026-09-20 00:00:00,4000,4000,4000,0,0.00%,Valid,Normal,Normal
Tamil Nadu,Ranipet,Ranipettai(Uzhavar Sandhai ),Coconut,Coconut,Local,2026-09-20 00:00:00,5000,6000,5500,1000,20.00%,Valid,Normal,Normal
Tamil Nadu,Ranipet,Ranipettai(Uzhavar Sandhai ),Beetroot,Beetroot,Local,2026-09-20 00:00:00,5500,5500,5500,0,0.00%,Valid,Normal,Normal
Tamil Nadu,Ranipet,Ranipettai(Uzhavar Sandhai ),Thondekai,Thondekai,Local,2026-09-20 00:00:00,3000,3000,3000,0,0.00%,Valid,Normal,Normal
Tamil Nadu,Ranipet,Ranipettai(Uzhavar Sandhai ),Elephant Yam(Suran)/Amorphophallus,Elephant Yam (Suran),Local,2026-09-20 00:00:00,5600,5600,5600,0,0.00%,Valid,Normal,Normal
Tamil Nadu,Ranipet,Ranipettai(Uzhavar Sandhai ),Sweet Corn,Sweet Corn,Local,2026-09-20 00:00:00,3600,4000,3800,400,11.11%,Valid,Normal,Normal
Tamil Nadu,Salem,Ammapet(Uzhavar Sandhai ),Grapes,Annabesahai,Local,2026-09-20 00:00:00,9000,10000,9500,1000,11.11%,Valid,Normal,Normal
Tamil Nadu,Salem,Ammapet(Uzhavar Sandhai ),Ashgourd,Gouard,Local,2026-09-20 00:00:00,2000,2200,2100,200,10.00%,Valid,Normal,Normal
Tamil Nadu,Salem,Ammapet(Uzhavar Sandhai ),Bhindi(Ladies Finger),Bhindi,Local,2026-09-20 00:00:00,3200,3400,3300,200,6.25%,Valid,Normal,Normal
Tamil Nadu,Salem,Ammapet(Uzhavar Sandhai ),Carrot,Pusakesar,Local,2026-09-20 00:00:00,5000,5500,5250,500,10.00%,Valid,Normal,Normal
Tamil Nadu,Salem,Ammapet(Uzhavar Sandhai ),Ridgeguard(Tori),Ridgeguard(Tori),Local,2026-09-20 00:00:00,4200,4500,4350,300,7.14%,Valid,Normal,Normal
Tamil Nadu,Salem,Ammapet(Uzhavar Sandhai ),Capsicum,Capsicum,Local,2026-09-20 00:00:00,5000,5500,5250,500,10.00%,Valid,Normal,Normal
Tamil Nadu,Salem,Ammapet(Uzhavar Sandhai ),Green Avare(W),Other,Local,2026-09-20 00:00:00,5600,6000,5800,400,7.14%,Valid,Normal,Normal
Tamil Nadu,Salem,Ammapet(Uzhavar Sandhai ),Pomegranate,Pomogranate,Local,2026-09-20 00:00:00,15000,16000,15500,1000,6.67%,Valid,Normal,Normal
Tamil Nadu,Salem,Ammapet(Uzhavar Sandhai ),Elephant Yam(Suran)/Amorphophallus,Elephant Yam (Suran),Local,2026-09-20 00:00:00,4600,5000,4800,400,8.70%,Valid,Normal,Normal
Tamil Nadu,Salem,Ammapet(Uzhavar Sandhai ),Lemon,Lemon,Local,2026-09-20 00:00:00,11000,12000,11500,1000,9.09%,Valid,Normal,Normal
Tamil Nadu,Salem,Mettur(Uzhavar Sandhai ),Groundnut,Big (With Shell),Local,2026-09-20 00:00:00,6000,6500,6250,500,8.33%,Valid,Normal,Normal
Tamil Nadu,Salem,Mettur(Uzhavar Sandhai ),Coriander(Leaves),I Sort,Local,2026-09-20 00:00:00,4500,5000,4750,500,11.11%,Valid,Normal,Normal
Tamil Nadu,Salem,Mettur(Uzhavar Sandhai ),Papaya,Papaya,Local,2026-09-20 00:00:00,2500,3000,2750,500,20.00%,Valid,Normal,Normal
Tamil Nadu,Salem,Mettur(Uzhavar Sandhai ),Bitter gourd,Bitter Gourd,Local,2026-09-20 00:00:00,4000,4500,4250,500,12.50%,Valid,Normal,Normal
Tamil Nadu,Salem,Mettur(Uzhavar Sandhai ),Ashgourd,Gouard,Local,2026-09-20 00:00:00,1500,2000,1750,500,33.33%,Valid,Normal,Normal
Tamil Nadu,Salem,Mettur(Uzhavar Sandhai ),Amaranthus,Amaranthus,Local,2026-09-20 00:00:00,2000,2500,2250,500,25.00%,Valid,Normal,Normal
Tamil Nadu,Salem,Mettur(Uzhavar Sandhai ),Banana - Green,Banana - Green,Local,2026-09-20 00:00:00,2500,3000,2750,500,20.00%,Valid,Normal,Normal
Tamil Nadu,Salem,Mettur(Uzhavar Sandhai ),Ginger(Green),Green Ginger,Local,2026-09-20 00:00:00,17000,18000,17500,1000,5.88%,Valid,Normal,Normal
Tamil Nadu,Salem,Mettur(Uzhavar Sandhai ),Coconut,Coconut,Local,2026-09-20 00:00:00,5500,6000,5750,500,9.09%,Valid,Normal,Normal
Tamil Nadu,Salem,Mettur(Uzhavar Sandhai ),Beetroot,Beetroot,Local,2026-09-20 00:00:00,5500,6000,5750,500,9.09%,Valid,Normal,Normal
Tamil Nadu,Salem,Mettur(Uzhavar Sandhai ),Thondekai,Thondekai,Local,2026-09-20 00:00:00,4500,5000,4750,500,11.11%,Valid,Normal,Normal
Tamil Nadu,Salem,Mettur(Uzhavar Sandhai ),Onion Green,Onion Green,Local,2026-09-20 00:00:00,7000,8000,7500,1000,14.29%,Valid,Normal,Normal
Tamil Nadu,Salem,Sooramangalam(Uzhavar Sandhai ),Bhindi(Ladies Finger),Bhindi,Local,2026-09-20 00:00:00,2800,3000,2900,200,7.14%,Valid,Normal,Normal
Tamil Nadu,Thiruchirappalli,Thuraiyur APMC,Banana,Besrai,Local,2026-09-20 00:00:00,5000,6000,5500,1000,20.00%,Valid,Normal,Normal
Tamil Nadu,Thiruchirappalli,Thuraiyur APMC,Tomato,Other,Local,2026-09-20 00:00:00,2500,3000,2750,500,20.00%,Valid,Normal,Normal
Tamil Nadu,Thiruchirappalli,Thuraiyur APMC,Amaranthus,Amaranthus,Local,2026-09-20 00:00:00,1500,2000,1750,500,33.33%,Valid,Normal,Normal
Tamil Nadu,Thiruchirappalli,Thuraiyur APMC,Sweet Potato,Hosur Red,Local,2026-09-20 00:00:00,4000,4500,4250,500,12.50%,Valid,Normal,Normal
Tamil Nadu,Thiruchirappalli,Thuraiyur APMC,Snakeguard,Snakeguard,Local,2026-09-20 00:00:00,3500,4000,3750,500,14.29%,Valid,Normal,Normal
Tamil Nadu,Thiruchirappalli,Thuraiyur APMC,Ridgeguard(Tori),Ridgeguard(Tori),Local,2026-09-20 00:00:00,4500,5000,4750,500,11.11%,Valid,Normal,Normal
Tamil Nadu,Thiruchirappalli,Thuraiyur APMC,Green Avare(W),Green Avare (W),Local,2026-09-20 00:00:00,7000,8000,7500,1000,14.29%,Valid,Normal,Normal
Tamil Nadu,Thiruchirappalli,Thuraiyur APMC,Drumstick,Drumstick,Local,2026-09-20 00:00:00,4000,4500,4250,500,12.50%,Valid,Normal,Normal
Tamil Nadu,Thiruchirappalli,Thuraiyur APMC,Tender Coconut,Tender Coconut,Local,2026-09-20 00:00:00,4000,5000,4500,1000,25.00%,Valid,Normal,Normal
Tamil Nadu,Thiruchirappalli,Thuraiyur APMC,Onion Green,Onion Green,Local,2026-09-20 00:00:00,7000,11000,9000,4000,57.14%,Valid,Normal,Normal
Tamil Nadu,Salem,Thammampatti (Uzhavar Sandhai ),Banana,Red Banana,Local,2026-09-20 00:00:00,6500,7000,6750,500,7.69%,Valid,Normal,Normal
Tamil Nadu,Salem,Thammampatti (Uzhavar Sandhai ),Cauliflower,Ranchi,Local,2026-09-20 00:00:00,2500,3500,3000,1000,40.00%,Valid,Normal,Normal
Tamil Nadu,Salem,Thammampatti (Uzhavar Sandhai ),Cluster beans,Cluster Beans,Local,2026-09-20 00:00:00,4000,4000,4000,0,0.00%,Valid,Normal,Normal
Tamil Nadu,Salem,Thammampatti (Uzhavar Sandhai ),Ashgourd,Gouard,Local,2026-09-20 00:00:00,2000,2000,2000,0,0.00%,Valid,Normal,Normal
Tamil Nadu,Salem,Thammampatti (Uzhavar Sandhai ),Tapioca,Tapioca,Local,2026-09-20 00:00:00,4000,4000,4000,0,0.00%,Valid,Normal,Normal
Tamil Nadu,Salem,Thammampatti (Uzhavar Sandhai ),Beetroot,Beetroot,Local,2026-09-20 00:00:00,6500,7000,6750,500,7.69%,Valid,Normal,Normal
Tamil Nadu,Salem,Thammampatti (Uzhavar Sandhai ),Knool Khol,Knool Khol,Local,2026-09-20 00:00:00,4000,4500,4250,500,12.50%,Valid,Normal,Normal
Tamil Nadu,Salem,Thammampatti (Uzhavar Sandhai ),Tender Coconut,Tender Coconut,Local,2026-09-20 00:00:00,3500,4000,3750,500,14.29%,Valid,Normal,Normal
Tamil Nadu,Salem,Thammampatti (Uzhavar Sandhai ),Elephant Yam(Suran)/Amorphophallus,Elephant Yam (Suran),Local,2026-09-20 00:00:00,2500,3000,2750,500,20.00%,Valid,Normal,Normal
Tamil Nadu,Salem,Thammampatti (Uzhavar Sandhai ),Lemon,Lemon,Local,2026-09-20 00:00:00,8000,9000,8500,1000,12.50%,Valid,Normal,Normal
Tamil Nadu,Salem,Thathakapatti(Uzhavar Sandhai ),Green Peas,Green Peas,Local,2026-09-20 00:00:00,12000,14000,13000,2000,16.67%,Valid,Normal,Normal
Tamil Nadu,Salem,Thathakapatti(Uzhavar Sandhai ),Water Melon,Water Melon,Local,2026-09-20 00:00:00,1500,2000,1750,500,33.33%,Valid,Normal,Normal
Tamil Nadu,Salem,Thathakapatti(Uzhavar Sandhai ),Mousambi(Sweet Lime),Mousambi,Local,2026-09-20 00:00:00,3500,4000,3750,500,14.29%,Valid,Normal,Normal
Tamil Nadu,Salem,Thathakapatti(Uzhavar Sandhai ),Ashgourd,Gouard,Local,2026-09-20 00:00:00,1500,2000,1750,500,33.33%,Valid,Normal,Normal
Tamil Nadu,Salem,Thathakapatti(Uzhavar Sandhai ),Coconut,Coconut,Local,2026-09-20 00:00:00,6000,6500,6250,500,8.33%,Valid,Normal,Normal
Tamil Nadu,Salem,Thathakapatti(Uzhavar Sandhai ),Ridgeguard(Tori),Ridgeguard(Tori),Local,2026-09-20 00:00:00,3000,4000,3500,1000,33.33%,Valid,Normal,Normal
Tamil Nadu,Salem,Thathakapatti(Uzhavar Sandhai ),Capsicum,Capsicum,Local,2026-09-20 00:00:00,5500,6000,5750,500,9.09%,Valid,Normal,Normal
Tamil Nadu,Salem,Thathakapatti(Uzhavar Sandhai ),Chow Chow,Chow Chow,Local,2026-09-20 00:00:00,3500,4000,3750,500,14.29%,Valid,Normal,Normal
Tamil Nadu,Salem,Thathakapatti(Uzhavar Sandhai ),Jasmine,Jasmine,Local,2026-09-20 00:00:00,34000,36000,35000,2000,5.88%,Valid,Normal,Normal
Tamil Nadu,Salem,Thathakapatti(Uzhavar Sandhai ),Indian Beans(Seam),Indian Beans (Seam),Local,2026-09-20 00:00:00,6000,6500,6250,500,8.33%,Valid,Normal,Normal
Tamil Nadu,Salem,Thathakapatti(Uzhavar Sandhai ),Lemon,Lemon,Local,2026-09-20 00:00:00,18000,20000,19000,2000,11.11%,Valid,Normal,Normal
Tamil Nadu,Salem,Thathakapatti(Uzhavar Sandhai ),Rose(Local),Rose (Local),Local,2026-09-20 00:00:00,10000,12000,11000,2000,20.00%,Valid,Normal,Normal
Tamil Nadu,Salem,Thathakapatti(Uzhavar Sandhai ),Tube Rose(Loose),Tube Rose (Loose),Local,2026-09-20 00:00:00,10000,12000,11000,2000,20.00%,Valid,Normal,Normal
Tamil Nadu,Theni,Chinnamanur(Uzhavar Sandhai ),Onion,Bellary,Local,2026-09-20 00:00:00,6000,6600,6300,600,10.00%,Valid,Normal,Normal
Tamil Nadu,Theni,Chinnamanur(Uzhavar Sandhai ),Cabbage,Cabbage,Local,2026-09-20 00:00:00,2800,2800,2800,0,0.00%,Valid,Normal,Normal
Tamil Nadu,Theni,Chinnamanur(Uzhavar Sandhai ),Beetroot,Beetroot,Local,2026-09-20 00:00:00,3600,3600,3600,0,0.00%,Valid,Normal,Normal
Tamil Nadu,Theni,Chinnamanur(Uzhavar Sandhai ),Raddish,Raddish,Local,2026-09-20 00:00:00,2400,2400,2400,0,0.00%,Valid,Normal,Normal
Tamil Nadu,Theni,Chinnamanur(Uzhavar Sandhai ),Indian Beans(Seam),Indian Beans (Seam),Local,2026-09-20 00:00:00,5400,5400,5400,0,0.00%,Valid,Normal,Normal
Tamil Nadu,Theni,Kambam(Uzhavar Sandhai ),Brinjal,Round,Local,2026-09-20 00:00:00,3200,3200,3200,0,0.00%,Valid,Normal,Normal
Tamil Nadu,Theni,Kambam(Uzhavar Sandhai ),Soyabean,Local,Local,2026-09-20 00:00:00,9500,9500,9500,0,0.00%,Valid,Normal,Normal
Tamil Nadu,Theni,Kambam(Uzhavar Sandhai ),Papaya,Papaya,Local,2026-09-20 00:00:00,3000,3000,3000,0,0.00%,Valid,Normal,Normal
Tamil Nadu,Theni,Kambam(Uzhavar Sandhai ),Tomato,Local,Local,2026-09-20 00:00:00,2400,2400,2400,0,0.00%,Valid,Normal,Normal
Tamil Nadu,Theni,Kambam(Uzhavar Sandhai ),Green Chilli,Green Chilly,Local,2026-09-20 00:00:00,4600,5000,4800,400,8.70%,Valid,Normal,Normal
Tamil Nadu,Theni,Kambam(Uzhavar Sandhai ),Beans,Beans (Whole),Local,2026-09-20 00:00:00,7000,8000,7500,1000,14.29%,Valid,Normal,Normal
Tamil Nadu,Theni,Kambam(Uzhavar Sandhai ),Ginger(Green),Green Ginger,Local,2026-09-20 00:00:00,16500,16500,16500,0,0.00%,Valid,Normal,Normal
Tamil Nadu,Theni,Kambam(Uzhavar Sandhai ),Coconut,Coconut,Local,2026-09-20 00:00:00,5800,5800,5800,0,0.00%,Valid,Normal,Normal
Tamil Nadu,Theni,Kambam(Uzhavar Sandhai ),Ridgeguard(Tori),Ridgeguard(Tori),Local,2026-09-20 00:00:00,3800,3800,3800,0,0.00%,Valid,Normal,Normal
Tamil Nadu,Theni,Kambam(Uzhavar Sandhai ),Thondekai,Thondekai,Local,2026-09-20 00:00:00,3600,3600,3600,0,0.00%,Valid,Normal,Normal
Tamil Nadu,Theni,Kambam(Uzhavar Sandhai ),Green Avare(W),Green Avare (W),Local,2026-09-20 00:00:00,7200,7200,7200,0,0.00%,Valid,Normal,Normal
Tamil Nadu,Theni,Kambam(Uzhavar Sandhai ),Indian Beans(Seam),Indian Beans (Seam),Local,2026-09-20 00:00:00,6000,6000,6000,0,0.00%,Valid,Normal,Normal
Tamil Nadu,Theni,Kambam(Uzhavar Sandhai ),Onion Green,Onion Green,Local,2026-09-20 00:00:00,8000,8000,8000,0,0.00%,Valid,Normal,Normal
Tamil Nadu,Theni,Theni(Uzhavar Sandhai ),Apple,American,Local,2026-09-20 00:00:00,14000,26000,20000,12000,85.71%,Valid,Normal,Normal
Tamil Nadu,Theni,Theni(Uzhavar Sandhai ),Potato,Other,Local,2026-09-20 00:00:00,5500,5500,5500,0,0.00%,Valid,Normal,Normal
Tamil Nadu,Theni,Theni(Uzhavar Sandhai ),Chili Red,Bold,Local,2026-09-20 00:00:00,10000,10000,10000,0,0.00%,Valid,Normal,Normal
Tamil Nadu,Theni,Theni(Uzhavar Sandhai ),Green Peas,Green Peas,Local,2026-09-20 00:00:00,13500,13500,13500,0,0.00%,Valid,Normal,Normal
Tamil Nadu,Theni,Theni(Uzhavar Sandhai ),Cluster beans,Cluster Beans,Local,2026-09-20 00:00:00,3000,3000,3000,0,0.00%,Valid,Normal,Normal
Tamil Nadu,Theni,Theni(Uzhavar Sandhai ),Pumpkin,Pumpkin,Local,2026-09-20 00:00:00,1500,1800,1650,300,20.00%,Valid,Normal,Normal
Tamil Nadu,Theni,Theni(Uzhavar Sandhai ),Karbuja(Musk Melon),Karbhuja,Local,2026-09-20 00:00:00,6000,6000,6000,0,0.00%,Valid,Normal,Normal
Tamil Nadu,Theni,Theni(Uzhavar Sandhai ),Elephant Yam(Suran)/Amorphophallus,Elephant Yam (Suran),Local,2026-09-20 00:00:00,3500,3500,3500,0,0.00%,Valid,Normal,Normal
Tamil Nadu,Theni,Theni(Uzhavar Sandhai ),Indian Beans(Seam),Indian Beans (Seam),Local,2026-09-20 00:00:00,5400,5400,5400,0,0.00%,Valid,Normal,Normal
Tamil Nadu,Theni,Theni(Uzhavar Sandhai ),Lemon,Lemon,Local,2026-09-20 00:00:00,20000,22000,21000,2000,10.00%,Valid,Normal,Normal
Tamil Nadu,Theni,Theni(Uzhavar Sandhai ),Custard Apple(Sharifa),Custard Apple(Sharifa),Local,2026-09-20 00:00:00,8000,8000,8000,0,0.00%,Valid,Normal,Normal
Tamil Nadu,Theni,Theni(Uzhavar Sandhai ),Onion Green,Onion Green,Local,2026-09-20 00:00:00,8000,8500,8250,500,6.25%,Valid,Normal,Normal
Tamil Nadu,Theni,Theni(Uzhavar Sandhai ),Mint(Pudina),Mint(Pudina),Local,2026-09-20 00:00:00,5500,5500,5500,0,0.00%,Valid,Normal,Normal
Tamil Nadu,Thirunelveli,NGO Colony(Uzhavar Sandhai ),Brinjal,Round,Local,2026-09-20 00:00:00,3000,3800,3400,800,26.67%,Valid,Normal,Normal
Tamil Nadu,Thirunelveli,NGO Colony(Uzhavar Sandhai ),Coriander(Leaves),I Sort,Local,2026-09-20 00:00:00,4000,4500,4250,500,12.50%,Valid,Normal,Normal
Tamil Nadu,Thirunelveli,NGO Colony(Uzhavar Sandhai ),Tomato,Deshi,Local,2026-09-20 00:00:00,1500,2000,1750,500,33.33%,Valid,Normal,Normal
Tamil Nadu,Thirunelveli,NGO Colony(Uzhavar Sandhai ),Pumpkin,Pumpkin,Local,2026-09-20 00:00:00,1000,1200,1100,200,20.00%,Valid,Normal,Normal
Tamil Nadu,Thirunelveli,NGO Colony(Uzhavar Sandhai ),Amaranthus,Amaranthus,Local,2026-09-20 00:00:00,1000,1500,1250,500,50.00%,Valid,Normal,Normal
Tamil Nadu,Thirunelveli,NGO Colony(Uzhavar Sandhai ),Beans,Beans (Whole),Local,2026-09-20 00:00:00,10000,12000,11000,2000,20.00%,Valid,Normal,Normal
Tamil Nadu,Thirunelveli,NGO Colony(Uzhavar Sandhai ),Beetroot,Beetroot,Local,2026-09-20 00:00:00,4000,4600,4300,600,15.00%,Valid,Normal,Normal
Tamil Nadu,Thirunelveli,NGO Colony(Uzhavar Sandhai ),Raddish,Raddish,Local,2026-09-20 00:00:00,3000,3500,3250,500,16.67%,Valid,Normal,Normal
Tamil Nadu,Thirunelveli,NGO Colony(Uzhavar Sandhai ),Mint(Pudina),Mint(Pudina),Local,2026-09-20 00:00:00,6500,7000,6750,500,7.69%,Valid,Normal,Normal
Tamil Nadu,Thirunelveli,Palayamkottai(Uzhavar Sandhai ),Brinjal,Other,Local,2026-09-20 00:00:00,2000,2500,2250,500,25.00%,Valid,Normal,Normal
Tamil Nadu,Thirunelveli,Palayamkottai(Uzhavar Sandhai ),Grapes,Annabesahai,Local,2026-09-20 00:00:00,11000,12000,11500,1000,9.09%,Valid,Normal,Normal
Tamil Nadu,Thirunelveli,Palayamkottai(Uzhavar Sandhai ),Green Peas,Green Peas,Local,2026-09-20 00:00:00,16000,18000,17000,2000,12.50%,Valid,Normal,Normal
Tamil Nadu,Thirunelveli,Palayamkottai(Uzhavar Sandhai ),Tomato,Deshi,Local,2026-09-20 00:00:00,1800,2000,1900,200,11.11%,Valid,Normal,Normal
Tamil Nadu,Thirunelveli,Palayamkottai(Uzhavar Sandhai ),Cluster beans,Cluster Beans,Local,2026-09-20 00:00:00,1800,2000,1900,200,11.11%,Valid,Normal,Normal
Tamil Nadu,Thirunelveli,Palayamkottai(Uzhavar Sandhai ),Ashgourd,Gouard,Local,2026-09-20 00:00:00,1000,1200,1100,200,20.00%,Valid,Normal,Normal
Tamil Nadu,Thirunelveli,Palayamkottai(Uzhavar Sandhai ),Ginger(Green),Green Ginger,Local,2026-09-20 00:00:00,17000,18000,17500,1000,5.88%,Valid,Normal,Normal
Tamil Nadu,Thirunelveli,Palayamkottai(Uzhavar Sandhai ),Cabbage,Cabbage,Local,2026-09-20 00:00:00,2400,2600,2500,200,8.33%,Valid,Normal,Normal
Tamil Nadu,Thirunelveli,Palayamkottai(Uzhavar Sandhai ),Thondekai,Thondekai,Local,2026-09-20 00:00:00,4500,5000,4750,500,11.11%,Valid,Normal,Normal
Tamil Nadu,Thirunelveli,Palayamkottai(Uzhavar Sandhai ),Chow Chow,Chow Chow,Local,2026-09-20 00:00:00,3400,3600,3500,200,5.88%,Valid,Normal,Normal
Tamil Nadu,Thirunelveli,Palayamkottai(Uzhavar Sandhai ),Guava,Guava Allahabad,Local,2026-09-20 00:00:00,6000,8000,7000,2000,33.33%,Valid,Normal,Normal
Tamil Nadu,Thirunelveli,Palayamkottai(Uzhavar Sandhai ),Elephant Yam(Suran)/Amorphophallus,Elephant Yam (Suran),Local,2026-09-20 00:00:00,3600,4000,3800,400,11.11%,Valid,Normal,Normal
Tamil Nadu,Thirunelveli,Palayamkottai(Uzhavar Sandhai ),Mint(Pudina),Mint(Pudina),Local,2026-09-20 00:00:00,6500,7000,6750,500,7.69%,Valid,Normal,Normal
Tamil Nadu,Thirupur,Kangayam(Uzhavar Sandhai ),Onion,Bellary,Local,2026-09-20 00:00:00,4500,5200,4850,700,15.56%,Valid,Normal,Normal
Tamil Nadu,Thirupur,Kangayam(Uzhavar Sandhai ),Papaya,Papaya,Local,2026-09-20 00:00:00,2000,2500,2250,500,25.00%,Valid,Normal,Normal
Tamil Nadu,Thirupur,Kangayam(Uzhavar Sandhai ),Banana - Green,Banana - Green,Local,2026-09-20 00:00:00,2500,3000,2750,500,20.00%,Valid,Normal,Normal
Tamil Nadu,Thirupur,Kangayam(Uzhavar Sandhai ),Coconut,Coconut,Local,2026-09-20 00:00:00,5000,5200,5100,200,4.00%,Valid,Normal,Normal
Tamil Nadu,Thirupur,Kangayam(Uzhavar Sandhai ),Beetroot,Beetroot,Local,2026-09-20 00:00:00,2400,2800,2600,400,16.67%,Valid,Normal,Normal
Tamil Nadu,Thirupur,Kangayam(Uzhavar Sandhai ),Ridgeguard(Tori),Ridgeguard(Tori),Local,2026-09-20 00:00:00,5000,5500,5250,500,10.00%,Valid,Normal,Normal
Tamil Nadu,Thirupur,Kangayam(Uzhavar Sandhai ),Drumstick,Drumstick,Local,2026-09-20 00:00:00,2500,3000,2750,500,20.00%,Valid,Normal,Normal
Tamil Nadu,Thirupur,Kangayam(Uzhavar Sandhai ),Lemon,Lemon,Local,2026-09-20 00:00:00,20000,22000,21000,2000,10.00%,Valid,Normal,Normal
Tamil Nadu,Thirupur,Kangayam(Uzhavar Sandhai ),Amla(Nelli Kai),Amla,Local,2026-09-20 00:00:00,8000,8500,8250,500,6.25%,Valid,Normal,Normal
Tamil Nadu,Thirupur,Tiruppur (North) (Uzhavar Sandhai ),Groundnut,Big (With Shell),Local,2026-09-20 00:00:00,5000,6000,5500,1000,20.00%,Valid,Normal,Normal
Tamil Nadu,Thirupur,Tiruppur (North) (Uzhavar Sandhai ),Potato,Other,Local,2026-09-20 00:00:00,5000,6000,5500,1000,20.00%,Valid,Normal,Normal
Tamil Nadu,Thirupur,Tiruppur (North) (Uzhavar Sandhai ),Pumpkin,Pumpkin,Local,2026-09-20 00:00:00,1200,1500,1350,300,25.00%,Valid,Normal,Normal
Tamil Nadu,Thirupur,Tiruppur (North) (Uzhavar Sandhai ),Beans,Beans (Whole),Local,2026-09-20 00:00:00,6000,7000,6500,1000,16.67%,Valid,Normal,Normal
Tamil Nadu,Thirupur,Tiruppur (North) (Uzhavar Sandhai ),Coconut,Coconut,Local,2026-09-20 00:00:00,5500,5800,5650,300,5.45%,Valid,Normal,Normal
Tamil Nadu,Thirupur,Tiruppur (North) (Uzhavar Sandhai ),Elephant Yam(Suran)/Amorphophallus,Elephant Yam (Suran),Local,2026-09-20 00:00:00,4500,5000,4750,500,11.11%,Valid,Normal,Normal
Tamil Nadu,Thirupur,Tiruppur (North) (Uzhavar Sandhai ),Yam(Ratalu),Yam (Ratalu),Local,2026-09-20 00:00:00,6000,7000,6500,1000,16.67%,Valid,Normal,Normal
Tamil Nadu,Thirupur,Tiruppur (North) (Uzhavar Sandhai ),Lemon,Lemon,Local,2026-09-20 00:00:00,26000,27000,26500,1000,3.85%,Valid,Normal,Normal
Tamil Nadu,Thiruvannamalai,Chengam(Uzhavar Sandhai ),Brinjal,Round,Local,2026-09-20 00:00:00,2500,3000,2750,500,20.00%,Valid,Normal,Normal
Tamil Nadu,Thiruvannamalai,Chengam(Uzhavar Sandhai ),Groundnut,Big (With Shell),Local,2026-09-20 00:00:00,7000,8000,7500,1000,14.29%,Valid,Normal,Normal
Tamil Nadu,Thiruvannamalai,Chengam(Uzhavar Sandhai ),Garlic,Garlic,Local,2026-09-20 00:00:00,20000,24000,22000,4000,20.00%,Valid,Normal,Normal
Tamil Nadu,Thiruvannamalai,Chengam(Uzhavar Sandhai ),Water Melon,Water Melon,Local,2026-09-20 00:00:00,1200,1500,1350,300,25.00%,Valid,Normal,Normal
Tamil Nadu,Thiruvannamalai,Chengam(Uzhavar Sandhai ),Bottle gourd,Bottle Gourd,Local,2026-09-20 00:00:00,1600,2000,1800,400,25.00%,Valid,Normal,Normal
Tamil Nadu,Thiruvannamalai,Chengam(Uzhavar Sandhai ),Pumpkin,Pumpkin,Local,2026-09-20 00:00:00,2000,2500,2250,500,25.00%,Valid,Normal,Normal
Tamil Nadu,Thiruvannamalai,Chengam(Uzhavar Sandhai ),Bhindi(Ladies Finger),Bhindi,Local,2026-09-20 00:00:00,2500,3000,2750,500,20.00%,Valid,Normal,Normal
Tamil Nadu,Thiruvannamalai,Chengam(Uzhavar Sandhai ),Amaranthus,Amaranthus,Local,2026-09-20 00:00:00,1200,1500,1350,300,25.00%,Valid,Normal,Normal
Tamil Nadu,Thiruvannamalai,Chengam(Uzhavar Sandhai ),Coconut,Coconut,Local,2026-09-20 00:00:00,4200,5000,4600,800,19.05%,Valid,Normal,Normal
Tamil Nadu,Thiruvannamalai,Chengam(Uzhavar Sandhai ),Carrot,Pusakesar,Local,2026-09-20 00:00:00,6000,7200,6600,1200,20.00%,Valid,Normal,Normal
Tamil Nadu,Thiruvannamalai,Chengam(Uzhavar Sandhai ),Cabbage,Cabbage,Local,2026-09-20 00:00:00,2500,3000,2750,500,20.00%,Valid,Normal,Normal
Tamil Nadu,Thiruvannamalai,Chengam(Uzhavar Sandhai ),Beetroot,Beetroot,Local,2026-09-20 00:00:00,4000,4800,4400,800,20.00%,Valid,Normal,Normal
Tamil Nadu,Thiruvannamalai,Chengam(Uzhavar Sandhai ),Ridgeguard(Tori),Ridgeguard(Tori),Local,2026-09-20 00:00:00,3300,4000,3650,700,21.21%,Valid,Normal,Normal
Tamil Nadu,Thiruvannamalai,Chengam(Uzhavar Sandhai ),Green Avare(W),Green Avare (W),Local,2026-09-20 00:00:00,5000,6000,5500,1000,20.00%,Valid,Normal,Normal
Tamil Nadu,Thiruvannamalai,Chengam(Uzhavar Sandhai ),Guava,Guava Allahabad,Local,2026-09-20 00:00:00,5000,6000,5500,1000,20.00%,Valid,Normal,Normal
Tamil Nadu,Thiruvannamalai,Chengam(Uzhavar Sandhai ),Mint(Pudina),Mint(Pudina),Local,2026-09-20 00:00:00,3300,4000,3650,700,21.21%,Valid,Normal,Normal
Tamil Nadu,Thiruvannamalai,Tamarainagar(Uzhavar Sandhai ),Bitter gourd,Bitter Gourd,Local,2026-09-20 00:00:00,3500,4000,3750,500,14.29%,Valid,Normal,Normal
Tamil Nadu,Thiruvannamalai,Tamarainagar(Uzhavar Sandhai ),Amaranthus,Amaranthus,Local,2026-09-20 00:00:00,4000,5000,4500,1000,25.00%,Valid,Normal,Normal
Tamil Nadu,Thiruvannamalai,Tamarainagar(Uzhavar Sandhai ),Green Chilli,Green Chilly,Local,2026-09-20 00:00:00,4000,5000,4500,1000,25.00%,Valid,Normal,Normal
Tamil Nadu,Thiruvannamalai,Tamarainagar(Uzhavar Sandhai ),Banana - Green,Banana - Green,Local,2026-09-20 00:00:00,4000,5000,4500,1000,25.00%,Valid,Normal,Normal
Tamil Nadu,Thiruvannamalai,Tamarainagar(Uzhavar Sandhai ),Beans,Beans (Whole),Local,2026-09-20 00:00:00,7000,8000,7500,1000,14.29%,Valid,Normal,Normal
Tamil Nadu,Thiruvannamalai,Tamarainagar(Uzhavar Sandhai ),Tapioca,Tapioca,Local,2026-09-20 00:00:00,2000,2400,2200,400,20.00%,Valid,Normal,Normal
Tamil Nadu,Thiruvannamalai,Tamarainagar(Uzhavar Sandhai ),Thondekai,Thondekai,Local,2026-09-20 00:00:00,3500,4000,3750,500,14.29%,Valid,Normal,Normal
Tamil Nadu,Thiruvannamalai,Tamarainagar(Uzhavar Sandhai ),Colacasia,Colacasia,Local,2026-09-20 00:00:00,3500,4000,3750,500,14.29%,Valid,Normal,Normal
Tamil Nadu,Thiruvannamalai,Tamarainagar(Uzhavar Sandhai ),Amla(Nelli Kai),Amla,Local,2026-09-20 00:00:00,12000,14000,13000,2000,16.67%,Valid,Normal,Normal
Tamil Nadu,Thiruvannamalai,Tamarainagar(Uzhavar Sandhai ),Mint(Pudina),Mint(Pudina),Local,2026-09-20 00:00:00,5000,6000,5500,1000,20.00%,Valid,Normal,Normal
Tamil Nadu,Thiruvannamalai,Vandavasi(Uzhavar Sandhai ),Potato,Other,Local,2026-09-20 00:00:00,3000,3600,3300,600,20.00%,Valid,Normal,Normal
Tamil Nadu,Thiruvannamalai,Vandavasi(Uzhavar Sandhai ),Papaya,Papaya,Local,2026-09-20 00:00:00,3500,4000,3750,500,14.29%,Valid,Normal,Normal
Tamil Nadu,Thiruvannamalai,Vandavasi(Uzhavar Sandhai ),Bottle gourd,Bottle Gourd,Local,2026-09-20 00:00:00,1600,2000,1800,400,25.00%,Valid,Normal,Normal
Tamil Nadu,Thiruvannamalai,Vandavasi(Uzhavar Sandhai ),Ashgourd,Gouard,Local,2026-09-20 00:00:00,2000,2500,2250,500,25.00%,Valid,Normal,Normal
Tamil Nadu,Thiruvannamalai,Vandavasi(Uzhavar Sandhai ),Bhindi(Ladies Finger),Bhindi,Local,2026-09-20 00:00:00,2500,3000,2750,500,20.00%,Valid,Normal,Normal
Tamil Nadu,Thiruvannamalai,Vandavasi(Uzhavar Sandhai ),Green Avare(W),Other,Local,2026-09-20 00:00:00,5000,6000,5500,1000,20.00%,Valid,Normal,Normal
Tamil Nadu,Thiruvannamalai,Vandavasi(Uzhavar Sandhai ),Drumstick,Drumstick,Local,2026-09-20 00:00:00,3600,4200,3900,600,16.67%,Valid,Normal,Normal
Tamil Nadu,Thiruvarur,Muthupettai(Uzhavar Sandhai ),Coriander(Leaves),I Sort,Local,2026-09-20 00:00:00,4000,4000,4000,0,0.00%,Valid,Normal,Normal
Tamil Nadu,Thiruvarur,Muthupettai(Uzhavar Sandhai ),Green Chilli,Green Chilly,Local,2026-09-20 00:00:00,4800,4800,4800,0,0.00%,Valid,Normal,Normal
Tamil Nadu,Thiruvarur,Muthupettai(Uzhavar Sandhai ),Banana - Green,Banana - Green,Local,2026-09-20 00:00:00,4000,4000,4000,0,0.00%,Valid,Normal,Normal
Tamil Nadu,Thiruvarur,Muthupettai(Uzhavar Sandhai ),Lime,Lime,Local,2026-09-20 00:00:00,3000,3000,3000,0,0.00%,Valid,Normal,Normal
Tamil Nadu,Coimbatore,Sulur(Uzhavar Sandhai ),Brinjal,Round,Local,2026-09-20 00:00:00,3600,5000,4300,1400,38.89%,Valid,Normal,Normal
Tamil Nadu,Coimbatore,Sulur(Uzhavar Sandhai ),Potato,Red Nanital,Local,2026-09-20 00:00:00,5000,7000,6000,2000,40.00%,Valid,Normal,Normal
Tamil Nadu,Coimbatore,Sulur(Uzhavar Sandhai ),Tomato,Deshi,Local,2026-09-20 00:00:00,2400,2800,2600,400,16.67%,Valid,Normal,Normal
Tamil Nadu,Coimbatore,Sulur(Uzhavar Sandhai ),Beans,Beans (Whole),Local,2026-09-20 00:00:00,6600,7200,6900,600,9.09%,Valid,Normal,Normal
Tamil Nadu,Coimbatore,Sulur(Uzhavar Sandhai ),Coconut,Coconut,Local,2026-09-20 00:00:00,5600,6000,5800,400,7.14%,Valid,Normal,Normal
Tamil Nadu,Coimbatore,Sulur(Uzhavar Sandhai ),Cucumbar(Kheera),Cucumbar,Local,2026-09-20 00:00:00,4000,4500,4250,500,12.50%,Valid,Normal,Normal
Tamil Nadu,Coimbatore,Sulur(Uzhavar Sandhai ),Green Avare(W),Green Avare (W),Local,2026-09-20 00:00:00,6000,6500,6250,500,8.33%,Valid,Normal,Normal
Tamil Nadu,Coimbatore,Sulur(Uzhavar Sandhai ),Chow Chow,Chow Chow,Local,2026-09-20 00:00:00,3200,3500,3350,300,9.38%,Valid,Normal,Normal
Tamil Nadu,Coimbatore,Sulur(Uzhavar Sandhai ),Guava,Guava Allahabad,Local,2026-09-20 00:00:00,6000,7000,6500,1000,16.67%,Valid,Normal,Normal
Tamil Nadu,Coimbatore,Sulur(Uzhavar Sandhai ),Mint(Pudina),Mint(Pudina),Local,2026-09-20 00:00:00,5400,6000,5700,600,11.11%,Valid,Normal,Normal
Tamil Nadu,Pudukkottai,Gandarvakottai(Uzhavar Sandhai ),Onion,Bellary,Local,2026-09-20 00:00:00,6500,7000,6750,500,7.69%,Valid,Normal,Normal
Tamil Nadu,Pudukkottai,Gandarvakottai(Uzhavar Sandhai ),Bitter gourd,Bitter Gourd,Local,2026-09-20 00:00:00,6500,7000,6750,500,7.69%,Valid,Normal,Normal
Tamil Nadu,Pudukkottai,Gandarvakottai(Uzhavar Sandhai ),Snakeguard,Snakeguard,Local,2026-09-20 00:00:00,2500,3000,2750,500,20.00%,Valid,Normal,Normal
Tamil Nadu,Pudukkottai,Gandarvakottai(Uzhavar Sandhai ),Raddish,Raddish,Local,2026-09-20 00:00:00,2500,3000,2750,500,20.00%,Valid,Normal,Normal
Tamil Nadu,Pudukkottai,Gandarvakottai(Uzhavar Sandhai ),Green Avare(W),Green Avare (W),Local,2026-09-20 00:00:00,6500,7000,6750,500,7.69%,Valid,Normal,Normal
Tamil Nadu,Pudukkottai,Gandarvakottai(Uzhavar Sandhai ),Onion Green,Onion Green,Local,2026-09-20 00:00:00,9500,10000,9750,500,5.26%,Valid,Normal,Normal
Tamil Nadu,Cuddalore,Panruti(Uzhavar Sandhai ),Cluster beans,Cluster Beans,Local,2026-09-20 00:00:00,3000,3000,3000,0,0.00%,Valid,Normal,Normal
Tamil Nadu,Cuddalore,Panruti(Uzhavar Sandhai ),Pumpkin,Pumpkin,Local,2026-09-20 00:00:00,2000,2000,2000,0,0.00%,Valid,Normal,Normal
Tamil Nadu,Cuddalore,Panruti(Uzhavar Sandhai ),Bhindi(Ladies Finger),Bhindi,Local,2026-09-20 00:00:00,3000,3000,3000,0,0.00%,Valid,Normal,Normal
Tamil Nadu,Cuddalore,Panruti(Uzhavar Sandhai ),Amaranthus,Amaranthus,Local,2026-09-20 00:00:00,2000,2000,2000,0,0.00%,Valid,Normal,Normal
Tamil Nadu,Cuddalore,Panruti(Uzhavar Sandhai ),Green Chilli,Green Chilly,Local,2026-09-20 00:00:00,5000,5000,5000,0,0.00%,Valid,Normal,Normal
Tamil Nadu,Cuddalore,Panruti(Uzhavar Sandhai ),Coconut,Coconut,Local,2026-09-20 00:00:00,6000,6000,6000,0,0.00%,Valid,Normal,Normal
Tamil Nadu,Cuddalore,Vadalur(Uzhavar Sandhai ),Potato,Other,Local,2026-09-20 00:00:00,3000,4000,3500,1000,33.33%,Valid,Normal,Normal
Tamil Nadu,Cuddalore,Vadalur(Uzhavar Sandhai ),Bottle gourd,Bottle Gourd,Local,2026-09-20 00:00:00,2000,2000,2000,0,0.00%,Valid,Normal,Normal
Tamil Nadu,Cuddalore,Vadalur(Uzhavar Sandhai ),Bhindi(Ladies Finger),Bhindi,Local,2026-09-20 00:00:00,3000,3000,3000,0,0.00%,Valid,Normal,Normal
Tamil Nadu,Cuddalore,Vadalur(Uzhavar Sandhai ),Coconut,Coconut,Local,2026-09-20 00:00:00,5000,6000,5500,1000,20.00%,Valid,Normal,Normal
Tamil Nadu,Cuddalore,Vadalur(Uzhavar Sandhai ),Chow Chow,Chow Chow,Local,2026-09-20 00:00:00,3000,3000,3000,0,0.00%,Valid,Normal,Normal
Tamil Nadu,Cuddalore,Vadalur(Uzhavar Sandhai ),Mango(Raw-Ripe),Mango - Raw-Ripe,Local,2026-09-20 00:00:00,8000,8000,8000,0,0.00%,Valid,Normal,Normal
Tamil Nadu,Cuddalore,Vadalur(Uzhavar Sandhai ),Tender Coconut,Tender Coconut,Local,2026-09-20 00:00:00,2500,3000,2750,500,20.00%,Valid,Normal,Normal
Tamil Nadu,Dharmapuri,AJattihalli(Uzhavar Sandhai ),Garlic,Garlic,Local,2026-09-20 00:00:00,20000,24000,22000,4000,20.00%,Valid,Normal,Normal
Tamil Nadu,Dharmapuri,AJattihalli(Uzhavar Sandhai ),Amaranthus,Amaranthus,Local,2026-09-20 00:00:00,2500,3000,2750,500,20.00%,Valid,Normal,Normal
Tamil Nadu,Dharmapuri,AJattihalli(Uzhavar Sandhai ),Chow Chow,Chow Chow,Local,2026-09-20 00:00:00,4600,4600,4600,0,0.00%,Valid,Normal,Normal
Tamil Nadu,Dharmapuri,AJattihalli(Uzhavar Sandhai ),Drumstick,Drumstick,Local,2026-09-20 00:00:00,3000,3000,3000,0,0.00%,Valid,Normal,Normal
Tamil Nadu,Karur,Pallapatti (Uzhavar Sandhai ),Bottle gourd,Bottle Gourd,Local,2026-09-20 00:00:00,2000,2500,2250,500,25.00%,Valid,Normal,Normal
Tamil Nadu,Karur,Pallapatti (Uzhavar Sandhai ),Sweet Potato,Hosur Red,Local,2026-09-20 00:00:00,4500,5000,4750,500,11.11%,Valid,Normal,Normal
Tamil Nadu,Karur,Velayuthampalayam(Uzhavar Sandhai ),Coriander(Leaves),I Sort,Local,2026-09-20 00:00:00,5200,6000,5600,800,15.38%,Valid,Normal,Normal
Tamil Nadu,Karur,Velayuthampalayam(Uzhavar Sandhai ),Bitter gourd,Other,Local,2026-09-20 00:00:00,4500,5500,5000,1000,22.22%,Valid,Normal,Normal
Tamil Nadu,Karur,Velayuthampalayam(Uzhavar Sandhai ),Ridgeguard(Tori),Ridgeguard(Tori),Local,2026-09-20 00:00:00,3800,4500,4150,700,18.42%,Valid,Normal,Normal
Tamil Nadu,Karur,Velayuthampalayam(Uzhavar Sandhai ),Onion Green,Onion Green,Local,2026-09-20 00:00:00,8500,9500,9000,1000,11.76%,Valid,Normal,Normal
Tamil Nadu,Karur,Vengamedu(Uzhavar Sandhai ),Banana,Red Banana,Local,2026-09-20 00:00:00,5000,6000,5500,1000,20.00%,Valid,Normal,Normal
Tamil Nadu,Karur,Vengamedu(Uzhavar Sandhai ),Tomato,Deshi,Local,2026-09-20 00:00:00,2500,3000,2750,500,20.00%,Valid,Normal,Normal
Tamil Nadu,Theni,Devaram(Uzhavar Sandhai ),Onion,Bellary,Local,2026-09-20 00:00:00,6500,6500,6500,0,0.00%,Valid,Normal,Normal
Tamil Nadu,Theni,Devaram(Uzhavar Sandhai ),Papaya,Papaya,Local,2026-09-20 00:00:00,3000,3000,3000,0,0.00%,Valid,Normal,Normal
Tamil Nadu,Theni,Devaram(Uzhavar Sandhai ),Cabbage,Cabbage,Local,2026-09-20 00:00:00,2800,2800,2800,0,0.00%,Valid,Normal,Normal
Tamil Nadu,Theni,Devaram(Uzhavar Sandhai ),Thondekai,Thondekai,Local,2026-09-20 00:00:00,3500,3500,3500,0,0.00%,Valid,Normal,Normal
Tamil Nadu,Theni,Devaram(Uzhavar Sandhai ),Drumstick,Drumstick,Local,2026-09-20 00:00:00,4200,4200,4200,0,0.00%,Valid,Normal,Normal
Tamil Nadu,Salem,Attayampatti(Uzhavar Sandhai ),Coriander(Leaves),I Sort,Local,2026-09-20 00:00:00,2000,2000,2000,0,0.00%,Valid,Normal,Normal
Tamil Nadu,Salem,Attayampatti(Uzhavar Sandhai ),Raddish,Raddish,Local,2026-09-20 00:00:00,2600,3000,2800,400,15.38%,Valid,Normal,Normal
Tamil Nadu,Salem,Attayampatti(Uzhavar Sandhai ),Green Avare(W),Green Avare (W),Local,2026-09-20 00:00:00,6000,7000,6500,1000,16.67%,Valid,Normal,Normal
Tamil Nadu,Salem,Attayampatti(Uzhavar Sandhai ),Guava,Guava Allahabad,Local,2026-09-20 00:00:00,5000,6000,5500,1000,20.00%,Valid,Normal,Normal
Tamil Nadu,Salem,Attayampatti(Uzhavar Sandhai ),Elephant Yam(Suran)/Amorphophallus,Elephant Yam (Suran),Local,2026-09-20 00:00:00,5000,5000,5000,0,0.00%,Valid,Normal,Normal
Tamil Nadu,Sivaganga,Sivagangai (Uzhavar Sandhai ),Brinjal,Other,Local,2026-09-20 00:00:00,3400,3800,3600,400,11.76%,Valid,Normal,Normal
Tamil Nadu,Sivaganga,Sivagangai (Uzhavar Sandhai ),Soyabean,Local,Local,2026-09-20 00:00:00,10000,11000,10500,1000,10.00%,Valid,Normal,Normal
Tamil Nadu,Sivaganga,Sivagangai (Uzhavar Sandhai ),Onion,Bellary,Local,2026-09-20 00:00:00,5200,7000,6100,1800,34.62%,Valid,Normal,Normal
Tamil Nadu,Sivaganga,Sivagangai (Uzhavar Sandhai ),Chikoos(Sapota),Sapota,Local,2026-09-20 00:00:00,4200,6200,5200,2000,47.62%,Valid,Normal,Normal
Tamil Nadu,Sivaganga,Sivagangai (Uzhavar Sandhai ),Amaranthus,Amaranthus,Local,2026-09-20 00:00:00,3000,4000,3500,1000,33.33%,Valid,Normal,Normal
Tamil Nadu,Sivaganga,Sivagangai (Uzhavar Sandhai ),Beetroot,Beetroot,Local,2026-09-20 00:00:00,4200,5200,4700,1000,23.81%,Valid,Normal,Normal
Tamil Nadu,Sivaganga,Sivagangai (Uzhavar Sandhai ),Green Avare(W),Other,Local,2026-09-20 00:00:00,8500,10500,9500,2000,23.53%,Valid,Normal,Normal
Tamil Nadu,Sivaganga,Sivagangai (Uzhavar Sandhai ),Elephant Yam(Suran)/Amorphophallus,Elephant Yam (Suran),Local,2026-09-20 00:00:00,4200,4600,4400,400,9.52%,Valid,Normal,Normal
Tamil Nadu,Salem,Edapadi (Uzhavar Sandhai ),Banana,Red Banana,Local,2026-09-20 00:00:00,7500,8000,7750,500,6.67%,Valid,Normal,Normal
Tamil Nadu,Salem,Edapadi (Uzhavar Sandhai ),Cluster beans,Cluster Beans,Local,2026-09-20 00:00:00,3000,3500,3250,500,16.67%,Valid,Normal,Normal
Tamil Nadu,Salem,Edapadi (Uzhavar Sandhai ),Pumpkin,Pumpkin,Local,2026-09-20 00:00:00,1800,2000,1900,200,11.11%,Valid,Normal,Normal
Tamil Nadu,Salem,Edapadi (Uzhavar Sandhai ),Amaranthus,Amaranthus,Local,2026-09-20 00:00:00,2400,2600,2500,200,8.33%,Valid,Normal,Normal
Tamil Nadu,Salem,Edapadi (Uzhavar Sandhai ),Beans,Beans (Whole),Local,2026-09-20 00:00:00,7500,8000,7750,500,6.67%,Valid,Normal,Normal
Tamil Nadu,Salem,Edapadi (Uzhavar Sandhai ),Coconut,Coconut,Local,2026-09-20 00:00:00,5500,6000,5750,500,9.09%,Valid,Normal,Normal
Tamil Nadu,Salem,Edapadi (Uzhavar Sandhai ),Thondekai,Thondekai,Local,2026-09-20 00:00:00,3500,4000,3750,500,14.29%,Valid,Normal,Normal
Tamil Nadu,Salem,Edapadi (Uzhavar Sandhai ),Drumstick,Drumstick,Local,2026-09-20 00:00:00,3000,3500,3250,500,16.67%,Valid,Normal,Normal
Tamil Nadu,Salem,Edapadi (Uzhavar Sandhai ),Lemon,Lemon,Local,2026-09-20 00:00:00,11000,12000,11500,1000,9.09%,Valid,Normal,Normal
Tamil Nadu,Salem,Edapadi (Uzhavar Sandhai ),Amla(Nelli Kai),Amla,Local,2026-09-20 00:00:00,11000,12000,11500,1000,9.09%,Valid,Normal,Normal
Tamil Nadu,Salem,Elampillai(Uzhavar Sandhai ),Onion,Bellary,Local,2026-09-20 00:00:00,6000,6500,6250,500,8.33%,Valid,Normal,Normal
Tamil Nadu,Salem,Elampillai(Uzhavar Sandhai ),Papaya,Papaya,Local,2026-09-20 00:00:00,2500,3000,2750,500,20.00%,Valid,Normal,Normal
Tamil Nadu,Salem,Elampillai(Uzhavar Sandhai ),Bhindi(Ladies Finger),Bhindi,Local,2026-09-20 00:00:00,2500,3000,2750,500,20.00%,Valid,Normal,Normal
Tamil Nadu,Salem,Elampillai(Uzhavar Sandhai ),Amaranthus,Amaranthus,Local,2026-09-20 00:00:00,2000,2500,2250,500,25.00%,Valid,Normal,Normal
Tamil Nadu,Salem,Elampillai(Uzhavar Sandhai ),Ginger(Green),Green Ginger,Local,2026-09-20 00:00:00,17000,17500,17250,500,2.94%,Valid,Normal,Normal
Tamil Nadu,Salem,Elampillai(Uzhavar Sandhai ),Cabbage,Cabbage,Local,2026-09-20 00:00:00,3000,3400,3200,400,13.33%,Valid,Normal,Normal
Tamil Nadu,Salem,Elampillai(Uzhavar Sandhai ),Cucumbar(Kheera),Cucumbar,Local,2026-09-20 00:00:00,4000,4500,4250,500,12.50%,Valid,Normal,Normal
Tamil Nadu,Salem,Elampillai(Uzhavar Sandhai ),Raddish,Raddish,Local,2026-09-20 00:00:00,2000,2600,2300,600,30.00%,Valid,Normal,Normal
Tamil Nadu,Salem,Elampillai(Uzhavar Sandhai ),Lemon,Lemon,Local,2026-09-20 00:00:00,7000,8000,7500,1000,14.29%,Valid,Normal,Normal
Tamil Nadu,Salem,Hasthampatti(Uzhavar Sandhai ),Brinjal,Round,Local,2026-09-20 00:00:00,3500,4000,3750,500,14.29%,Valid,Normal,Normal
Tamil Nadu,Salem,Hasthampatti(Uzhavar Sandhai ),Orange,Darjeeling,Local,2026-09-20 00:00:00,8000,10000,9000,2000,25.00%,Valid,Normal,Normal
Tamil Nadu,Salem,Hasthampatti(Uzhavar Sandhai ),Grapes,Annabesahai,Local,2026-09-20 00:00:00,8000,10000,9000,2000,25.00%,Valid,Normal,Normal
Tamil Nadu,Salem,Hasthampatti(Uzhavar Sandhai ),Onion,Bellary,Local,2026-09-20 00:00:00,6000,6500,6250,500,8.33%,Valid,Normal,Normal
Tamil Nadu,Salem,Hasthampatti(Uzhavar Sandhai ),Cluster beans,Cluster Beans,Local,2026-09-20 00:00:00,3000,3500,3250,500,16.67%,Valid,Normal,Normal
Tamil Nadu,Salem,Hasthampatti(Uzhavar Sandhai ),Bottle gourd,Bottle Gourd,Local,2026-09-20 00:00:00,2000,2500,2250,500,25.00%,Valid,Normal,Normal
Tamil Nadu,Salem,Hasthampatti(Uzhavar Sandhai ),Ashgourd,Gouard,Local,2026-09-20 00:00:00,1800,2000,1900,200,11.11%,Valid,Normal,Normal
Tamil Nadu,Salem,Hasthampatti(Uzhavar Sandhai ),Cowpea(Veg),Cowpea (Veg),Local,2026-09-20 00:00:00,4000,4500,4250,500,12.50%,Valid,Normal,Normal
Tamil Nadu,Salem,Hasthampatti(Uzhavar Sandhai ),Carrot,Pusakesar,Local,2026-09-20 00:00:00,5000,5500,5250,500,10.00%,Valid,Normal,Normal
Tamil Nadu,Salem,Hasthampatti(Uzhavar Sandhai ),Beetroot,Beetroot,Local,2026-09-20 00:00:00,6500,7000,6750,500,7.69%,Valid,Normal,Normal
Tamil Nadu,Salem,Hasthampatti(Uzhavar Sandhai ),Ridgeguard(Tori),Ridgeguard(Tori),Local,2026-09-20 00:00:00,3500,4000,3750,500,14.29%,Valid,Normal,Normal
Tamil Nadu,Salem,Hasthampatti(Uzhavar Sandhai ),Green Avare(W),Other,Local,2026-09-20 00:00:00,5500,6000,5750,500,9.09%,Valid,Normal,Normal
Tamil Nadu,Salem,Hasthampatti(Uzhavar Sandhai ),Knool Khol,Knool Khol,Local,2026-09-20 00:00:00,4000,4600,4300,600,15.00%,Valid,Normal,Normal
Tamil Nadu,Salem,Hasthampatti(Uzhavar Sandhai ),Yam(Ratalu),Yam (Ratalu),Local,2026-09-20 00:00:00,5500,6000,5750,500,9.09%,Valid,Normal,Normal
Tamil Nadu,Salem,Hasthampatti(Uzhavar Sandhai ),Amla(Nelli Kai),Amla,Local,2026-09-20 00:00:00,9000,10000,9500,1000,11.11%,Valid,Normal,Normal
Tamil Nadu,Salem,Jalagandapuram(Uzhavar Sandhai ),Onion,Bellary,Local,2026-09-20 00:00:00,6000,6800,6400,800,13.33%,Valid,Normal,Normal
Tamil Nadu,Salem,Jalagandapuram(Uzhavar Sandhai ),Coriander(Leaves),I Sort,Local,2026-09-20 00:00:00,1600,2000,1800,400,25.00%,Valid,Normal,Normal
Tamil Nadu,Salem,Jalagandapuram(Uzhavar Sandhai ),Ashgourd,Gouard,Local,2026-09-20 00:00:00,1600,1800,1700,200,12.50%,Valid,Normal,Normal
Tamil Nadu,Salem,Jalagandapuram(Uzhavar Sandhai ),Amaranthus,Amaranthus,Local,2026-09-20 00:00:00,2000,2400,2200,400,20.00%,Valid,Normal,Normal
Tamil Nadu,Salem,Jalagandapuram(Uzhavar Sandhai ),Ginger(Green),Green Ginger,Local,2026-09-20 00:00:00,17000,18000,17500,1000,5.88%,Valid,Normal,Normal
Tamil Nadu,Salem,Jalagandapuram(Uzhavar Sandhai ),Carrot,Pusakesar,Local,2026-09-20 00:00:00,5200,6000,5600,800,15.38%,Valid,Normal,Normal
Tamil Nadu,Salem,Jalagandapuram(Uzhavar Sandhai ),Lemon,Lemon,Local,2026-09-20 00:00:00,5000,6000,5500,1000,20.00%,Valid,Normal,Normal
Tamil Nadu,Salem,Jalagandapuram(Uzhavar Sandhai ),Amla(Nelli Kai),Amla,Local,2026-09-20 00:00:00,7000,8000,7500,1000,14.29%,Valid,Normal,Normal
Tamil Nadu,Sivaganga,Singampunari(Uzhavar Sandhai ),Coriander(Leaves),I Sort,Local,2026-09-20 00:00:00,4600,5000,4800,400,8.70%,Valid,Normal,Normal
Tamil Nadu,Sivaganga,Singampunari(Uzhavar Sandhai ),Ashgourd,Gouard,Local,2026-09-20 00:00:00,1800,2000,1900,200,11.11%,Valid,Normal,Normal
Tamil Nadu,Sivaganga,Singampunari(Uzhavar Sandhai ),Amaranthus,Amaranthus,Local,2026-09-20 00:00:00,3000,4000,3500,1000,33.33%,Valid,Normal,Normal
Tamil Nadu,Sivaganga,Singampunari(Uzhavar Sandhai ),Banana - Green,Banana - Green,Local,2026-09-20 00:00:00,2500,3000,2750,500,20.00%,Valid,Normal,Normal
Tamil Nadu,Sivaganga,Singampunari(Uzhavar Sandhai ),Beans,Beans (Whole),Local,2026-09-20 00:00:00,8400,9200,8800,800,9.52%,Valid,Normal,Normal
Tamil Nadu,Sivaganga,Singampunari(Uzhavar Sandhai ),Ginger(Green),Green Ginger,Local,2026-09-20 00:00:00,11000,20000,15500,9000,81.82%,Valid,Normal,Normal
Tamil Nadu,Sivaganga,Singampunari(Uzhavar Sandhai ),Carrot,Pusakesar,Local,2026-09-20 00:00:00,3000,4200,3600,1200,40.00%,Valid,Normal,Normal
Tamil Nadu,Sivaganga,Singampunari(Uzhavar Sandhai ),Raddish,Raddish,Local,2026-09-20 00:00:00,2600,3000,2800,400,15.38%,Valid,Normal,Normal
Tamil Nadu,Sivaganga,Singampunari(Uzhavar Sandhai ),Knool Khol,Knool Khol,Local,2026-09-20 00:00:00,4600,5000,4800,400,8.70%,Valid,Normal,Normal
Tamil Nadu,Sivaganga,Singampunari(Uzhavar Sandhai ),Yam(Ratalu),Yam (Ratalu),Local,2026-09-20 00:00:00,6600,7200,6900,600,9.09%,Valid,Normal,Normal
Tamil Nadu,Sivaganga,Karaikudi(Uzhavar Sandhai ),Bottle gourd,Bottle Gourd,Local,2026-09-20 00:00:00,2500,3000,2750,500,20.00%,Valid,Normal,Normal
Tamil Nadu,Sivaganga,Karaikudi(Uzhavar Sandhai ),Banana - Green,Banana - Green,Local,2026-09-20 00:00:00,3000,4000,3500,1000,33.33%,Valid,Normal,Normal
Tamil Nadu,Sivaganga,Karaikudi(Uzhavar Sandhai ),Cabbage,Cabbage,Local,2026-09-20 00:00:00,3000,3500,3250,500,16.67%,Valid,Normal,Normal
Tamil Nadu,Sivaganga,Karaikudi(Uzhavar Sandhai ),Raddish,Raddish,Local,2026-09-20 00:00:00,2800,3200,3000,400,14.29%,Valid,Normal,Normal
Tamil Nadu,Sivaganga,Karaikudi(Uzhavar Sandhai ),Green Avare(W),Other,Local,2026-09-20 00:00:00,9000,10000,9500,1000,11.11%,Valid,Normal,Normal
Tamil Nadu,Sivaganga,Karaikudi(Uzhavar Sandhai ),Drumstick,Drumstick,Local,2026-09-20 00:00:00,5000,7000,6000,2000,40.00%,Valid,Normal,Normal
Tamil Nadu,Sivaganga,Karaikudi(Uzhavar Sandhai ),Elephant Yam(Suran)/Amorphophallus,Elephant Yam (Suran),Local,2026-09-20 00:00:00,5000,5500,5250,500,10.00%,Valid,Normal,Normal
Tamil Nadu,Sivaganga,Tirupatthur(Uzhavar Sandhai ),Banana,Karpura,Local,2026-09-20 00:00:00,4000,4000,4000,0,0.00%,Valid,Normal,Normal
Tamil Nadu,Sivaganga,Tirupatthur(Uzhavar Sandhai ),Cauliflower,Ranchi,Local,2026-09-20 00:00:00,3000,3500,3250,500,16.67%,Valid,Normal,Normal
Tamil Nadu,Sivaganga,Tirupatthur(Uzhavar Sandhai ),Coriander(Leaves),I Sort,Local,2026-09-20 00:00:00,4400,5500,4950,1100,25.00%,Valid,Normal,Normal
Tamil Nadu,Sivaganga,Tirupatthur(Uzhavar Sandhai ),Chikoos(Sapota),Sapota,Local,2026-09-20 00:00:00,4400,6500,5450,2100,47.73%,Valid,Normal,Normal
Tamil Nadu,Sivaganga,Tirupatthur(Uzhavar Sandhai ),Coconut,Coconut,Local,2026-09-20 00:00:00,7000,7500,7250,500,7.14%,Valid,Normal,Normal
Tamil Nadu,Sivaganga,Tirupatthur(Uzhavar Sandhai ),Yam(Ratalu),Yam (Ratalu),Local,2026-09-20 00:00:00,7000,7500,7250,500,7.14%,Valid,Normal,Normal
Tamil Nadu,Sivaganga,Tirupatthur(Uzhavar Sandhai ),Onion Green,Onion Green,Local,2026-09-20 00:00:00,8400,9500,8950,1100,13.10%,Valid,Normal,Normal
Tamil Nadu,Thanjavur,Pattukottai(Uzhavar Sandhai ),Coriander(Leaves),I Sort,Local,2026-09-20 00:00:00,3800,3800,3800,0,0.00%,Valid,Normal,Normal
Tamil Nadu,Thanjavur,Pattukottai(Uzhavar Sandhai ),Raddish,Raddish,Local,2026-09-20 00:00:00,4400,4400,4400,0,0.00%,Valid,Normal,Normal
Tamil Nadu,Thanjavur,Pattukottai(Uzhavar Sandhai ),Capsicum,Capsicum,Local,2026-09-20 00:00:00,6000,6000,6000,0,0.00%,Valid,Normal,Normal
Tamil Nadu,Thanjavur,Pattukottai(Uzhavar Sandhai ),Green Avare(W),Green Avare (W),Local,2026-09-20 00:00:00,11400,11400,11400,0,0.00%,Valid,Normal,Normal
Tamil Nadu,Thanjavur,Pattukottai(Uzhavar Sandhai ),Colacasia,Colacasia,Local,2026-09-20 00:00:00,7000,7000,7000,0,0.00%,Valid,Normal,Normal
Tamil Nadu,Thiruchirappalli,Lalgudi(Uzhavar Sandhai ),Brinjal,Other,Local,2026-09-20 00:00:00,5000,5000,5000,0,0.00%,Valid,Normal,Normal
Tamil Nadu,Thiruchirappalli,Lalgudi(Uzhavar Sandhai ),Bitter gourd,Other,Local,2026-09-20 00:00:00,6000,6000,6000,0,0.00%,Valid,Normal,Normal
Tamil Nadu,Thiruchirappalli,Lalgudi(Uzhavar Sandhai ),Banana - Green,Banana - Green,Local,2026-09-20 00:00:00,3000,3000,3000,0,0.00%,Valid,Normal,Normal
Tamil Nadu,Thiruchirappalli,Lalgudi(Uzhavar Sandhai ),Ginger(Green),Green Ginger,Local,2026-09-20 00:00:00,18000,18000,18000,0,0.00%,Valid,Normal,Normal
Tamil Nadu,Thiruchirappalli,Lalgudi(Uzhavar Sandhai ),Snakeguard,Snakeguard,Local,2026-09-20 00:00:00,4000,4000,4000,0,0.00%,Valid,Normal,Normal
Tamil Nadu,Thiruchirappalli,Lalgudi(Uzhavar Sandhai ),Cucumbar(Kheera),Cucumbar,Local,2026-09-20 00:00:00,5000,5000,5000,0,0.00%,Valid,Normal,Normal
Tamil Nadu,Thiruchirappalli,Lalgudi(Uzhavar Sandhai ),Thondekai,Thondekai,Local,2026-09-20 00:00:00,5000,5000,5000,0,0.00%,Valid,Normal,Normal
Tamil Nadu,Thiruchirappalli,Lalgudi(Uzhavar Sandhai ),Yam(Ratalu),Yam (Ratalu),Local,2026-09-20 00:00:00,5600,5600,5600,0,0.00%,Valid,Normal,Normal
Tamil Nadu,Thiruchirappalli,Lalgudi(Uzhavar Sandhai ),Indian Beans(Seam),Indian Beans (Seam),Local,2026-09-20 00:00:00,7000,7000,7000,0,0.00%,Valid,Normal,Normal
Tamil Nadu,Thiruchirappalli,Lalgudi(Uzhavar Sandhai ),Lemon,Lemon,Local,2026-09-20 00:00:00,20000,20000,20000,0,0.00%,Valid,Normal,Normal
Tamil Nadu,Thiruchirappalli,Lalgudi(Uzhavar Sandhai ),Colacasia,Colacasia,Local,2026-09-20 00:00:00,5000,5000,5000,0,0.00%,Valid,Normal,Normal
Tamil Nadu,Thiruchirappalli,Manachanallur(Uzhavar Sandhai ),Potato,Other,Local,2026-09-20 00:00:00,3000,3500,3250,500,16.67%,Valid,Normal,Normal
Tamil Nadu,Thiruchirappalli,Manachanallur(Uzhavar Sandhai ),Tomato,Other,Local,2026-09-20 00:00:00,2500,3000,2750,500,20.00%,Valid,Normal,Normal
Tamil Nadu,Thiruchirappalli,Manachanallur(Uzhavar Sandhai ),Cluster beans,Cluster Beans,Local,2026-09-20 00:00:00,3000,3500,3250,500,16.67%,Valid,Normal,Normal
Tamil Nadu,Thiruchirappalli,Manachanallur(Uzhavar Sandhai ),Banana - Green,Banana - Green,Local,2026-09-20 00:00:00,2000,2500,2250,500,25.00%,Valid,Normal,Normal
Tamil Nadu,Thiruchirappalli,Manachanallur(Uzhavar Sandhai ),Coconut,Coconut,Local,2026-09-20 00:00:00,5800,6500,6150,700,12.07%,Valid,Normal,Normal
Tamil Nadu,Thiruchirappalli,Manachanallur(Uzhavar Sandhai ),Carrot,Pusakesar,Local,2026-09-20 00:00:00,5000,5000,5000,0,0.00%,Valid,Normal,Normal
Tamil Nadu,Thiruchirappalli,Manachanallur(Uzhavar Sandhai ),Mint(Pudina),Mint(Pudina),Local,2026-09-20 00:00:00,6000,6500,6250,500,8.33%,Valid,Normal,Normal
Tamil Nadu,Thiruchirappalli,Manapparai(Uzhavar Sandhai ),Coriander(Leaves),I Sort,Local,2026-09-20 00:00:00,3600,3600,3600,0,0.00%,Valid,Normal,Normal
Tamil Nadu,Thiruchirappalli,Manapparai(Uzhavar Sandhai ),Tomato,Other,Local,2026-09-20 00:00:00,2600,2600,2600,0,0.00%,Valid,Normal,Normal
Tamil Nadu,Thiruchirappalli,Manapparai(Uzhavar Sandhai ),Bitter gourd,Other,Local,2026-09-20 00:00:00,5000,6000,5500,1000,20.00%,Valid,Normal,Normal
Tamil Nadu,Thiruchirappalli,Manapparai(Uzhavar Sandhai ),Bottle gourd,Bottle Gourd,Local,2026-09-20 00:00:00,2000,2500,2250,500,25.00%,Valid,Normal,Normal
Tamil Nadu,Thiruchirappalli,Manapparai(Uzhavar Sandhai ),Coconut,Coconut,Local,2026-09-20 00:00:00,7000,7000,7000,0,0.00%,Valid,Normal,Normal
Tamil Nadu,Thiruchirappalli,Manapparai(Uzhavar Sandhai ),Beetroot,Beetroot,Local,2026-09-20 00:00:00,5000,5000,5000,0,0.00%,Valid,Normal,Normal
Tamil Nadu,Thiruchirappalli,Manapparai(Uzhavar Sandhai ),Drumstick,Drumstick,Local,2026-09-20 00:00:00,4000,4000,4000,0,0.00%,Valid,Normal,Normal
Tamil Nadu,Thiruchirappalli,Manapparai(Uzhavar Sandhai ),Onion Green,Onion Green,Local,2026-09-20 00:00:00,9000,10000,9500,1000,11.11%,Valid,Normal,Normal
Tamil Nadu,Thiruchirappalli,Musiri(Uzhavar Sandhai ),Brinjal,Other,Local,2026-09-20 00:00:00,2000,2600,2300,600,30.00%,Valid,Normal,Normal
Tamil Nadu,Thiruchirappalli,Musiri(Uzhavar Sandhai ),Potato,Other,Local,2026-09-20 00:00:00,2600,3000,2800,400,15.38%,Valid,Normal,Normal
Tamil Nadu,Thiruchirappalli,Musiri(Uzhavar Sandhai ),Papaya,Papaya,Local,2026-09-20 00:00:00,3500,4000,3750,500,14.29%,Valid,Normal,Normal
Tamil Nadu,Thiruchirappalli,Musiri(Uzhavar Sandhai ),Bhindi(Ladies Finger),Bhindi,Local,2026-09-20 00:00:00,3000,3600,3300,600,20.00%,Valid,Normal,Normal
Tamil Nadu,Thiruchirappalli,Musiri(Uzhavar Sandhai ),Amaranthus,Amaranthus,Local,2026-09-20 00:00:00,2000,2000,2000,0,0.00%,Valid,Normal,Normal
Tamil Nadu,Thiruchirappalli,Musiri(Uzhavar Sandhai ),Tapioca,Tapioca,Local,2026-09-20 00:00:00,3000,3600,3300,600,20.00%,Valid,Normal,Normal
Tamil Nadu,Thiruchirappalli,Musiri(Uzhavar Sandhai ),Ginger(Green),Green Ginger,Local,2026-09-20 00:00:00,16000,18000,17000,2000,12.50%,Valid,Normal,Normal
Tamil Nadu,Thiruchirappalli,Musiri(Uzhavar Sandhai ),Raddish,Raddish,Local,2026-09-20 00:00:00,3000,3600,3300,600,20.00%,Valid,Normal,Normal
Tamil Nadu,Thiruchirappalli,Musiri(Uzhavar Sandhai ),Capsicum,Capsicum,Local,2026-09-20 00:00:00,4000,5000,4500,1000,25.00%,Valid,Normal,Normal
Tamil Nadu,Thiruchirappalli,Musiri(Uzhavar Sandhai ),Lime,Lime,Local,2026-09-20 00:00:00,4000,4000,4000,0,0.00%,Valid,Normal,Normal
Tamil Nadu,Thiruchirappalli,Musiri(Uzhavar Sandhai ),Sweet Corn,Sweet Corn,Local,2026-09-20 00:00:00,3500,4000,3750,500,14.29%,Valid,Normal,Normal
Tamil Nadu,Thiruchirappalli,Thiruverumbur(Uzhavar Sandhai ),Cauliflower,Ranchi,Local,2026-09-20 00:00:00,5000,5000,5000,0,0.00%,Valid,Normal,Normal
Tamil Nadu,Thiruchirappalli,Thiruverumbur(Uzhavar Sandhai ),Coriander(Leaves),I Sort,Local,2026-09-20 00:00:00,3600,3600,3600,0,0.00%,Valid,Normal,Normal
Tamil Nadu,Thiruchirappalli,Thiruverumbur(Uzhavar Sandhai ),Bhindi(Ladies Finger),Bhindi,Local,2026-09-20 00:00:00,3600,3600,3600,0,0.00%,Valid,Normal,Normal
Tamil Nadu,Thiruchirappalli,Thiruverumbur(Uzhavar Sandhai ),Banana - Green,Banana - Green,Local,2026-09-20 00:00:00,2500,2500,2500,0,0.00%,Valid,Normal,Normal
Tamil Nadu,Thiruchirappalli,Thiruverumbur(Uzhavar Sandhai ),Carrot,Pusakesar,Local,2026-09-20 00:00:00,5400,5400,5400,0,0.00%,Valid,Normal,Normal
Tamil Nadu,Thiruchirappalli,Thiruverumbur(Uzhavar Sandhai ),Snakeguard,Snakeguard,Local,2026-09-20 00:00:00,3600,3600,3600,0,0.00%,Valid,Normal,Normal
Tamil Nadu,Thiruchirappalli,Thiruverumbur(Uzhavar Sandhai ),Capsicum,Capsicum,Local,2026-09-20 00:00:00,5400,5400,5400,0,0.00%,Valid,Normal,Normal
Tamil Nadu,Thiruchirappalli,Thiruverumbur(Uzhavar Sandhai ),Mint(Pudina),Mint(Pudina),Local,2026-09-20 00:00:00,7000,7000,7000,0,0.00%,Valid,Normal,Normal
Tamil Nadu,Virudhunagar,Rajapalayam(Uzhavar Sandhai ),Cauliflower,Ranchi,Local,2026-09-20 00:00:00,3000,3500,3250,500,16.67%,Valid,Normal,Normal
Tamil Nadu,Virudhunagar,Rajapalayam(Uzhavar Sandhai ),Bottle gourd,Bottle Gourd,Local,2026-09-20 00:00:00,1500,2000,1750,500,33.33%,Valid,Normal,Normal
Tamil Nadu,Virudhunagar,Rajapalayam(Uzhavar Sandhai ),Green Chilli,Green Chilly,Local,2026-09-20 00:00:00,6000,6500,6250,500,8.33%,Valid,Normal,Normal
Tamil Nadu,Virudhunagar,Rajapalayam(Uzhavar Sandhai ),Coconut,Coconut,Local,2026-09-20 00:00:00,5000,6000,5500,1000,20.00%,Valid,Normal,Normal
Tamil Nadu,Virudhunagar,Rajapalayam(Uzhavar Sandhai ),Beetroot,Beetroot,Local,2026-09-20 00:00:00,4500,5200,4850,700,15.56%,Valid,Normal,Normal
Tamil Nadu,Virudhunagar,Rajapalayam(Uzhavar Sandhai ),Lime,Lime,Local,2026-09-20 00:00:00,18000,20000,19000,2000,11.11%,Valid,Normal,Normal
Tamil Nadu,Virudhunagar,Sathur(Uzhavar Sandhai ),Banana,Besrai,Local,2026-09-20 00:00:00,3500,4000,3750,500,14.29%,Valid,Normal,Normal
Tamil Nadu,Virudhunagar,Sathur(Uzhavar Sandhai ),Potato,Red Nanital,Local,2026-09-20 00:00:00,3500,4000,3750,500,14.29%,Valid,Normal,Normal
Tamil Nadu,Virudhunagar,Sathur(Uzhavar Sandhai ),Banana - Green,Banana - Green,Local,2026-09-20 00:00:00,3500,4000,3750,500,14.29%,Valid,Normal,Normal
Tamil Nadu,Virudhunagar,Sathur(Uzhavar Sandhai ),Beans,Beans (Whole),Local,2026-09-20 00:00:00,8000,9000,8500,1000,12.50%,Valid,Normal,Normal
Tamil Nadu,Virudhunagar,Sathur(Uzhavar Sandhai ),Beetroot,Beetroot,Local,2026-09-20 00:00:00,3500,4000,3750,500,14.29%,Valid,Normal,Normal
Tamil Nadu,Virudhunagar,Sathur(Uzhavar Sandhai ),Green Avare(W),Green Avare (W),Local,2026-09-20 00:00:00,8000,9000,8500,1000,12.50%,Valid,Normal,Normal
Tamil Nadu,Virudhunagar,Sathur(Uzhavar Sandhai ),Onion Green,Onion Green,Local,2026-09-20 00:00:00,6500,7000,6750,500,7.69%,Valid,Normal,Normal
Tamil Nadu,Virudhunagar,Thalavaipuram(Uzhavar Sandhai ),Banana,Besrai,Local,2026-09-20 00:00:00,3200,4000,3600,800,25.00%,Valid,Normal,Normal
Tamil Nadu,Virudhunagar,Thalavaipuram(Uzhavar Sandhai ),Cauliflower,Ranchi,Local,2026-09-20 00:00:00,2500,3000,2750,500,20.00%,Valid,Normal,Normal
Tamil Nadu,Virudhunagar,Thalavaipuram(Uzhavar Sandhai ),Bitter gourd,Other,Local,2026-09-20 00:00:00,7500,9000,8250,1500,20.00%,Valid,Normal,Normal
Tamil Nadu,Virudhunagar,Thalavaipuram(Uzhavar Sandhai ),Drumstick,Drumstick,Local,2026-09-20 00:00:00,5000,6000,5500,1000,20.00%,Valid,Normal,Normal
Tamil Nadu,Virudhunagar,Thalavaipuram(Uzhavar Sandhai ),Elephant Yam(Suran)/Amorphophallus,Elephant Yam (Suran),Local,2026-09-20 00:00:00,4000,5000,4500,1000,25.00%,Valid,Normal,Normal
Tamil Nadu,Virudhunagar,Thalavaipuram(Uzhavar Sandhai ),Lemon,Lemon,Local,2026-09-20 00:00:00,18000,22000,20000,4000,22.22%,Valid,Normal,Normal
Tamil Nadu,Virudhunagar,Virudhunagar(Uzhavar Sandhai ),Bitter gourd,Bitter Gourd,Local,2026-09-20 00:00:00,5600,5700,5650,100,1.79%,Valid,Normal,Normal
Tamil Nadu,Virudhunagar,Virudhunagar(Uzhavar Sandhai ),Bhindi(Ladies Finger),Bhindi,Local,2026-09-20 00:00:00,2700,2800,2750,100,3.70%,Valid,Normal,Normal
Tamil Nadu,Virudhunagar,Virudhunagar(Uzhavar Sandhai ),Amaranthus,Amaranthus,Local,2026-09-20 00:00:00,1400,1500,1450,100,7.14%,Valid,Normal,Normal
Tamil Nadu,Virudhunagar,Virudhunagar(Uzhavar Sandhai ),Banana - Green,Banana - Green,Local,2026-09-20 00:00:00,3100,3200,3150,100,3.23%,Valid,Normal,Normal
Tamil Nadu,Virudhunagar,Virudhunagar(Uzhavar Sandhai ),Cabbage,Cabbage,Local,2026-09-20 00:00:00,3300,3400,3350,100,3.03%,Valid,Normal,Normal
Tamil Nadu,Chengalpattu,Pallavaram(Uzhavar Sandhai ),Brinjal,Round,Local,2026-09-20 00:00:00,4000,5000,4500,1000,25.00%,Valid,Normal,Normal
Tamil Nadu,Chengalpattu,Pallavaram(Uzhavar Sandhai ),Groundnut,Big (With Shell),Local,2026-09-20 00:00:00,8000,9000,8500,1000,12.50%,Valid,Normal,Normal
Tamil Nadu,Chengalpattu,Pallavaram(Uzhavar Sandhai ),Onion,Bellary,Local,2026-09-20 00:00:00,5000,6000,5500,1000,20.00%,Valid,Normal,Normal
Tamil Nadu,Chengalpattu,Pallavaram(Uzhavar Sandhai ),Banana - Green,Banana - Green,Local,2026-09-20 00:00:00,3500,4000,3750,500,14.29%,Valid,Normal,Normal
Tamil Nadu,Chengalpattu,Pallavaram(Uzhavar Sandhai ),Beans,Beans (Whole),Local,2026-09-20 00:00:00,8000,9000,8500,1000,12.50%,Valid,Normal,Normal
Tamil Nadu,Chengalpattu,Pallavaram(Uzhavar Sandhai ),Sweet Potato,Hosur Red,Local,2026-09-20 00:00:00,5000,6000,5500,1000,20.00%,Valid,Normal,Normal
Tamil Nadu,Chengalpattu,Pallavaram(Uzhavar Sandhai ),Green Avare(W),Green Avare (W),Local,2026-09-20 00:00:00,6000,7000,6500,1000,16.67%,Valid,Normal,Normal
Tamil Nadu,Chengalpattu,Pallavaram(Uzhavar Sandhai ),Knool Khol,Knool Khol,Local,2026-09-20 00:00:00,4000,5000,4500,1000,25.00%,Valid,Normal,Normal
Tamil Nadu,Chengalpattu,Pallavaram(Uzhavar Sandhai ),Lemon,Lemon,Local,2026-09-20 00:00:00,23000,26000,24500,3000,13.04%,Valid,Normal,Normal
Tamil Nadu,Chengalpattu,Pallavaram(Uzhavar Sandhai ),Mint(Pudina),Mint(Pudina),Local,2026-09-20 00:00:00,3500,4000,3750,500,14.29%,Valid,Normal,Normal
Tamil Nadu,Nagercoil (Kannyiakumari),Myladi(Uzhavar Sandhai ),Cauliflower,Ranchi,Local,2026-09-20 00:00:00,5500,6000,5750,500,9.09%,Valid,Normal,Normal
Tamil Nadu,Nagercoil (Kannyiakumari),Myladi(Uzhavar Sandhai ),Amaranthus,Amaranthus,Local,2026-09-20 00:00:00,1200,1500,1350,300,25.00%,Valid,Normal,Normal
Tamil Nadu,Nagercoil (Kannyiakumari),Myladi(Uzhavar Sandhai ),Coconut,Coconut,Local,2026-09-20 00:00:00,5800,6000,5900,200,3.45%,Valid,Normal,Normal
Tamil Nadu,Nagercoil (Kannyiakumari),Myladi(Uzhavar Sandhai ),Cucumbar(Kheera),Cucumbar,Local,2026-09-20 00:00:00,2200,2500,2350,300,13.64%,Valid,Normal,Normal
Tamil Nadu,Villupuram,Tindivanam APMC,Banana,Besrai,Local,2026-09-20 00:00:00,5000,6000,5500,1000,20.00%,Valid,Normal,Normal
Tamil Nadu,Villupuram,Tindivanam APMC,Potato,Red Nanital,Local,2026-09-20 00:00:00,3800,3800,3800,0,0.00%,Valid,Normal,Normal
Tamil Nadu,Villupuram,Tindivanam APMC,Bottle gourd,Bottle Gourd,Local,2026-09-20 00:00:00,2000,2000,2000,0,0.00%,Valid,Normal,Normal
Tamil Nadu,Villupuram,Tindivanam APMC,Beans,Beans (Whole),Local,2026-09-20 00:00:00,11000,11000,11000,0,0.00%,Valid,Normal,Normal
Tamil Nadu,Villupuram,Tindivanam APMC,Ginger(Green),Green Ginger,Local,2026-09-20 00:00:00,9000,9000,9000,0,0.00%,Valid,Normal,Normal
Tamil Nadu,Villupuram,Tindivanam APMC,Ridgeguard(Tori),Ridgeguard(Tori),Local,2026-09-20 00:00:00,4000,4000,4000,0,0.00%,Valid,Normal,Normal
Tamil Nadu,Villupuram,Tindivanam APMC,Marigold(Calcutta),Marigold(Calcutta),Local,2026-09-20 00:00:00,25000,25000,25000,0,0.00%,Valid,Normal,Normal
Tamil Nadu,Villupuram,Ulundurpettai APMC,Cluster beans,Cluster Beans,Local,2026-09-20 00:00:00,5000,5000,5000,0,0.00%,Valid,Normal,Normal
Tamil Nadu,Villupuram,Ulundurpettai APMC,Ridgeguard(Tori),Ridgeguard(Tori),Local,2026-09-20 00:00:00,6000,6000,6000,0,0.00%,Valid,Normal,Normal
Tamil Nadu,Villupuram,Ulundurpettai APMC,Raddish,Raddish,Local,2026-09-20 00:00:00,5000,5000,5000,0,0.00%,Valid,Normal,Normal
Tamil Nadu,Villupuram,Ulundurpettai APMC,Thondekai,Thondekai,Local,2026-09-20 00:00:00,5000,5000,5000,0,0.00%,Valid,Normal,Normal
Tamil Nadu,Villupuram,Ulundurpettai APMC,Green Avare(W),Green Avare (W),Local,2026-09-20 00:00:00,12000,12000,12000,0,0.00%,Valid,Normal,Normal
Tamil Nadu,Villupuram,Ulundurpettai APMC,Mint(Pudina),Mint(Pudina),Local,2026-09-20 00:00:00,3000,3000,3000,0,0.00%,Valid,Normal,Normal
Uttar Pradesh,Fatehpur,Fatehpur APMC,Lemon,Other,FAQ,2026-09-20 00:00:00,4800,4800,4800,0,0.00%,Valid,Normal,Normal
Uttar Pradesh,Fatehpur,Fatehpur APMC,Potato,Other,FAQ,2026-09-20 00:00:00,700,710,702.63,10,1.43%,Valid,Normal,Normal
Uttar Pradesh,Jhansi,Jhansi APMC,Barley(Jau),Other,FAQ,2026-09-20 00:00:00,1685,1694,1690.07,9,0.53%,Valid,Normal,Normal
Uttar Pradesh,Kasganj,Kasganj APMC,Paddy(Common),Other,FAQ,2026-09-20 00:00:00,3550,3550,3550,0,0.00%,Valid,Normal,Normal
Uttar Pradesh,Kasganj,Kasganj APMC,Wheat,Medium,FAQ,2026-09-20 00:00:00,2602,2602,2602,0,0.00%,Valid,Normal,Normal
Gujarat,Amreli,Damnagar APMC,Bottle gourd,Bottle Gourd,Local,2026-09-20 00:00:00,3000,3000,3000,0,0.00%,Valid,Normal,Normal
Gujarat,Amreli,Damnagar APMC,Brinjal,Other,Local,2026-09-20 00:00:00,3000,3000,3000,0,0.00%,Valid,Normal,Normal
Gujarat,Amreli,Damnagar APMC,Coriander(Leaves),Coriander,Local,2026-09-20 00:00:00,4500,4500,4500,0,0.00%,Valid,Normal,Normal
Tamil Nadu,Madurai,Chokkikulam(Uzhavar Sandhai ),Groundnut,Big (With Shell),Local,2026-09-20 00:00:00,7000,8000,7500,1000,14.29%,Valid,Normal,Normal
Tamil Nadu,Madurai,Chokkikulam(Uzhavar Sandhai ),Pineapple,Pine Apple,Local,2026-09-20 00:00:00,6000,7000,6500,1000,16.67%,Valid,Normal,Normal
Tamil Nadu,Madurai,Chokkikulam(Uzhavar Sandhai ),Garlic,Garlic,Local,2026-09-20 00:00:00,14000,27000,20500,13000,92.86%,Valid,Normal,Normal
Tamil Nadu,Madurai,Chokkikulam(Uzhavar Sandhai ),Brinjal,Round,Local,2026-09-20 00:00:00,3600,4500,4050,900,25.00%,Valid,Normal,Normal
Tamil Nadu,Madurai,Chokkikulam(Uzhavar Sandhai ),Mousambi(Sweet Lime),Mousambi,Local,2026-09-20 00:00:00,6500,7000,6750,500,7.69%,Valid,Normal,Normal
Tamil Nadu,Madurai,Chokkikulam(Uzhavar Sandhai ),Cluster beans,Cluster Beans,Local,2026-09-20 00:00:00,3600,4000,3800,400,11.11%,Valid,Normal,Normal
Tamil Nadu,Madurai,Chokkikulam(Uzhavar Sandhai ),Bhindi(Ladies Finger),Bhindi,Local,2026-09-20 00:00:00,2800,3200,3000,400,14.29%,Valid,Normal,Normal
Tamil Nadu,Madurai,Chokkikulam(Uzhavar Sandhai ),Amaranthus,Amaranthus,Local,2026-09-20 00:00:00,3000,3600,3300,600,20.00%,Valid,Normal,Normal
Tamil Nadu,Madurai,Chokkikulam(Uzhavar Sandhai ),Cabbage,Cabbage,Local,2026-09-20 00:00:00,2600,3000,2800,400,15.38%,Valid,Normal,Normal
Tamil Nadu,Madurai,Chokkikulam(Uzhavar Sandhai ),Raddish,Raddish,Local,2026-09-20 00:00:00,2400,2800,2600,400,16.67%,Valid,Normal,Normal
Tamil Nadu,Madurai,Chokkikulam(Uzhavar Sandhai ),Pomegranate,Pomogranate,Local,2026-09-20 00:00:00,20000,23000,21500,3000,15.00%,Valid,Normal,Normal
Tamil Nadu,Madurai,Chokkikulam(Uzhavar Sandhai ),Mashrooms,Mashrooms,Local,2026-09-20 00:00:00,30000,35000,32500,5000,16.67%,Valid,Normal,Normal
Tamil Nadu,Madurai,Chokkikulam(Uzhavar Sandhai ),Onion Green,Onion Green,Local,2026-09-20 00:00:00,8000,9000,8500,1000,12.50%,Valid,Normal,Normal
Uttar Pradesh,Ghaziabad,Noida APMC,Capsicum,Other,FAQ,2026-09-20 00:00:00,3500,3500,3500,0,0.00%,Valid,Normal,Normal
Uttar Pradesh,Ghaziabad,Noida APMC,Tomato,Other,FAQ,2026-09-20 00:00:00,2500,4000,2567.9,1500,60.00%,Valid,Normal,Normal
Uttar Pradesh,Bulandshahar,Sikanderabad APMC,Tomato,Other,FAQ,2026-09-20 00:00:00,2000,2000,2000,0,0.00%,Valid,Normal,Normal
Andhra Pradesh,Prakasam,Ongole APMC,Paddy(Common),B P T,Local,2026-09-20 00:00:00,2500,2500,2500,0,0.00%,Valid,Normal,Normal
Uttar Pradesh,Kanpur,Kanpur(Grain) APMC,Sweet Saag,Other,FAQ,2026-09-20 00:00:00,17105,17105,17105,0,0.00%,Valid,Normal,Normal
Uttar Pradesh,Kanpur,Kanpur(Grain) APMC,Tomato,Other,FAQ,2026-09-20 00:00:00,2100,2100,2100,0,0.00%,Valid,Normal,Normal
Uttarakhand,Haridwar,Roorkee APMC,Bitter gourd,Other,Local,2026-09-20 00:00:00,650,850,750,200,30.77%,Valid,Normal,Normal
Uttarakhand,Haridwar,Roorkee APMC,Banana,Other,Medium,2026-09-20 00:00:00,800,1200,1000,400,50.00%,Valid,Normal,Normal
Uttarakhand,Haridwar,Roorkee APMC,Bhindi(Ladies Finger),Other,Local,2026-09-20 00:00:00,1000,1600,1300,600,60.00%,Valid,Normal,Normal
Maharashtra,Pune,Pune(Moshi),Seetapal,Other,Local,2026-09-20 00:00:00,5000,5000,5000,0,0.00%,Valid,Normal,Normal
Maharashtra,Pune,Pune(Moshi),Beetroot,Other,Local,2026-09-20 00:00:00,2000,2500,2250,500,25.00%,Valid,Normal,Normal
Maharashtra,Pune,Pune(Moshi),Bhindi(Ladies Finger),Other,Local,2026-09-20 00:00:00,1000,2000,1500,1000,100.00%,Valid,Normal,Normal
Maharashtra,Pune,Pune(Moshi),Tomato,Local,Local,2026-09-20 00:00:00,1000,1500,1250,500,50.00%,Valid,Normal,Normal
Maharashtra,Pune,Pune(Moshi),Little gourd(Kundru),Other,Local,2026-09-20 00:00:00,3500,3500,3500,0,0.00%,Valid,Normal,Normal
Maharashtra,Raigad,APMC Alibagh,Rice,Other,Local,2026-09-20 00:00:00,4000,4500,4250,500,12.50%,Valid,Normal,Normal
Tamil Nadu,Erode,Thalavadi(Uzhavar Sandhai ),Onion,Bellary,Local,2026-09-20 00:00:00,5500,6000,5750,500,9.09%,Valid,Normal,Normal
Tamil Nadu,Erode,Thalavadi(Uzhavar Sandhai ),Potato,Red Nanital,Local,2026-09-20 00:00:00,3500,4000,3750,500,14.29%,Valid,Normal,Normal
Tamil Nadu,Erode,Thalavadi(Uzhavar Sandhai ),Tomato,Other,Local,2026-09-20 00:00:00,2000,2500,2250,500,25.00%,Valid,Normal,Normal
Tamil Nadu,Erode,Thalavadi(Uzhavar Sandhai ),Beans,Beans (Whole),Local,2026-09-20 00:00:00,7000,8000,7500,1000,14.29%,Valid,Normal,Normal
Tamil Nadu,Erode,Thalavadi(Uzhavar Sandhai ),Tapioca,Tapioca,Local,2026-09-20 00:00:00,2500,3000,2750,500,20.00%,Valid,Normal,Normal
Tamil Nadu,Erode,Thalavadi(Uzhavar Sandhai ),Carrot,Pusakesar,Local,2026-09-20 00:00:00,5000,6000,5500,1000,20.00%,Valid,Normal,Normal
Tamil Nadu,Erode,Thalavadi(Uzhavar Sandhai ),Cabbage,Cabbage,Local,2026-09-20 00:00:00,1400,1800,1600,400,28.57%,Valid,Normal,Normal
Tamil Nadu,Erode,Thalavadi(Uzhavar Sandhai ),Green Avare(W),Other,Local,2026-09-20 00:00:00,4000,4500,4250,500,12.50%,Valid,Normal,Normal
Tamil Nadu,Erode,Thalavadi(Uzhavar Sandhai ),Lemon,Lemon,Local,2026-09-20 00:00:00,10000,11000,10500,1000,10.00%,Valid,Normal,Normal
Tamil Nadu,Cuddalore,Viruthachalam(Uzhavar Sandhai ),Onion,Bellary,Local,2026-09-20 00:00:00,5500,5500,5500,0,0.00%,Valid,Normal,Normal
Tamil Nadu,Cuddalore,Viruthachalam(Uzhavar Sandhai ),Tomato,Deshi,Local,2026-09-20 00:00:00,3000,3000,3000,0,0.00%,Valid,Normal,Normal
Tamil Nadu,Cuddalore,Viruthachalam(Uzhavar Sandhai ),Cluster beans,Cluster Beans,Local,2026-09-20 00:00:00,4000,4000,4000,0,0.00%,Valid,Normal,Normal
Tamil Nadu,Cuddalore,Viruthachalam(Uzhavar Sandhai ),Bitter gourd,Bitter Gourd,Local,2026-09-20 00:00:00,5000,5000,5000,0,0.00%,Valid,Normal,Normal
Tamil Nadu,Cuddalore,Viruthachalam(Uzhavar Sandhai ),Amaranthus,Amaranthus,Local,2026-09-20 00:00:00,2000,2500,2250,500,25.00%,Valid,Normal,Normal
Tamil Nadu,Cuddalore,Viruthachalam(Uzhavar Sandhai ),Banana - Green,Banana - Green,Local,2026-09-20 00:00:00,2500,3000,2750,500,20.00%,Valid,Normal,Normal
Tamil Nadu,Cuddalore,Viruthachalam(Uzhavar Sandhai ),Chow Chow,Chow Chow,Local,2026-09-20 00:00:00,4000,4000,4000,0,0.00%,Valid,Normal,Normal
Tamil Nadu,Cuddalore,Viruthachalam(Uzhavar Sandhai ),Lemon,Lemon,Local,2026-09-20 00:00:00,15000,15000,15000,0,0.00%,Valid,Normal,Normal
Tamil Nadu,Krishnagiri,Krishnagiri(Uzhavar Sandhai ),Tomato,Deshi,Local,2026-09-20 00:00:00,2000,2400,2200,400,20.00%,Valid,Normal,Normal
Tamil Nadu,Krishnagiri,Krishnagiri(Uzhavar Sandhai ),Cluster beans,Cluster Beans,Local,2026-09-20 00:00:00,2600,3000,2800,400,15.38%,Valid,Normal,Normal
Tamil Nadu,Krishnagiri,Krishnagiri(Uzhavar Sandhai ),Bitter gourd,Bitter Gourd,Local,2026-09-20 00:00:00,2500,3000,2750,500,20.00%,Valid,Normal,Normal
Tamil Nadu,Krishnagiri,Krishnagiri(Uzhavar Sandhai ),Green Chilli,Green Chilly,Local,2026-09-20 00:00:00,3600,4000,3800,400,11.11%,Valid,Normal,Normal
Tamil Nadu,Krishnagiri,Krishnagiri(Uzhavar Sandhai ),Ginger(Green),Green Ginger,Local,2026-09-20 00:00:00,16000,18000,17000,2000,12.50%,Valid,Normal,Normal
Tamil Nadu,Krishnagiri,Krishnagiri(Uzhavar Sandhai ),Carrot,Pusakesar,Local,2026-09-20 00:00:00,7000,7500,7250,500,7.14%,Valid,Normal,Normal
Tamil Nadu,Krishnagiri,Krishnagiri(Uzhavar Sandhai ),Snakeguard,Snakeguard,Local,2026-09-20 00:00:00,2500,3000,2750,500,20.00%,Valid,Normal,Normal
Tamil Nadu,Krishnagiri,Krishnagiri(Uzhavar Sandhai ),Beetroot,Beetroot,Local,2026-09-20 00:00:00,4000,4500,4250,500,12.50%,Valid,Normal,Normal
Tamil Nadu,Krishnagiri,Krishnagiri(Uzhavar Sandhai ),Capsicum,Capsicum,Local,2026-09-20 00:00:00,4500,5000,4750,500,11.11%,Valid,Normal,Normal
Tamil Nadu,Krishnagiri,Krishnagiri(Uzhavar Sandhai ),Drumstick,Drumstick,Local,2026-09-20 00:00:00,3000,4000,3500,1000,33.33%,Valid,Normal,Normal
Tamil Nadu,Krishnagiri,Krishnagiri(Uzhavar Sandhai ),Tender Coconut,Tender Coconut,Local,2026-09-20 00:00:00,3500,4000,3750,500,14.29%,Valid,Normal,Normal
Tamil Nadu,Krishnagiri,Krishnagiri(Uzhavar Sandhai ),Mint(Pudina),Mint(Pudina),Local,2026-09-20 00:00:00,2000,2500,2250,500,25.00%,Valid,Normal,Normal
Tamil Nadu,Nagapattinam,Nagapattinam(Uzhavar Sandhai ),Banana,Poovan,Local,2026-09-20 00:00:00,3700,4400,4050,700,18.92%,Valid,Normal,Normal
Tamil Nadu,Nagapattinam,Nagapattinam(Uzhavar Sandhai ),Bottle gourd,Bottle Gourd,Local,2026-09-20 00:00:00,3200,3200,3200,0,0.00%,Valid,Normal,Normal
Tamil Nadu,Nagapattinam,Nagapattinam(Uzhavar Sandhai ),Coconut,Coconut,Local,2026-09-20 00:00:00,5000,5500,5250,500,10.00%,Valid,Normal,Normal
Tamil Nadu,Nagapattinam,Nagapattinam(Uzhavar Sandhai ),Ridgeguard(Tori),Ridgeguard(Tori),Local,2026-09-20 00:00:00,5000,5500,5250,500,10.00%,Valid,Normal,Normal
Uttar Pradesh,Ghazipur,Saidpur APMC,Rice,Common,FAQ,2026-09-20 00:00:00,3500,3500,3500,0,0.00%,Valid,Normal,Normal
Tamil Nadu,Pudukkottai,Pudukottai(Uzhavar Sandhai ),Brinjal,Round,Local,2026-09-20 00:00:00,7000,7500,7250,500,7.14%,Valid,Normal,Normal
Tamil Nadu,Pudukkottai,Pudukottai(Uzhavar Sandhai ),Cauliflower,Ranchi,Local,2026-09-20 00:00:00,5000,6000,5500,1000,20.00%,Valid,Normal,Normal
Tamil Nadu,Pudukkottai,Pudukottai(Uzhavar Sandhai ),Tapioca,Tapioca,Local,2026-09-20 00:00:00,3000,4000,3500,1000,33.33%,Valid,Normal,Normal
Tamil Nadu,Pudukkottai,Pudukottai(Uzhavar Sandhai ),Ridgeguard(Tori),Ridgeguard(Tori),Local,2026-09-20 00:00:00,6000,7000,6500,1000,16.67%,Valid,Normal,Normal
Tamil Nadu,The Nilgiris,Udhagamandalam(Uzhavar Sandhai ),Pineapple,Pine Apple,Local,2026-09-20 00:00:00,8000,9000,8500,1000,12.50%,Valid,Normal,Normal
Tamil Nadu,The Nilgiris,Udhagamandalam(Uzhavar Sandhai ),Grapes,Annabesahai,Local,2026-09-20 00:00:00,9000,10000,9500,1000,11.11%,Valid,Normal,Normal
Tamil Nadu,The Nilgiris,Udhagamandalam(Uzhavar Sandhai ),Pumpkin,Pumpkin,Local,2026-09-20 00:00:00,1500,2000,1750,500,33.33%,Valid,Normal,Normal
Tamil Nadu,The Nilgiris,Udhagamandalam(Uzhavar Sandhai ),Banana - Green,Banana - Green,Local,2026-09-20 00:00:00,4000,4500,4250,500,12.50%,Valid,Normal,Normal
Tamil Nadu,The Nilgiris,Udhagamandalam(Uzhavar Sandhai ),Coconut,Coconut,Local,2026-09-20 00:00:00,6000,6500,6250,500,8.33%,Valid,Normal,Normal
Tamil Nadu,The Nilgiris,Udhagamandalam(Uzhavar Sandhai ),Sweet Potato,Hosur Red,Local,2026-09-20 00:00:00,4000,4500,4250,500,12.50%,Valid,Normal,Normal
Tamil Nadu,The Nilgiris,Udhagamandalam(Uzhavar Sandhai ),Capsicum,Capsicum,Local,2026-09-20 00:00:00,5000,6000,5500,1000,20.00%,Valid,Normal,Normal
Tamil Nadu,The Nilgiris,Udhagamandalam(Uzhavar Sandhai ),Chow Chow,Chow Chow,Local,2026-09-20 00:00:00,2000,2500,2250,500,25.00%,Valid,Normal,Normal
Tamil Nadu,The Nilgiris,Udhagamandalam(Uzhavar Sandhai ),Drumstick,Drumstick,Local,2026-09-20 00:00:00,3000,3400,3200,400,13.33%,Valid,Normal,Normal
Tamil Nadu,The Nilgiris,Udhagamandalam(Uzhavar Sandhai ),Mango(Raw-Ripe),Mango - Raw-Ripe,Local,2026-09-20 00:00:00,9000,10000,9500,1000,11.11%,Valid,Normal,Normal
Tamil Nadu,The Nilgiris,Udhagamandalam(Uzhavar Sandhai ),Pomegranate,Pomogranate,Local,2026-09-20 00:00:00,13000,15000,14000,2000,15.38%,Valid,Normal,Normal
Tamil Nadu,The Nilgiris,Udhagamandalam(Uzhavar Sandhai ),Onion Green,Onion Green,Local,2026-09-20 00:00:00,9000,9500,9250,500,5.56%,Valid,Normal,Normal
Tamil Nadu,Theni,Bodinayakanur(Uzhavar Sandhai ),Papaya,Papaya,Local,2026-09-20 00:00:00,3000,3000,3000,0,0.00%,Valid,Normal,Normal
Tamil Nadu,Theni,Bodinayakanur(Uzhavar Sandhai ),Tomato,Deshi,Local,2026-09-20 00:00:00,2400,2400,2400,0,0.00%,Valid,Normal,Normal
Tamil Nadu,Theni,Bodinayakanur(Uzhavar Sandhai ),Banana - Green,Banana - Green,Local,2026-09-20 00:00:00,3600,3600,3600,0,0.00%,Valid,Normal,Normal
Bihar,Sheikhpura,Barbigha APMC,Wheat,147 Average,FAQ,2026-09-20 00:00:00,2585,2720,2640,135,5.22%,Valid,Normal,Normal
Tamil Nadu,Villupuram,Gingee(Uzhavar Sandhai ),Potato,Red Nanital,Local,2026-09-20 00:00:00,4000,4000,4000,0,0.00%,Valid,Normal,Normal
Tamil Nadu,Villupuram,Gingee(Uzhavar Sandhai ),Bottle gourd,Bottle Gourd,Local,2026-09-20 00:00:00,2500,2500,2500,0,0.00%,Valid,Normal,Normal
Tamil Nadu,Villupuram,Gingee(Uzhavar Sandhai ),Amaranthus,Amaranthus,Local,2026-09-20 00:00:00,4000,5000,4500,1000,25.00%,Valid,Normal,Normal
Tamil Nadu,Villupuram,Gingee(Uzhavar Sandhai ),Banana - Green,Banana - Green,Local,2026-09-20 00:00:00,4000,4000,4000,0,0.00%,Valid,Normal,Normal
Tamil Nadu,Villupuram,Gingee(Uzhavar Sandhai ),Coconut,Coconut,Local,2026-09-20 00:00:00,6000,6000,6000,0,0.00%,Valid,Normal,Normal
Tamil Nadu,Villupuram,Gingee(Uzhavar Sandhai ),Snakeguard,Snakeguard,Local,2026-09-20 00:00:00,3000,3000,3000,0,0.00%,Valid,Normal,Normal
Tamil Nadu,Villupuram,Gingee(Uzhavar Sandhai ),Tender Coconut,Tender Coconut,Local,2026-09-20 00:00:00,3500,4000,3750,500,14.29%,Valid,Normal,Normal
Tamil Nadu,Villupuram,Gingee(Uzhavar Sandhai ),Amla(Nelli Kai),Amla,Local,2026-09-20 00:00:00,9000,10000,9500,1000,11.11%,Valid,Normal,Normal
Tamil Nadu,Villupuram,Gingee(Uzhavar Sandhai ),Mint(Pudina),Mint(Pudina),Local,2026-09-20 00:00:00,4000,4000,4000,0,0.00%,Valid,Normal,Normal
Tamil Nadu,Thiruvarur,Valangaiman APMC,Cluster beans,Cluster Beans,Local,2026-09-20 00:00:00,4000,4000,4000,0,0.00%,Valid,Normal,Normal
Tamil Nadu,Thiruvarur,Valangaiman APMC,Banana - Green,Banana - Green,Local,2026-09-20 00:00:00,4000,4000,4000,0,0.00%,Valid,Normal,Normal
Tamil Nadu,Thiruvarur,Valangaiman APMC,Raddish,Raddish,Local,2026-09-20 00:00:00,3000,3000,3000,0,0.00%,Valid,Normal,Normal
Andhra Pradesh,Srikakulam,Ichapuram APMC,Paddy(Common),Sannalu,Local,2026-09-20 00:00:00,2369,2369,2369,0,0.00%,Valid,Normal,Normal
Tamil Nadu,Virudhunagar,Kariyapatti(Uzhavar Sandhai ),Tomato,Deshi,Local,2026-09-20 00:00:00,2000,2500,2250,500,25.00%,Valid,Normal,Normal
Tamil Nadu,Virudhunagar,Kariyapatti(Uzhavar Sandhai ),Bottle gourd,Bottle Gourd,Local,2026-09-20 00:00:00,1800,2000,1900,200,11.11%,Valid,Normal,Normal
Tamil Nadu,Virudhunagar,Kariyapatti(Uzhavar Sandhai ),Ashgourd,Gouard,Local,2026-09-20 00:00:00,2000,2500,2250,500,25.00%,Valid,Normal,Normal
Tamil Nadu,Virudhunagar,Kariyapatti(Uzhavar Sandhai ),Beans,Beans (Whole),Local,2026-09-20 00:00:00,9000,10000,9500,1000,11.11%,Valid,Normal,Normal
Tamil Nadu,Virudhunagar,Kariyapatti(Uzhavar Sandhai ),Cabbage,Cabbage,Local,2026-09-20 00:00:00,3500,4000,3750,500,14.29%,Valid,Normal,Normal
Tamil Nadu,Virudhunagar,Kariyapatti(Uzhavar Sandhai ),Yam(Ratalu),Yam (Ratalu),Local,2026-09-20 00:00:00,6500,7000,6750,500,7.69%,Valid,Normal,Normal
Tamil Nadu,Virudhunagar,Kariyapatti(Uzhavar Sandhai ),Mint(Pudina),Mint(Pudina),Local,2026-09-20 00:00:00,6500,7000,6750,500,7.69%,Valid,Normal,Normal
Tamil Nadu,Vellore,Katpadi (Uzhavar Sandhai ),Apple,American,Local,2026-09-20 00:00:00,26000,26000,26000,0,0.00%,Valid,Normal,Normal
Tamil Nadu,Vellore,Katpadi (Uzhavar Sandhai ),Papaya,Papaya,Local,2026-09-20 00:00:00,4500,5000,4750,500,11.11%,Valid,Normal,Normal
Tamil Nadu,Vellore,Katpadi (Uzhavar Sandhai ),Mousambi(Sweet Lime),Mousambi,Local,2026-09-20 00:00:00,8000,8000,8000,0,0.00%,Valid,Normal,Normal
Tamil Nadu,Vellore,Katpadi (Uzhavar Sandhai ),Tomato,Deshi,Local,2026-09-20 00:00:00,2800,3000,2900,200,7.14%,Valid,Normal,Normal
Tamil Nadu,Vellore,Katpadi (Uzhavar Sandhai ),Bitter gourd,Bitter Gourd,Local,2026-09-20 00:00:00,3000,4000,3500,1000,33.33%,Valid,Normal,Normal
Tamil Nadu,Vellore,Katpadi (Uzhavar Sandhai ),Green Chilli,Green Chilly,Local,2026-09-20 00:00:00,5000,5000,5000,0,0.00%,Valid,Normal,Normal
Tamil Nadu,Vellore,Katpadi (Uzhavar Sandhai ),Cabbage,Cabbage,Local,2026-09-20 00:00:00,2500,2500,2500,0,0.00%,Valid,Normal,Normal
Tamil Nadu,Vellore,Katpadi (Uzhavar Sandhai ),Green Avare(W),Green Avare (W),Local,2026-09-20 00:00:00,6000,6000,6000,0,0.00%,Valid,Normal,Normal
Tamil Nadu,Madurai,Thirumangalam(Uzhavar Sandhai ),Tomato,Deshi,Local,2026-09-20 00:00:00,2500,2800,2650,300,12.00%,Valid,Normal,Normal
Tamil Nadu,Madurai,Thirumangalam(Uzhavar Sandhai ),Coconut,Coconut,Local,2026-09-20 00:00:00,6000,7000,6500,1000,16.67%,Valid,Normal,Normal
Tamil Nadu,Madurai,Melur(Uzhavar Sandhai ),Banana,Besrai,Local,2026-09-20 00:00:00,4000,5000,4500,1000,25.00%,Valid,Normal,Normal
Tamil Nadu,Madurai,Melur(Uzhavar Sandhai ),Chikoos(Sapota),Sapota,Local,2026-09-20 00:00:00,4000,6000,5000,2000,50.00%,Valid,Normal,Normal
Tamil Nadu,Madurai,Melur(Uzhavar Sandhai ),Cluster beans,Cluster Beans,Local,2026-09-20 00:00:00,3600,4000,3800,400,11.11%,Valid,Normal,Normal
Tamil Nadu,Madurai,Melur(Uzhavar Sandhai ),Tapioca,Tapioca,Local,2026-09-20 00:00:00,3600,4000,3800,400,11.11%,Valid,Normal,Normal
Tamil Nadu,Madurai,Melur(Uzhavar Sandhai ),Snakeguard,Snakeguard,Local,2026-09-20 00:00:00,3600,4000,3800,400,11.11%,Valid,Normal,Normal
Tamil Nadu,Madurai,Melur(Uzhavar Sandhai ),Cucumbar(Kheera),Cucumbar,Local,2026-09-20 00:00:00,4000,5000,4500,1000,25.00%,Valid,Normal,Normal
Tamil Nadu,Madurai,Melur(Uzhavar Sandhai ),Ridgeguard(Tori),Ridgeguard(Tori),Local,2026-09-20 00:00:00,4000,4500,4250,500,12.50%,Valid,Normal,Normal
Tamil Nadu,Karur,Gandhigramam(Uzhavar Sandhai),Bhindi(Ladies Finger),Bhindi,Local,2026-09-20 00:00:00,3500,4000,3750,500,14.29%,Valid,Normal,Normal
Tamil Nadu,Karur,Gandhigramam(Uzhavar Sandhai),Beans,Beans (Whole),Local,2026-09-20 00:00:00,7000,8000,7500,1000,14.29%,Valid,Normal,Normal
Tamil Nadu,Karur,Gandhigramam(Uzhavar Sandhai),Tapioca,Tapioca,Local,2026-09-20 00:00:00,3000,3500,3250,500,16.67%,Valid,Normal,Normal
Tamil Nadu,Karur,Gandhigramam(Uzhavar Sandhai),Thondekai,Thondekai,Local,2026-09-20 00:00:00,4500,5000,4750,500,11.11%,Valid,Normal,Normal
Tamil Nadu,Karur,Gandhigramam(Uzhavar Sandhai),Drumstick,Drumstick,Local,2026-09-20 00:00:00,2500,3000,2750,500,20.00%,Valid,Normal,Normal
Tamil Nadu,Karur,Gandhigramam(Uzhavar Sandhai),Elephant Yam(Suran)/Amorphophallus,Elephant Yam (Suran),Local,2026-09-20 00:00:00,4000,5000,4500,1000,25.00%,Valid,Normal,Normal
Tamil Nadu,Karur,Gandhigramam(Uzhavar Sandhai),Baby Corn,Baby Corn,Grade A,2026-09-20 00:00:00,3500,4000,3750,500,14.29%,Valid,Normal,Normal
Karnataka,Bengaluru South,Ramanagara APMC,Tomato,Tomato,Local,2026-09-20 00:00:00,1500,2300,2000,800,53.33%,Valid,Normal,Normal
Karnataka,Bengaluru South,Ramanagara APMC,Green Chilli,Green Chilly,Local,2026-09-20 00:00:00,3000,5000,4000,2000,66.67%,Valid,Normal,Normal
Karnataka,Bengaluru South,Ramanagara APMC,Carrot,Carrot,Local,2026-09-20 00:00:00,3000,4500,4000,1500,50.00%,Valid,Normal,Normal
Karnataka,Bengaluru South,Ramanagara APMC,Ridgeguard(Tori),Ridgeguard(Tori),Local,2026-09-20 00:00:00,2000,3200,2400,1200,60.00%,Valid,Normal,Normal
Karnataka,Bengaluru South,Ramanagara APMC,Seemebadnekai,Seemebadanekai,Local,2026-09-20 00:00:00,2000,2600,2400,600,30.00%,Valid,Normal,Normal
Karnataka,Bengaluru South,Ramanagara APMC,Knool Khol,Knool Khol,Local,2026-09-20 00:00:00,2400,3500,3000,1100,45.83%,Valid,Normal,Normal
Tamil Nadu,Pudukkottai,Aranthangi(Uzhavar Sandhai ),Bottle gourd,Bottle Gourd,Local,2026-09-20 00:00:00,1500,2000,1750,500,33.33%,Valid,Normal,Normal
Tamil Nadu,Pudukkottai,Aranthangi(Uzhavar Sandhai ),Ashgourd,Gouard,Local,2026-09-20 00:00:00,1000,1500,1250,500,50.00%,Valid,Normal,Normal
Tamil Nadu,Pudukkottai,Aranthangi(Uzhavar Sandhai ),Snakeguard,Snakeguard,Local,2026-09-20 00:00:00,3000,3500,3250,500,16.67%,Valid,Normal,Normal
Tamil Nadu,Nagapattinam,Vedaranyam(Uzhavar Sandhai),Bottle gourd,Bottle Gourd,Local,2026-09-20 00:00:00,2800,3000,2900,200,7.14%,Valid,Normal,Normal
Tamil Nadu,Nagapattinam,Vedaranyam(Uzhavar Sandhai),Ashgourd,Gouard,Local,2026-09-20 00:00:00,2500,2600,2550,100,4.00%,Valid,Normal,Normal
Tamil Nadu,Nagapattinam,Vedaranyam(Uzhavar Sandhai),Ginger(Green),Green Ginger,Local,2026-09-20 00:00:00,14500,15000,14750,500,3.45%,Valid,Normal,Normal
Tamil Nadu,Nagapattinam,Vedaranyam(Uzhavar Sandhai),Ridgeguard(Tori),Ridgeguard(Tori),Local,2026-09-20 00:00:00,3200,3500,3350,300,9.38%,Valid,Normal,Normal
Tamil Nadu,Nagapattinam,Vedaranyam(Uzhavar Sandhai),Lemon,Lemon,Local,2026-09-20 00:00:00,8500,9000,8750,500,5.88%,Valid,Normal,Normal
Tamil Nadu,Vellore,Perampet(Uzhavar Sandhai),Onion,Bellary,Local,2026-09-20 00:00:00,5000,6000,5500,1000,20.00%,Valid,Normal,Normal
Tamil Nadu,Vellore,Perampet(Uzhavar Sandhai),Garlic,Garlic,Local,2026-09-20 00:00:00,22000,23000,22500,1000,4.55%,Valid,Normal,Normal
Tamil Nadu,Vellore,Perampet(Uzhavar Sandhai),Bitter gourd,Bitter Gourd,Local,2026-09-20 00:00:00,4000,4500,4250,500,12.50%,Valid,Normal,Normal
Tamil Nadu,Vellore,Perampet(Uzhavar Sandhai),Ashgourd,Gouard,Local,2026-09-20 00:00:00,2400,2400,2400,0,0.00%,Valid,Normal,Normal
Tamil Nadu,Vellore,Perampet(Uzhavar Sandhai),Amaranthus,Amaranthus,Local,2026-09-20 00:00:00,4000,4000,4000,0,0.00%,Valid,Normal,Normal
Tamil Nadu,Vellore,Perampet(Uzhavar Sandhai),Ginger(Green),Green Ginger,Local,2026-09-20 00:00:00,18000,19000,18500,1000,5.56%,Valid,Normal,Normal
Tamil Nadu,Vellore,Perampet(Uzhavar Sandhai),Raddish,Raddish,Local,2026-09-20 00:00:00,3000,3000,3000,0,0.00%,Valid,Normal,Normal
Tamil Nadu,Vellore,Perampet(Uzhavar Sandhai),Green Avare(W),Green Avare (W),Local,2026-09-20 00:00:00,6000,6600,6300,600,10.00%,Valid,Normal,Normal
Tamil Nadu,Vellore,Perampet(Uzhavar Sandhai),Lemon,Lemon,Local,2026-09-20 00:00:00,12000,13000,12500,1000,8.33%,Valid,Normal,Normal
Tamil Nadu,Vellore,Perampet(Uzhavar Sandhai),Amla(Nelli Kai),Amla,Local,2026-09-20 00:00:00,10000,10000,10000,0,0.00%,Valid,Normal,Normal
Madhya Pradesh,Badwani,Sendhwa(F&V) APMC,Green Chilli,Green Chilly,Medium,2026-09-20 00:00:00,900,1200,1100,300,33.33%,Valid,Normal,Normal
Madhya Pradesh,Badwani,Sendhwa(F&V) APMC,Bhindi(Ladies Finger),Bhindi,Local,2026-09-20 00:00:00,700,1000,800,300,42.86%,Valid,Normal,Normal
Tamil Nadu,Karur,Kulithalai(Uzhavar Sandhai ),Papaya,Papaya,Local,2026-09-20 00:00:00,2500,3000,2750,500,20.00%,Valid,Normal,Normal
Tamil Nadu,Karur,Kulithalai(Uzhavar Sandhai ),Ginger(Green),Green Ginger,Local,2026-09-20 00:00:00,18500,19000,18750,500,2.70%,Valid,Normal,Normal
Tamil Nadu,Karur,Kulithalai(Uzhavar Sandhai ),Coconut,Coconut,Local,2026-09-20 00:00:00,6000,6500,6250,500,8.33%,Valid,Normal,Normal
Tamil Nadu,Karur,Kulithalai(Uzhavar Sandhai ),Betal Leaves,Mysore,Local,2026-09-20 00:00:00,9000,10000,9500,1000,11.11%,Valid,Normal,Normal
Tamil Nadu,Karur,Kulithalai(Uzhavar Sandhai ),Cabbage,Cabbage,Local,2026-09-20 00:00:00,3000,3200,3100,200,6.67%,Valid,Normal,Normal
Tamil Nadu,Karur,Kulithalai(Uzhavar Sandhai ),Ridgeguard(Tori),Ridgeguard(Tori),Local,2026-09-20 00:00:00,5000,5400,5200,400,8.00%,Valid,Normal,Normal
Tamil Nadu,Karur,Kulithalai(Uzhavar Sandhai ),Green Avare(W),Other,Local,2026-09-20 00:00:00,7000,9000,8000,2000,28.57%,Valid,Normal,Normal
Tamil Nadu,Karur,Kulithalai(Uzhavar Sandhai ),Drumstick,Drumstick,Local,2026-09-20 00:00:00,3000,3500,3250,500,16.67%,Valid,Normal,Normal
Tamil Nadu,Karur,Kulithalai(Uzhavar Sandhai ),Knool Khol,Knool Khol,Local,2026-09-20 00:00:00,5500,6000,5750,500,9.09%,Valid,Normal,Normal
Tamil Nadu,Karur,Kulithalai(Uzhavar Sandhai ),Yam(Ratalu),Yam (Ratalu),Local,2026-09-20 00:00:00,7000,8000,7500,1000,14.29%,Valid,Normal,Normal
Tamil Nadu,Karur,Kulithalai(Uzhavar Sandhai ),Mashrooms,Mashrooms,Local,2026-09-20 00:00:00,24000,26000,25000,2000,8.33%,Valid,Normal,Normal
Tamil Nadu,Thirupur,Dharapuram(Uzhavar Sandhai ),Papaya,Papaya,Local,2026-09-20 00:00:00,2500,3000,2750,500,20.00%,Valid,Normal,Normal
Tamil Nadu,Thirupur,Dharapuram(Uzhavar Sandhai ),Ashgourd,Gouard,Local,2026-09-20 00:00:00,2000,2500,2250,500,25.00%,Valid,Normal,Normal
Tamil Nadu,Thirupur,Dharapuram(Uzhavar Sandhai ),Amaranthus,Amaranthus,Local,2026-09-20 00:00:00,2000,2500,2250,500,25.00%,Valid,Normal,Normal
Tamil Nadu,Thirupur,Dharapuram(Uzhavar Sandhai ),Ginger(Green),Green Ginger,Local,2026-09-20 00:00:00,16000,18000,17000,2000,12.50%,Valid,Normal,Normal
Tamil Nadu,Thirupur,Dharapuram(Uzhavar Sandhai ),Chow Chow,Chow Chow,Local,2026-09-20 00:00:00,3000,3500,3250,500,16.67%,Valid,Normal,Normal
Tamil Nadu,Thirupur,Dharapuram(Uzhavar Sandhai ),Drumstick,Drumstick,Local,2026-09-20 00:00:00,2500,3000,2750,500,20.00%,Valid,Normal,Normal
Tamil Nadu,Thirupur,Dharapuram(Uzhavar Sandhai ),Elephant Yam(Suran)/Amorphophallus,Elephant Yam (Suran),Local,2026-09-20 00:00:00,4500,5000,4750,500,11.11%,Valid,Normal,Normal
Tamil Nadu,Thirupur,Palladam(Uzhavar Sandhai ),Brinjal,Other,Local,2026-09-20 00:00:00,3500,4000,3750,500,14.29%,Valid,Normal,Normal
Tamil Nadu,Thirupur,Palladam(Uzhavar Sandhai ),Coriander(Leaves),I Sort,Local,2026-09-20 00:00:00,5000,6000,5500,1000,20.00%,Valid,Normal,Normal
Tamil Nadu,Thirupur,Palladam(Uzhavar Sandhai ),Bhindi(Ladies Finger),Bhindi,Local,2026-09-20 00:00:00,4000,4500,4250,500,12.50%,Valid,Normal,Normal
Tamil Nadu,Thirupur,Palladam(Uzhavar Sandhai ),Green Chilli,Green Chilly,Local,2026-09-20 00:00:00,4000,5000,4500,1000,25.00%,Valid,Normal,Normal
Tamil Nadu,Thirupur,Palladam(Uzhavar Sandhai ),Carrot,Pusakesar,Local,2026-09-20 00:00:00,4500,5000,4750,500,11.11%,Valid,Normal,Normal
Tamil Nadu,Thirupur,Palladam(Uzhavar Sandhai ),Ridgeguard(Tori),Ridgeguard(Tori),Local,2026-09-20 00:00:00,4000,5000,4500,1000,25.00%,Valid,Normal,Normal
Tamil Nadu,Thirupur,Palladam(Uzhavar Sandhai ),Guava,Guava Allahabad,Local,2026-09-20 00:00:00,4000,5000,4500,1000,25.00%,Valid,Normal,Normal
Tamil Nadu,Thirupur,Palladam(Uzhavar Sandhai ),Mint(Pudina),Mint(Pudina),Local,2026-09-20 00:00:00,3000,3500,3250,500,16.67%,Valid,Normal,Normal
Uttar Pradesh,Hathras,Haathras APMC,Firewood,Firewood,FAQ,2026-09-20 00:00:00,500,500,500,0,0.00%,Valid,Normal,Normal
Uttar Pradesh,Raebarelli,Jayas APMC,Wheat,Dara,FAQ,2026-09-20 00:00:00,2400,2400,2400,0,0.00%,Valid,Normal,Normal
Uttar Pradesh,Ghazipur,Jangipura APMC,Green Chilli,Other,FAQ,2026-09-20 00:00:00,1500,1500,1500,0,0.00%,Valid,Normal,Normal
Tamil Nadu,Kallakuruchi,Kallakurichi(Uzhavar Sandhai ),Banana,Red Banana,Local,2026-09-20 00:00:00,7000,7000,7000,0,0.00%,Valid,Normal,Normal
Tamil Nadu,Kallakuruchi,Kallakurichi(Uzhavar Sandhai ),Coriander(Leaves),I Sort,Local,2026-09-20 00:00:00,6000,6000,6000,0,0.00%,Valid,Normal,Normal
Tamil Nadu,Kallakuruchi,Kallakurichi(Uzhavar Sandhai ),Water Melon,Water Melon,Local,2026-09-20 00:00:00,2000,2000,2000,0,0.00%,Valid,Normal,Normal
Tamil Nadu,Kallakuruchi,Kallakurichi(Uzhavar Sandhai ),Amaranthus,Amaranthus,Local,2026-09-20 00:00:00,3000,3000,3000,0,0.00%,Valid,Normal,Normal
Tamil Nadu,Kallakuruchi,Kallakurichi(Uzhavar Sandhai ),Green Chilli,Green Chilly,Local,2026-09-20 00:00:00,6000,6000,6000,0,0.00%,Valid,Normal,Normal
Tamil Nadu,Kallakuruchi,Kallakurichi(Uzhavar Sandhai ),Ginger(Green),Green Ginger,Local,2026-09-20 00:00:00,18000,18000,18000,0,0.00%,Valid,Normal,Normal
Tamil Nadu,Kallakuruchi,Kallakurichi(Uzhavar Sandhai ),Ridgeguard(Tori),Ridgeguard(Tori),Local,2026-09-20 00:00:00,4000,4000,4000,0,0.00%,Valid,Normal,Normal
Tamil Nadu,Kallakuruchi,Kallakurichi(Uzhavar Sandhai ),Raddish,Raddish,Local,2026-09-20 00:00:00,4000,4000,4000,0,0.00%,Valid,Normal,Normal
Tamil Nadu,Kallakuruchi,Kallakurichi(Uzhavar Sandhai ),Capsicum,Capsicum,Local,2026-09-20 00:00:00,9000,9000,9000,0,0.00%,Valid,Normal,Normal
Tamil Nadu,Kallakuruchi,Kallakurichi(Uzhavar Sandhai ),Drumstick,Drumstick,Local,2026-09-20 00:00:00,5000,5000,5000,0,0.00%,Valid,Normal,Normal
Tamil Nadu,Kallakuruchi,Kallakurichi(Uzhavar Sandhai ),Tender Coconut,Tender Coconut,Local,2026-09-20 00:00:00,3000,3000,3000,0,0.00%,Valid,Normal,Normal
Uttar Pradesh,Mathura,Mathura APMC,Wheat,Dara,FAQ,2026-09-20 00:00:00,2500,2500,2500,0,0.00%,Valid,Normal,Normal
Uttar Pradesh,Mathura,Mathura APMC,Green Chilli,Other,FAQ,2026-09-20 00:00:00,4000,4000,4000,0,0.00%,Valid,Normal,Normal
Andhra Pradesh,Srikakulam,Jalumuru APMC,Paddy(Common),1121,FAQ,2026-09-20 00:00:00,2369,2369,2369,0,0.00%,Valid,Normal,Normal
Andhra Pradesh,Markapuram,Podili APMC,Red gram/Arhar/Tur(whole),Arhar (Whole),Non-FAQ,2026-09-20 00:00:00,8200,8400,8300,200,2.44%,Valid,Normal,Normal
Tamil Nadu,Salem,Athur(Uzhavar Sandhai ),Onion,Bellary,Local,2026-09-20 00:00:00,5500,6500,6000,1000,18.18%,Valid,Normal,Normal
Tamil Nadu,Salem,Athur(Uzhavar Sandhai ),Mousambi(Sweet Lime),Mousambi,Local,2026-09-20 00:00:00,6000,7000,6500,1000,16.67%,Valid,Normal,Normal
Tamil Nadu,Salem,Athur(Uzhavar Sandhai ),Ashgourd,Gouard,Local,2026-09-20 00:00:00,2000,2400,2200,400,20.00%,Valid,Normal,Normal
Tamil Nadu,Salem,Athur(Uzhavar Sandhai ),Bhindi(Ladies Finger),Bhindi,Local,2026-09-20 00:00:00,2500,2800,2650,300,12.00%,Valid,Normal,Normal
Tamil Nadu,Salem,Athur(Uzhavar Sandhai ),Amaranthus,Amaranthus,Local,2026-09-20 00:00:00,2000,2500,2250,500,25.00%,Valid,Normal,Normal
Tamil Nadu,Salem,Athur(Uzhavar Sandhai ),Ginger(Green),Green Ginger,Local,2026-09-20 00:00:00,8000,18000,13000,10000,125.00%,Valid,Normal,Normal
Tamil Nadu,Salem,Athur(Uzhavar Sandhai ),Green Avare(W),Green Avare (W),Local,2026-09-20 00:00:00,7000,8500,7750,1500,21.43%,Valid,Normal,Normal
Tamil Nadu,Salem,Athur(Uzhavar Sandhai ),Kakada,Kakada,Local,2026-09-20 00:00:00,20000,24000,22000,4000,20.00%,Valid,Normal,Normal
Tamil Nadu,Theni,Periyakulam(Uzhavar Sandhai ),Brinjal,Other,Local,2026-09-20 00:00:00,3400,3600,3500,200,5.88%,Valid,Normal,Normal
Tamil Nadu,Theni,Periyakulam(Uzhavar Sandhai ),Cauliflower,Ranchi,Local,2026-09-20 00:00:00,3000,3500,3250,500,16.67%,Valid,Normal,Normal
Tamil Nadu,Theni,Periyakulam(Uzhavar Sandhai ),Tomato,Other,Local,2026-09-20 00:00:00,2300,2500,2400,200,8.70%,Valid,Normal,Normal
Tamil Nadu,Theni,Periyakulam(Uzhavar Sandhai ),Bhindi(Ladies Finger),Bhindi,Local,2026-09-20 00:00:00,3600,3800,3700,200,5.56%,Valid,Normal,Normal
Tamil Nadu,Theni,Periyakulam(Uzhavar Sandhai ),Ginger(Green),Green Ginger,Local,2026-09-20 00:00:00,9000,16000,12500,7000,77.78%,Valid,Normal,Normal
Tamil Nadu,Theni,Periyakulam(Uzhavar Sandhai ),Coconut,Coconut,Local,2026-09-20 00:00:00,5400,5600,5500,200,3.70%,Valid,Normal,Normal
Tamil Nadu,Theni,Periyakulam(Uzhavar Sandhai ),Carrot,Pusakesar,Local,2026-09-20 00:00:00,3200,3400,3300,200,6.25%,Valid,Normal,Normal
Tamil Nadu,Theni,Periyakulam(Uzhavar Sandhai ),Elephant Yam(Suran)/Amorphophallus,Elephant Yam (Suran),Local,2026-09-20 00:00:00,3300,3500,3400,200,6.06%,Valid,Normal,Normal
Tamil Nadu,Theni,Periyakulam(Uzhavar Sandhai ),Onion Green,Onion Green,Local,2026-09-20 00:00:00,8000,8500,8250,500,6.25%,Valid,Normal,Normal
Tamil Nadu,Virudhunagar,Srivilliputhur(Uzhavar Sandhai ),Brinjal,Round,Local,2026-09-20 00:00:00,2500,3000,2750,500,20.00%,Valid,Normal,Normal
Tamil Nadu,Virudhunagar,Srivilliputhur(Uzhavar Sandhai ),Banana,Besrai,Local,2026-09-20 00:00:00,3500,4000,3750,500,14.29%,Valid,Normal,Normal
Tamil Nadu,Virudhunagar,Srivilliputhur(Uzhavar Sandhai ),Potato,Red Nanital,Local,2026-09-20 00:00:00,3000,3500,3250,500,16.67%,Valid,Normal,Normal
Tamil Nadu,Virudhunagar,Srivilliputhur(Uzhavar Sandhai ),Chikoos(Sapota),Sapota,Local,2026-09-20 00:00:00,3500,4000,3750,500,14.29%,Valid,Normal,Normal
Tamil Nadu,Virudhunagar,Srivilliputhur(Uzhavar Sandhai ),Tomato,Deshi,Local,2026-09-20 00:00:00,2000,2500,2250,500,25.00%,Valid,Normal,Normal
Tamil Nadu,Virudhunagar,Srivilliputhur(Uzhavar Sandhai ),Beans,Beans (Whole),Local,2026-09-20 00:00:00,9000,10000,9500,1000,11.11%,Valid,Normal,Normal
Tamil Nadu,Virudhunagar,Srivilliputhur(Uzhavar Sandhai ),Chow Chow,Chow Chow,Local,2026-09-20 00:00:00,3000,3500,3250,500,16.67%,Valid,Normal,Normal
Tamil Nadu,Virudhunagar,Srivilliputhur(Uzhavar Sandhai ),Drumstick,Drumstick,Local,2026-09-20 00:00:00,4500,5000,4750,500,11.11%,Valid,Normal,Normal
Tamil Nadu,Virudhunagar,Srivilliputhur(Uzhavar Sandhai ),Elephant Yam(Suran)/Amorphophallus,Elephant Yam (Suran),Local,2026-09-20 00:00:00,4500,5000,4750,500,11.11%,Valid,Normal,Normal
Tamil Nadu,Virudhunagar,Srivilliputhur(Uzhavar Sandhai ),Mint(Pudina),Mint(Pudina),Local,2026-09-20 00:00:00,6000,7000,6500,1000,16.67%,Valid,Normal,Normal
Uttar Pradesh,Badaun,Shahaswan APMC,Banana,Amruthapani,Medium,2026-09-20 00:00:00,2000,2200,2100,200,10.00%,Valid,Normal,Normal
Uttar Pradesh,Barabanki,Safdarganj APMC,Wheat,Dara,FAQ,2026-09-20 00:00:00,2450,2450,2450,0,0.00%,Valid,Normal,Normal
Uttar Pradesh,Siddharth Nagar,Sahiyapur APMC,Wheat,Dara,FAQ,2026-09-20 00:00:00,2430,2430,2430,0,0.00%,Valid,Normal,Normal
Uttar Pradesh,Ambedkarnagar,Tanda Akbarpur APMC,Tobacco,Other,FAQ,2026-09-20 00:00:00,4200,4200,4200,0,0.00%,Valid,Normal,Normal
Odisha,Kalahandi,Mukhiguda APMC,Cabbage,Cabbage,Grade B,2026-09-20 00:00:00,2400,2700,2550,300,12.50%,Valid,Normal,Normal
Odisha,Kalahandi,Mukhiguda APMC,Bhindi(Ladies Finger),Bhindi,Grade B,2026-09-20 00:00:00,2500,3300,2900,800,32.00%,Valid,Normal,Normal
Odisha,Kalahandi,Mukhiguda APMC,Tomato,Tomato,Grade B,2026-09-20 00:00:00,2400,3400,2900,1000,41.67%,Valid,Normal,Normal
Tamil Nadu,Coimbatore,Vadavalli(Uzhavar Sandhai ),Onion,Bellary,Local,2026-09-20 00:00:00,5800,6200,6000,400,6.90%,Valid,Normal,Normal
Tamil Nadu,Coimbatore,Vadavalli(Uzhavar Sandhai ),Potato,Other,Local,2026-09-20 00:00:00,5500,6000,5750,500,9.09%,Valid,Normal,Normal
Tamil Nadu,Coimbatore,Vadavalli(Uzhavar Sandhai ),Brinjal,Other,Local,2026-09-20 00:00:00,3400,3800,3600,400,11.76%,Valid,Normal,Normal
Tamil Nadu,Coimbatore,Vadavalli(Uzhavar Sandhai ),Coriander(Leaves),I Sort,Local,2026-09-20 00:00:00,4400,4800,4600,400,9.09%,Valid,Normal,Normal
Tamil Nadu,Coimbatore,Vadavalli(Uzhavar Sandhai ),Mousambi(Sweet Lime),Mousambi,Local,2026-09-20 00:00:00,4000,4500,4250,500,12.50%,Valid,Normal,Normal
Tamil Nadu,Coimbatore,Vadavalli(Uzhavar Sandhai ),Bottle gourd,Bottle Gourd,Local,2026-09-20 00:00:00,2800,3200,3000,400,14.29%,Valid,Normal,Normal
Tamil Nadu,Coimbatore,Vadavalli(Uzhavar Sandhai ),Ashgourd,Gouard,Local,2026-09-20 00:00:00,1600,1800,1700,200,12.50%,Valid,Normal,Normal
Tamil Nadu,Coimbatore,Vadavalli(Uzhavar Sandhai ),Banana - Green,Banana - Green,Local,2026-09-20 00:00:00,3800,4400,4100,600,15.79%,Valid,Normal,Normal
Tamil Nadu,Coimbatore,Vadavalli(Uzhavar Sandhai ),Ginger(Green),Green Ginger,Local,2026-09-20 00:00:00,12000,15800,13900,3800,31.67%,Valid,Normal,Normal
Tamil Nadu,Coimbatore,Vadavalli(Uzhavar Sandhai ),Ridgeguard(Tori),Ridgeguard(Tori),Local,2026-09-20 00:00:00,3800,4200,4000,400,10.53%,Valid,Normal,Normal
Tamil Nadu,Coimbatore,Vadavalli(Uzhavar Sandhai ),Raddish,Raddish,Local,2026-09-20 00:00:00,2500,3000,2750,500,20.00%,Valid,Normal,Normal
Tamil Nadu,Coimbatore,Vadavalli(Uzhavar Sandhai ),Thondekai,Thondekai,Local,2026-09-20 00:00:00,3500,4000,3750,500,14.29%,Valid,Normal,Normal
Tamil Nadu,Coimbatore,Vadavalli(Uzhavar Sandhai ),Drumstick,Drumstick,Local,2026-09-20 00:00:00,3000,3600,3300,600,20.00%,Valid,Normal,Normal
Tamil Nadu,Coimbatore,Vadavalli(Uzhavar Sandhai ),Guava,Guava Allahabad,Local,2026-09-20 00:00:00,5500,6000,5750,500,9.09%,Valid,Normal,Normal
Tamil Nadu,Coimbatore,Vadavalli(Uzhavar Sandhai ),Onion Green,Onion Green,Local,2026-09-20 00:00:00,8500,9000,8750,500,5.88%,Valid,Normal,Normal
Tamil Nadu,Coimbatore,Vadavalli(Uzhavar Sandhai ),Mint(Pudina),Mint(Pudina),Local,2026-09-20 00:00:00,4500,5000,4750,500,11.11%,Valid,Normal,Normal
Uttar Pradesh,Shahjahanpur,Powayan APMC,Paddy(Common),Other,FAQ,2026-09-20 00:00:00,1740,1750,1745,10,0.57%,Valid,Normal,Normal
West Bengal,Darjeeling,Karsiyang(Matigara) APMC,Squash(Chappal Kadoo),Other,FAQ,2026-09-20 00:00:00,1400,1600,1500,200,14.29%,Valid,Normal,Normal
West Bengal,Darjeeling,Darjeeling APMC,Tomato,Other,FAQ,2026-09-20 00:00:00,3600,3800,3700,200,5.56%,Valid,Normal,Normal
Uttar Pradesh,Bulandshahar,Gulavati APMC,Cauliflower,Cauliflower,FAQ,2026-09-20 00:00:00,2100,2300,2200,200,9.52%,Valid,Normal,Normal
Tripura,South Tripura,Barpathari APMC,Pointed gourd(Parval),Pointed gourd (Parval),Local,2026-09-20 00:00:00,3900,4100,4000,200,5.13%,Valid,Normal,Normal
Tamil Nadu,Coimbatore,Udumalpet APMC,Onion,Bellary,Local,2026-09-20 00:00:00,6000,6800,6400,800,13.33%,Valid,Normal,Normal
Tamil Nadu,Coimbatore,Udumalpet APMC,Green Chilli,Green Chilly,Local,2026-09-20 00:00:00,4500,5400,4950,900,20.00%,Valid,Normal,Normal
Tamil Nadu,Coimbatore,Udumalpet APMC,Banana - Green,Banana - Green,Local,2026-09-20 00:00:00,2500,3000,2750,500,20.00%,Valid,Normal,Normal
Tamil Nadu,Coimbatore,Udumalpet APMC,Cabbage,Cabbage,Local,2026-09-20 00:00:00,3000,3500,3250,500,16.67%,Valid,Normal,Normal
Tamil Nadu,Coimbatore,Udumalpet APMC,Cucumbar(Kheera),Cucumbar,Local,2026-09-20 00:00:00,4000,4500,4250,500,12.50%,Valid,Normal,Normal
Tamil Nadu,Erode,Gobichettipalayam(Uzhavar Sandhai ),Banana,Besrai,Local,2026-09-20 00:00:00,2800,4800,3800,2000,71.43%,Valid,Normal,Normal
Tamil Nadu,Erode,Gobichettipalayam(Uzhavar Sandhai ),Onion,Bellary,Local,2026-09-20 00:00:00,6500,7000,6750,500,7.69%,Valid,Normal,Normal
Tamil Nadu,Erode,Gobichettipalayam(Uzhavar Sandhai ),Coriander(Leaves),I Sort,Local,2026-09-20 00:00:00,5000,5500,5250,500,10.00%,Valid,Normal,Normal
Tamil Nadu,Erode,Gobichettipalayam(Uzhavar Sandhai ),Chikoos(Sapota),Sapota,Local,2026-09-20 00:00:00,3000,3500,3250,500,16.67%,Valid,Normal,Normal
Tamil Nadu,Erode,Gobichettipalayam(Uzhavar Sandhai ),Tomato,Deshi,Local,2026-09-20 00:00:00,2200,2500,2350,300,13.64%,Valid,Normal,Normal
Tamil Nadu,Erode,Gobichettipalayam(Uzhavar Sandhai ),Bottle gourd,Bottle Gourd,Local,2026-09-20 00:00:00,1800,2000,1900,200,11.11%,Valid,Normal,Normal
Tamil Nadu,Erode,Gobichettipalayam(Uzhavar Sandhai ),Sweet Potato,Hosur Red,Local,2026-09-20 00:00:00,4500,5000,4750,500,11.11%,Valid,Normal,Normal
Tamil Nadu,Erode,Gobichettipalayam(Uzhavar Sandhai ),Carrot,Pusakesar,Local,2026-09-20 00:00:00,5200,5500,5350,300,5.77%,Valid,Normal,Normal
Tamil Nadu,Erode,Gobichettipalayam(Uzhavar Sandhai ),Cabbage,Cabbage,Local,2026-09-20 00:00:00,1800,2000,1900,200,11.11%,Valid,Normal,Normal
Tamil Nadu,Erode,Gobichettipalayam(Uzhavar Sandhai ),Raddish,Raddish,Local,2026-09-20 00:00:00,2000,2200,2100,200,10.00%,Valid,Normal,Normal
Tamil Nadu,Erode,Gobichettipalayam(Uzhavar Sandhai ),Lemon,Lemon,Local,2026-09-20 00:00:00,17500,18000,17750,500,2.86%,Valid,Normal,Normal
Tamil Nadu,Erode,Gobichettipalayam(Uzhavar Sandhai ),Onion Green,Onion Green,Local,2026-09-20 00:00:00,7500,8000,7750,500,6.67%,Valid,Normal,Normal
Tamil Nadu,Erode,Sampath Nagar(Uzhavar Sandhai ),Brinjal,Other,Local,2026-09-20 00:00:00,2000,2500,2250,500,25.00%,Valid,Normal,Normal
Tamil Nadu,Erode,Sampath Nagar(Uzhavar Sandhai ),Tomato,Other,Local,2026-09-20 00:00:00,2500,2800,2650,300,12.00%,Valid,Normal,Normal
Tamil Nadu,Erode,Sampath Nagar(Uzhavar Sandhai ),Cluster beans,Cluster Beans,Local,2026-09-20 00:00:00,2800,3000,2900,200,7.14%,Valid,Normal,Normal
Tamil Nadu,Erode,Sampath Nagar(Uzhavar Sandhai ),Bottle gourd,Bottle Gourd,Local,2026-09-20 00:00:00,1500,2000,1750,500,33.33%,Valid,Normal,Normal
Tamil Nadu,Erode,Sampath Nagar(Uzhavar Sandhai ),Green Chilli,Green Chilly,Local,2026-09-20 00:00:00,5200,5500,5350,300,5.77%,Valid,Normal,Normal
Tamil Nadu,Erode,Sampath Nagar(Uzhavar Sandhai ),Ginger(Green),Green Ginger,Local,2026-09-20 00:00:00,16000,16400,16200,400,2.50%,Valid,Normal,Normal
Tamil Nadu,Erode,Sampath Nagar(Uzhavar Sandhai ),Green Avare(W),Other,Local,2026-09-20 00:00:00,5600,6000,5800,400,7.14%,Valid,Normal,Normal
Tamil Nadu,Erode,Sampath Nagar(Uzhavar Sandhai ),Tender Coconut,Tender Coconut,Local,2026-09-20 00:00:00,3000,4500,3750,1500,50.00%,Valid,Normal,Normal
Tamil Nadu,Erode,Sampath Nagar(Uzhavar Sandhai ),Lemon,Lemon,Local,2026-09-20 00:00:00,25000,26000,25500,1000,4.00%,Valid,Normal,Normal
Tamil Nadu,Erode,Sampath Nagar(Uzhavar Sandhai ),Onion Green,Onion Green,Local,2026-09-20 00:00:00,6500,7500,7000,1000,15.38%,Valid,Normal,Normal
Uttar Pradesh,Kannuj,Kannauj APMC,Potato,Other,FAQ,2026-09-20 00:00:00,550,550,550,0,0.00%,Valid,Normal,Normal
Tripura,Khowai,Kalyanpur APMC,Banana,Champa,Medium,2026-09-20 00:00:00,1900,2100,2000,200,10.53%,Valid,Normal,Normal
Tripura,Khowai,Kalyanpur APMC,Hen,Local,FAQ,2026-09-20 00:00:00,480,490,485,10,2.08%,Valid,Normal,Normal
Tamil Nadu,Vellore,Pallikonda(Uzhavar Sandhai),Banana - Green,Banana - Green,Local,2026-09-20 00:00:00,2500,3000,2750,500,20.00%,Valid,Normal,Normal
Tamil Nadu,Pudukkottai,Ponnamaravathi(Uzhavar Sandhai),Brinjal,Round,Local,2026-09-20 00:00:00,6000,7000,6500,1000,16.67%,Valid,Normal,Normal
Tamil Nadu,Pudukkottai,Ponnamaravathi(Uzhavar Sandhai),Papaya,Papaya,Local,2026-09-20 00:00:00,3000,4000,3500,1000,33.33%,Valid,Normal,Normal
Tamil Nadu,Pudukkottai,Ponnamaravathi(Uzhavar Sandhai),Pumpkin,Pumpkin,Local,2026-09-20 00:00:00,1000,1500,1250,500,50.00%,Valid,Normal,Normal
Tamil Nadu,Pudukkottai,Ponnamaravathi(Uzhavar Sandhai),Cowpea(Veg),Cowpea (Veg),Local,2026-09-20 00:00:00,1000,2000,1500,1000,100.00%,Valid,Normal,Normal
Tamil Nadu,Pudukkottai,Ponnamaravathi(Uzhavar Sandhai),Banana - Green,Banana - Green,Local,2026-09-20 00:00:00,2000,3000,2500,1000,50.00%,Valid,Normal,Normal
Tamil Nadu,Pudukkottai,Ponnamaravathi(Uzhavar Sandhai),Drumstick,Drumstick,Local,2026-09-20 00:00:00,4000,5000,4500,1000,25.00%,Valid,Normal,Normal
Tamil Nadu,Nagapattinam,Mayiladuthurai(Uzhavar Sandhai ),Bitter gourd,Bitter Gourd,Local,2026-09-20 00:00:00,5500,6000,5750,500,9.09%,Valid,Normal,Normal
Tamil Nadu,Nagapattinam,Mayiladuthurai(Uzhavar Sandhai ),Bottle gourd,Bottle Gourd,Local,2026-09-20 00:00:00,2500,3000,2750,500,20.00%,Valid,Normal,Normal
Tamil Nadu,Nagapattinam,Mayiladuthurai(Uzhavar Sandhai ),Pumpkin,Pumpkin,Local,2026-09-20 00:00:00,1500,2000,1750,500,33.33%,Valid,Normal,Normal
Tamil Nadu,Nagapattinam,Mayiladuthurai(Uzhavar Sandhai ),Snakeguard,Snakeguard,Local,2026-09-20 00:00:00,3600,4000,3800,400,11.11%,Valid,Normal,Normal
Tamil Nadu,Nagapattinam,Mayiladuthurai(Uzhavar Sandhai ),Chow Chow,Chow Chow,Local,2026-09-20 00:00:00,4000,4000,4000,0,0.00%,Valid,Normal,Normal
Tamil Nadu,Nagapattinam,Mayiladuthurai(Uzhavar Sandhai ),Mint(Pudina),Mint(Pudina),Local,2026-09-20 00:00:00,4000,4500,4250,500,12.50%,Valid,Normal,Normal
Uttar Pradesh,Mainpuri,Mainpuri APMC,Wheat,2329,FAQ,2026-09-20 00:00:00,2551,2551,2551,0,0.00%,Valid,Normal,Normal
Tamil Nadu,Pudukkottai,Viralimalai(Uzhavar Sandhai ),Pumpkin,Pumpkin,Local,2026-09-20 00:00:00,1200,1500,1350,300,25.00%,Valid,Normal,Normal
Tamil Nadu,Pudukkottai,Viralimalai(Uzhavar Sandhai ),Raddish,Raddish,Local,2026-09-20 00:00:00,2500,3000,2750,500,20.00%,Valid,Normal,Normal
Tamil Nadu,Pudukkottai,Viralimalai(Uzhavar Sandhai ),Green Avare(W),Green Avare (W),Local,2026-09-20 00:00:00,6500,7000,6750,500,7.69%,Valid,Normal,Normal
Tamil Nadu,Ramanathapuram,Kamuthi(Uzhavar Sandhai ),Bhindi(Ladies Finger),Bhindi,Local,2026-09-20 00:00:00,6000,6500,6250,500,8.33%,Valid,Normal,Normal
Tamil Nadu,Ramanathapuram,Paramakudi(Uzhavar Sandhai ),Onion,Bellary,Local,2026-09-20 00:00:00,4500,5000,4750,500,11.11%,Valid,Normal,Normal
Tamil Nadu,Ramanathapuram,Paramakudi(Uzhavar Sandhai ),Potato,Red Nanital,Local,2026-09-20 00:00:00,4800,5000,4900,200,4.17%,Valid,Normal,Normal
Tamil Nadu,Ramanathapuram,Paramakudi(Uzhavar Sandhai ),Ashgourd,Gouard,Local,2026-09-20 00:00:00,2000,2200,2100,200,10.00%,Valid,Normal,Normal
Tamil Nadu,Ramanathapuram,Paramakudi(Uzhavar Sandhai ),Ginger(Green),Green Ginger,Local,2026-09-20 00:00:00,16000,17000,16500,1000,6.25%,Valid,Normal,Normal
Tamil Nadu,Ramanathapuram,Paramakudi(Uzhavar Sandhai ),Snakeguard,Snakeguard,Local,2026-09-20 00:00:00,5000,5200,5100,200,4.00%,Valid,Normal,Normal
Tamil Nadu,Ramanathapuram,Paramakudi(Uzhavar Sandhai ),Drumstick,Drumstick,Local,2026-09-20 00:00:00,7000,8000,7500,1000,14.29%,Valid,Normal,Normal
Tamil Nadu,Ramanathapuram,Paramakudi(Uzhavar Sandhai ),Yam(Ratalu),Yam (Ratalu),Local,2026-09-20 00:00:00,7000,7500,7250,500,7.14%,Valid,Normal,Normal
Tamil Nadu,Ramanathapuram,Paramakudi(Uzhavar Sandhai ),Colacasia,Colacasia,Local,2026-09-20 00:00:00,6800,7000,6900,200,2.94%,Valid,Normal,Normal
Tamil Nadu,Pudukkottai,Alangudi(Uzhavar Sandhai ),Onion,Bellary,Local,2026-09-20 00:00:00,6000,7000,6500,1000,16.67%,Valid,Normal,Normal
Tamil Nadu,Pudukkottai,Alangudi(Uzhavar Sandhai ),Bitter gourd,Other,Local,2026-09-20 00:00:00,6000,7000,6500,1000,16.67%,Valid,Normal,Normal
Tamil Nadu,Pudukkottai,Alangudi(Uzhavar Sandhai ),Raddish,Raddish,Local,2026-09-20 00:00:00,2500,3000,2750,500,20.00%,Valid,Normal,Normal
Tamil Nadu,Pudukkottai,Alangudi(Uzhavar Sandhai ),Drumstick,Drumstick,Local,2026-09-20 00:00:00,4500,5000,4750,500,11.11%,Valid,Normal,Normal
Tamil Nadu,Thiruvannamalai,Arani(Uzhavar Sandhai ),Onion,Bellary,Local,2026-09-20 00:00:00,5500,6000,5750,500,9.09%,Valid,Normal,Normal
Tamil Nadu,Thiruvannamalai,Arani(Uzhavar Sandhai ),Bottle gourd,Bottle Gourd,Local,2026-09-20 00:00:00,1500,2000,1750,500,33.33%,Valid,Normal,Normal
Tamil Nadu,Thiruvannamalai,Arani(Uzhavar Sandhai ),Ashgourd,Gouard,Local,2026-09-20 00:00:00,1500,2000,1750,500,33.33%,Valid,Normal,Normal
Tamil Nadu,Thiruvannamalai,Arani(Uzhavar Sandhai ),Beans,Beans (Whole),Local,2026-09-20 00:00:00,5000,6000,5500,1000,20.00%,Valid,Normal,Normal
Tamil Nadu,Thiruvannamalai,Arani(Uzhavar Sandhai ),Sweet Potato,Hosur Red,Local,2026-09-20 00:00:00,3500,4000,3750,500,14.29%,Valid,Normal,Normal
Tamil Nadu,Thiruvannamalai,Arani(Uzhavar Sandhai ),Cabbage,Cabbage,Local,2026-09-20 00:00:00,2000,2500,2250,500,25.00%,Valid,Normal,Normal
Tamil Nadu,Thiruvannamalai,Arani(Uzhavar Sandhai ),Knool Khol,Knool Khol,Local,2026-09-20 00:00:00,2500,3000,2750,500,20.00%,Valid,Normal,Normal
Tamil Nadu,Thiruvannamalai,Arani(Uzhavar Sandhai ),Tender Coconut,Tender Coconut,Local,2026-09-20 00:00:00,1500,2000,1750,500,33.33%,Valid,Normal,Normal
Tamil Nadu,Thiruvannamalai,Arani(Uzhavar Sandhai ),Lemon,Lemon,Local,2026-09-20 00:00:00,10000,12000,11000,2000,20.00%,Valid,Normal,Normal
Andhra Pradesh,Srikakulam,Narasannapet APMC,Paddy(Common),Paddy,FAQ,2026-09-20 00:00:00,2369,2369,2369,0,0.00%,Valid,Normal,Normal
Tamil Nadu,Thiruvannamalai,Polur(Uzhavar Sandhai ),Brinjal,Round,Local,2026-09-20 00:00:00,5000,6000,5500,1000,20.00%,Valid,Normal,Normal
Tamil Nadu,Thiruvannamalai,Polur(Uzhavar Sandhai ),Coriander(Leaves),I Sort,Local,2026-09-20 00:00:00,4200,5000,4600,800,19.05%,Valid,Normal,Normal
Tamil Nadu,Thiruvannamalai,Polur(Uzhavar Sandhai ),Ashgourd,Gouard,Local,2026-09-20 00:00:00,1600,2000,1800,400,25.00%,Valid,Normal,Normal
Tamil Nadu,Thiruvannamalai,Polur(Uzhavar Sandhai ),Coconut,Coconut,Local,2026-09-20 00:00:00,4200,5000,4600,800,19.05%,Valid,Normal,Normal
Tamil Nadu,Thiruvannamalai,Polur(Uzhavar Sandhai ),Carrot,Pusakesar,Local,2026-09-20 00:00:00,5000,6000,5500,1000,20.00%,Valid,Normal,Normal
Tamil Nadu,Thiruvannamalai,Polur(Uzhavar Sandhai ),Raddish,Raddish,Local,2026-09-20 00:00:00,1600,2000,1800,400,25.00%,Valid,Normal,Normal
Tamil Nadu,Thiruvannamalai,Polur(Uzhavar Sandhai ),Tender Coconut,Tender Coconut,Local,2026-09-20 00:00:00,1500,2000,1750,500,33.33%,Valid,Normal,Normal
Tamil Nadu,Thiruvannamalai,Polur(Uzhavar Sandhai ),Yam(Ratalu),Yam (Ratalu),Local,2026-09-20 00:00:00,5000,6000,5500,1000,20.00%,Valid,Normal,Normal
Tamil Nadu,Thiruvannamalai,Polur(Uzhavar Sandhai ),Onion Green,Onion Green,Local,2026-09-20 00:00:00,5000,6000,5500,1000,20.00%,Valid,Normal,Normal
Tamil Nadu,Thiruvannamalai,Tiruvannamalai(Uzhavar Sandhai ),Groundnut,Big (With Shell),Local,2026-09-20 00:00:00,8000,10000,9000,2000,25.00%,Valid,Normal,Normal
Tamil Nadu,Thiruvannamalai,Tiruvannamalai(Uzhavar Sandhai ),Garlic,Garlic,Local,2026-09-20 00:00:00,25000,28000,26500,3000,12.00%,Valid,Normal,Normal
Tamil Nadu,Thiruvannamalai,Tiruvannamalai(Uzhavar Sandhai ),Cauliflower,Ranchi,Local,2026-09-20 00:00:00,3600,4000,3800,400,11.11%,Valid,Normal,Normal
Tamil Nadu,Thiruvannamalai,Tiruvannamalai(Uzhavar Sandhai ),Cluster beans,Cluster Beans,Local,2026-09-20 00:00:00,3000,3600,3300,600,20.00%,Valid,Normal,Normal
Tamil Nadu,Thiruvannamalai,Tiruvannamalai(Uzhavar Sandhai ),Bottle gourd,Bottle Gourd,Local,2026-09-20 00:00:00,2000,2500,2250,500,25.00%,Valid,Normal,Normal
Tamil Nadu,Thiruvannamalai,Tiruvannamalai(Uzhavar Sandhai ),Ashgourd,Gouard,Local,2026-09-20 00:00:00,2000,2500,2250,500,25.00%,Valid,Normal,Normal
Tamil Nadu,Thiruvannamalai,Tiruvannamalai(Uzhavar Sandhai ),Amaranthus,Amaranthus,Local,2026-09-20 00:00:00,3500,4000,3750,500,14.29%,Valid,Normal,Normal
Tamil Nadu,Thiruvannamalai,Tiruvannamalai(Uzhavar Sandhai ),Cowpea(Veg),Cowpea (Veg),Local,2026-09-20 00:00:00,5000,6000,5500,1000,20.00%,Valid,Normal,Normal
Tamil Nadu,Thiruvannamalai,Tiruvannamalai(Uzhavar Sandhai ),Beans,Beans (Whole),Local,2026-09-20 00:00:00,8000,10000,9000,2000,25.00%,Valid,Normal,Normal
Tamil Nadu,Thiruvannamalai,Tiruvannamalai(Uzhavar Sandhai ),Coconut,Coconut,Local,2026-09-20 00:00:00,4000,5000,4500,1000,25.00%,Valid,Normal,Normal
Tamil Nadu,Thiruvannamalai,Tiruvannamalai(Uzhavar Sandhai ),Sweet Potato,Hosur Red,Local,2026-09-20 00:00:00,4000,5000,4500,1000,25.00%,Valid,Normal,Normal
Tamil Nadu,Thiruvannamalai,Tiruvannamalai(Uzhavar Sandhai ),Carrot,Pusakesar,Local,2026-09-20 00:00:00,5000,6000,5500,1000,20.00%,Valid,Normal,Normal
Tamil Nadu,Thiruvannamalai,Tiruvannamalai(Uzhavar Sandhai ),Snakeguard,Snakeguard,Local,2026-09-20 00:00:00,2500,3000,2750,500,20.00%,Valid,Normal,Normal
Tamil Nadu,Thiruvannamalai,Tiruvannamalai(Uzhavar Sandhai ),Beetroot,Beetroot,Local,2026-09-20 00:00:00,4000,4800,4400,800,20.00%,Valid,Normal,Normal
Tamil Nadu,Thiruvannamalai,Tiruvannamalai(Uzhavar Sandhai ),Ridgeguard(Tori),Ridgeguard(Tori),Local,2026-09-20 00:00:00,4000,5000,4500,1000,25.00%,Valid,Normal,Normal
Tamil Nadu,Thiruvannamalai,Tiruvannamalai(Uzhavar Sandhai ),Elephant Yam(Suran)/Amorphophallus,Elephant Yam (Suran),Local,2026-09-20 00:00:00,5000,6000,5500,1000,20.00%,Valid,Normal,Normal
Tamil Nadu,Thiruvannamalai,Tiruvannamalai(Uzhavar Sandhai ),Lemon,Lemon,Local,2026-09-20 00:00:00,25000,28000,26500,3000,12.00%,Valid,Normal,Normal
Tamil Nadu,Thiruvannamalai,Tiruvannamalai(Uzhavar Sandhai ),Custard Apple(Sharifa),Custard Apple(Sharifa),Local,2026-09-20 00:00:00,7000,8000,7500,1000,14.29%,Valid,Normal,Normal
Tamil Nadu,Thiruvannamalai,Tiruvannamalai(Uzhavar Sandhai ),Amla(Nelli Kai),Amla,Local,2026-09-20 00:00:00,10000,12000,11000,2000,20.00%,Valid,Normal,Normal
Tamil Nadu,Thiruvannamalai,Tiruvannamalai(Uzhavar Sandhai ),Onion Green,Onion Green,Local,2026-09-20 00:00:00,8000,10000,9000,2000,25.00%,Valid,Normal,Normal
Tamil Nadu,Thiruvarur,Mannargudi I(Uzhavar Sandhai ),Potato,Other,Local,2026-09-20 00:00:00,3000,3000,3000,0,0.00%,Valid,Normal,Normal
Tamil Nadu,Thiruvarur,Mannargudi I(Uzhavar Sandhai ),Coriander(Leaves),I Sort,Local,2026-09-20 00:00:00,4000,4000,4000,0,0.00%,Valid,Normal,Normal
Tamil Nadu,Thiruvarur,Mannargudi I(Uzhavar Sandhai ),Beetroot,Beetroot,Local,2026-09-20 00:00:00,5400,5400,5400,0,0.00%,Valid,Normal,Normal
Tamil Nadu,Thiruvarur,Mannargudi I(Uzhavar Sandhai ),Elephant Yam(Suran)/Amorphophallus,Elephant Yam (Suran),Local,2026-09-20 00:00:00,5600,5600,5600,0,0.00%,Valid,Normal,Normal
Tamil Nadu,Tuticorin,Kovilpatti(Uzhavar Sandhai ),Ashgourd,Gouard,Local,2026-09-20 00:00:00,2500,3000,2750,500,20.00%,Valid,Normal,Normal
Tamil Nadu,Tuticorin,Kovilpatti(Uzhavar Sandhai ),Pumpkin,Pumpkin,Local,2026-09-20 00:00:00,3000,3500,3250,500,16.67%,Valid,Normal,Normal
Tamil Nadu,Tuticorin,Kovilpatti(Uzhavar Sandhai ),Carrot,Pusakesar,Local,2026-09-20 00:00:00,5500,6000,5750,500,9.09%,Valid,Normal,Normal
Tamil Nadu,Tuticorin,Kovilpatti(Uzhavar Sandhai ),Chow Chow,Chow Chow,Local,2026-09-20 00:00:00,4000,4500,4250,500,12.50%,Valid,Normal,Normal
Tamil Nadu,Tuticorin,Kovilpatti(Uzhavar Sandhai ),Lime,Lime,Local,2026-09-20 00:00:00,12000,12500,12250,500,4.17%,Valid,Normal,Normal
Tamil Nadu,Tuticorin,Kovilpatti(Uzhavar Sandhai ),Elephant Yam(Suran)/Amorphophallus,Elephant Yam (Suran),Local,2026-09-20 00:00:00,4500,5000,4750,500,11.11%,Valid,Normal,Normal
Tamil Nadu,Tuticorin,Kovilpatti(Uzhavar Sandhai ),Onion Green,Onion Green,Local,2026-09-20 00:00:00,9000,9500,9250,500,5.56%,Valid,Normal,Normal
Tamil Nadu,Vellore,Gudiyatham(Uzhavar Sandhai ),Brinjal,Other,Local,2026-09-20 00:00:00,2500,3000,2750,500,20.00%,Valid,Normal,Normal
Tamil Nadu,Vellore,Gudiyatham(Uzhavar Sandhai ),Tomato,Other,Local,2026-09-20 00:00:00,2000,2400,2200,400,20.00%,Valid,Normal,Normal
Tamil Nadu,Vellore,Gudiyatham(Uzhavar Sandhai ),Tapioca,Tapioca,Local,2026-09-20 00:00:00,3000,3000,3000,0,0.00%,Valid,Normal,Normal
Tamil Nadu,Vellore,Gudiyatham(Uzhavar Sandhai ),Beetroot,Beetroot,Local,2026-09-20 00:00:00,4600,4600,4600,0,0.00%,Valid,Normal,Normal
Tamil Nadu,Vellore,Gudiyatham(Uzhavar Sandhai ),Drumstick,Drumstick,Local,2026-09-20 00:00:00,3600,3600,3600,0,0.00%,Valid,Normal,Normal
Tamil Nadu,Vellore,Gudiyatham(Uzhavar Sandhai ),Tender Coconut,Tender Coconut,Local,2026-09-20 00:00:00,3000,3500,3250,500,16.67%,Valid,Normal,Normal
Tamil Nadu,Vellore,Gudiyatham(Uzhavar Sandhai ),Lemon,Lemon,Local,2026-09-20 00:00:00,15000,15000,15000,0,0.00%,Valid,Normal,Normal
Tamil Nadu,Vellore,Gudiyatham(Uzhavar Sandhai ),Colacasia,Colacasia,Local,2026-09-20 00:00:00,5600,5600,5600,0,0.00%,Valid,Normal,Normal
Tamil Nadu,Vellore,Gudiyatham(Uzhavar Sandhai ),Onion Green,Onion Green,Local,2026-09-20 00:00:00,11000,11000,11000,0,0.00%,Valid,Normal,Normal
Tamil Nadu,Vellore,Kahithapattarai(Uzhavar Sandhai ),Brinjal,Other,Local,2026-09-20 00:00:00,4600,4600,4600,0,0.00%,Valid,Normal,Normal
Tamil Nadu,Vellore,Kahithapattarai(Uzhavar Sandhai ),Onion,Bellary,Local,2026-09-20 00:00:00,6800,6800,6800,0,0.00%,Valid,Normal,Normal
Tamil Nadu,Vellore,Kahithapattarai(Uzhavar Sandhai ),Garlic,Garlic,Local,2026-09-20 00:00:00,22000,22000,22000,0,0.00%,Valid,Normal,Normal
Tamil Nadu,Vellore,Kahithapattarai(Uzhavar Sandhai ),Mousambi(Sweet Lime),Mousambi,Local,2026-09-20 00:00:00,6000,6000,6000,0,0.00%,Valid,Normal,Normal
Tamil Nadu,Vellore,Kahithapattarai(Uzhavar Sandhai ),Cowpea(Veg),Cowpea (Veg),Local,2026-09-20 00:00:00,3000,3000,3000,0,0.00%,Valid,Normal,Normal
Tamil Nadu,Vellore,Kahithapattarai(Uzhavar Sandhai ),Tapioca,Tapioca,Local,2026-09-20 00:00:00,4000,4000,4000,0,0.00%,Valid,Normal,Normal
Tamil Nadu,Vellore,Kahithapattarai(Uzhavar Sandhai ),Sweet Potato,Hosur Red,Local,2026-09-20 00:00:00,3500,3500,3500,0,0.00%,Valid,Normal,Normal
Tamil Nadu,Vellore,Kahithapattarai(Uzhavar Sandhai ),Cucumbar(Kheera),Cucumbar,Local,2026-09-20 00:00:00,3500,3500,3500,0,0.00%,Valid,Normal,Normal
Tamil Nadu,Vellore,Kahithapattarai(Uzhavar Sandhai ),Knool Khol,Knool Khol,Local,2026-09-20 00:00:00,3000,3000,3000,0,0.00%,Valid,Normal,Normal
Tamil Nadu,Vellore,Kahithapattarai(Uzhavar Sandhai ),Tamarind Fruit,Tamarind Fruit,Local,2026-09-20 00:00:00,14000,14000,14000,0,0.00%,Valid,Normal,Normal
Tamil Nadu,Vellore,Kahithapattarai(Uzhavar Sandhai ),Sweet Corn,Sweet Corn,Local,2026-09-20 00:00:00,3000,3000,3000,0,0.00%,Valid,Normal,Normal
Tamil Nadu,Thiruvannamalai,Cheyyar(Uzhavar Sandhai ),Cluster beans,Cluster Beans,Local,2026-09-20 00:00:00,3500,4200,3850,700,20.00%,Valid,Normal,Normal
Tamil Nadu,Thiruvannamalai,Cheyyar(Uzhavar Sandhai ),Ashgourd,Gouard,Local,2026-09-20 00:00:00,2000,2500,2250,500,25.00%,Valid,Normal,Normal
Tamil Nadu,Thiruvannamalai,Cheyyar(Uzhavar Sandhai ),Banana - Green,Banana - Green,Local,2026-09-20 00:00:00,1500,2000,1750,500,33.33%,Valid,Normal,Normal
Tamil Nadu,Thiruvannamalai,Cheyyar(Uzhavar Sandhai ),Carrot,Pusakesar,Local,2026-09-20 00:00:00,4800,6000,5400,1200,25.00%,Valid,Normal,Normal
Tamil Nadu,Thiruvannamalai,Cheyyar(Uzhavar Sandhai ),Cucumbar(Kheera),Cucumbar,Local,2026-09-20 00:00:00,2500,3000,2750,500,20.00%,Valid,Normal,Normal
Tamil Nadu,Thiruvannamalai,Cheyyar(Uzhavar Sandhai ),Mango(Raw-Ripe),Mango - Raw-Ripe,Local,2026-09-20 00:00:00,6500,8000,7250,1500,23.08%,Valid,Normal,Normal
Tamil Nadu,Thiruvannamalai,Cheyyar(Uzhavar Sandhai ),Lemon,Lemon,Local,2026-09-20 00:00:00,10000,12000,11000,2000,20.00%,Valid,Normal,Normal
Andhra Pradesh,Dr.B.R.A.Konaseema,Mummidivaram APMC,Prawn,Prawn-White Prawn,FAQ,2026-09-20 00:00:00,20000,21000,20000,1000,5.00%,Valid,Normal,Normal
Andhra Pradesh,YSR Kadapa,Rajampet APMC,Papaya,Papaya,Grade A,2026-09-20 00:00:00,1500,1700,1600,200,13.33%,Valid,Normal,Normal
Tamil Nadu,Ariyalur,Ariyalur(Uzhavar Sandhai),Onion,Bellary,Local,2026-09-20 00:00:00,5000,5500,5250,500,10.00%,Valid,Normal,Normal
Tamil Nadu,Ariyalur,Ariyalur(Uzhavar Sandhai),Brinjal,Round,Local,2026-09-20 00:00:00,4500,5000,4750,500,11.11%,Valid,Normal,Normal
Tamil Nadu,Ariyalur,Ariyalur(Uzhavar Sandhai),Chow Chow,Chow Chow,Local,2026-09-20 00:00:00,4000,4500,4250,500,12.50%,Valid,Normal,Normal
Tamil Nadu,Ariyalur,Ariyalur(Uzhavar Sandhai),Onion Green,Onion Green,Local,2026-09-20 00:00:00,7000,7500,7250,500,7.14%,Valid,Normal,Normal
Uttar Pradesh,Kasganj,Ganj Dundwara APMC,Rice,Common,FAQ,2026-09-20 00:00:00,2700,2700,2700,0,0.00%,Valid,Normal,Normal
Punjab,Gurdaspur,Dhariwal APMC,Onion,Onion,Grade A,2026-09-20 00:00:00,1550,1550,1550,0,0.00%,Valid,Normal,Normal
Punjab,Gurdaspur,Dhariwal APMC,Cauliflower,Cauliflower,Grade A,2026-09-20 00:00:00,3580,3580,3580,0,0.00%,Valid,Normal,Normal
Odisha,Mayurbhanja,Betnoti APMC,Tomato,Tomato,FAQ,2026-09-20 00:00:00,3800,4200,4000,400,10.53%,Valid,Normal,Normal
Tamil Nadu,Coimbatore,Sundarapuram(Uzhavar Sandhai ),Banana,Red Banana,Local,2026-09-20 00:00:00,8000,8500,8250,500,6.25%,Valid,Normal,Normal
Tamil Nadu,Coimbatore,Sundarapuram(Uzhavar Sandhai ),Papaya,Papaya,Local,2026-09-20 00:00:00,5000,5500,5250,500,10.00%,Valid,Normal,Normal
Tamil Nadu,Coimbatore,Sundarapuram(Uzhavar Sandhai ),Green Chilli,Green Chilly,Local,2026-09-20 00:00:00,5200,5800,5500,600,11.54%,Valid,Normal,Normal
Tamil Nadu,Coimbatore,Sundarapuram(Uzhavar Sandhai ),Tapioca,Tapioca,Local,2026-09-20 00:00:00,3000,3500,3250,500,16.67%,Valid,Normal,Normal
Tamil Nadu,Coimbatore,Sundarapuram(Uzhavar Sandhai ),Cucumbar(Kheera),Cucumbar,Local,2026-09-20 00:00:00,4000,4500,4250,500,12.50%,Valid,Normal,Normal
Tamil Nadu,Coimbatore,Sundarapuram(Uzhavar Sandhai ),Elephant Yam(Suran)/Amorphophallus,Elephant Yam (Suran),Local,2026-09-20 00:00:00,3500,4000,3750,500,14.29%,Valid,Normal,Normal
Haryana,Gurgaon,Gurgaon APMC,Guava,Other,Grade B,2026-09-20 00:00:00,4000,6000,5000,2000,50.00%,Valid,Normal,Normal
Haryana,Gurgaon,Gurgaon APMC,Bottle gourd,Other,Grade A,2026-09-20 00:00:00,800,1200,1000,400,50.00%,Valid,Normal,Normal
Tamil Nadu,Erode,Sathiyamagalam(Uzhavar Sandhai ),Banana,Red Banana,Local,2026-09-20 00:00:00,6500,7000,6750,500,7.69%,Valid,Normal,Normal
Tamil Nadu,Erode,Sathiyamagalam(Uzhavar Sandhai ),Cauliflower,Ranchi,Local,2026-09-20 00:00:00,3000,3500,3250,500,16.67%,Valid,Normal,Normal
Tamil Nadu,Erode,Sathiyamagalam(Uzhavar Sandhai ),Coriander(Leaves),I Sort,Local,2026-09-20 00:00:00,4500,5000,4750,500,11.11%,Valid,Normal,Normal
Tamil Nadu,Erode,Sathiyamagalam(Uzhavar Sandhai ),Tomato,Local,Local,2026-09-20 00:00:00,2400,2800,2600,400,16.67%,Valid,Normal,Normal
Tamil Nadu,Erode,Sathiyamagalam(Uzhavar Sandhai ),Bhindi(Ladies Finger),Bhindi,Local,2026-09-20 00:00:00,3500,4000,3750,500,14.29%,Valid,Normal,Normal
Tamil Nadu,Erode,Sathiyamagalam(Uzhavar Sandhai ),Green Chilli,Green Chilly,Local,2026-09-20 00:00:00,6500,7000,6750,500,7.69%,Valid,Normal,Normal
Tamil Nadu,Erode,Sathiyamagalam(Uzhavar Sandhai ),Tapioca,Tapioca,Local,2026-09-20 00:00:00,2500,3000,2750,500,20.00%,Valid,Normal,Normal
Tamil Nadu,Erode,Sathiyamagalam(Uzhavar Sandhai ),Cabbage,Cabbage,Local,2026-09-20 00:00:00,2500,3000,2750,500,20.00%,Valid,Normal,Normal
Tamil Nadu,Erode,Sathiyamagalam(Uzhavar Sandhai ),Green Avare(W),Other,Local,2026-09-20 00:00:00,6000,6400,6200,400,6.67%,Valid,Normal,Normal
Tamil Nadu,Erode,Sathiyamagalam(Uzhavar Sandhai ),Drumstick,Drumstick,Local,2026-09-20 00:00:00,4000,4300,4150,300,7.50%,Valid,Normal,Normal
Tamil Nadu,Erode,Sathiyamagalam(Uzhavar Sandhai ),Knool Khol,Knool Khol,Local,2026-09-20 00:00:00,6400,6800,6600,400,6.25%,Valid,Normal,Normal
Tamil Nadu,Erode,Sathiyamagalam(Uzhavar Sandhai ),Lemon,Lemon,Local,2026-09-20 00:00:00,13000,14000,13500,1000,7.69%,Valid,Normal,Normal
Tamil Nadu,Coimbatore,Mettupalayam(Uzhavar Sandhai ),Apple,American,Local,2026-09-20 00:00:00,18000,20000,19000,2000,11.11%,Valid,Normal,Normal
Tamil Nadu,Coimbatore,Mettupalayam(Uzhavar Sandhai ),Mousambi(Sweet Lime),Mousambi,Local,2026-09-20 00:00:00,5000,6000,5500,1000,20.00%,Valid,Normal,Normal
Tamil Nadu,Coimbatore,Mettupalayam(Uzhavar Sandhai ),Banana - Green,Banana - Green,Local,2026-09-20 00:00:00,4500,5000,4750,500,11.11%,Valid,Normal,Normal
Tamil Nadu,Coimbatore,Mettupalayam(Uzhavar Sandhai ),Tapioca,Tapioca,Local,2026-09-20 00:00:00,3000,3500,3250,500,16.67%,Valid,Normal,Normal
Tamil Nadu,Coimbatore,Mettupalayam(Uzhavar Sandhai ),Chow Chow,Chow Chow,Local,2026-09-20 00:00:00,3000,3500,3250,500,16.67%,Valid,Normal,Normal
Tamil Nadu,Coimbatore,Mettupalayam(Uzhavar Sandhai ),Tender Coconut,Tender Coconut,Local,2026-09-20 00:00:00,4500,5000,4750,500,11.11%,Valid,Normal,Normal
Tamil Nadu,Coimbatore,Mettupalayam(Uzhavar Sandhai ),Lemon,Lemon,Local,2026-09-20 00:00:00,20000,25000,22500,5000,25.00%,Valid,Normal,Normal
Tamil Nadu,Coimbatore,Mettupalayam(Uzhavar Sandhai ),Turnip,Turnip,Local,2026-09-20 00:00:00,4500,5000,4750,500,11.11%,Valid,Normal,Normal
Tamil Nadu,Coimbatore,Mettupalayam(Uzhavar Sandhai ),Baby Corn,Baby Corn,Grade A,2026-09-20 00:00:00,2500,3000,2750,500,20.00%,Valid,Normal,Normal
Tamil Nadu,Namakkal,Tiruchengode APMC,Potato,Other,Local,2026-09-20 00:00:00,2600,3000,2800,400,15.38%,Valid,Normal,Normal
Tamil Nadu,Namakkal,Tiruchengode APMC,Tomato,Other,Local,2026-09-20 00:00:00,2600,3000,2800,400,15.38%,Valid,Normal,Normal
Tamil Nadu,Namakkal,Tiruchengode APMC,Bitter gourd,Other,Local,2026-09-20 00:00:00,5400,6000,5700,600,11.11%,Valid,Normal,Normal
Tamil Nadu,Namakkal,Tiruchengode APMC,Amaranthus,Amaranthus,Local,2026-09-20 00:00:00,3500,4000,3750,500,14.29%,Valid,Normal,Normal
Tamil Nadu,Namakkal,Tiruchengode APMC,Green Chilli,Green Chilly,Local,2026-09-20 00:00:00,5400,6000,5700,600,11.11%,Valid,Normal,Normal
Tamil Nadu,Namakkal,Tiruchengode APMC,Banana - Green,Banana - Green,Local,2026-09-20 00:00:00,4000,4500,4250,500,12.50%,Valid,Normal,Normal
Tamil Nadu,Namakkal,Tiruchengode APMC,Chow Chow,Chow Chow,Local,2026-09-20 00:00:00,2600,3000,2800,400,15.38%,Valid,Normal,Normal
Tamil Nadu,Namakkal,Tiruchengode APMC,Lemon,Lemon,Local,2026-09-20 00:00:00,13000,15000,14000,2000,15.38%,Valid,Normal,Normal
Tamil Nadu,Namakkal,Tiruchengode APMC,Mint(Pudina),Mint(Pudina),Local,2026-09-20 00:00:00,4500,5000,4750,500,11.11%,Valid,Normal,Normal
Telangana,Siddipet,Vantamamidi APMC,Bitter gourd,Bitter Gourd,Local,2026-09-20 00:00:00,1500,1500,1500,0,0.00%,Valid,Normal,Normal
Tamil Nadu,Coimbatore,RSPuram(Uzhavar Sandhai ),Apple,American,Local,2026-09-20 00:00:00,20000,28000,24000,8000,40.00%,Valid,Normal,Normal
Tamil Nadu,Coimbatore,RSPuram(Uzhavar Sandhai ),Water Melon,Water Melon,Local,2026-09-20 00:00:00,1500,2000,1750,500,33.33%,Valid,Normal,Normal
Tamil Nadu,Coimbatore,RSPuram(Uzhavar Sandhai ),Bottle gourd,Bottle Gourd,Local,2026-09-20 00:00:00,2600,3000,2800,400,15.38%,Valid,Normal,Normal
Tamil Nadu,Coimbatore,RSPuram(Uzhavar Sandhai ),Amaranthus,Amaranthus,Local,2026-09-20 00:00:00,5600,6500,6050,900,16.07%,Valid,Normal,Normal
Tamil Nadu,Coimbatore,RSPuram(Uzhavar Sandhai ),Beans,Beans (Whole),Local,2026-09-20 00:00:00,6500,7000,6750,500,7.69%,Valid,Normal,Normal
Tamil Nadu,Coimbatore,RSPuram(Uzhavar Sandhai ),Coconut,Coconut,Local,2026-09-20 00:00:00,5400,5800,5600,400,7.41%,Valid,Normal,Normal
Tamil Nadu,Coimbatore,RSPuram(Uzhavar Sandhai ),Knool Khol,Knool Khol,Local,2026-09-20 00:00:00,3200,3800,3500,600,18.75%,Valid,Normal,Normal
Tamil Nadu,Coimbatore,RSPuram(Uzhavar Sandhai ),Guava,Guava Allahabad,Local,2026-09-20 00:00:00,6000,7000,6500,1000,16.67%,Valid,Normal,Normal
Tamil Nadu,Coimbatore,RSPuram(Uzhavar Sandhai ),Lemon,Lemon,Local,2026-09-20 00:00:00,24000,25800,24900,1800,7.50%,Valid,Normal,Normal
Tamil Nadu,Coimbatore,RSPuram(Uzhavar Sandhai ),Mashrooms,Mashrooms,Local,2026-09-20 00:00:00,20000,25000,22500,5000,25.00%,Valid,Normal,Normal
Tamil Nadu,Coimbatore,RSPuram(Uzhavar Sandhai ),Mint(Pudina),Mint(Pudina),Local,2026-09-20 00:00:00,5500,6000,5750,500,9.09%,Valid,Normal,Normal
Tamil Nadu,Coimbatore,Singanallur(Uzhavar Sandhai ),Onion,Bellary,Local,2026-09-20 00:00:00,5800,6200,6000,400,6.90%,Valid,Normal,Normal
Tamil Nadu,Coimbatore,Singanallur(Uzhavar Sandhai ),Tomato,Deshi,Local,2026-09-20 00:00:00,2400,2800,2600,400,16.67%,Valid,Normal,Normal
Tamil Nadu,Coimbatore,Singanallur(Uzhavar Sandhai ),Bitter gourd,Bitter Gourd,Local,2026-09-20 00:00:00,4400,5000,4700,600,13.64%,Valid,Normal,Normal
Tamil Nadu,Coimbatore,Singanallur(Uzhavar Sandhai ),Carrot,Pusakesar,Local,2026-09-20 00:00:00,4000,4800,4400,800,20.00%,Valid,Normal,Normal
Tamil Nadu,Coimbatore,Singanallur(Uzhavar Sandhai ),Cabbage,Cabbage,Local,2026-09-20 00:00:00,2000,2500,2250,500,25.00%,Valid,Normal,Normal
Tamil Nadu,Coimbatore,Singanallur(Uzhavar Sandhai ),Ridgeguard(Tori),Ridgeguard(Tori),Local,2026-09-20 00:00:00,4000,4500,4250,500,12.50%,Valid,Normal,Normal
Tamil Nadu,Coimbatore,Singanallur(Uzhavar Sandhai ),Yam(Ratalu),Yam (Ratalu),Local,2026-09-20 00:00:00,7400,8000,7700,600,8.11%,Valid,Normal,Normal
Tamil Nadu,Coimbatore,Singanallur(Uzhavar Sandhai ),Turnip,Turnip,Local,2026-09-20 00:00:00,6400,7000,6700,600,9.38%,Valid,Normal,Normal
Tamil Nadu,Coimbatore,Singanallur(Uzhavar Sandhai ),Mint(Pudina),Mint(Pudina),Local,2026-09-20 00:00:00,5400,6000,5700,600,11.11%,Valid,Normal,Normal
Tamil Nadu,Coimbatore,Pollachi(Uzhavar Sandhai ),Potato,Red Nanital,Local,2026-09-20 00:00:00,4000,6500,5250,2500,62.50%,Valid,Normal,Normal
Tamil Nadu,Coimbatore,Pollachi(Uzhavar Sandhai ),Tomato,Deshi,Local,2026-09-20 00:00:00,2000,2500,2250,500,25.00%,Valid,Normal,Normal
Tamil Nadu,Coimbatore,Pollachi(Uzhavar Sandhai ),Cluster beans,Cluster Beans,Local,2026-09-20 00:00:00,4000,4500,4250,500,12.50%,Valid,Normal,Normal
Tamil Nadu,Coimbatore,Pollachi(Uzhavar Sandhai ),Bottle gourd,Bottle Gourd,Local,2026-09-20 00:00:00,3000,3500,3250,500,16.67%,Valid,Normal,Normal
Tamil Nadu,Coimbatore,Pollachi(Uzhavar Sandhai ),Ashgourd,Gouard,Local,2026-09-20 00:00:00,1800,2200,2000,400,22.22%,Valid,Normal,Normal
Tamil Nadu,Coimbatore,Pollachi(Uzhavar Sandhai ),Bhindi(Ladies Finger),Bhindi,Local,2026-09-20 00:00:00,4500,5000,4750,500,11.11%,Valid,Normal,Normal
Tamil Nadu,Coimbatore,Pollachi(Uzhavar Sandhai ),Cabbage,Cabbage,Local,2026-09-20 00:00:00,3000,3500,3250,500,16.67%,Valid,Normal,Normal
Tamil Nadu,Coimbatore,Pollachi(Uzhavar Sandhai ),Green Avare(W),Green Avare (W),Local,2026-09-20 00:00:00,5500,6000,5750,500,9.09%,Valid,Normal,Normal
Tamil Nadu,Coimbatore,Pollachi(Uzhavar Sandhai ),Onion Green,Onion Green,Local,2026-09-20 00:00:00,8500,9500,9000,1000,11.76%,Valid,Normal,Normal
Odisha,Bargarh,Godbhaga APMC,Bhindi(Ladies Finger),Other,Local,2026-09-20 00:00:00,3400,3800,3600,400,11.76%,Valid,Normal,Normal
Telangana,Ranga Reddy,"Vanasthalipuram,RBZ",Little gourd(Kundru),Little gourd (Kundru),Grade A,2026-09-20 00:00:00,3500,3500,3500,0,0.00%,Valid,Normal,Normal
Telangana,Ranga Reddy,"Vanasthalipuram,RBZ",Cluster beans,Cluster Beans,Grade A,2026-09-20 00:00:00,4000,4000,4000,0,0.00%,Valid,Normal,Normal
Telangana,Ranga Reddy,"Vanasthalipuram,RBZ",Snakeguard,Snakeguard,Grade A,2026-09-20 00:00:00,1800,1800,1800,0,0.00%,Valid,Normal,Normal
Telangana,Ranga Reddy,"Vanasthalipuram,RBZ",Other green and fresh vegetables,Other,Grade A,2026-09-20 00:00:00,2000,2000,2000,0,0.00%,Valid,Normal,Normal
Telangana,Ranga Reddy,"Vanasthalipuram,RBZ",French Beans(Frasbean),Other,Grade A,2026-09-20 00:00:00,5500,5500,5500,0,0.00%,Valid,Normal,Normal
Tamil Nadu,Karur,Karur(Uzhavar Sandhai ),Brinjal,Other,Local,2026-09-20 00:00:00,3500,4500,4000,1000,28.57%,Valid,Normal,Normal
Tamil Nadu,Karur,Karur(Uzhavar Sandhai ),Bottle gourd,Bottle Gourd,Local,2026-09-20 00:00:00,2500,3000,2750,500,20.00%,Valid,Normal,Normal
Tamil Nadu,Karur,Karur(Uzhavar Sandhai ),Green Chilli,Green Chilly,Local,2026-09-20 00:00:00,5000,6000,5500,1000,20.00%,Valid,Normal,Normal
Tamil Nadu,Karur,Karur(Uzhavar Sandhai ),Carrot,Pusakesar,Local,2026-09-20 00:00:00,5500,6000,5750,500,9.09%,Valid,Normal,Normal
Tamil Nadu,Karur,Karur(Uzhavar Sandhai ),Colacasia,Colacasia,Local,2026-09-20 00:00:00,6500,7000,6750,500,7.69%,Valid,Normal,Normal
Tamil Nadu,Karur,Karur(Uzhavar Sandhai ),Onion Green,Onion Green,Local,2026-09-20 00:00:00,9000,9500,9250,500,5.56%,Valid,Normal,Normal
Tamil Nadu,Karur,Karur(Uzhavar Sandhai ),Sweet Corn,Sweet Corn,Local,2026-09-20 00:00:00,3500,4000,3750,500,14.29%,Valid,Normal,Normal
Tripura,South Tripura,Biokhora,Carrot,Carrot,FAQ,2026-09-20 00:00:00,7850,8000,7900,150,1.91%,Valid,Normal,Normal
Tamil Nadu,Coimbatore,Kurichi(Uzhavar Sandhai ),Banana,Red Banana,Local,2026-09-20 00:00:00,8000,8500,8250,500,6.25%,Valid,Normal,Normal
Tamil Nadu,Coimbatore,Kurichi(Uzhavar Sandhai ),Coriander(Leaves),I Sort,Local,2026-09-20 00:00:00,4500,5000,4750,500,11.11%,Valid,Normal,Normal
Tamil Nadu,Coimbatore,Kurichi(Uzhavar Sandhai ),Onion Green,Onion Green,Local,2026-09-20 00:00:00,8500,9000,8750,500,5.88%,Valid,Normal,Normal
Tamil Nadu,Cuddalore,Chidambaram(Uzhavar Sandhai ),Potato,Red Nanital,Local,2026-09-20 00:00:00,4000,4000,4000,0,0.00%,Valid,Normal,Normal
Tamil Nadu,Cuddalore,Chidambaram(Uzhavar Sandhai ),Banana - Green,Banana - Green,Local,2026-09-20 00:00:00,2500,3000,2750,500,20.00%,Valid,Normal,Normal
Tamil Nadu,Cuddalore,Chidambaram(Uzhavar Sandhai ),Coconut,Coconut,Local,2026-09-20 00:00:00,6000,6000,6000,0,0.00%,Valid,Normal,Normal
Tamil Nadu,Cuddalore,Cuddalore(Uzhavar Sandhai ),Brinjal,Round,Local,2026-09-20 00:00:00,4000,5000,4500,1000,25.00%,Valid,Normal,Normal
Tamil Nadu,Cuddalore,Cuddalore(Uzhavar Sandhai ),Papaya,Papaya,Local,2026-09-20 00:00:00,4000,4000,4000,0,0.00%,Valid,Normal,Normal
Tamil Nadu,Cuddalore,Cuddalore(Uzhavar Sandhai ),Beetroot,Beetroot,Local,2026-09-20 00:00:00,4000,4000,4000,0,0.00%,Valid,Normal,Normal
Tamil Nadu,Cuddalore,Cuddalore(Uzhavar Sandhai ),Guava,Guava Allahabad,Local,2026-09-20 00:00:00,4000,5000,4500,1000,25.00%,Valid,Normal,Normal
Tamil Nadu,Tuticorin,Tuticorin(Uzhavar Sandhai ),Cauliflower,Ranchi,Local,2026-09-20 00:00:00,4500,5000,4750,500,11.11%,Valid,Normal,Normal
Tamil Nadu,Tuticorin,Tuticorin(Uzhavar Sandhai ),Chikoos(Sapota),Sapota,Local,2026-09-20 00:00:00,5000,6000,5500,1000,20.00%,Valid,Normal,Normal
Tamil Nadu,Tuticorin,Tuticorin(Uzhavar Sandhai ),Papaya,Papaya,Local,2026-09-20 00:00:00,4500,5000,4750,500,11.11%,Valid,Normal,Normal
Tamil Nadu,Tuticorin,Tuticorin(Uzhavar Sandhai ),Pumpkin,Pumpkin,Local,2026-09-20 00:00:00,1500,2000,1750,500,33.33%,Valid,Normal,Normal
Tamil Nadu,Tuticorin,Tuticorin(Uzhavar Sandhai ),Bhindi(Ladies Finger),Bhindi,Local,2026-09-20 00:00:00,3000,3500,3250,500,16.67%,Valid,Normal,Normal
Tamil Nadu,Tuticorin,Tuticorin(Uzhavar Sandhai ),Cowpea(Veg),Cowpea (Veg),Local,2026-09-20 00:00:00,3500,4000,3750,500,14.29%,Valid,Normal,Normal
Tamil Nadu,Tuticorin,Tuticorin(Uzhavar Sandhai ),Sweet Potato,Hosur Red,Local,2026-09-20 00:00:00,5000,6000,5500,1000,20.00%,Valid,Normal,Normal
Tamil Nadu,Tuticorin,Tuticorin(Uzhavar Sandhai ),Cabbage,Cabbage,Local,2026-09-20 00:00:00,3000,3500,3250,500,16.67%,Valid,Normal,Normal
Tamil Nadu,Tuticorin,Tuticorin(Uzhavar Sandhai ),Cucumbar(Kheera),Cucumbar,Local,2026-09-20 00:00:00,5000,6000,5500,1000,20.00%,Valid,Normal,Normal
Tamil Nadu,Tuticorin,Tuticorin(Uzhavar Sandhai ),Capsicum,Capsicum,Local,2026-09-20 00:00:00,7500,8000,7750,500,6.67%,Valid,Normal,Normal
Tamil Nadu,Tuticorin,Tuticorin(Uzhavar Sandhai ),Colacasia,Colacasia,Local,2026-09-20 00:00:00,6500,7000,6750,500,7.69%,Valid,Normal,Normal
Tamil Nadu,Tuticorin,Tuticorin(Uzhavar Sandhai ),Onion Green,Onion Green,Local,2026-09-20 00:00:00,9000,10000,9500,1000,11.11%,Valid,Normal,Normal
Tamil Nadu,Nagercoil (Kannyiakumari),Vadaseri APMC,Potato,Red Nanital,Local,2026-09-20 00:00:00,3000,3500,3250,500,16.67%,Valid,Normal,Normal
Tamil Nadu,Nagercoil (Kannyiakumari),Vadaseri APMC,Coriander(Leaves),I Sort,Local,2026-09-20 00:00:00,4500,5000,4750,500,11.11%,Valid,Normal,Normal
Tamil Nadu,Nagercoil (Kannyiakumari),Vadaseri APMC,Ashgourd,Gouard,Local,2026-09-20 00:00:00,2200,2500,2350,300,13.64%,Valid,Normal,Normal
Tamil Nadu,Nagercoil (Kannyiakumari),Vadaseri APMC,Green Chilli,Green Chilly,Local,2026-09-20 00:00:00,8500,9000,8750,500,5.88%,Valid,Normal,Normal
Tamil Nadu,Nagercoil (Kannyiakumari),Vadaseri APMC,Cowpea(Veg),Cowpea (Veg),Local,2026-09-20 00:00:00,4300,4800,4550,500,11.63%,Valid,Normal,Normal
Tamil Nadu,Nagercoil (Kannyiakumari),Vadaseri APMC,Cabbage,Cabbage,Local,2026-09-20 00:00:00,5000,5500,5250,500,10.00%,Valid,Normal,Normal
Madhya Pradesh,Morena,Kailaras APMC,Coriander(Leaves),Other,FAQ,2026-09-20 00:00:00,2000,2000,2000,0,0.00%,Valid,Normal,Normal
Madhya Pradesh,Morena,Kailaras APMC,Bottle gourd,Other,FAQ,2026-09-20 00:00:00,400,1000,1000,600,150.00%,Valid,Normal,Normal
Madhya Pradesh,Morena,Kailaras APMC,Other green and fresh vegetables,Other green and fresh vegetables,FAQ,2026-09-20 00:00:00,2500,5500,5500,3000,120.00%,Valid,Normal,Normal
Tamil Nadu,Vellore,Thirupathur APMC,Onion,Bellary,Local,2026-09-20 00:00:00,6000,6000,6000,0,0.00%,Valid,Normal,Normal
Tamil Nadu,Vellore,Thirupathur APMC,Brinjal,Round,Local,2026-09-20 00:00:00,3600,3600,3600,0,0.00%,Valid,Normal,Normal
Tamil Nadu,Vellore,Thirupathur APMC,Bitter gourd,Bitter Gourd,Local,2026-09-20 00:00:00,5000,5000,5000,0,0.00%,Valid,Normal,Normal
Tamil Nadu,Vellore,Thirupathur APMC,Pumpkin,Pumpkin,Local,2026-09-20 00:00:00,2000,2000,2000,0,0.00%,Valid,Normal,Normal
Tamil Nadu,Vellore,Thirupathur APMC,Beans,Beans (Whole),Local,2026-09-20 00:00:00,7000,7000,7000,0,0.00%,Valid,Normal,Normal
Tamil Nadu,Vellore,Thirupathur APMC,Thondekai,Thondekai,Local,2026-09-20 00:00:00,4000,4000,4000,0,0.00%,Valid,Normal,Normal
Tamil Nadu,Vellore,Thirupathur APMC,Chow Chow,Chow Chow,Local,2026-09-20 00:00:00,3000,3000,3000,0,0.00%,Valid,Normal,Normal
Tamil Nadu,Vellore,Thirupathur APMC,Drumstick,Drumstick,Local,2026-09-20 00:00:00,4000,4000,4000,0,0.00%,Valid,Normal,Normal
Tamil Nadu,Vellore,Thirupathur APMC,Lemon,Lemon,Local,2026-09-20 00:00:00,5000,5000,5000,0,0.00%,Valid,Normal,Normal
Tamil Nadu,Vellore,Vellore APMC,Brinjal,Other,Local,2026-09-20 00:00:00,5000,5000,5000,0,0.00%,Valid,Normal,Normal
Tamil Nadu,Vellore,Vellore APMC,Onion,Bellary,Local,2026-09-20 00:00:00,6000,6000,6000,0,0.00%,Valid,Normal,Normal
Tamil Nadu,Vellore,Vellore APMC,Potato,Red Nanital,Local,2026-09-20 00:00:00,2200,2200,2200,0,0.00%,Valid,Normal,Normal
Tamil Nadu,Vellore,Vellore APMC,Mousambi(Sweet Lime),Mousambi,Local,2026-09-20 00:00:00,7000,7000,7000,0,0.00%,Valid,Normal,Normal
Tamil Nadu,Vellore,Vellore APMC,Coconut,Coconut,Local,2026-09-20 00:00:00,3500,3500,3500,0,0.00%,Valid,Normal,Normal
Tamil Nadu,Vellore,Vellore APMC,Beetroot,Beetroot,Local,2026-09-20 00:00:00,4600,4600,4600,0,0.00%,Valid,Normal,Normal
Tamil Nadu,Vellore,Vellore APMC,Cucumbar(Kheera),Cucumbar,Local,2026-09-20 00:00:00,3000,3000,3000,0,0.00%,Valid,Normal,Normal
Tamil Nadu,Vellore,Vellore APMC,Thondekai,Thondekai,Local,2026-09-20 00:00:00,3000,3000,3000,0,0.00%,Valid,Normal,Normal
Tamil Nadu,Vellore,Vellore APMC,Guava,Guava Allahabad,Local,2026-09-20 00:00:00,10000,10000,10000,0,0.00%,Valid,Normal,Normal
Tamil Nadu,Vellore,Vellore APMC,Lemon,Lemon,Local,2026-09-20 00:00:00,15000,15000,15000,0,0.00%,Valid,Normal,Normal
Tamil Nadu,Vellore,Vellore APMC,Onion Green,Onion Green,Local,2026-09-20 00:00:00,11000,11000,11000,0,0.00%,Valid,Normal,Normal
Bihar,Sheikhpura,Shekhpura APMC,Wheat,147 Average,FAQ,2026-09-20 00:00:00,2585,2710,2640,125,4.84%,Valid,Normal,Normal
Bihar,Sheikhpura,Shekhpura APMC,Bitter gourd,Bitter Gourd,FAQ,2026-09-20 00:00:00,3970,4100,4020,130,3.27%,Valid,Normal,Normal
Tamil Nadu,Dharmapuri,Harur(Uzhavar Sandhai ),Banana,Besrai,Local,2026-09-20 00:00:00,5000,6000,5500,1000,20.00%,Valid,Normal,Normal
Tamil Nadu,Dharmapuri,Harur(Uzhavar Sandhai ),Potato,Red Nanital,Local,2026-09-20 00:00:00,2500,3000,2750,500,20.00%,Valid,Normal,Normal
Tamil Nadu,Dharmapuri,Harur(Uzhavar Sandhai ),Coriander(Leaves),I Sort,Local,2026-09-20 00:00:00,3500,4000,3750,500,14.29%,Valid,Normal,Normal
Tamil Nadu,Dharmapuri,Harur(Uzhavar Sandhai ),Papaya,Papaya,Local,2026-09-20 00:00:00,2500,3000,2750,500,20.00%,Valid,Normal,Normal
Tamil Nadu,Dharmapuri,Harur(Uzhavar Sandhai ),Bottle gourd,Bottle Gourd,Local,2026-09-20 00:00:00,2000,2500,2250,500,25.00%,Valid,Normal,Normal
Tamil Nadu,Dharmapuri,Harur(Uzhavar Sandhai ),Cabbage,Cabbage,Local,2026-09-20 00:00:00,2500,3000,2750,500,20.00%,Valid,Normal,Normal
Tamil Nadu,Dharmapuri,Harur(Uzhavar Sandhai ),Amla(Nelli Kai),Amla,Local,2026-09-20 00:00:00,6000,7000,6500,1000,16.67%,Valid,Normal,Normal
Tamil Nadu,Krishnagiri,Kaveripattinam(Uzhavar Sandhai ),Pumpkin,Pumpkin,Local,2026-09-20 00:00:00,2000,2000,2000,0,0.00%,Valid,Normal,Normal
Tamil Nadu,Krishnagiri,Kaveripattinam(Uzhavar Sandhai ),Green Chilli,Green Chilly,Local,2026-09-20 00:00:00,5000,5000,5000,0,0.00%,Valid,Normal,Normal
Tamil Nadu,Krishnagiri,Kaveripattinam(Uzhavar Sandhai ),Chow Chow,Chow Chow,Local,2026-09-20 00:00:00,3500,3500,3500,0,0.00%,Valid,Normal,Normal
Tamil Nadu,The Nilgiris,Coonoor(Uzhavar Sandhai ),Tomato,Local,Local,2026-09-20 00:00:00,3000,3300,3150,300,10.00%,Valid,Normal,Normal
Tamil Nadu,The Nilgiris,Coonoor(Uzhavar Sandhai ),Pumpkin,Pumpkin,Local,2026-09-20 00:00:00,1800,2000,1900,200,11.11%,Valid,Normal,Normal
Tamil Nadu,The Nilgiris,Coonoor(Uzhavar Sandhai ),Cowpea(Veg),Cowpea (Veg),Local,2026-09-20 00:00:00,3500,3800,3650,300,8.57%,Valid,Normal,Normal
Tamil Nadu,The Nilgiris,Coonoor(Uzhavar Sandhai ),Ginger(Green),Green Ginger,Local,2026-09-20 00:00:00,15000,16000,15500,1000,6.67%,Valid,Normal,Normal
Tamil Nadu,The Nilgiris,Coonoor(Uzhavar Sandhai ),Ridgeguard(Tori),Ridgeguard(Tori),Local,2026-09-20 00:00:00,4500,4800,4650,300,6.67%,Valid,Normal,Normal
Tamil Nadu,The Nilgiris,Coonoor(Uzhavar Sandhai ),Lemon,Lemon,Local,2026-09-20 00:00:00,24000,25000,24500,1000,4.17%,Valid,Normal,Normal
Tamil Nadu,The Nilgiris,Gudalur(Uzhavar Sandhai ),Ashgourd,Gouard,Local,2026-09-20 00:00:00,1800,2000,1900,200,11.11%,Valid,Normal,Normal
Tamil Nadu,The Nilgiris,Gudalur(Uzhavar Sandhai ),Pumpkin,Pumpkin,Local,2026-09-20 00:00:00,1800,2000,1900,200,11.11%,Valid,Normal,Normal
Tamil Nadu,The Nilgiris,Gudalur(Uzhavar Sandhai ),Coconut,Coconut,Local,2026-09-20 00:00:00,6000,6500,6250,500,8.33%,Valid,Normal,Normal
Odisha,Angul,Angul APMC,Papaya(Raw),Other,Grade B,2026-09-20 00:00:00,1500,1500,1500,0,0.00%,Valid,Normal,Normal
Odisha,Bargarh,Attabira APMC,Tomato,Other,Local,2026-09-20 00:00:00,1600,2000,1800,400,25.00%,Valid,Normal,Normal
Punjab,Tarntaran,Patti APMC,Banana,Other,Grade B,2026-09-20 00:00:00,1,1,1,0,0.00%,Valid,Review,Normal
Punjab,Tarntaran,Patti APMC,Carrot,Other,Local,2026-09-20 00:00:00,200,200,200,0,0.00%,Valid,Normal,Normal
Punjab,Tarntaran,Patti APMC,Onion,Other,Non-FAQ,2026-09-20 00:00:00,0.08,0.08,0.08,0,0.00%,Valid,Review,Normal
Punjab,Tarntaran,Patti APMC,Spinach,Other,Local,2026-09-20 00:00:00,400,400,400,0,0.00%,Valid,Normal,Normal
Punjab,Tarntaran,Patti APMC,Raddish,Raddish,Local,2026-09-20 00:00:00,4.8,4.8,4.8,0,0.00%,Valid,Review,Normal
Uttarakhand,Dehradoon,Vikasnagar APMC,Lemon,Other,Medium,2026-09-20 00:00:00,3200,3500,3500,300,9.38%,Valid,Normal,Normal
Uttarakhand,Dehradoon,Vikasnagar APMC,Ginger(Green),Green Ginger,Medium,2026-09-20 00:00:00,2600,4500,3500,1900,73.08%,Valid,Normal,Normal
Uttarakhand,Dehradoon,Vikasnagar APMC,Potato,Other,Medium,2026-09-20 00:00:00,900,1000,1000,100,11.11%,Valid,Normal,Normal
Uttarakhand,Dehradoon,Vikasnagar APMC,Papaya,Papaya,Medium,2026-09-20 00:00:00,1600,1600,1600,0,0.00%,Valid,Normal,Normal
Uttarakhand,Dehradoon,Vikasnagar APMC,Guava,Other,Medium,2026-09-20 00:00:00,1600,2100,2100,500,31.25%,Valid,Normal,Normal
Odisha,Jharsuguda,Jharsuguda APMC,Potato,Other,Grade A,2026-09-20 00:00:00,1700,2000,1700,300,17.65%,Valid,Normal,Normal
Haryana,Hissar,Hansi APMC,Mousambi(Sweet Lime),Other,Grade B,2026-09-20 00:00:00,3000,3500,3250,500,16.67%,Valid,Normal,Normal
Haryana,Hissar,Hansi APMC,Brinjal,Other,FAQ,2026-09-20 00:00:00,800,1000,900,200,25.00%,Valid,Normal,Normal
Haryana,Hissar,Hansi APMC,Pomegranate,Other,Grade B,2026-09-20 00:00:00,8000,15000,12000,7000,87.50%,Valid,Normal,Normal
Haryana,Hissar,Hansi APMC,Peas Wet,Other,FAQ,2026-09-20 00:00:00,10000,12000,11000,2000,20.00%,Valid,Normal,Normal
Haryana,Hissar,Hansi APMC,Pumpkin,Other,FAQ,2026-09-20 00:00:00,1000,1500,1250,500,50.00%,Valid,Normal,Normal
Haryana,Hissar,Hansi APMC,Guar,Other,FAQ,2026-09-20 00:00:00,5000,6000,5500,1000,20.00%,Valid,Normal,Normal
Haryana,Hissar,Hansi APMC,Spinach,Other,FAQ,2026-09-20 00:00:00,2000,2500,2250,500,25.00%,Valid,Normal,Normal
Haryana,Hissar,Hansi APMC,Ridgeguard(Tori),Other,FAQ,2026-09-20 00:00:00,2500,3000,2750,500,20.00%,Valid,Normal,Normal
Keralam,Kollam,Chathanoor Market,Banana,Banana - Ripe,Medium,2026-09-20 00:00:00,6500,7500,7000,1000,15.38%,Valid,Normal,Normal
Keralam,Kollam,Chathanoor Market,Banana,Poovan,Medium,2026-09-20 00:00:00,6500,7500,7000,1000,15.38%,Valid,Normal,Normal
Andhra Pradesh,Prakasam,Maddipadu APMC,Bengal Gram(Gram)(Whole),Gulabi,FAQ,2026-09-20 00:00:00,6000,6000,6000,0,0.00%,Valid,Normal,Normal
Keralam,Kozhikode(Calicut),Mukkom Market,Ashgourd,Other,FAQ,2026-09-20 00:00:00,2300,2500,2400,200,8.70%,Valid,Normal,Normal
Keralam,Kozhikode(Calicut),Mukkom Market,Brinjal,Brinjal,FAQ,2026-09-20 00:00:00,4400,4800,4600,400,9.09%,Valid,Normal,Normal
Keralam,Kozhikode(Calicut),Mukkom Market,Cucumbar(Kheera),Cucumbar,FAQ,2026-09-20 00:00:00,1800,2100,1900,300,16.67%,Valid,Normal,Normal
Keralam,Kozhikode(Calicut),Mukkom Market,Bottle gourd,Bottle Gourd,FAQ,2026-09-20 00:00:00,3000,3300,3100,300,10.00%,Valid,Normal,Normal
Keralam,Kozhikode(Calicut),Mukkom Market,Carrot,Carrot,FAQ,2026-09-20 00:00:00,7200,7800,7400,600,8.33%,Valid,Normal,Normal
Keralam,Kozhikode(Calicut),Mukkom Market,Bhindi(Ladies Finger),Bhindi,FAQ,2026-09-20 00:00:00,4400,4800,4600,400,9.09%,Valid,Normal,Normal
Keralam,Kozhikode(Calicut),Mukkom Market,Pumpkin,Pumpkin,FAQ,2026-09-20 00:00:00,1800,2000,1900,200,11.11%,Valid,Normal,Normal
Keralam,Kozhikode(Calicut),Mukkom Market,Orange,Other,Large,2026-09-20 00:00:00,10000,11000,10500,1000,10.00%,Valid,Normal,Normal
Keralam,Kozhikode(Calicut),Mukkom Market,Coconut,Other,FAQ,2026-09-20 00:00:00,6000,6400,6200,400,6.67%,Valid,Normal,Normal
Telangana,Ranga Reddy,"Saroornagar,RBZ",Drumstick,Drumstick,Medium,2026-09-20 00:00:00,4500,4500,4500,0,0.00%,Valid,Normal,Normal
Telangana,Ranga Reddy,"Saroornagar,RBZ",Bitter gourd,Other,Medium,2026-09-20 00:00:00,3200,3200,3200,0,0.00%,Valid,Normal,Normal
Telangana,Ranga Reddy,"Saroornagar,RBZ",Colacasia,Colacasia,Medium,2026-09-20 00:00:00,2800,2800,2800,0,0.00%,Valid,Normal,Normal
Andhra Pradesh,Nandyal,Allagadda APMC,Maize,Local,FAQ,2026-09-20 00:00:00,1980,2100,2050,120,6.06%,Valid,Normal,Normal
Andhra Pradesh,Annamayya,Somala APMC,Tomato,Tomato,FAQ,2026-09-20 00:00:00,900,1300,1100,400,44.44%,Valid,Normal,Normal
Keralam,Idukki,Kattappana Market,Brinjal,Other,Medium,2026-09-20 00:00:00,4200,4500,4200,300,7.14%,Valid,Normal,Normal
Keralam,Idukki,Kattappana Market,Bitter gourd,Other,Medium,2026-09-20 00:00:00,4800,5800,5500,1000,20.83%,Valid,Normal,Normal
Keralam,Idukki,Kattappana Market,Carrot,Other,Medium,2026-09-20 00:00:00,6500,7800,7000,1300,20.00%,Valid,Normal,Normal
Keralam,Idukki,Kattappana Market,Cauliflower,Other,Medium,2026-09-20 00:00:00,4900,5500,5400,600,12.24%,Valid,Normal,Normal
Keralam,Idukki,Kattappana Market,Cucumbar(Kheera),Other,Medium,2026-09-20 00:00:00,2800,3200,3000,400,14.29%,Valid,Normal,Normal
Keralam,Idukki,Kattappana Market,Yam(Ratalu),Other,Medium,2026-09-20 00:00:00,5800,6500,6000,700,12.07%,Valid,Normal,Normal
Keralam,Idukki,Kattappana Market,Tomato,Other,Medium,2026-09-20 00:00:00,4500,5400,5000,900,20.00%,Valid,Normal,Normal
Keralam,Idukki,Kattappana Market,Banana,Nendra Bale,Medium,2026-09-20 00:00:00,6000,7000,6500,1000,16.67%,Valid,Normal,Normal
Keralam,Idukki,Kattappana Market,Banana,Palayamthodan,Medium,2026-09-20 00:00:00,2400,2500,2500,100,4.17%,Valid,Normal,Normal
Keralam,Idukki,Kattappana Market,Banana,Poovan,Medium,2026-09-20 00:00:00,4800,5800,5500,1000,20.83%,Valid,Normal,Normal
Keralam,Idukki,Kattappana Market,Banana,Robusta,Medium,2026-09-20 00:00:00,2100,2400,2300,300,14.29%,Valid,Normal,Normal
Haryana,Rewari,Kosli APMC,Potato,Other,FAQ,2026-09-20 00:00:00,1000,1000,1000,0,0.00%,Valid,Normal,Normal
Haryana,Rewari,Kosli APMC,Bottle gourd,Bottle Gourd,FAQ,2026-09-20 00:00:00,1000,1000,1000,0,0.00%,Valid,Normal,Normal
Punjab,Gurdaspur,Quadian APMC,Onion,Other,Grade A,2026-09-20 00:00:00,3300,3500,3400,200,6.06%,Valid,Normal,Normal
Punjab,Gurdaspur,Quadian APMC,Brinjal,Other,Grade A,2026-09-20 00:00:00,1000,1200,1100,200,20.00%,Valid,Normal,Normal
Punjab,Gurdaspur,Quadian APMC,Bitter gourd,Other,Grade A,2026-09-20 00:00:00,1300,1500,1400,200,15.38%,Valid,Normal,Normal
Rajasthan,Jalore,Jalore APMC,Coriander(Leaves),Coriander,Local,2026-09-20 00:00:00,2500,2800,2600,300,12.00%,Valid,Normal,Normal
Rajasthan,Jalore,Jalore APMC,Capsicum,Other,Local,2026-09-20 00:00:00,2800,3200,3000,400,14.29%,Valid,Normal,Normal
Rajasthan,Jalore,Jalore APMC,Cauliflower,Cauliflower,Local,2026-09-20 00:00:00,1800,2200,2000,400,22.22%,Valid,Normal,Normal
Rajasthan,Jalore,Jalore APMC,Green Chilli,Green Chilly,Local,2026-09-20 00:00:00,1200,1500,1300,300,25.00%,Valid,Normal,Normal
Rajasthan,Jalore,Jalore APMC,Tinda,Tinda,Local,2026-09-20 00:00:00,1800,2200,2000,400,22.22%,Valid,Normal,Normal
Keralam,Alappuzha,Harippad Market,Bhindi(Ladies Finger),Other,FAQ,2026-09-20 00:00:00,4500,5000,4500,500,11.11%,Valid,Normal,Normal
Tamil Nadu,Thirupur,Tiruppur (South) (Uzhavar Sandhai ),Potato,Other,Local,2026-09-20 00:00:00,4000,5000,4500,1000,25.00%,Valid,Normal,Normal
Tamil Nadu,Thirupur,Tiruppur (South) (Uzhavar Sandhai ),Bitter gourd,Other,Local,2026-09-20 00:00:00,5000,6000,5500,1000,20.00%,Valid,Normal,Normal
Tamil Nadu,Thirupur,Tiruppur (South) (Uzhavar Sandhai ),Pumpkin,Pumpkin,Local,2026-09-20 00:00:00,1000,1500,1250,500,50.00%,Valid,Normal,Normal
Tamil Nadu,Thirupur,Tiruppur (South) (Uzhavar Sandhai ),Cowpea(Veg),Cowpea (Veg),Local,2026-09-20 00:00:00,2500,3000,2750,500,20.00%,Valid,Normal,Normal
Tamil Nadu,Thirupur,Tiruppur (South) (Uzhavar Sandhai ),Carrot,Pusakesar,Local,2026-09-20 00:00:00,3000,4000,3500,1000,33.33%,Valid,Normal,Normal
Tamil Nadu,Thirupur,Tiruppur (South) (Uzhavar Sandhai ),Beetroot,Beetroot,Local,2026-09-20 00:00:00,4000,5000,4500,1000,25.00%,Valid,Normal,Normal
Tamil Nadu,Thirupur,Tiruppur (South) (Uzhavar Sandhai ),Green Avare(W),Other,Local,2026-09-20 00:00:00,5000,6000,5500,1000,20.00%,Valid,Normal,Normal
Tamil Nadu,Thirupur,Tiruppur (South) (Uzhavar Sandhai ),Chow Chow,Chow Chow,Local,2026-09-20 00:00:00,2500,3000,2750,500,20.00%,Valid,Normal,Normal
Tamil Nadu,Thirupur,Tiruppur (South) (Uzhavar Sandhai ),Guava,Guava Allahabad,Local,2026-09-20 00:00:00,4000,5000,4500,1000,25.00%,Valid,Normal,Normal
Tamil Nadu,Thirupur,Tiruppur (South) (Uzhavar Sandhai ),Lemon,Lemon,Local,2026-09-20 00:00:00,28000,30000,29000,2000,7.14%,Valid,Normal,Normal
Tamil Nadu,Erode,Perundurai(Uzhavar Sandhai ),Potato,Other,Local,2026-09-20 00:00:00,3500,4000,3750,500,14.29%,Valid,Normal,Normal
Tamil Nadu,Erode,Perundurai(Uzhavar Sandhai ),Coriander(Leaves),I Sort,Local,2026-09-20 00:00:00,3800,4200,4000,400,10.53%,Valid,Normal,Normal
Tamil Nadu,Erode,Perundurai(Uzhavar Sandhai ),Bhindi(Ladies Finger),Bhindi,Local,2026-09-20 00:00:00,3500,3800,3650,300,8.57%,Valid,Normal,Normal
Tamil Nadu,Erode,Perundurai(Uzhavar Sandhai ),Green Avare(W),Green Avare (W),Local,2026-09-20 00:00:00,5500,6000,5750,500,9.09%,Valid,Normal,Normal
Tamil Nadu,Dharmapuri,Dharmapuri(Uzhavar Sandhai ),Potato,Red Nanital,Local,2026-09-20 00:00:00,2600,2800,2700,200,7.69%,Valid,Normal,Normal
Tamil Nadu,Dharmapuri,Dharmapuri(Uzhavar Sandhai ),Papaya,Papaya,Local,2026-09-20 00:00:00,3500,3800,3650,300,8.57%,Valid,Normal,Normal
Tamil Nadu,Dharmapuri,Dharmapuri(Uzhavar Sandhai ),Tomato,Local,Local,2026-09-20 00:00:00,2400,2500,2450,100,4.17%,Valid,Normal,Normal
Tamil Nadu,Dharmapuri,Dharmapuri(Uzhavar Sandhai ),Bottle gourd,Bottle Gourd,Local,2026-09-20 00:00:00,1800,2000,1900,200,11.11%,Valid,Normal,Normal
Tamil Nadu,Dharmapuri,Dharmapuri(Uzhavar Sandhai ),Banana - Green,Banana - Green,Local,2026-09-20 00:00:00,2800,3000,2900,200,7.14%,Valid,Normal,Normal
Tamil Nadu,Dharmapuri,Dharmapuri(Uzhavar Sandhai ),Chow Chow,Chow Chow,Local,2026-09-20 00:00:00,4200,4600,4400,400,9.52%,Valid,Normal,Normal
Tamil Nadu,Dharmapuri,Dharmapuri(Uzhavar Sandhai ),Marigold(Calcutta),Marigold(Calcutta),Local,2026-09-20 00:00:00,15300,16000,15650,700,4.58%,Valid,Normal,Normal
Tamil Nadu,Dharmapuri,Palacode(Uzhavar Sandhai ),Brinjal,Other,Local,2026-09-20 00:00:00,2500,3000,2750,500,20.00%,Valid,Normal,Normal
Tamil Nadu,Dharmapuri,Palacode(Uzhavar Sandhai ),Coriander(Leaves),I Sort,Local,2026-09-20 00:00:00,4600,5000,4800,400,8.70%,Valid,Normal,Normal
Tamil Nadu,Dharmapuri,Palacode(Uzhavar Sandhai ),Papaya,Papaya,Local,2026-09-20 00:00:00,3500,3800,3650,300,8.57%,Valid,Normal,Normal
Tamil Nadu,Dharmapuri,Palacode(Uzhavar Sandhai ),Cluster beans,Cluster Beans,Local,2026-09-20 00:00:00,3000,3400,3200,400,13.33%,Valid,Normal,Normal
Tamil Nadu,Dharmapuri,Palacode(Uzhavar Sandhai ),Bitter gourd,Other,Local,2026-09-20 00:00:00,3800,4000,3900,200,5.26%,Valid,Normal,Normal
Tamil Nadu,Dharmapuri,Palacode(Uzhavar Sandhai ),Green Chilli,Green Chilly,Local,2026-09-20 00:00:00,4500,4800,4650,300,6.67%,Valid,Normal,Normal
Tamil Nadu,Dharmapuri,Palacode(Uzhavar Sandhai ),Coconut,Coconut,Local,2026-09-20 00:00:00,6000,6500,6250,500,8.33%,Valid,Normal,Normal
Tamil Nadu,Dharmapuri,Palacode(Uzhavar Sandhai ),Capsicum,Capsicum,Local,2026-09-20 00:00:00,6800,7000,6900,200,2.94%,Valid,Normal,Normal
Tamil Nadu,Dharmapuri,Palacode(Uzhavar Sandhai ),Elephant Yam(Suran)/Amorphophallus,Elephant Yam (Suran),Local,2026-09-20 00:00:00,5600,6000,5800,400,7.14%,Valid,Normal,Normal
Tamil Nadu,Dharmapuri,Palacode(Uzhavar Sandhai ),Amla(Nelli Kai),Amla,Local,2026-09-20 00:00:00,8500,9000,8750,500,5.88%,Valid,Normal,Normal
Tamil Nadu,Dharmapuri,Palacode(Uzhavar Sandhai ),Onion Green,Onion Green,Local,2026-09-20 00:00:00,6500,7000,6750,500,7.69%,Valid,Normal,Normal
Tamil Nadu,Dharmapuri,Pennagaram(Uzhavar Sandhai ),Papaya,Papaya,Local,2026-09-20 00:00:00,3000,3500,3250,500,16.67%,Valid,Normal,Normal
Tamil Nadu,Dharmapuri,Pennagaram(Uzhavar Sandhai ),Bitter gourd,Bitter Gourd,Local,2026-09-20 00:00:00,3800,4000,3900,200,5.26%,Valid,Normal,Normal
Tamil Nadu,Dharmapuri,Pennagaram(Uzhavar Sandhai ),Beans,Beans (Whole),Local,2026-09-20 00:00:00,7000,8000,7500,1000,14.29%,Valid,Normal,Normal
Tamil Nadu,Dharmapuri,Pennagaram(Uzhavar Sandhai ),Tapioca,Tapioca,Local,2026-09-20 00:00:00,2800,3000,2900,200,7.14%,Valid,Normal,Normal
Tamil Nadu,Dharmapuri,Pennagaram(Uzhavar Sandhai ),Ginger(Green),Green Ginger,Local,2026-09-20 00:00:00,19000,20000,19500,1000,5.26%,Valid,Normal,Normal
Tamil Nadu,Dharmapuri,Pennagaram(Uzhavar Sandhai ),Coconut,Coconut,Local,2026-09-20 00:00:00,5500,6000,5750,500,9.09%,Valid,Normal,Normal
Tamil Nadu,Dharmapuri,Pennagaram(Uzhavar Sandhai ),Chow Chow,Chow Chow,Local,2026-09-20 00:00:00,4000,4500,4250,500,12.50%,Valid,Normal,Normal
Tamil Nadu,Dharmapuri,Pennagaram(Uzhavar Sandhai ),Mint(Pudina),Mint(Pudina),Local,2026-09-20 00:00:00,5500,6000,5750,500,9.09%,Valid,Normal,Normal
Tamil Nadu,Dindigul,Chinnalapatti(Uzhavar Sandhai ),Brinjal,Other,Local,2026-09-20 00:00:00,5000,6000,5500,1000,20.00%,Valid,Normal,Normal
Tamil Nadu,Dindigul,Chinnalapatti(Uzhavar Sandhai ),Potato,Red Nanital,Local,2026-09-20 00:00:00,4000,5000,4500,1000,25.00%,Valid,Normal,Normal
Tamil Nadu,Dindigul,Chinnalapatti(Uzhavar Sandhai ),Amaranthus,Amaranthus,Local,2026-09-20 00:00:00,2500,3000,2750,500,20.00%,Valid,Normal,Normal
Tamil Nadu,Dindigul,Chinnalapatti(Uzhavar Sandhai ),Beans,Beans (Whole),Local,2026-09-20 00:00:00,8000,10000,9000,2000,25.00%,Valid,Normal,Normal
Tamil Nadu,Dindigul,Chinnalapatti(Uzhavar Sandhai ),Ridgeguard(Tori),Ridgeguard(Tori),Local,2026-09-20 00:00:00,5000,7000,6000,2000,40.00%,Valid,Normal,Normal
Tamil Nadu,Dindigul,Chinnalapatti(Uzhavar Sandhai ),Yam(Ratalu),Yam (Ratalu),Local,2026-09-20 00:00:00,7600,8000,7800,400,5.26%,Valid,Normal,Normal
Tamil Nadu,Dindigul,Chinnalapatti(Uzhavar Sandhai ),Indian Beans(Seam),Indian Beans (Seam),Local,2026-09-20 00:00:00,7600,8000,7800,400,5.26%,Valid,Normal,Normal
Tamil Nadu,Dindigul,Palani(Uzhavar Sandhai ),Onion,Bellary,Local,2026-09-20 00:00:00,6000,7000,6500,1000,16.67%,Valid,Normal,Normal
Tamil Nadu,Dindigul,Palani(Uzhavar Sandhai ),Potato,Other,Local,2026-09-20 00:00:00,4000,4500,4250,500,12.50%,Valid,Normal,Normal
Tamil Nadu,Dindigul,Palani(Uzhavar Sandhai ),Coriander(Leaves),I Sort,Local,2026-09-20 00:00:00,4000,5000,4500,1000,25.00%,Valid,Normal,Normal
Tamil Nadu,Dindigul,Palani(Uzhavar Sandhai ),Ashgourd,Gouard,Local,2026-09-20 00:00:00,1600,2000,1800,400,25.00%,Valid,Normal,Normal
Tamil Nadu,Dindigul,Palani(Uzhavar Sandhai ),Bhindi(Ladies Finger),Bhindi,Local,2026-09-20 00:00:00,2200,2600,2400,400,18.18%,Valid,Normal,Normal
Tamil Nadu,Dindigul,Palani(Uzhavar Sandhai ),Sweet Potato,Hosur Red,Local,2026-09-20 00:00:00,5000,6000,5500,1000,20.00%,Valid,Normal,Normal
Tamil Nadu,Dindigul,Palani(Uzhavar Sandhai ),Green Avare(W),Other,Local,2026-09-20 00:00:00,6000,7000,6500,1000,16.67%,Valid,Normal,Normal
Tamil Nadu,Dindigul,Palani(Uzhavar Sandhai ),Knool Khol,Knool Khol,Local,2026-09-20 00:00:00,3000,5000,4000,2000,66.67%,Valid,Normal,Normal
Tamil Nadu,Dindigul,Palani(Uzhavar Sandhai ),Guava,Guava Allahabad,Local,2026-09-20 00:00:00,5000,6000,5500,1000,20.00%,Valid,Normal,Normal
Tamil Nadu,Dindigul,Palani(Uzhavar Sandhai ),Elephant Yam(Suran)/Amorphophallus,Elephant Yam (Suran),Local,2026-09-20 00:00:00,4000,5000,4500,1000,25.00%,Valid,Normal,Normal
Tamil Nadu,Dindigul,Palani(Uzhavar Sandhai ),Indian Beans(Seam),Indian Beans (Seam),Local,2026-09-20 00:00:00,7000,8000,7500,1000,14.29%,Valid,Normal,Normal
Tamil Nadu,Erode,Periyar Nagar(Uzhavar Sandhai ),Tomato,Deshi,Local,2026-09-20 00:00:00,2500,2800,2650,300,12.00%,Valid,Normal,Normal
Tamil Nadu,Erode,Periyar Nagar(Uzhavar Sandhai ),Bitter gourd,Bitter Gourd,Local,2026-09-20 00:00:00,4000,4400,4200,400,10.00%,Valid,Normal,Normal
Tamil Nadu,Erode,Periyar Nagar(Uzhavar Sandhai ),Bottle gourd,Bottle Gourd,Local,2026-09-20 00:00:00,1000,1200,1100,200,20.00%,Valid,Normal,Normal
Tamil Nadu,Erode,Periyar Nagar(Uzhavar Sandhai ),Bhindi(Ladies Finger),Bhindi,Local,2026-09-20 00:00:00,2800,3200,3000,400,14.29%,Valid,Normal,Normal
Tamil Nadu,Erode,Periyar Nagar(Uzhavar Sandhai ),Coconut,Coconut,Local,2026-09-20 00:00:00,5000,5400,5200,400,8.00%,Valid,Normal,Normal
Tamil Nadu,Erode,Periyar Nagar(Uzhavar Sandhai ),Raddish,Raddish,Local,2026-09-20 00:00:00,2000,2500,2250,500,25.00%,Valid,Normal,Normal
Tamil Nadu,Erode,Periyar Nagar(Uzhavar Sandhai ),Elephant Yam(Suran)/Amorphophallus,Elephant Yam (Suran),Local,2026-09-20 00:00:00,3000,3400,3200,400,13.33%,Valid,Normal,Normal
Tamil Nadu,Erode,Periyar Nagar(Uzhavar Sandhai ),Lemon,Lemon,Local,2026-09-20 00:00:00,25500,27000,26250,1500,5.88%,Valid,Normal,Normal
Tamil Nadu,Erode,Periyar Nagar(Uzhavar Sandhai ),Baby Corn,Baby Corn,Grade A,2026-09-20 00:00:00,1500,1700,1600,200,13.33%,Valid,Normal,Normal
Tamil Nadu,Kallakuruchi,Sankarapuram(Uzhavar Sandhai ),Papaya,Papaya,Local,2026-09-20 00:00:00,3500,3500,3500,0,0.00%,Valid,Normal,Normal
Tamil Nadu,Kallakuruchi,Sankarapuram(Uzhavar Sandhai ),Bottle gourd,Bottle Gourd,Local,2026-09-20 00:00:00,1500,1500,1500,0,0.00%,Valid,Normal,Normal
Tamil Nadu,Kallakuruchi,Sankarapuram(Uzhavar Sandhai ),Ashgourd,Gouard,Local,2026-09-20 00:00:00,1500,1500,1500,0,0.00%,Valid,Normal,Normal
Tamil Nadu,Kallakuruchi,Sankarapuram(Uzhavar Sandhai ),Bhindi(Ladies Finger),Bhindi,Local,2026-09-20 00:00:00,3000,3000,3000,0,0.00%,Valid,Normal,Normal
Tamil Nadu,Kallakuruchi,Sankarapuram(Uzhavar Sandhai ),Amaranthus,Amaranthus,Local,2026-09-20 00:00:00,4000,4000,4000,0,0.00%,Valid,Normal,Normal
Tamil Nadu,Kallakuruchi,Sankarapuram(Uzhavar Sandhai ),Beans,Beans (Whole),Local,2026-09-20 00:00:00,10000,10000,10000,0,0.00%,Valid,Normal,Normal
Tamil Nadu,Kallakuruchi,Sankarapuram(Uzhavar Sandhai ),Tapioca,Tapioca,Local,2026-09-20 00:00:00,3000,3000,3000,0,0.00%,Valid,Normal,Normal
Tamil Nadu,Kallakuruchi,Sankarapuram(Uzhavar Sandhai ),Snakeguard,Snakeguard,Local,2026-09-20 00:00:00,4000,4000,4000,0,0.00%,Valid,Normal,Normal
Tamil Nadu,Kallakuruchi,Sankarapuram(Uzhavar Sandhai ),Amla(Nelli Kai),Amla,Local,2026-09-20 00:00:00,10000,10000,10000,0,0.00%,Valid,Normal,Normal
Tamil Nadu,Kallakuruchi,Sankarapuram(Uzhavar Sandhai ),Baby Corn,Baby Corn,Grade A,2026-09-20 00:00:00,3000,3000,3000,0,0.00%,Valid,Normal,Normal
Tamil Nadu,Kancheepuram,Kundrathur(Uzhavar Sandhai ),Banana,Red Banana,Local,2026-09-20 00:00:00,7000,8000,7500,1000,14.29%,Valid,Normal,Normal
Tamil Nadu,Kancheepuram,Kundrathur(Uzhavar Sandhai ),Bitter gourd,Bitter Gourd,Local,2026-09-20 00:00:00,4000,4000,4000,0,0.00%,Valid,Normal,Normal
Tamil Nadu,Kancheepuram,Kundrathur(Uzhavar Sandhai ),Pumpkin,Pumpkin,Local,2026-09-20 00:00:00,2000,2000,2000,0,0.00%,Valid,Normal,Normal
Tamil Nadu,Kancheepuram,Kundrathur(Uzhavar Sandhai ),Bhindi(Ladies Finger),Bhindi,Local,2026-09-20 00:00:00,4000,4000,4000,0,0.00%,Valid,Normal,Normal
Tamil Nadu,Kancheepuram,Kundrathur(Uzhavar Sandhai ),Banana - Green,Banana - Green,Local,2026-09-20 00:00:00,3000,3000,3000,0,0.00%,Valid,Normal,Normal
Tamil Nadu,Kancheepuram,Kundrathur(Uzhavar Sandhai ),Beans,Beans (Whole),Local,2026-09-20 00:00:00,7000,8000,7500,1000,14.29%,Valid,Normal,Normal
Tamil Nadu,Kancheepuram,Kundrathur(Uzhavar Sandhai ),Capsicum,Capsicum,Local,2026-09-20 00:00:00,5000,5000,5000,0,0.00%,Valid,Normal,Normal
Tamil Nadu,Kancheepuram,Kundrathur(Uzhavar Sandhai ),Pomegranate,Pomogranate,Local,2026-09-20 00:00:00,15000,15000,15000,0,0.00%,Valid,Normal,Normal
Tamil Nadu,Kancheepuram,Sunguvarchatram(Uzhavar Sandhai ),Brinjal,Other,Local,2026-09-20 00:00:00,3500,4000,3750,500,14.29%,Valid,Normal,Normal
Tamil Nadu,Kancheepuram,Sunguvarchatram(Uzhavar Sandhai ),Onion,Bellary,Local,2026-09-20 00:00:00,5000,5000,5000,0,0.00%,Valid,Normal,Normal
Tamil Nadu,Kancheepuram,Sunguvarchatram(Uzhavar Sandhai ),Pumpkin,Pumpkin,Local,2026-09-20 00:00:00,2000,2000,2000,0,0.00%,Valid,Normal,Normal
Tamil Nadu,Kancheepuram,Sunguvarchatram(Uzhavar Sandhai ),Cabbage,Cabbage,Local,2026-09-20 00:00:00,3000,3000,3000,0,0.00%,Valid,Normal,Normal
Tamil Nadu,Kancheepuram,Sunguvarchatram(Uzhavar Sandhai ),Raddish,Raddish,Local,2026-09-20 00:00:00,3000,3000,3000,0,0.00%,Valid,Normal,Normal
Tamil Nadu,Kancheepuram,Sunguvarchatram(Uzhavar Sandhai ),Drumstick,Drumstick,Local,2026-09-20 00:00:00,4000,4000,4000,0,0.00%,Valid,Normal,Normal
Tamil Nadu,Krishnagiri,Avallapalli(Uzhavar Sandhai ),Green Peas,Green Peas,Local,2026-09-20 00:00:00,13000,14000,13500,1000,7.69%,Valid,Normal,Normal
Tamil Nadu,Krishnagiri,Avallapalli(Uzhavar Sandhai ),Papaya,Papaya,Local,2026-09-20 00:00:00,3500,4000,3750,500,14.29%,Valid,Normal,Normal
Tamil Nadu,Krishnagiri,Avallapalli(Uzhavar Sandhai ),Bitter gourd,Bitter Gourd,Local,2026-09-20 00:00:00,4000,4500,4250,500,12.50%,Valid,Normal,Normal
Tamil Nadu,Krishnagiri,Avallapalli(Uzhavar Sandhai ),Green Chilli,Green Chilly,Local,2026-09-20 00:00:00,5500,6000,5750,500,9.09%,Valid,Normal,Normal
Tamil Nadu,Krishnagiri,Avallapalli(Uzhavar Sandhai ),Beans,Beans (Whole),Local,2026-09-20 00:00:00,6000,7000,6500,1000,16.67%,Valid,Normal,Normal
Tamil Nadu,Krishnagiri,Avallapalli(Uzhavar Sandhai ),Sweet Potato,Hosur Red,Local,2026-09-20 00:00:00,6000,7000,6500,1000,16.67%,Valid,Normal,Normal
Tamil Nadu,Krishnagiri,Avallapalli(Uzhavar Sandhai ),Cucumbar(Kheera),Cucumbar,Local,2026-09-20 00:00:00,2000,2500,2250,500,25.00%,Valid,Normal,Normal
Tamil Nadu,Krishnagiri,Avallapalli(Uzhavar Sandhai ),Mint(Pudina),Mint(Pudina),Local,2026-09-20 00:00:00,3500,4000,3750,500,14.29%,Valid,Normal,Normal
Tamil Nadu,Dharmapuri,Karimangalam(Uzhavar Sandhai),Green Peas,Green Peas,Local,2026-09-20 00:00:00,15000,16000,15500,1000,6.67%,Valid,Normal,Normal
Tamil Nadu,Dharmapuri,Karimangalam(Uzhavar Sandhai),Papaya,Papaya,Local,2026-09-20 00:00:00,3300,3500,3400,200,6.06%,Valid,Normal,Normal
Tamil Nadu,Dharmapuri,Karimangalam(Uzhavar Sandhai),Amaranthus,Amaranthus,Local,2026-09-20 00:00:00,2300,2500,2400,200,8.70%,Valid,Normal,Normal
Tamil Nadu,Dharmapuri,Karimangalam(Uzhavar Sandhai),Beans,Beans (Whole),Local,2026-09-20 00:00:00,8000,9000,8500,1000,12.50%,Valid,Normal,Normal
Tamil Nadu,Dharmapuri,Karimangalam(Uzhavar Sandhai),Ginger(Green),Green Ginger,Local,2026-09-20 00:00:00,19000,20000,19500,1000,5.26%,Valid,Normal,Normal
Tamil Nadu,Dharmapuri,Karimangalam(Uzhavar Sandhai),Ridgeguard(Tori),Ridgeguard(Tori),Local,2026-09-20 00:00:00,2800,3000,2900,200,7.14%,Valid,Normal,Normal
Tamil Nadu,Dharmapuri,Karimangalam(Uzhavar Sandhai),Green Avare(W),Other,Local,2026-09-20 00:00:00,5000,5500,5250,500,10.00%,Valid,Normal,Normal
Tamil Nadu,Dharmapuri,Karimangalam(Uzhavar Sandhai),Drumstick,Drumstick,Local,2026-09-20 00:00:00,2300,2500,2400,200,8.70%,Valid,Normal,Normal
Tamil Nadu,Krishnagiri,Denkanikottai(Uzhavar Sandhai ),Banana,Besrai,Local,2026-09-20 00:00:00,5000,8000,6500,3000,60.00%,Valid,Normal,Normal
Tamil Nadu,Krishnagiri,Denkanikottai(Uzhavar Sandhai ),Tomato,Deshi,Local,2026-09-20 00:00:00,2000,2500,2250,500,25.00%,Valid,Normal,Normal
Tamil Nadu,Krishnagiri,Denkanikottai(Uzhavar Sandhai ),Bhindi(Ladies Finger),Bhindi,Local,2026-09-20 00:00:00,2500,3000,2750,500,20.00%,Valid,Normal,Normal
Tamil Nadu,Krishnagiri,Denkanikottai(Uzhavar Sandhai ),Green Chilli,Green Chilly,Local,2026-09-20 00:00:00,5000,6000,5500,1000,20.00%,Valid,Normal,Normal
Tamil Nadu,Krishnagiri,Denkanikottai(Uzhavar Sandhai ),Sweet Potato,Hosur Red,Local,2026-09-20 00:00:00,6000,6500,6250,500,8.33%,Valid,Normal,Normal
Tamil Nadu,Krishnagiri,Denkanikottai(Uzhavar Sandhai ),Cabbage,Cabbage,Local,2026-09-20 00:00:00,1000,1500,1250,500,50.00%,Valid,Normal,Normal
Tamil Nadu,Krishnagiri,Denkanikottai(Uzhavar Sandhai ),Snakeguard,Snakeguard,Local,2026-09-20 00:00:00,2500,3000,2750,500,20.00%,Valid,Normal,Normal
Tamil Nadu,Krishnagiri,Hosur(Uzhavar Sandhai ),Groundnut,Big (With Shell),Local,2026-09-20 00:00:00,8000,10000,9000,2000,25.00%,Valid,Normal,Normal
Tamil Nadu,Krishnagiri,Hosur(Uzhavar Sandhai ),Apple,American,Local,2026-09-20 00:00:00,24000,26000,25000,2000,8.33%,Valid,Normal,Normal
Tamil Nadu,Krishnagiri,Hosur(Uzhavar Sandhai ),Cauliflower,Ranchi,Local,2026-09-20 00:00:00,2500,3000,2750,500,20.00%,Valid,Normal,Normal
Tamil Nadu,Krishnagiri,Hosur(Uzhavar Sandhai ),Bitter gourd,Bitter Gourd,Local,2026-09-20 00:00:00,4000,4500,4250,500,12.50%,Valid,Normal,Normal
Tamil Nadu,Krishnagiri,Hosur(Uzhavar Sandhai ),Lime,Lime,Local,2026-09-20 00:00:00,8000,9000,8500,1000,12.50%,Valid,Normal,Normal
Tamil Nadu,Krishnagiri,Hosur(Uzhavar Sandhai ),Lemon,Lemon,Local,2026-09-20 00:00:00,22000,25000,23500,3000,13.64%,Valid,Normal,Normal
Tamil Nadu,Krishnagiri,Hosur(Uzhavar Sandhai ),Amla(Nelli Kai),Amla,Local,2026-09-20 00:00:00,12000,14000,13000,2000,16.67%,Valid,Normal,Normal
Tamil Nadu,Krishnagiri,Hosur(Uzhavar Sandhai ),Rose(Local),Rose (Local),Local,2026-09-20 00:00:00,8000,10000,9000,2000,25.00%,Valid,Normal,Normal
Tamil Nadu,Madurai,Anaiyur(Uzhavar Sandhai ),Tomato,Deshi,Local,2026-09-20 00:00:00,2400,2800,2600,400,16.67%,Valid,Normal,Normal
Tamil Nadu,Madurai,Anaiyur(Uzhavar Sandhai ),Cluster beans,Cluster Beans,Local,2026-09-20 00:00:00,3600,4000,3800,400,11.11%,Valid,Normal,Normal
Tamil Nadu,Madurai,Anaiyur(Uzhavar Sandhai ),Ashgourd,Gouard,Local,2026-09-20 00:00:00,1600,1800,1700,200,12.50%,Valid,Normal,Normal
Tamil Nadu,Madurai,Anaiyur(Uzhavar Sandhai ),Bhindi(Ladies Finger),Bhindi,Local,2026-09-20 00:00:00,2800,3200,3000,400,14.29%,Valid,Normal,Normal
Tamil Nadu,Madurai,Anaiyur(Uzhavar Sandhai ),Ginger(Green),Green Ginger,Local,2026-09-20 00:00:00,11000,20000,15500,9000,81.82%,Valid,Normal,Normal
Tamil Nadu,Madurai,Anaiyur(Uzhavar Sandhai ),Betal Leaves,Mysore,Local,2026-09-20 00:00:00,24000,28000,26000,4000,16.67%,Valid,Normal,Normal
Tamil Nadu,Madurai,Anaiyur(Uzhavar Sandhai ),Sweet Potato,Hosur Red,Local,2026-09-20 00:00:00,5500,6000,5750,500,9.09%,Valid,Normal,Normal
Tamil Nadu,Madurai,Anaiyur(Uzhavar Sandhai ),Cabbage,Cabbage,Local,2026-09-20 00:00:00,2600,3000,2800,400,15.38%,Valid,Normal,Normal
Tamil Nadu,Madurai,Anaiyur(Uzhavar Sandhai ),Snakeguard,Snakeguard,Local,2026-09-20 00:00:00,3600,4000,3800,400,11.11%,Valid,Normal,Normal
Tamil Nadu,Madurai,Anaiyur(Uzhavar Sandhai ),Beetroot,Beetroot,Local,2026-09-20 00:00:00,4000,5000,4500,1000,25.00%,Valid,Normal,Normal
Tamil Nadu,Madurai,Anaiyur(Uzhavar Sandhai ),Drumstick,Drumstick,Local,2026-09-20 00:00:00,4000,6000,5000,2000,50.00%,Valid,Normal,Normal
Tamil Nadu,Madurai,Anaiyur(Uzhavar Sandhai ),Mango(Raw-Ripe),Mango - Raw-Ripe,Local,2026-09-20 00:00:00,12000,13000,12500,1000,8.33%,Valid,Normal,Normal
Tamil Nadu,Madurai,Anaiyur(Uzhavar Sandhai ),Elephant Yam(Suran)/Amorphophallus,Elephant Yam (Suran),Local,2026-09-20 00:00:00,4000,5000,4500,1000,25.00%,Valid,Normal,Normal
Tamil Nadu,Madurai,Usilampatti(Uzhavar Sandhai ),Coriander(Leaves),I Sort,Local,2026-09-20 00:00:00,4500,4800,4650,300,6.67%,Valid,Normal,Normal
Tamil Nadu,Madurai,Usilampatti(Uzhavar Sandhai ),Bottle gourd,Bottle Gourd,Local,2026-09-20 00:00:00,2000,2600,2300,600,30.00%,Valid,Normal,Normal
Tamil Nadu,Madurai,Usilampatti(Uzhavar Sandhai ),Banana - Green,Banana - Green,Local,2026-09-20 00:00:00,2500,3000,2750,500,20.00%,Valid,Normal,Normal
Tamil Nadu,Madurai,Usilampatti(Uzhavar Sandhai ),Ridgeguard(Tori),Ridgeguard(Tori),Local,2026-09-20 00:00:00,4000,4500,4250,500,12.50%,Valid,Normal,Normal
Tamil Nadu,Madurai,Usilampatti(Uzhavar Sandhai ),Onion Green,Onion Green,Local,2026-09-20 00:00:00,8000,9000,8500,1000,12.50%,Valid,Normal,Normal
Tamil Nadu,Madurai,Usilampatti(Uzhavar Sandhai ),Mint(Pudina),Mint(Pudina),Local,2026-09-20 00:00:00,5500,6000,5750,500,9.09%,Valid,Normal,Normal
Tamil Nadu,Nagapattinam,Sirkali(Uzhavar Sandhai ),Brinjal,Round,Local,2026-09-20 00:00:00,5000,5500,5250,500,10.00%,Valid,Normal,Normal
Tamil Nadu,Nagapattinam,Sirkali(Uzhavar Sandhai ),Bitter gourd,Bitter Gourd,Local,2026-09-20 00:00:00,5500,6000,5750,500,9.09%,Valid,Normal,Normal
Tamil Nadu,Nagapattinam,Sirkali(Uzhavar Sandhai ),Bottle gourd,Bottle Gourd,Local,2026-09-20 00:00:00,2500,3000,2750,500,20.00%,Valid,Normal,Normal
Tamil Nadu,Nagapattinam,Sirkali(Uzhavar Sandhai ),Chow Chow,Chow Chow,Local,2026-09-20 00:00:00,3000,3000,3000,0,0.00%,Valid,Normal,Normal
Tamil Nadu,Nagapattinam,Sirkali(Uzhavar Sandhai ),Mango(Raw-Ripe),Mango - Raw-Ripe,Local,2026-09-20 00:00:00,9000,10000,9500,1000,11.11%,Valid,Normal,Normal
Tamil Nadu,Nagapattinam,Sirkali(Uzhavar Sandhai ),Lime,Lime,Local,2026-09-20 00:00:00,3500,4000,3750,500,14.29%,Valid,Normal,Normal
Tamil Nadu,Nagapattinam,Sirkali(Uzhavar Sandhai ),Onion Green,Onion Green,Local,2026-09-20 00:00:00,9500,10000,9750,500,5.26%,Valid,Normal,Normal
Tamil Nadu,Namakkal,Kumarapalayam(Uzhavar Sandhai ),Cauliflower,Ranchi,Local,2026-09-20 00:00:00,3000,4000,3500,1000,33.33%,Valid,Normal,Normal
Tamil Nadu,Namakkal,Kumarapalayam(Uzhavar Sandhai ),Water Melon,Water Melon,Local,2026-09-20 00:00:00,1000,1500,1250,500,50.00%,Valid,Normal,Normal
Tamil Nadu,Namakkal,Kumarapalayam(Uzhavar Sandhai ),Mousambi(Sweet Lime),Mousambi,Local,2026-09-20 00:00:00,3000,3500,3250,500,16.67%,Valid,Normal,Normal
Tamil Nadu,Namakkal,Kumarapalayam(Uzhavar Sandhai ),Cluster beans,Cluster Beans,Local,2026-09-20 00:00:00,2800,3200,3000,400,14.29%,Valid,Normal,Normal
Tamil Nadu,Namakkal,Kumarapalayam(Uzhavar Sandhai ),Carrot,Pusakesar,Local,2026-09-20 00:00:00,6500,7000,6750,500,7.69%,Valid,Normal,Normal
Tamil Nadu,Namakkal,Kumarapalayam(Uzhavar Sandhai ),Drumstick,Drumstick,Local,2026-09-20 00:00:00,2700,3200,2950,500,18.52%,Valid,Normal,Normal
Tamil Nadu,Namakkal,Kumarapalayam(Uzhavar Sandhai ),Elephant Yam(Suran)/Amorphophallus,Elephant Yam (Suran),Local,2026-09-20 00:00:00,3500,4000,3750,500,14.29%,Valid,Normal,Normal
Tamil Nadu,Namakkal,Kumarapalayam(Uzhavar Sandhai ),Baby Corn,Baby Corn,Grade A,2026-09-20 00:00:00,2500,3000,2750,500,20.00%,Valid,Normal,Normal
Tamil Nadu,Namakkal,Mohanur(Uzhavar Sandhai ),Brinjal,Other,Local,2026-09-20 00:00:00,4500,5000,4750,500,11.11%,Valid,Normal,Normal
Tamil Nadu,Namakkal,Mohanur(Uzhavar Sandhai ),Banana,Red Banana,Local,2026-09-20 00:00:00,7000,8000,7500,1000,14.29%,Valid,Normal,Normal
Tamil Nadu,Namakkal,Mohanur(Uzhavar Sandhai ),Bhindi(Ladies Finger),Bhindi,Local,2026-09-20 00:00:00,4000,4500,4250,500,12.50%,Valid,Normal,Normal
Tamil Nadu,Namakkal,Mohanur(Uzhavar Sandhai ),Beans,Beans (Whole),Local,2026-09-20 00:00:00,8000,9000,8500,1000,12.50%,Valid,Normal,Normal
Tamil Nadu,Namakkal,Mohanur(Uzhavar Sandhai ),Tapioca,Tapioca,Local,2026-09-20 00:00:00,3500,4000,3750,500,14.29%,Valid,Normal,Normal
Tamil Nadu,Namakkal,Mohanur(Uzhavar Sandhai ),Carrot,Pusakesar,Local,2026-09-20 00:00:00,6000,7000,6500,1000,16.67%,Valid,Normal,Normal
Tamil Nadu,Namakkal,Mohanur(Uzhavar Sandhai ),Ridgeguard(Tori),Ridgeguard(Tori),Local,2026-09-20 00:00:00,6200,6800,6500,600,9.68%,Valid,Normal,Normal
Tamil Nadu,Namakkal,Mohanur(Uzhavar Sandhai ),Chow Chow,Chow Chow,Local,2026-09-20 00:00:00,3500,4000,3750,500,14.29%,Valid,Normal,Normal
Tamil Nadu,Namakkal,Mohanur(Uzhavar Sandhai ),Tender Coconut,Tender Coconut,Local,2026-09-20 00:00:00,3000,3500,3250,500,16.67%,Valid,Normal,Normal
Tamil Nadu,Namakkal,Namakkal(Uzhavar Sandhai ),Coriander(Leaves),I Sort,Local,2026-09-20 00:00:00,12000,13000,12500,1000,8.33%,Valid,Normal,Normal
Tamil Nadu,Namakkal,Namakkal(Uzhavar Sandhai ),Green Chilli,Green Chilly,Local,2026-09-20 00:00:00,6000,6800,6400,800,13.33%,Valid,Normal,Normal
Tamil Nadu,Namakkal,Namakkal(Uzhavar Sandhai ),Beetroot,Beetroot,Local,2026-09-20 00:00:00,5500,6000,5750,500,9.09%,Valid,Normal,Normal
Tamil Nadu,Namakkal,Namakkal(Uzhavar Sandhai ),Cucumbar(Kheera),Cucumbar,Local,2026-09-20 00:00:00,7500,9000,8250,1500,20.00%,Valid,Normal,Normal
Tamil Nadu,Namakkal,Namakkal(Uzhavar Sandhai ),Capsicum,Capsicum,Local,2026-09-20 00:00:00,4500,5000,4750,500,11.11%,Valid,Normal,Normal
Tamil Nadu,Namakkal,Namakkal(Uzhavar Sandhai ),Mango(Raw-Ripe),Mango - Raw-Ripe,Local,2026-09-20 00:00:00,11000,12000,11500,1000,9.09%,Valid,Normal,Normal
Tamil Nadu,Namakkal,Namakkal(Uzhavar Sandhai ),Jack Fruit(Ripe),Jack Fruit,Local,2026-09-20 00:00:00,3500,4000,3750,500,14.29%,Valid,Normal,Normal
Tamil Nadu,Namakkal,Namakkal(Uzhavar Sandhai ),Elephant Yam(Suran)/Amorphophallus,Elephant Yam (Suran),Local,2026-09-20 00:00:00,3000,3500,3250,500,16.67%,Valid,Normal,Normal
Tamil Nadu,Namakkal,Paramathivelur(Uzhavar Sandhai ),Ashgourd,Gouard,Local,2026-09-20 00:00:00,1500,2000,1750,500,33.33%,Valid,Normal,Normal
Tamil Nadu,Namakkal,Paramathivelur(Uzhavar Sandhai ),Green Avare(W),Green Avare (W),Local,2026-09-20 00:00:00,8000,9000,8500,1000,12.50%,Valid,Normal,Normal
Tamil Nadu,Namakkal,Rasipuram(Uzhavar Sandhai ),Banana,Red Banana,Local,2026-09-20 00:00:00,7000,7500,7250,500,7.14%,Valid,Normal,Normal
Tamil Nadu,Namakkal,Rasipuram(Uzhavar Sandhai ),Potato,Other,Local,2026-09-20 00:00:00,3000,3500,3250,500,16.67%,Valid,Normal,Normal
Tamil Nadu,Namakkal,Rasipuram(Uzhavar Sandhai ),Cauliflower,Ranchi,Local,2026-09-20 00:00:00,3000,4000,3500,1000,33.33%,Valid,Normal,Normal
Tamil Nadu,Namakkal,Rasipuram(Uzhavar Sandhai ),Chikoos(Sapota),Sapota,Local,2026-09-20 00:00:00,4000,4500,4250,500,12.50%,Valid,Normal,Normal
Tamil Nadu,Namakkal,Rasipuram(Uzhavar Sandhai ),Mousambi(Sweet Lime),Mousambi,Local,2026-09-20 00:00:00,3500,4000,3750,500,14.29%,Valid,Normal,Normal
Tamil Nadu,Namakkal,Rasipuram(Uzhavar Sandhai ),Cluster beans,Cluster Beans,Local,2026-09-20 00:00:00,2800,3200,3000,400,14.29%,Valid,Normal,Normal
Tamil Nadu,Namakkal,Rasipuram(Uzhavar Sandhai ),Bitter gourd,Other,Local,2026-09-20 00:00:00,6000,6500,6250,500,8.33%,Valid,Normal,Normal
Tamil Nadu,Namakkal,Rasipuram(Uzhavar Sandhai ),Amaranthus,Amaranthus,Local,2026-09-20 00:00:00,4500,5000,4750,500,11.11%,Valid,Normal,Normal
Tamil Nadu,Namakkal,Rasipuram(Uzhavar Sandhai ),Ginger(Green),Green Ginger,Local,2026-09-20 00:00:00,17000,18000,17500,1000,5.88%,Valid,Normal,Normal
Tamil Nadu,Namakkal,Rasipuram(Uzhavar Sandhai ),Tender Coconut,Tender Coconut,Local,2026-09-20 00:00:00,3500,4000,3750,500,14.29%,Valid,Normal,Normal
Tamil Nadu,Namakkal,Rasipuram(Uzhavar Sandhai ),Custard Apple(Sharifa),Custard Apple(Sharifa),Local,2026-09-20 00:00:00,3500,4000,3750,500,14.29%,Valid,Normal,Normal
Tamil Nadu,Thanjavur,Tirukattupalli(Uzhavar Sandhai ),Potato,Red Nanital,Local,2026-09-20 00:00:00,3000,4000,3500,1000,33.33%,Valid,Normal,Normal
Tamil Nadu,Thanjavur,Tirukattupalli(Uzhavar Sandhai ),Ashgourd,Gouard,Local,2026-09-20 00:00:00,2000,2000,2000,0,0.00%,Valid,Normal,Normal
Tamil Nadu,Thanjavur,Tirukattupalli(Uzhavar Sandhai ),Pumpkin,Pumpkin,Local,2026-09-20 00:00:00,2000,2000,2000,0,0.00%,Valid,Normal,Normal
Tamil Nadu,Thanjavur,Tirukattupalli(Uzhavar Sandhai ),Snakeguard,Snakeguard,Local,2026-09-20 00:00:00,4000,5000,4500,1000,25.00%,Valid,Normal,Normal
Tamil Nadu,Madurai,Palanganatham(Uzhavar Sandhai ),Papaya,Papaya,Local,2026-09-20 00:00:00,4500,5000,4750,500,11.11%,Valid,Normal,Normal
Tamil Nadu,Madurai,Palanganatham(Uzhavar Sandhai ),Tomato,Other,Local,2026-09-20 00:00:00,2400,2800,2600,400,16.67%,Valid,Normal,Normal
Tamil Nadu,Madurai,Palanganatham(Uzhavar Sandhai ),Amaranthus,Amaranthus,Local,2026-09-20 00:00:00,3000,3600,3300,600,20.00%,Valid,Normal,Normal
Tamil Nadu,Madurai,Palanganatham(Uzhavar Sandhai ),Banana - Green,Banana - Green,Local,2026-09-20 00:00:00,1500,2000,1750,500,33.33%,Valid,Normal,Normal
Tamil Nadu,Madurai,Palanganatham(Uzhavar Sandhai ),Beans,Beans (Whole),Local,2026-09-20 00:00:00,8000,9000,8500,1000,12.50%,Valid,Normal,Normal
Tamil Nadu,Madurai,Palanganatham(Uzhavar Sandhai ),Betal Leaves,Mysore,Local,2026-09-20 00:00:00,20000,28000,24000,8000,40.00%,Valid,Normal,Normal
Tamil Nadu,Madurai,Palanganatham(Uzhavar Sandhai ),Cabbage,Cabbage,Local,2026-09-20 00:00:00,2500,3000,2750,500,20.00%,Valid,Normal,Normal
Tamil Nadu,Madurai,Palanganatham(Uzhavar Sandhai ),Chow Chow,Chow Chow,Local,2026-09-20 00:00:00,2500,3000,2750,500,20.00%,Valid,Normal,Normal
Tamil Nadu,Madurai,Anna nagar(Uzhavar Sandhai ),Papaya,Papaya,Local,2026-09-20 00:00:00,4500,5000,4750,500,11.11%,Valid,Normal,Normal
Tamil Nadu,Madurai,Anna nagar(Uzhavar Sandhai ),Bitter gourd,Bitter Gourd,Local,2026-09-20 00:00:00,5500,6500,6000,1000,18.18%,Valid,Normal,Normal
Tamil Nadu,Madurai,Anna nagar(Uzhavar Sandhai ),Tapioca,Tapioca,Local,2026-09-20 00:00:00,3500,4000,3750,500,14.29%,Valid,Normal,Normal
Tamil Nadu,Madurai,Anna nagar(Uzhavar Sandhai ),Knool Khol,Knool Khol,Local,2026-09-20 00:00:00,4000,5000,4500,1000,25.00%,Valid,Normal,Normal
Tamil Nadu,Madurai,Anna nagar(Uzhavar Sandhai ),Mashrooms,Mashrooms,Local,2026-09-20 00:00:00,30000,35000,32500,5000,16.67%,Valid,Normal,Normal
Tamil Nadu,Perambalur,Perambalur(Uzhavar Sandhai ),Groundnut,Big (With Shell),Local,2026-09-20 00:00:00,8000,9000,8500,1000,12.50%,Valid,Normal,Normal
Tamil Nadu,Perambalur,Perambalur(Uzhavar Sandhai ),Apple,American,Local,2026-09-20 00:00:00,16000,20000,18000,4000,25.00%,Valid,Normal,Normal
Tamil Nadu,Perambalur,Perambalur(Uzhavar Sandhai ),Garlic,Garlic,Local,2026-09-20 00:00:00,22000,24000,23000,2000,9.09%,Valid,Normal,Normal
Tamil Nadu,Perambalur,Perambalur(Uzhavar Sandhai ),Cluster beans,Cluster Beans,Local,2026-09-20 00:00:00,4000,4000,4000,0,0.00%,Valid,Normal,Normal
Tamil Nadu,Perambalur,Perambalur(Uzhavar Sandhai ),Bottle gourd,Bottle Gourd,Local,2026-09-20 00:00:00,1500,1800,1650,300,20.00%,Valid,Normal,Normal
Tamil Nadu,Perambalur,Perambalur(Uzhavar Sandhai ),Bhindi(Ladies Finger),Bhindi,Local,2026-09-20 00:00:00,3000,3600,3300,600,20.00%,Valid,Normal,Normal
Tamil Nadu,Perambalur,Perambalur(Uzhavar Sandhai ),Banana - Green,Banana - Green,Local,2026-09-20 00:00:00,3000,4000,3500,1000,33.33%,Valid,Normal,Normal
Tamil Nadu,Perambalur,Perambalur(Uzhavar Sandhai ),Ridgeguard(Tori),Ridgeguard(Tori),Local,2026-09-20 00:00:00,5000,5600,5300,600,12.00%,Valid,Normal,Normal
Tamil Nadu,Perambalur,Perambalur(Uzhavar Sandhai ),Thondekai,Thondekai,Local,2026-09-20 00:00:00,4800,5200,5000,400,8.33%,Valid,Normal,Normal
Tamil Nadu,Perambalur,Perambalur(Uzhavar Sandhai ),Sweet Corn,Sweet Corn,Local,2026-09-20 00:00:00,4500,5000,4750,500,11.11%,Valid,Normal,Normal
Tamil Nadu,Salem,Mecheri(Uzhavar Sandhai),Brinjal,Other,Local,2026-09-20 00:00:00,3000,3500,3250,500,16.67%,Valid,Normal,Normal
Tamil Nadu,Salem,Mecheri(Uzhavar Sandhai),Bhindi(Ladies Finger),Bhindi,Local,2026-09-20 00:00:00,2500,3000,2750,500,20.00%,Valid,Normal,Normal
Tamil Nadu,Salem,Mecheri(Uzhavar Sandhai),Green Chilli,Green Chilly,Local,2026-09-20 00:00:00,4000,4500,4250,500,12.50%,Valid,Normal,Normal
Tamil Nadu,Salem,Mecheri(Uzhavar Sandhai),Coconut,Coconut,Local,2026-09-20 00:00:00,5500,6000,5750,500,9.09%,Valid,Normal,Normal
Tamil Nadu,Ranipet,Arcot(Uzhavar Sandhai ),Onion,Bellary,Local,2026-09-20 00:00:00,5500,6000,5750,500,9.09%,Valid,Normal,Normal
Tamil Nadu,Ranipet,Arcot(Uzhavar Sandhai ),Papaya,Papaya,Local,2026-09-20 00:00:00,5000,5000,5000,0,0.00%,Valid,Normal,Normal
Tamil Nadu,Ranipet,Arcot(Uzhavar Sandhai ),Tapioca,Tapioca,Local,2026-09-20 00:00:00,3000,3000,3000,0,0.00%,Valid,Normal,Normal
Tamil Nadu,Ranipet,Arcot(Uzhavar Sandhai ),Green Avare(W),Green Avare (W),Local,2026-09-20 00:00:00,6000,6000,6000,0,0.00%,Valid,Normal,Normal
Tamil Nadu,Ranipet,Arcot(Uzhavar Sandhai ),Drumstick,Drumstick,Local,2026-09-20 00:00:00,5000,5000,5000,0,0.00%,Valid,Normal,Normal
Tamil Nadu,Ranipet,Arcot(Uzhavar Sandhai ),Knool Khol,Knool Khol,Local,2026-09-20 00:00:00,4000,4000,4000,0,0.00%,Valid,Normal,Normal
Tamil Nadu,Ranipet,Arcot(Uzhavar Sandhai ),Indian Beans(Seam),Indian Beans (Seam),Local,2026-09-20 00:00:00,6000,6000,6000,0,0.00%,Valid,Normal,Normal
Tamil Nadu,Ranipet,Ranipettai(Uzhavar Sandhai ),Banana,Red Banana,Local,2026-09-20 00:00:00,11000,11000,11000,0,0.00%,Valid,Normal,Normal
Tamil Nadu,Ranipet,Ranipettai(Uzhavar Sandhai ),Coriander(Leaves),I Sort,Local,2026-09-20 00:00:00,3000,3000,3000,0,0.00%,Valid,Normal,Normal
Tamil Nadu,Ranipet,Ranipettai(Uzhavar Sandhai ),Amaranthus,Amaranthus,Local,2026-09-20 00:00:00,2500,3000,2750,500,20.00%,Valid,Normal,Normal
Tamil Nadu,Ranipet,Ranipettai(Uzhavar Sandhai ),Sweet Potato,Hosur Red,Local,2026-09-20 00:00:00,5600,5600,5600,0,0.00%,Valid,Normal,Normal
Tamil Nadu,Ranipet,Ranipettai(Uzhavar Sandhai ),Cabbage,Cabbage,Local,2026-09-20 00:00:00,2500,2500,2500,0,0.00%,Valid,Normal,Normal
Tamil Nadu,Ranipet,Ranipettai(Uzhavar Sandhai ),Cucumbar(Kheera),Cucumbar,Local,2026-09-20 00:00:00,4000,4000,4000,0,0.00%,Valid,Normal,Normal
Tamil Nadu,Ranipet,Ranipettai(Uzhavar Sandhai ),Green Avare(W),Other,Local,2026-09-20 00:00:00,5000,5000,5000,0,0.00%,Valid,Normal,Normal
Tamil Nadu,Ranipet,Ranipettai(Uzhavar Sandhai ),Lemon,Lemon,Local,2026-09-20 00:00:00,20000,30000,25000,10000,50.00%,Valid,Normal,Normal
Tamil Nadu,Ranipet,Ranipettai(Uzhavar Sandhai ),Amla(Nelli Kai),Amla,Local,2026-09-20 00:00:00,10000,12000,11000,2000,20.00%,Valid,Normal,Normal
Tamil Nadu,Ranipet,Ranipettai(Uzhavar Sandhai ),Rose(Local),Rose (Local),Local,2026-09-20 00:00:00,24000,24000,24000,0,0.00%,Valid,Normal,Normal
Tamil Nadu,Salem,Ammapet(Uzhavar Sandhai ),Banana,Red Banana,Local,2026-09-20 00:00:00,7400,8000,7700,600,8.11%,Valid,Normal,Normal
Tamil Nadu,Salem,Ammapet(Uzhavar Sandhai ),Papaya,Papaya,Local,2026-09-20 00:00:00,3800,4000,3900,200,5.26%,Valid,Normal,Normal
Tamil Nadu,Salem,Ammapet(Uzhavar Sandhai ),Tomato,Local,Local,2026-09-20 00:00:00,2000,2500,2250,500,25.00%,Valid,Normal,Normal
Tamil Nadu,Salem,Ammapet(Uzhavar Sandhai ),Cluster beans,Cluster Beans,Local,2026-09-20 00:00:00,3200,3500,3350,300,9.38%,Valid,Normal,Normal
Tamil Nadu,Salem,Ammapet(Uzhavar Sandhai ),Bitter gourd,Other,Local,2026-09-20 00:00:00,3800,4000,3900,200,5.26%,Valid,Normal,Normal
Tamil Nadu,Salem,Ammapet(Uzhavar Sandhai ),Amaranthus,Amaranthus,Local,2026-09-20 00:00:00,2400,2800,2600,400,16.67%,Valid,Normal,Normal
Tamil Nadu,Salem,Ammapet(Uzhavar Sandhai ),Tapioca,Tapioca,Local,2026-09-20 00:00:00,3200,3500,3350,300,9.38%,Valid,Normal,Normal
Tamil Nadu,Salem,Ammapet(Uzhavar Sandhai ),Drumstick,Drumstick,Local,2026-09-20 00:00:00,3000,3500,3250,500,16.67%,Valid,Normal,Normal
Tamil Nadu,Salem,Ammapet(Uzhavar Sandhai ),Guava,Guava Allahabad,Local,2026-09-20 00:00:00,5000,6000,5500,1000,20.00%,Valid,Normal,Normal
Tamil Nadu,Salem,Ammapet(Uzhavar Sandhai ),Indian Beans(Seam),Indian Beans (Seam),Local,2026-09-20 00:00:00,5600,6000,5800,400,7.14%,Valid,Normal,Normal
Tamil Nadu,Salem,Ammapet(Uzhavar Sandhai ),Baby Corn,Baby Corn,Grade A,2026-09-20 00:00:00,2800,3000,2900,200,7.14%,Valid,Normal,Normal
Tamil Nadu,Salem,Mettur(Uzhavar Sandhai ),Garlic,Garlic,Local,2026-09-20 00:00:00,28000,30000,29000,2000,7.14%,Valid,Normal,Normal
Tamil Nadu,Salem,Mettur(Uzhavar Sandhai ),Cluster beans,Cluster Beans,Local,2026-09-20 00:00:00,3000,3500,3250,500,16.67%,Valid,Normal,Normal
Tamil Nadu,Salem,Mettur(Uzhavar Sandhai ),Sweet Potato,Hosur Red,Local,2026-09-20 00:00:00,4000,4500,4250,500,12.50%,Valid,Normal,Normal
Tamil Nadu,Salem,Mettur(Uzhavar Sandhai ),Carrot,Pusakesar,Local,2026-09-20 00:00:00,5000,5500,5250,500,10.00%,Valid,Normal,Normal
Tamil Nadu,Salem,Mettur(Uzhavar Sandhai ),Snakeguard,Snakeguard,Local,2026-09-20 00:00:00,3000,3500,3250,500,16.67%,Valid,Normal,Normal
Tamil Nadu,Salem,Mettur(Uzhavar Sandhai ),Lemon,Lemon,Local,2026-09-20 00:00:00,11000,12000,11500,1000,9.09%,Valid,Normal,Normal
Tamil Nadu,Salem,Mettur(Uzhavar Sandhai ),Sweet Corn,Sweet Corn,Local,2026-09-20 00:00:00,3500,4000,3750,500,14.29%,Valid,Normal,Normal
Tamil Nadu,Salem,Sooramangalam(Uzhavar Sandhai ),Brinjal,Other,Local,2026-09-20 00:00:00,2400,2600,2500,200,8.33%,Valid,Normal,Normal
Tamil Nadu,Salem,Sooramangalam(Uzhavar Sandhai ),Banana - Green,Banana - Green,Local,2026-09-20 00:00:00,2000,2400,2200,400,20.00%,Valid,Normal,Normal
Tamil Nadu,Salem,Sooramangalam(Uzhavar Sandhai ),Beetroot,Beetroot,Local,2026-09-20 00:00:00,6500,6800,6650,300,4.62%,Valid,Normal,Normal
Tamil Nadu,Thiruchirappalli,Thuraiyur APMC,Cowpea(Veg),Cowpea (Veg),Local,2026-09-20 00:00:00,3000,3500,3250,500,16.67%,Valid,Normal,Normal
Tamil Nadu,Thiruchirappalli,Thuraiyur APMC,Coconut,Coconut,Local,2026-09-20 00:00:00,5500,6500,6000,1000,18.18%,Valid,Normal,Normal
Tamil Nadu,Thiruchirappalli,Thuraiyur APMC,Beetroot,Beetroot,Local,2026-09-20 00:00:00,4500,5000,4750,500,11.11%,Valid,Normal,Normal
Tamil Nadu,Thiruchirappalli,Thuraiyur APMC,Thondekai,Thondekai,Local,2026-09-20 00:00:00,4500,5000,4750,500,11.11%,Valid,Normal,Normal
Tamil Nadu,Thiruchirappalli,Thuraiyur APMC,Chow Chow,Chow Chow,Local,2026-09-20 00:00:00,3500,4000,3750,500,14.29%,Valid,Normal,Normal
Tamil Nadu,Thiruchirappalli,Thuraiyur APMC,Elephant Yam(Suran)/Amorphophallus,Elephant Yam (Suran),Local,2026-09-20 00:00:00,3000,3500,3250,500,16.67%,Valid,Normal,Normal
Tamil Nadu,Thiruchirappalli,Thuraiyur APMC,Mint(Pudina),Mint(Pudina),Local,2026-09-20 00:00:00,5000,6600,5800,1600,32.00%,Valid,Normal,Normal
Tamil Nadu,Salem,Thammampatti (Uzhavar Sandhai ),Potato,Other,Local,2026-09-20 00:00:00,2800,3000,2900,200,7.14%,Valid,Normal,Normal
Tamil Nadu,Salem,Thammampatti (Uzhavar Sandhai ),Coriander(Leaves),I Sort,Local,2026-09-20 00:00:00,3500,4000,3750,500,14.29%,Valid,Normal,Normal
Tamil Nadu,Salem,Thammampatti (Uzhavar Sandhai ),Tomato,Deshi,Local,2026-09-20 00:00:00,1500,2800,2150,1300,86.67%,Valid,Normal,Normal
Tamil Nadu,Salem,Thammampatti (Uzhavar Sandhai ),Bitter gourd,Bitter Gourd,Local,2026-09-20 00:00:00,4500,5000,4750,500,11.11%,Valid,Normal,Normal
Tamil Nadu,Salem,Thammampatti (Uzhavar Sandhai ),Bottle gourd,Bottle Gourd,Local,2026-09-20 00:00:00,2000,2500,2250,500,25.00%,Valid,Normal,Normal
Tamil Nadu,Salem,Thammampatti (Uzhavar Sandhai ),Pumpkin,Pumpkin,Local,2026-09-20 00:00:00,2000,2000,2000,0,0.00%,Valid,Normal,Normal
Tamil Nadu,Salem,Thammampatti (Uzhavar Sandhai ),Amaranthus,Amaranthus,Local,2026-09-20 00:00:00,2000,2500,2250,500,25.00%,Valid,Normal,Normal
Tamil Nadu,Salem,Thammampatti (Uzhavar Sandhai ),Green Chilli,Green Chilly,Local,2026-09-20 00:00:00,4000,4500,4250,500,12.50%,Valid,Normal,Normal
Tamil Nadu,Salem,Thammampatti (Uzhavar Sandhai ),Ginger(Green),Green Ginger,Local,2026-09-20 00:00:00,7500,18000,12750,10500,140.00%,Valid,Normal,Normal
Tamil Nadu,Salem,Thammampatti (Uzhavar Sandhai ),Coconut,Coconut,Local,2026-09-20 00:00:00,6500,7000,6750,500,7.69%,Valid,Normal,Normal
Tamil Nadu,Salem,Thammampatti (Uzhavar Sandhai ),Cabbage,Cabbage,Local,2026-09-20 00:00:00,3500,4000,3750,500,14.29%,Valid,Normal,Normal
Tamil Nadu,Salem,Thammampatti (Uzhavar Sandhai ),Drumstick,Drumstick,Local,2026-09-20 00:00:00,3500,4000,3750,500,14.29%,Valid,Normal,Normal
Tamil Nadu,Salem,Thammampatti (Uzhavar Sandhai ),Custard Apple(Sharifa),Custard Apple(Sharifa),Local,2026-09-20 00:00:00,4000,4000,4000,0,0.00%,Valid,Normal,Normal
Tamil Nadu,Salem,Thammampatti (Uzhavar Sandhai ),Baby Corn,Baby Corn,Grade A,2026-09-20 00:00:00,2500,3000,2750,500,20.00%,Valid,Normal,Normal
Tamil Nadu,Salem,Thathakapatti(Uzhavar Sandhai ),Groundnut,Big (With Shell),Local,2026-09-20 00:00:00,7000,8000,7500,1000,14.29%,Valid,Normal,Normal
Tamil Nadu,Salem,Thathakapatti(Uzhavar Sandhai ),Banana,Besrai,Local,2026-09-20 00:00:00,4000,8000,6000,4000,100.00%,Valid,Normal,Normal
Tamil Nadu,Salem,Thathakapatti(Uzhavar Sandhai ),Potato,Red Nanital,Local,2026-09-20 00:00:00,2800,6000,4400,3200,114.29%,Valid,Normal,Normal
Tamil Nadu,Salem,Thathakapatti(Uzhavar Sandhai ),Coriander(Leaves),I Sort,Local,2026-09-20 00:00:00,4500,5000,4750,500,11.11%,Valid,Normal,Normal
Tamil Nadu,Salem,Thathakapatti(Uzhavar Sandhai ),Bitter gourd,Bitter Gourd,Local,2026-09-20 00:00:00,3500,4000,3750,500,14.29%,Valid,Normal,Normal
Tamil Nadu,Salem,Thathakapatti(Uzhavar Sandhai ),Bottle gourd,Bottle Gourd,Local,2026-09-20 00:00:00,2500,3000,2750,500,20.00%,Valid,Normal,Normal
Tamil Nadu,Salem,Thathakapatti(Uzhavar Sandhai ),Cowpea(Veg),Cowpea (Veg),Local,2026-09-20 00:00:00,4500,5000,4750,500,11.11%,Valid,Normal,Normal
Tamil Nadu,Salem,Thathakapatti(Uzhavar Sandhai ),Banana - Green,Banana - Green,Local,2026-09-20 00:00:00,4500,5000,4750,500,11.11%,Valid,Normal,Normal
Tamil Nadu,Salem,Thathakapatti(Uzhavar Sandhai ),Cabbage,Cabbage,Local,2026-09-20 00:00:00,2600,3000,2800,400,15.38%,Valid,Normal,Normal
Tamil Nadu,Salem,Thathakapatti(Uzhavar Sandhai ),Beetroot,Beetroot,Local,2026-09-20 00:00:00,6000,6500,6250,500,8.33%,Valid,Normal,Normal
Tamil Nadu,Salem,Thathakapatti(Uzhavar Sandhai ),Guava,Guava Allahabad,Local,2026-09-20 00:00:00,5000,7500,6250,2500,50.00%,Valid,Normal,Normal
Tamil Nadu,Salem,Thathakapatti(Uzhavar Sandhai ),Tamarind Fruit,Tamarind Fruit,Local,2026-09-20 00:00:00,14000,15000,14500,1000,7.14%,Valid,Normal,Normal
Tamil Nadu,Theni,Chinnamanur(Uzhavar Sandhai ),Brinjal,Other,Local,2026-09-20 00:00:00,2800,3000,2900,200,7.14%,Valid,Normal,Normal
Tamil Nadu,Theni,Chinnamanur(Uzhavar Sandhai ),Tomato,Local,Local,2026-09-20 00:00:00,2500,2500,2500,0,0.00%,Valid,Normal,Normal
Tamil Nadu,Theni,Chinnamanur(Uzhavar Sandhai ),Bitter gourd,Other,Local,2026-09-20 00:00:00,3800,3800,3800,0,0.00%,Valid,Normal,Normal
Tamil Nadu,Theni,Chinnamanur(Uzhavar Sandhai ),Ginger(Green),Green Ginger,Local,2026-09-20 00:00:00,7000,16000,11500,9000,128.57%,Valid,Normal,Normal
Tamil Nadu,Theni,Chinnamanur(Uzhavar Sandhai ),Thondekai,Thondekai,Local,2026-09-20 00:00:00,3600,3600,3600,0,0.00%,Valid,Normal,Normal
Tamil Nadu,Theni,Chinnamanur(Uzhavar Sandhai ),Chow Chow,Chow Chow,Local,2026-09-20 00:00:00,3000,3000,3000,0,0.00%,Valid,Normal,Normal
Tamil Nadu,Theni,Chinnamanur(Uzhavar Sandhai ),Yam(Ratalu),Yam (Ratalu),Local,2026-09-20 00:00:00,5000,5000,5000,0,0.00%,Valid,Normal,Normal
Tamil Nadu,Theni,Chinnamanur(Uzhavar Sandhai ),Lemon,Lemon,Local,2026-09-20 00:00:00,10000,16000,13000,6000,60.00%,Valid,Normal,Normal
Tamil Nadu,Theni,Chinnamanur(Uzhavar Sandhai ),Mint(Pudina),Mint(Pudina),Local,2026-09-20 00:00:00,5500,5500,5500,0,0.00%,Valid,Normal,Normal
Tamil Nadu,Theni,Kambam(Uzhavar Sandhai ),Coriander(Leaves),I Sort,Local,2026-09-20 00:00:00,3000,3000,3000,0,0.00%,Valid,Normal,Normal
Tamil Nadu,Theni,Kambam(Uzhavar Sandhai ),Bottle gourd,Bottle Gourd,Local,2026-09-20 00:00:00,1500,1500,1500,0,0.00%,Valid,Normal,Normal
Tamil Nadu,Theni,Kambam(Uzhavar Sandhai ),Tapioca,Tapioca,Local,2026-09-20 00:00:00,3500,3500,3500,0,0.00%,Valid,Normal,Normal
Tamil Nadu,Theni,Kambam(Uzhavar Sandhai ),Carrot,Pusakesar,Local,2026-09-20 00:00:00,3400,3400,3400,0,0.00%,Valid,Normal,Normal
Tamil Nadu,Theni,Kambam(Uzhavar Sandhai ),Snakeguard,Snakeguard,Local,2026-09-20 00:00:00,3800,3800,3800,0,0.00%,Valid,Normal,Normal
Tamil Nadu,Theni,Kambam(Uzhavar Sandhai ),Mashrooms,Mashrooms,Local,2026-09-20 00:00:00,25000,25000,25000,0,0.00%,Valid,Normal,Normal
Tamil Nadu,Theni,Kambam(Uzhavar Sandhai ),Mint(Pudina),Mint(Pudina),Local,2026-09-20 00:00:00,5500,5500,5500,0,0.00%,Valid,Normal,Normal
Tamil Nadu,Theni,Theni(Uzhavar Sandhai ),Tomato,Other,Local,2026-09-20 00:00:00,2000,2500,2250,500,25.00%,Valid,Normal,Normal
Tamil Nadu,Theni,Theni(Uzhavar Sandhai ),Bhindi(Ladies Finger),Bhindi,Local,2026-09-20 00:00:00,3800,3800,3800,0,0.00%,Valid,Normal,Normal
Tamil Nadu,Theni,Theni(Uzhavar Sandhai ),Banana - Green,Banana - Green,Local,2026-09-20 00:00:00,2500,3000,2750,500,20.00%,Valid,Normal,Normal
Tamil Nadu,Theni,Theni(Uzhavar Sandhai ),Ridgeguard(Tori),Ridgeguard(Tori),Local,2026-09-20 00:00:00,3500,3800,3650,300,8.57%,Valid,Normal,Normal
Tamil Nadu,Theni,Theni(Uzhavar Sandhai ),Green Avare(W),Other,Local,2026-09-20 00:00:00,6800,9000,7900,2200,32.35%,Valid,Normal,Normal
Tamil Nadu,Theni,Theni(Uzhavar Sandhai ),Chow Chow,Chow Chow,Local,2026-09-20 00:00:00,3000,3000,3000,0,0.00%,Valid,Normal,Normal
Tamil Nadu,Theni,Theni(Uzhavar Sandhai ),Lime,Lime,Local,2026-09-20 00:00:00,8000,9500,8750,1500,18.75%,Valid,Normal,Normal
Tamil Nadu,Thirunelveli,NGO Colony(Uzhavar Sandhai ),Potato,Red Nanital,Local,2026-09-20 00:00:00,2000,2900,2450,900,45.00%,Valid,Normal,Normal
Tamil Nadu,Thirunelveli,NGO Colony(Uzhavar Sandhai ),Cluster beans,Cluster Beans,Local,2026-09-20 00:00:00,1200,2000,1600,800,66.67%,Valid,Normal,Normal
Tamil Nadu,Thirunelveli,NGO Colony(Uzhavar Sandhai ),Carrot,Pusakesar,Local,2026-09-20 00:00:00,4000,4800,4400,800,20.00%,Valid,Normal,Normal
Tamil Nadu,Thirunelveli,NGO Colony(Uzhavar Sandhai ),Cabbage,Cabbage,Local,2026-09-20 00:00:00,2000,2800,2400,800,40.00%,Valid,Normal,Normal
Tamil Nadu,Thirunelveli,NGO Colony(Uzhavar Sandhai ),Ridgeguard(Tori),Ridgeguard(Tori),Local,2026-09-20 00:00:00,3500,4000,3750,500,14.29%,Valid,Normal,Normal
Tamil Nadu,Thirunelveli,NGO Colony(Uzhavar Sandhai ),Green Avare(W),Green Avare (W),Local,2026-09-20 00:00:00,8000,10000,9000,2000,25.00%,Valid,Normal,Normal
Tamil Nadu,Thirunelveli,Palayamkottai(Uzhavar Sandhai ),Bitter gourd,Bitter Gourd,Local,2026-09-20 00:00:00,5000,6000,5500,1000,20.00%,Valid,Normal,Normal
Tamil Nadu,Thirunelveli,Palayamkottai(Uzhavar Sandhai ),Banana - Green,Banana - Green,Local,2026-09-20 00:00:00,2500,3000,2750,500,20.00%,Valid,Normal,Normal
Tamil Nadu,Thirunelveli,Palayamkottai(Uzhavar Sandhai ),Beetroot,Beetroot,Local,2026-09-20 00:00:00,4600,6000,5300,1400,30.43%,Valid,Normal,Normal
Tamil Nadu,Thirunelveli,Palayamkottai(Uzhavar Sandhai ),Raddish,Raddish,Local,2026-09-20 00:00:00,3000,3500,3250,500,16.67%,Valid,Normal,Normal
Tamil Nadu,Thirunelveli,Palayamkottai(Uzhavar Sandhai ),Capsicum,Capsicum,Local,2026-09-20 00:00:00,4500,5000,4750,500,11.11%,Valid,Normal,Normal
Tamil Nadu,Thirunelveli,Palayamkottai(Uzhavar Sandhai ),Mango(Raw-Ripe),Mango - Raw-Ripe,Local,2026-09-20 00:00:00,10000,11000,10500,1000,10.00%,Valid,Normal,Normal
Tamil Nadu,Thirupur,Kangayam(Uzhavar Sandhai ),Tomato,Local,Local,2026-09-20 00:00:00,1500,2000,1750,500,33.33%,Valid,Normal,Normal
Tamil Nadu,Thirupur,Kangayam(Uzhavar Sandhai ),Bitter gourd,Bitter Gourd,Local,2026-09-20 00:00:00,5000,5500,5250,500,10.00%,Valid,Normal,Normal
Tamil Nadu,Thirupur,Kangayam(Uzhavar Sandhai ),Bottle gourd,Bottle Gourd,Local,2026-09-20 00:00:00,1500,1800,1650,300,20.00%,Valid,Normal,Normal
Tamil Nadu,Thirupur,Kangayam(Uzhavar Sandhai ),Ashgourd,Gouard,Local,2026-09-20 00:00:00,2000,2200,2100,200,10.00%,Valid,Normal,Normal
Tamil Nadu,Thirupur,Kangayam(Uzhavar Sandhai ),Snakeguard,Snakeguard,Local,2026-09-20 00:00:00,4000,4500,4250,500,12.50%,Valid,Normal,Normal
Tamil Nadu,Thirupur,Kangayam(Uzhavar Sandhai ),Green Avare(W),Green Avare (W),Local,2026-09-20 00:00:00,6500,7200,6850,700,10.77%,Valid,Normal,Normal
Tamil Nadu,Thirupur,Kangayam(Uzhavar Sandhai ),Onion Green,Onion Green,Local,2026-09-20 00:00:00,6500,7200,6850,700,10.77%,Valid,Normal,Normal
Tamil Nadu,Thirupur,Kangayam(Uzhavar Sandhai ),Mint(Pudina),Mint(Pudina),Local,2026-09-20 00:00:00,4000,4200,4100,200,5.00%,Valid,Normal,Normal
Tamil Nadu,Thirupur,Tiruppur (North) (Uzhavar Sandhai ),Bitter gourd,Other,Local,2026-09-20 00:00:00,5000,6000,5500,1000,20.00%,Valid,Normal,Normal
Tamil Nadu,Thirupur,Tiruppur (North) (Uzhavar Sandhai ),Ashgourd,Gouard,Local,2026-09-20 00:00:00,1500,2000,1750,500,33.33%,Valid,Normal,Normal
Tamil Nadu,Thirupur,Tiruppur (North) (Uzhavar Sandhai ),Green Chilli,Green Chilly,Local,2026-09-20 00:00:00,4500,5000,4750,500,11.11%,Valid,Normal,Normal
Tamil Nadu,Thirupur,Tiruppur (North) (Uzhavar Sandhai ),Tapioca,Tapioca,Local,2026-09-20 00:00:00,2500,3000,2750,500,20.00%,Valid,Normal,Normal
Tamil Nadu,Thirupur,Tiruppur (North) (Uzhavar Sandhai ),Tender Coconut,Tender Coconut,Local,2026-09-20 00:00:00,3500,4000,3750,500,14.29%,Valid,Normal,Normal
Tamil Nadu,Thirupur,Tiruppur (North) (Uzhavar Sandhai ),Onion Green,Onion Green,Local,2026-09-20 00:00:00,8000,8500,8250,500,6.25%,Valid,Normal,Normal
Tamil Nadu,Thirupur,Tiruppur (North) (Uzhavar Sandhai ),Mint(Pudina),Mint(Pudina),Local,2026-09-20 00:00:00,2000,2500,2250,500,25.00%,Valid,Normal,Normal
Tamil Nadu,Thiruvannamalai,Chengam(Uzhavar Sandhai ),Onion,Bellary,Local,2026-09-20 00:00:00,5000,6000,5500,1000,20.00%,Valid,Normal,Normal
Tamil Nadu,Thiruvannamalai,Chengam(Uzhavar Sandhai ),Sweet Potato,Hosur Red,Local,2026-09-20 00:00:00,4000,4800,4400,800,20.00%,Valid,Normal,Normal
Tamil Nadu,Thiruvannamalai,Chengam(Uzhavar Sandhai ),Raddish,Raddish,Local,2026-09-20 00:00:00,2500,3000,2750,500,20.00%,Valid,Normal,Normal
Tamil Nadu,Thiruvannamalai,Chengam(Uzhavar Sandhai ),Capsicum,Capsicum,Local,2026-09-20 00:00:00,7000,8000,7500,1000,14.29%,Valid,Normal,Normal
Tamil Nadu,Thiruvannamalai,Chengam(Uzhavar Sandhai ),Custard Apple(Sharifa),Custard Apple(Sharifa),Local,2026-09-20 00:00:00,4200,5000,4600,800,19.05%,Valid,Normal,Normal
Tamil Nadu,Thiruvannamalai,Chengam(Uzhavar Sandhai ),Sweet Corn,Sweet Corn,Local,2026-09-20 00:00:00,2500,3000,2750,500,20.00%,Valid,Normal,Normal
Tamil Nadu,Thiruvannamalai,Tamarainagar(Uzhavar Sandhai ),Cucumbar(Kheera),Cucumbar,Local,2026-09-20 00:00:00,4000,5000,4500,1000,25.00%,Valid,Normal,Normal
Tamil Nadu,Thiruvannamalai,Tamarainagar(Uzhavar Sandhai ),Raddish,Raddish,Local,2026-09-20 00:00:00,2500,3000,2750,500,20.00%,Valid,Normal,Normal
Tamil Nadu,Thiruvannamalai,Tamarainagar(Uzhavar Sandhai ),Elephant Yam(Suran)/Amorphophallus,Elephant Yam (Suran),Local,2026-09-20 00:00:00,5000,6000,5500,1000,20.00%,Valid,Normal,Normal
Tamil Nadu,Thiruvannamalai,Vandavasi(Uzhavar Sandhai ),Coriander(Leaves),I Sort,Local,2026-09-20 00:00:00,4000,5000,4500,1000,25.00%,Valid,Normal,Normal
Tamil Nadu,Thiruvannamalai,Vandavasi(Uzhavar Sandhai ),Bitter gourd,Other,Local,2026-09-20 00:00:00,4000,4800,4400,800,20.00%,Valid,Normal,Normal
Tamil Nadu,Thiruvannamalai,Vandavasi(Uzhavar Sandhai ),Beetroot,Beetroot,Local,2026-09-20 00:00:00,3600,4200,3900,600,16.67%,Valid,Normal,Normal
Tamil Nadu,Thiruvannamalai,Vandavasi(Uzhavar Sandhai ),Knool Khol,Knool Khol,Local,2026-09-20 00:00:00,2500,3000,2750,500,20.00%,Valid,Normal,Normal
Tamil Nadu,Thiruvannamalai,Vandavasi(Uzhavar Sandhai ),Colacasia,Colacasia,Local,2026-09-20 00:00:00,3600,4200,3900,600,16.67%,Valid,Normal,Normal
Tamil Nadu,Thiruvarur,Muthupettai(Uzhavar Sandhai ),Cluster beans,Cluster Beans,Local,2026-09-20 00:00:00,3400,3400,3400,0,0.00%,Valid,Normal,Normal
Tamil Nadu,Thiruvarur,Muthupettai(Uzhavar Sandhai ),Amaranthus,Amaranthus,Local,2026-09-20 00:00:00,2000,2000,2000,0,0.00%,Valid,Normal,Normal
Tamil Nadu,Thiruvarur,Muthupettai(Uzhavar Sandhai ),Mango(Raw-Ripe),Mango - Raw-Ripe,Local,2026-09-20 00:00:00,9500,9500,9500,0,0.00%,Valid,Normal,Normal
Tamil Nadu,Coimbatore,Sulur(Uzhavar Sandhai ),Coriander(Leaves),I Sort,Local,2026-09-20 00:00:00,4400,5000,4700,600,13.64%,Valid,Normal,Normal
Tamil Nadu,Coimbatore,Sulur(Uzhavar Sandhai ),Bottle gourd,Bottle Gourd,Local,2026-09-20 00:00:00,2800,3200,3000,400,14.29%,Valid,Normal,Normal
Tamil Nadu,Coimbatore,Sulur(Uzhavar Sandhai ),Ashgourd,Gouard,Local,2026-09-20 00:00:00,1800,2000,1900,200,11.11%,Valid,Normal,Normal
Tamil Nadu,Coimbatore,Sulur(Uzhavar Sandhai ),Carrot,Pusakesar,Local,2026-09-20 00:00:00,4000,4800,4400,800,20.00%,Valid,Normal,Normal
Tamil Nadu,Coimbatore,Sulur(Uzhavar Sandhai ),Thondekai,Thondekai,Local,2026-09-20 00:00:00,4000,4400,4200,400,10.00%,Valid,Normal,Normal
Tamil Nadu,Coimbatore,Sulur(Uzhavar Sandhai ),Knool Khol,Knool Khol,Local,2026-09-20 00:00:00,3800,4200,4000,400,10.53%,Valid,Normal,Normal
Tamil Nadu,Coimbatore,Sulur(Uzhavar Sandhai ),Elephant Yam(Suran)/Amorphophallus,Elephant Yam (Suran),Local,2026-09-20 00:00:00,3600,4000,3800,400,11.11%,Valid,Normal,Normal
Tamil Nadu,Pudukkottai,Gandarvakottai(Uzhavar Sandhai ),Banana,Red Banana,Local,2026-09-20 00:00:00,6500,7000,6750,500,7.69%,Valid,Normal,Normal
Tamil Nadu,Pudukkottai,Gandarvakottai(Uzhavar Sandhai ),Papaya,Papaya,Local,2026-09-20 00:00:00,3000,3500,3250,500,16.67%,Valid,Normal,Normal
Tamil Nadu,Pudukkottai,Gandarvakottai(Uzhavar Sandhai ),Tomato,Deshi,Local,2026-09-20 00:00:00,2500,3000,2750,500,20.00%,Valid,Normal,Normal
Tamil Nadu,Pudukkottai,Gandarvakottai(Uzhavar Sandhai ),Cluster beans,Cluster Beans,Local,2026-09-20 00:00:00,3500,4000,3750,500,14.29%,Valid,Normal,Normal
Tamil Nadu,Pudukkottai,Gandarvakottai(Uzhavar Sandhai ),Bottle gourd,Bottle Gourd,Local,2026-09-20 00:00:00,1500,2000,1750,500,33.33%,Valid,Normal,Normal
Tamil Nadu,Pudukkottai,Gandarvakottai(Uzhavar Sandhai ),Amaranthus,Amaranthus,Local,2026-09-20 00:00:00,1000,1500,1250,500,50.00%,Valid,Normal,Normal
Tamil Nadu,Pudukkottai,Gandarvakottai(Uzhavar Sandhai ),Banana - Green,Banana - Green,Local,2026-09-20 00:00:00,2500,3000,2750,500,20.00%,Valid,Normal,Normal
Tamil Nadu,Pudukkottai,Gandarvakottai(Uzhavar Sandhai ),Coconut,Coconut,Local,2026-09-20 00:00:00,3500,4000,3750,500,14.29%,Valid,Normal,Normal
Tamil Nadu,Pudukkottai,Gandarvakottai(Uzhavar Sandhai ),Ridgeguard(Tori),Ridgeguard(Tori),Local,2026-09-20 00:00:00,5500,6000,5750,500,9.09%,Valid,Normal,Normal
Tamil Nadu,Pudukkottai,Gandarvakottai(Uzhavar Sandhai ),Drumstick,Drumstick,Local,2026-09-20 00:00:00,4500,5000,4750,500,11.11%,Valid,Normal,Normal
Tamil Nadu,Pudukkottai,Gandarvakottai(Uzhavar Sandhai ),Mint(Pudina),Mint(Pudina),Local,2026-09-20 00:00:00,4500,5000,4750,500,11.11%,Valid,Normal,Normal
Tamil Nadu,Cuddalore,Panruti(Uzhavar Sandhai ),Brinjal,Round,Local,2026-09-20 00:00:00,4000,5000,4500,1000,25.00%,Valid,Normal,Normal
Tamil Nadu,Cuddalore,Panruti(Uzhavar Sandhai ),Banana,Besrai,Local,2026-09-20 00:00:00,4000,8000,6000,4000,100.00%,Valid,Normal,Normal
Tamil Nadu,Cuddalore,Panruti(Uzhavar Sandhai ),Tomato,Deshi,Local,2026-09-20 00:00:00,2500,2500,2500,0,0.00%,Valid,Normal,Normal
Tamil Nadu,Cuddalore,Panruti(Uzhavar Sandhai ),Bottle gourd,Bottle Gourd,Local,2026-09-20 00:00:00,3000,3000,3000,0,0.00%,Valid,Normal,Normal
Tamil Nadu,Cuddalore,Panruti(Uzhavar Sandhai ),Snakeguard,Snakeguard,Local,2026-09-20 00:00:00,2000,2000,2000,0,0.00%,Valid,Normal,Normal
Tamil Nadu,Cuddalore,Panruti(Uzhavar Sandhai ),Ridgeguard(Tori),Ridgeguard(Tori),Local,2026-09-20 00:00:00,6000,6000,6000,0,0.00%,Valid,Normal,Normal
Tamil Nadu,Cuddalore,Vadalur(Uzhavar Sandhai ),Brinjal,Other,Local,2026-09-20 00:00:00,4000,4000,4000,0,0.00%,Valid,Normal,Normal
Tamil Nadu,Cuddalore,Vadalur(Uzhavar Sandhai ),Banana,Red Banana,Local,2026-09-20 00:00:00,8000,8000,8000,0,0.00%,Valid,Normal,Normal
Tamil Nadu,Cuddalore,Vadalur(Uzhavar Sandhai ),Garlic,Garlic,Local,2026-09-20 00:00:00,15000,20000,17500,5000,33.33%,Valid,Normal,Normal
Tamil Nadu,Cuddalore,Vadalur(Uzhavar Sandhai ),Coriander(Leaves),I Sort,Local,2026-09-20 00:00:00,5000,5000,5000,0,0.00%,Valid,Normal,Normal
Tamil Nadu,Cuddalore,Vadalur(Uzhavar Sandhai ),Banana - Green,Banana - Green,Local,2026-09-20 00:00:00,4000,4000,4000,0,0.00%,Valid,Normal,Normal
Tamil Nadu,Cuddalore,Vadalur(Uzhavar Sandhai ),Carrot,Pusakesar,Local,2026-09-20 00:00:00,6000,6000,6000,0,0.00%,Valid,Normal,Normal
Tamil Nadu,Cuddalore,Vadalur(Uzhavar Sandhai ),Cabbage,Cabbage,Local,2026-09-20 00:00:00,3000,3000,3000,0,0.00%,Valid,Normal,Normal
Tamil Nadu,Cuddalore,Vadalur(Uzhavar Sandhai ),Ridgeguard(Tori),Ridgeguard(Tori),Local,2026-09-20 00:00:00,6000,6000,6000,0,0.00%,Valid,Normal,Normal
Tamil Nadu,Cuddalore,Vadalur(Uzhavar Sandhai ),Onion Green,Onion Green,Local,2026-09-20 00:00:00,8000,8000,8000,0,0.00%,Valid,Normal,Normal
Tamil Nadu,Cuddalore,Vadalur(Uzhavar Sandhai ),Mint(Pudina),Mint(Pudina),Local,2026-09-20 00:00:00,5000,5000,5000,0,0.00%,Valid,Normal,Normal
Tamil Nadu,Dharmapuri,AJattihalli(Uzhavar Sandhai ),Potato,Other,Local,2026-09-20 00:00:00,2400,2800,2600,400,16.67%,Valid,Normal,Normal
Tamil Nadu,Dharmapuri,AJattihalli(Uzhavar Sandhai ),Coriander(Leaves),I Sort,Local,2026-09-20 00:00:00,4500,5000,4750,500,11.11%,Valid,Normal,Normal
Tamil Nadu,Dharmapuri,AJattihalli(Uzhavar Sandhai ),Bitter gourd,Other,Local,2026-09-20 00:00:00,4000,4000,4000,0,0.00%,Valid,Normal,Normal
Tamil Nadu,Dharmapuri,AJattihalli(Uzhavar Sandhai ),Pumpkin,Pumpkin,Local,2026-09-20 00:00:00,1500,1500,1500,0,0.00%,Valid,Normal,Normal
Tamil Nadu,Dharmapuri,AJattihalli(Uzhavar Sandhai ),Coconut,Coconut,Local,2026-09-20 00:00:00,6500,7400,6950,900,13.85%,Valid,Normal,Normal
Tamil Nadu,Dharmapuri,AJattihalli(Uzhavar Sandhai ),Carrot,Pusakesar,Local,2026-09-20 00:00:00,6400,6400,6400,0,0.00%,Valid,Normal,Normal
Tamil Nadu,Dharmapuri,AJattihalli(Uzhavar Sandhai ),Elephant Yam(Suran)/Amorphophallus,Elephant Yam (Suran),Local,2026-09-20 00:00:00,6400,6400,6400,0,0.00%,Valid,Normal,Normal
Tamil Nadu,Dharmapuri,AJattihalli(Uzhavar Sandhai ),Mint(Pudina),Mint(Pudina),Local,2026-09-20 00:00:00,7000,8000,7500,1000,14.29%,Valid,Normal,Normal
Tamil Nadu,Karur,Pallapatti (Uzhavar Sandhai ),Coriander(Leaves),I Sort,Local,2026-09-20 00:00:00,4500,5000,4750,500,11.11%,Valid,Normal,Normal
Tamil Nadu,Karur,Pallapatti (Uzhavar Sandhai ),Bhindi(Ladies Finger),Bhindi,Local,2026-09-20 00:00:00,4500,5000,4750,500,11.11%,Valid,Normal,Normal
Tamil Nadu,Karur,Pallapatti (Uzhavar Sandhai ),Banana - Green,Banana - Green,Local,2026-09-20 00:00:00,2500,3000,2750,500,20.00%,Valid,Normal,Normal
Tamil Nadu,Karur,Pallapatti (Uzhavar Sandhai ),Drumstick,Drumstick,Local,2026-09-20 00:00:00,3000,3500,3250,500,16.67%,Valid,Normal,Normal
Tamil Nadu,Karur,Pallapatti (Uzhavar Sandhai ),Lemon,Lemon,Local,2026-09-20 00:00:00,25000,28000,26500,3000,12.00%,Valid,Normal,Normal
Tamil Nadu,Karur,Pallapatti (Uzhavar Sandhai ),Amla(Nelli Kai),Amla,Local,2026-09-20 00:00:00,7500,8000,7750,500,6.67%,Valid,Normal,Normal
Tamil Nadu,Karur,Velayuthampalayam(Uzhavar Sandhai ),Banana,Other,Local,2026-09-20 00:00:00,5000,6000,5500,1000,20.00%,Valid,Normal,Normal
Tamil Nadu,Karur,Velayuthampalayam(Uzhavar Sandhai ),Bottle gourd,Bottle Gourd,Local,2026-09-20 00:00:00,2000,2500,2250,500,25.00%,Valid,Normal,Normal
Tamil Nadu,Karur,Velayuthampalayam(Uzhavar Sandhai ),Bhindi(Ladies Finger),Bhindi,Local,2026-09-20 00:00:00,3200,4000,3600,800,25.00%,Valid,Normal,Normal
Tamil Nadu,Karur,Velayuthampalayam(Uzhavar Sandhai ),Coconut,Coconut,Local,2026-09-20 00:00:00,5000,6000,5500,1000,20.00%,Valid,Normal,Normal
Tamil Nadu,Karur,Velayuthampalayam(Uzhavar Sandhai ),Raddish,Raddish,Local,2026-09-20 00:00:00,2400,3000,2700,600,25.00%,Valid,Normal,Normal
Tamil Nadu,Karur,Vengamedu(Uzhavar Sandhai ),Bhindi(Ladies Finger),Bhindi,Local,2026-09-20 00:00:00,3500,4000,3750,500,14.29%,Valid,Normal,Normal
Tamil Nadu,Karur,Vengamedu(Uzhavar Sandhai ),Green Chilli,Green Chilly,Local,2026-09-20 00:00:00,5000,6000,5500,1000,20.00%,Valid,Normal,Normal
Tamil Nadu,Theni,Devaram(Uzhavar Sandhai ),Banana,Besrai,Local,2026-09-20 00:00:00,6000,6000,6000,0,0.00%,Valid,Normal,Normal
Tamil Nadu,Theni,Devaram(Uzhavar Sandhai ),Tomato,Deshi,Local,2026-09-20 00:00:00,2400,2400,2400,0,0.00%,Valid,Normal,Normal
Tamil Nadu,Theni,Devaram(Uzhavar Sandhai ),Bottle gourd,Bottle Gourd,Local,2026-09-20 00:00:00,1600,1600,1600,0,0.00%,Valid,Normal,Normal
Tamil Nadu,Theni,Devaram(Uzhavar Sandhai ),Amaranthus,Amaranthus,Local,2026-09-20 00:00:00,2500,2500,2500,0,0.00%,Valid,Normal,Normal
Tamil Nadu,Theni,Devaram(Uzhavar Sandhai ),Green Chilli,Green Chilly,Local,2026-09-20 00:00:00,5200,5200,5200,0,0.00%,Valid,Normal,Normal
Tamil Nadu,Salem,Attayampatti(Uzhavar Sandhai ),Banana,Red Banana,Local,2026-09-20 00:00:00,7500,8000,7750,500,6.67%,Valid,Normal,Normal
Tamil Nadu,Salem,Attayampatti(Uzhavar Sandhai ),Papaya,Papaya,Local,2026-09-20 00:00:00,3500,3500,3500,0,0.00%,Valid,Normal,Normal
Tamil Nadu,Salem,Attayampatti(Uzhavar Sandhai ),Bitter gourd,Bitter Gourd,Local,2026-09-20 00:00:00,5000,5500,5250,500,10.00%,Valid,Normal,Normal
Tamil Nadu,Salem,Attayampatti(Uzhavar Sandhai ),Pumpkin,Pumpkin,Local,2026-09-20 00:00:00,2000,2400,2200,400,20.00%,Valid,Normal,Normal
Tamil Nadu,Salem,Attayampatti(Uzhavar Sandhai ),Bhindi(Ladies Finger),Bhindi,Local,2026-09-20 00:00:00,3000,3000,3000,0,0.00%,Valid,Normal,Normal
Tamil Nadu,Salem,Attayampatti(Uzhavar Sandhai ),Coconut,Coconut,Local,2026-09-20 00:00:00,6500,6500,6500,0,0.00%,Valid,Normal,Normal
Tamil Nadu,Salem,Attayampatti(Uzhavar Sandhai ),Snakeguard,Snakeguard,Local,2026-09-20 00:00:00,3400,3800,3600,400,11.76%,Valid,Normal,Normal
Tamil Nadu,Salem,Attayampatti(Uzhavar Sandhai ),Onion Green,Onion Green,Local,2026-09-20 00:00:00,7500,8200,7850,700,9.33%,Valid,Normal,Normal
Tamil Nadu,Sivaganga,Sivagangai (Uzhavar Sandhai ),Potato,Red Nanital,Local,2026-09-20 00:00:00,5200,5600,5400,400,7.69%,Valid,Normal,Normal
Tamil Nadu,Sivaganga,Sivagangai (Uzhavar Sandhai ),Papaya,Papaya,Local,2026-09-20 00:00:00,4600,5200,4900,600,13.04%,Valid,Normal,Normal
Tamil Nadu,Sivaganga,Sivagangai (Uzhavar Sandhai ),Tomato,Deshi,Local,2026-09-20 00:00:00,2600,3000,2800,400,15.38%,Valid,Normal,Normal
Tamil Nadu,Sivaganga,Sivagangai (Uzhavar Sandhai ),Bhindi(Ladies Finger),Bhindi,Local,2026-09-20 00:00:00,3000,3400,3200,400,13.33%,Valid,Normal,Normal
Tamil Nadu,Sivaganga,Sivagangai (Uzhavar Sandhai ),Beans,Beans (Whole),Local,2026-09-20 00:00:00,8500,9500,9000,1000,11.76%,Valid,Normal,Normal
Tamil Nadu,Sivaganga,Sivagangai (Uzhavar Sandhai ),Chow Chow,Chow Chow,Local,2026-09-20 00:00:00,2800,3200,3000,400,14.29%,Valid,Normal,Normal
Tamil Nadu,Sivaganga,Sivagangai (Uzhavar Sandhai ),Mango(Raw-Ripe),Mango - Raw-Ripe,Local,2026-09-20 00:00:00,12000,13000,12500,1000,8.33%,Valid,Normal,Normal
Tamil Nadu,Sivaganga,Sivagangai (Uzhavar Sandhai ),Lime,Lime,Local,2026-09-20 00:00:00,12000,13000,12500,1000,8.33%,Valid,Normal,Normal
Tamil Nadu,Sivaganga,Sivagangai (Uzhavar Sandhai ),Mashrooms,Mashrooms,Local,2026-09-20 00:00:00,25000,25000,25000,0,0.00%,Valid,Normal,Normal
Tamil Nadu,Sivaganga,Devakottai (Uzhavar Sandhai ),Green Avare(W),Green Avare (W),Local,2026-09-20 00:00:00,8200,10400,9300,2200,26.83%,Valid,Normal,Normal
Tamil Nadu,Salem,Edapadi (Uzhavar Sandhai ),Bottle gourd,Bottle Gourd,Local,2026-09-20 00:00:00,2200,2500,2350,300,13.64%,Valid,Normal,Normal
Tamil Nadu,Salem,Edapadi (Uzhavar Sandhai ),Banana - Green,Banana - Green,Local,2026-09-20 00:00:00,2400,2800,2600,400,16.67%,Valid,Normal,Normal
Tamil Nadu,Salem,Edapadi (Uzhavar Sandhai ),Carrot,Pusakesar,Local,2026-09-20 00:00:00,5500,6000,5750,500,9.09%,Valid,Normal,Normal
Tamil Nadu,Salem,Edapadi (Uzhavar Sandhai ),Beetroot,Beetroot,Local,2026-09-20 00:00:00,6500,7000,6750,500,7.69%,Valid,Normal,Normal
Tamil Nadu,Salem,Edapadi (Uzhavar Sandhai ),Green Avare(W),Other,Local,2026-09-20 00:00:00,6500,7000,6750,500,7.69%,Valid,Normal,Normal
Tamil Nadu,Salem,Edapadi (Uzhavar Sandhai ),Knool Khol,Knool Khol,Local,2026-09-20 00:00:00,4000,4500,4250,500,12.50%,Valid,Normal,Normal
Tamil Nadu,Salem,Edapadi (Uzhavar Sandhai ),Onion Green,Onion Green,Local,2026-09-20 00:00:00,7500,8000,7750,500,6.67%,Valid,Normal,Normal
Tamil Nadu,Salem,Edapadi (Uzhavar Sandhai ),Mint(Pudina),Mint(Pudina),Local,2026-09-20 00:00:00,4000,4500,4250,500,12.50%,Valid,Normal,Normal
Tamil Nadu,Salem,Elampillai(Uzhavar Sandhai ),Groundnut,Big (With Shell),Local,2026-09-20 00:00:00,6500,7000,6750,500,7.69%,Valid,Normal,Normal
Tamil Nadu,Salem,Elampillai(Uzhavar Sandhai ),Coriander(Leaves),I Sort,Local,2026-09-20 00:00:00,3500,4000,3750,500,14.29%,Valid,Normal,Normal
Tamil Nadu,Salem,Elampillai(Uzhavar Sandhai ),Tomato,Other,Local,2026-09-20 00:00:00,2500,2800,2650,300,12.00%,Valid,Normal,Normal
Tamil Nadu,Salem,Elampillai(Uzhavar Sandhai ),Bottle gourd,Bottle Gourd,Local,2026-09-20 00:00:00,2000,2500,2250,500,25.00%,Valid,Normal,Normal
Tamil Nadu,Salem,Elampillai(Uzhavar Sandhai ),Green Chilli,Green Chilly,Local,2026-09-20 00:00:00,3500,4000,3750,500,14.29%,Valid,Normal,Normal
Tamil Nadu,Salem,Elampillai(Uzhavar Sandhai ),Beetroot,Beetroot,Local,2026-09-20 00:00:00,5000,5500,5250,500,10.00%,Valid,Normal,Normal
Tamil Nadu,Salem,Elampillai(Uzhavar Sandhai ),Ridgeguard(Tori),Ridgeguard(Tori),Local,2026-09-20 00:00:00,3000,3500,3250,500,16.67%,Valid,Normal,Normal
Tamil Nadu,Salem,Elampillai(Uzhavar Sandhai ),Drumstick,Drumstick,Local,2026-09-20 00:00:00,3000,3500,3250,500,16.67%,Valid,Normal,Normal
Tamil Nadu,Salem,Elampillai(Uzhavar Sandhai ),Knool Khol,Knool Khol,Local,2026-09-20 00:00:00,4000,4500,4250,500,12.50%,Valid,Normal,Normal
Tamil Nadu,Salem,Elampillai(Uzhavar Sandhai ),Guava,Guava Allahabad,Local,2026-09-20 00:00:00,3500,4000,3750,500,14.29%,Valid,Normal,Normal
Tamil Nadu,Salem,Hasthampatti(Uzhavar Sandhai ),Mousambi(Sweet Lime),Mousambi,Local,2026-09-20 00:00:00,3000,3500,3250,500,16.67%,Valid,Normal,Normal
Tamil Nadu,Salem,Hasthampatti(Uzhavar Sandhai ),Bitter gourd,Other,Local,2026-09-20 00:00:00,3500,4000,3750,500,14.29%,Valid,Normal,Normal
Tamil Nadu,Salem,Hasthampatti(Uzhavar Sandhai ),Banana - Green,Banana - Green,Local,2026-09-20 00:00:00,2000,2400,2200,400,20.00%,Valid,Normal,Normal
Tamil Nadu,Salem,Hasthampatti(Uzhavar Sandhai ),Coconut,Coconut,Local,2026-09-20 00:00:00,6000,6500,6250,500,8.33%,Valid,Normal,Normal
Tamil Nadu,Salem,Hasthampatti(Uzhavar Sandhai ),Sweet Potato,Hosur Red,Local,2026-09-20 00:00:00,4000,4500,4250,500,12.50%,Valid,Normal,Normal
Tamil Nadu,Salem,Hasthampatti(Uzhavar Sandhai ),Raddish,Raddish,Local,2026-09-20 00:00:00,2600,2800,2700,200,7.69%,Valid,Normal,Normal
Tamil Nadu,Salem,Hasthampatti(Uzhavar Sandhai ),Capsicum,Capsicum,Local,2026-09-20 00:00:00,5500,6000,5750,500,9.09%,Valid,Normal,Normal
Tamil Nadu,Salem,Hasthampatti(Uzhavar Sandhai ),Elephant Yam(Suran)/Amorphophallus,Elephant Yam (Suran),Local,2026-09-20 00:00:00,3500,4000,3750,500,14.29%,Valid,Normal,Normal
Tamil Nadu,Salem,Hasthampatti(Uzhavar Sandhai ),Pear(Marasebu),Pears,Local,2026-09-20 00:00:00,10000,11000,10500,1000,10.00%,Valid,Normal,Normal
Tamil Nadu,Salem,Hasthampatti(Uzhavar Sandhai ),Sweet Corn,Sweet Corn,Local,2026-09-20 00:00:00,3500,4000,3750,500,14.29%,Valid,Normal,Normal
Tamil Nadu,Salem,Jalagandapuram(Uzhavar Sandhai ),Groundnut,Big (With Shell),Local,2026-09-20 00:00:00,6500,7000,6750,500,7.69%,Valid,Normal,Normal
Tamil Nadu,Salem,Jalagandapuram(Uzhavar Sandhai ),Brinjal,Round,Local,2026-09-20 00:00:00,3200,3600,3400,400,12.50%,Valid,Normal,Normal
Tamil Nadu,Salem,Jalagandapuram(Uzhavar Sandhai ),Papaya,Papaya,Local,2026-09-20 00:00:00,3500,4000,3750,500,14.29%,Valid,Normal,Normal
Tamil Nadu,Salem,Jalagandapuram(Uzhavar Sandhai ),Cluster beans,Cluster Beans,Local,2026-09-20 00:00:00,3000,3400,3200,400,13.33%,Valid,Normal,Normal
Tamil Nadu,Salem,Jalagandapuram(Uzhavar Sandhai ),Pumpkin,Pumpkin,Local,2026-09-20 00:00:00,1800,2000,1900,200,11.11%,Valid,Normal,Normal
Tamil Nadu,Salem,Jalagandapuram(Uzhavar Sandhai ),Green Chilli,Green Chilly,Local,2026-09-20 00:00:00,3600,4000,3800,400,11.11%,Valid,Normal,Normal
Tamil Nadu,Salem,Jalagandapuram(Uzhavar Sandhai ),Cowpea(Veg),Cowpea (Veg),Local,2026-09-20 00:00:00,4500,5000,4750,500,11.11%,Valid,Normal,Normal
Tamil Nadu,Salem,Jalagandapuram(Uzhavar Sandhai ),Banana - Green,Banana - Green,Local,2026-09-20 00:00:00,2500,2800,2650,300,12.00%,Valid,Normal,Normal
Tamil Nadu,Salem,Jalagandapuram(Uzhavar Sandhai ),Beans,Beans (Whole),Local,2026-09-20 00:00:00,7000,8000,7500,1000,14.29%,Valid,Normal,Normal
Tamil Nadu,Salem,Jalagandapuram(Uzhavar Sandhai ),Cabbage,Cabbage,Local,2026-09-20 00:00:00,2500,3000,2750,500,20.00%,Valid,Normal,Normal
Tamil Nadu,Salem,Jalagandapuram(Uzhavar Sandhai ),Snakeguard,Snakeguard,Local,2026-09-20 00:00:00,3500,3800,3650,300,8.57%,Valid,Normal,Normal
Tamil Nadu,Salem,Jalagandapuram(Uzhavar Sandhai ),Ridgeguard(Tori),Ridgeguard(Tori),Local,2026-09-20 00:00:00,3500,4000,3750,500,14.29%,Valid,Normal,Normal
Tamil Nadu,Salem,Jalagandapuram(Uzhavar Sandhai ),Lime,Lime,Local,2026-09-20 00:00:00,3000,3500,3250,500,16.67%,Valid,Normal,Normal
Tamil Nadu,Salem,Jalagandapuram(Uzhavar Sandhai ),Guava,Guava Allahabad,Local,2026-09-20 00:00:00,6000,7000,6500,1000,16.67%,Valid,Normal,Normal
Tamil Nadu,Sivaganga,Singampunari(Uzhavar Sandhai ),Cauliflower,Ranchi,Local,2026-09-20 00:00:00,2600,3200,2900,600,23.08%,Valid,Normal,Normal
Tamil Nadu,Sivaganga,Singampunari(Uzhavar Sandhai ),Green Chilli,Green Chilly,Local,2026-09-20 00:00:00,3600,4200,3900,600,16.67%,Valid,Normal,Normal
Tamil Nadu,Sivaganga,Singampunari(Uzhavar Sandhai ),Ridgeguard(Tori),Ridgeguard(Tori),Local,2026-09-20 00:00:00,3200,3800,3500,600,18.75%,Valid,Normal,Normal
Tamil Nadu,Sivaganga,Singampunari(Uzhavar Sandhai ),Mint(Pudina),Mint(Pudina),Local,2026-09-20 00:00:00,5600,6200,5900,600,10.71%,Valid,Normal,Normal
Tamil Nadu,Sivaganga,Karaikudi(Uzhavar Sandhai ),Onion,Bellary,Local,2026-09-20 00:00:00,5500,7500,6500,2000,36.36%,Valid,Normal,Normal
Tamil Nadu,Sivaganga,Karaikudi(Uzhavar Sandhai ),Bitter gourd,Other,Local,2026-09-20 00:00:00,5500,6000,5750,500,9.09%,Valid,Normal,Normal
Tamil Nadu,Sivaganga,Karaikudi(Uzhavar Sandhai ),Ashgourd,Gouard,Local,2026-09-20 00:00:00,2000,2200,2100,200,10.00%,Valid,Normal,Normal
Tamil Nadu,Sivaganga,Karaikudi(Uzhavar Sandhai ),Pumpkin,Pumpkin,Local,2026-09-20 00:00:00,2000,2500,2250,500,25.00%,Valid,Normal,Normal
Tamil Nadu,Sivaganga,Karaikudi(Uzhavar Sandhai ),Bhindi(Ladies Finger),Bhindi,Local,2026-09-20 00:00:00,3200,3600,3400,400,12.50%,Valid,Normal,Normal
Tamil Nadu,Sivaganga,Karaikudi(Uzhavar Sandhai ),Chow Chow,Chow Chow,Local,2026-09-20 00:00:00,3000,3500,3250,500,16.67%,Valid,Normal,Normal
Tamil Nadu,Sivaganga,Karaikudi(Uzhavar Sandhai ),Guava,Guava Allahabad,Local,2026-09-20 00:00:00,6500,7500,7000,1000,15.38%,Valid,Normal,Normal
Tamil Nadu,Sivaganga,Karaikudi(Uzhavar Sandhai ),Yam(Ratalu),Yam (Ratalu),Local,2026-09-20 00:00:00,7000,7500,7250,500,7.14%,Valid,Normal,Normal
Tamil Nadu,Sivaganga,Tirupatthur(Uzhavar Sandhai ),Bitter gourd,Other,Local,2026-09-20 00:00:00,5500,6000,5750,500,9.09%,Valid,Normal,Normal
Tamil Nadu,Sivaganga,Tirupatthur(Uzhavar Sandhai ),Ashgourd,Gouard,Local,2026-09-20 00:00:00,2000,2200,2100,200,10.00%,Valid,Normal,Normal
Tamil Nadu,Sivaganga,Tirupatthur(Uzhavar Sandhai ),Bhindi(Ladies Finger),Bhindi,Local,2026-09-20 00:00:00,3200,3500,3350,300,9.38%,Valid,Normal,Normal
Tamil Nadu,Sivaganga,Tirupatthur(Uzhavar Sandhai ),Green Chilli,Green Chilly,Local,2026-09-20 00:00:00,4000,4500,4250,500,12.50%,Valid,Normal,Normal
Tamil Nadu,Sivaganga,Tirupatthur(Uzhavar Sandhai ),Banana - Green,Banana - Green,Local,2026-09-20 00:00:00,2500,3000,2750,500,20.00%,Valid,Normal,Normal
Tamil Nadu,Sivaganga,Tirupatthur(Uzhavar Sandhai ),Ginger(Green),Green Ginger,Local,2026-09-20 00:00:00,11500,20500,16000,9000,78.26%,Valid,Normal,Normal
Tamil Nadu,Sivaganga,Tirupatthur(Uzhavar Sandhai ),Snakeguard,Snakeguard,Local,2026-09-20 00:00:00,3500,4000,3750,500,14.29%,Valid,Normal,Normal
Tamil Nadu,Sivaganga,Tirupatthur(Uzhavar Sandhai ),Raddish,Raddish,Local,2026-09-20 00:00:00,2800,3000,2900,200,7.14%,Valid,Normal,Normal
Tamil Nadu,Sivaganga,Tirupatthur(Uzhavar Sandhai ),Mango(Raw-Ripe),Mango - Raw-Ripe,Local,2026-09-20 00:00:00,12400,13500,12950,1100,8.87%,Valid,Normal,Normal
Tamil Nadu,Sivaganga,Tirupatthur(Uzhavar Sandhai ),Elephant Yam(Suran)/Amorphophallus,Elephant Yam (Suran),Local,2026-09-20 00:00:00,4500,5000,4750,500,11.11%,Valid,Normal,Normal
Tamil Nadu,Thanjavur,Pattukottai(Uzhavar Sandhai ),Brinjal,Round,Local,2026-09-20 00:00:00,3400,4400,3900,1000,29.41%,Valid,Normal,Normal
Tamil Nadu,Thanjavur,Pattukottai(Uzhavar Sandhai ),Banana,Besrai,Local,2026-09-20 00:00:00,3500,3500,3500,0,0.00%,Valid,Normal,Normal
Tamil Nadu,Thanjavur,Pattukottai(Uzhavar Sandhai ),Potato,Red Nanital,Local,2026-09-20 00:00:00,3000,3000,3000,0,0.00%,Valid,Normal,Normal
Tamil Nadu,Thanjavur,Pattukottai(Uzhavar Sandhai ),Tomato,Deshi,Local,2026-09-20 00:00:00,3400,3400,3400,0,0.00%,Valid,Normal,Normal
Tamil Nadu,Thanjavur,Pattukottai(Uzhavar Sandhai ),Bhindi(Ladies Finger),Bhindi,Local,2026-09-20 00:00:00,4400,4400,4400,0,0.00%,Valid,Normal,Normal
Tamil Nadu,Thanjavur,Pattukottai(Uzhavar Sandhai ),Green Chilli,Green Chilly,Local,2026-09-20 00:00:00,4800,4800,4800,0,0.00%,Valid,Normal,Normal
Tamil Nadu,Thanjavur,Pattukottai(Uzhavar Sandhai ),Cabbage,Cabbage,Local,2026-09-20 00:00:00,3400,3400,3400,0,0.00%,Valid,Normal,Normal
Tamil Nadu,Thanjavur,Pattukottai(Uzhavar Sandhai ),Snakeguard,Snakeguard,Local,2026-09-20 00:00:00,4400,4400,4400,0,0.00%,Valid,Normal,Normal
Tamil Nadu,Thanjavur,Pattukottai(Uzhavar Sandhai ),Ridgeguard(Tori),Ridgeguard(Tori),Local,2026-09-20 00:00:00,5600,5600,5600,0,0.00%,Valid,Normal,Normal
Tamil Nadu,Thanjavur,Pattukottai(Uzhavar Sandhai ),Chow Chow,Chow Chow,Local,2026-09-20 00:00:00,4400,4400,4400,0,0.00%,Valid,Normal,Normal
Tamil Nadu,Thanjavur,Pattukottai(Uzhavar Sandhai ),Elephant Yam(Suran)/Amorphophallus,Elephant Yam (Suran),Local,2026-09-20 00:00:00,4500,4500,4500,0,0.00%,Valid,Normal,Normal
Tamil Nadu,Thiruchirappalli,Lalgudi(Uzhavar Sandhai ),Cluster beans,Cluster Beans,Local,2026-09-20 00:00:00,3600,3600,3600,0,0.00%,Valid,Normal,Normal
Tamil Nadu,Thiruchirappalli,Lalgudi(Uzhavar Sandhai ),Bottle gourd,Bottle Gourd,Local,2026-09-20 00:00:00,2500,2500,2500,0,0.00%,Valid,Normal,Normal
Tamil Nadu,Thiruchirappalli,Lalgudi(Uzhavar Sandhai ),Pumpkin,Pumpkin,Local,2026-09-20 00:00:00,2000,2000,2000,0,0.00%,Valid,Normal,Normal
Tamil Nadu,Thiruchirappalli,Lalgudi(Uzhavar Sandhai ),Bhindi(Ladies Finger),Bhindi,Local,2026-09-20 00:00:00,3600,3600,3600,0,0.00%,Valid,Normal,Normal
Tamil Nadu,Thiruchirappalli,Lalgudi(Uzhavar Sandhai ),Sweet Potato,Hosur Red,Local,2026-09-20 00:00:00,5000,5000,5000,0,0.00%,Valid,Normal,Normal
Tamil Nadu,Thiruchirappalli,Lalgudi(Uzhavar Sandhai ),Carrot,Pusakesar,Local,2026-09-20 00:00:00,5000,5000,5000,0,0.00%,Valid,Normal,Normal
Tamil Nadu,Thiruchirappalli,Lalgudi(Uzhavar Sandhai ),Knool Khol,Knool Khol,Local,2026-09-20 00:00:00,3600,3600,3600,0,0.00%,Valid,Normal,Normal
Tamil Nadu,Thiruchirappalli,Lalgudi(Uzhavar Sandhai ),Onion Green,Onion Green,Local,2026-09-20 00:00:00,9000,9000,9000,0,0.00%,Valid,Normal,Normal
Tamil Nadu,Thiruchirappalli,Manachanallur(Uzhavar Sandhai ),Banana,Karpura,Local,2026-09-20 00:00:00,5000,6000,5500,1000,20.00%,Valid,Normal,Normal
Tamil Nadu,Thiruchirappalli,Manachanallur(Uzhavar Sandhai ),Onion,Bellary,Local,2026-09-20 00:00:00,5000,6500,5750,1500,30.00%,Valid,Normal,Normal
Tamil Nadu,Thiruchirappalli,Manachanallur(Uzhavar Sandhai ),Amaranthus,Amaranthus,Local,2026-09-20 00:00:00,1500,2000,1750,500,33.33%,Valid,Normal,Normal
Tamil Nadu,Thiruchirappalli,Manachanallur(Uzhavar Sandhai ),Cowpea(Veg),Cowpea (Veg),Local,2026-09-20 00:00:00,3000,3500,3250,500,16.67%,Valid,Normal,Normal
Tamil Nadu,Thiruchirappalli,Manachanallur(Uzhavar Sandhai ),Green Avare(W),Other,Local,2026-09-20 00:00:00,7500,8600,8050,1100,14.67%,Valid,Normal,Normal
Tamil Nadu,Thiruchirappalli,Manachanallur(Uzhavar Sandhai ),Drumstick,Drumstick,Local,2026-09-20 00:00:00,3500,4000,3750,500,14.29%,Valid,Normal,Normal
Tamil Nadu,Thiruchirappalli,Manachanallur(Uzhavar Sandhai ),Tender Coconut,Tender Coconut,Local,2026-09-20 00:00:00,4000,5000,4500,1000,25.00%,Valid,Normal,Normal
Tamil Nadu,Thiruchirappalli,Manapparai(Uzhavar Sandhai ),Garlic,Garlic,Local,2026-09-20 00:00:00,25000,25000,25000,0,0.00%,Valid,Normal,Normal
Tamil Nadu,Thiruchirappalli,Manapparai(Uzhavar Sandhai ),Ashgourd,Gouard,Local,2026-09-20 00:00:00,2000,2000,2000,0,0.00%,Valid,Normal,Normal
Tamil Nadu,Thiruchirappalli,Manapparai(Uzhavar Sandhai ),Pumpkin,Pumpkin,Local,2026-09-20 00:00:00,2000,2000,2000,0,0.00%,Valid,Normal,Normal
Tamil Nadu,Thiruchirappalli,Manapparai(Uzhavar Sandhai ),Cowpea(Veg),Cowpea (Veg),Local,2026-09-20 00:00:00,3000,3000,3000,0,0.00%,Valid,Normal,Normal
Tamil Nadu,Thiruchirappalli,Manapparai(Uzhavar Sandhai ),Ginger(Green),Green Ginger,Local,2026-09-20 00:00:00,23000,23000,23000,0,0.00%,Valid,Normal,Normal
Tamil Nadu,Thiruchirappalli,Manapparai(Uzhavar Sandhai ),Cabbage,Cabbage,Local,2026-09-20 00:00:00,3000,3000,3000,0,0.00%,Valid,Normal,Normal
Tamil Nadu,Thiruchirappalli,Manapparai(Uzhavar Sandhai ),Snakeguard,Snakeguard,Local,2026-09-20 00:00:00,3600,4000,3800,400,11.11%,Valid,Normal,Normal
Tamil Nadu,Thiruchirappalli,Manapparai(Uzhavar Sandhai ),Ridgeguard(Tori),Ridgeguard(Tori),Local,2026-09-20 00:00:00,4600,5000,4800,400,8.70%,Valid,Normal,Normal
Tamil Nadu,Thiruchirappalli,Manapparai(Uzhavar Sandhai ),Chow Chow,Chow Chow,Local,2026-09-20 00:00:00,4200,4200,4200,0,0.00%,Valid,Normal,Normal
Tamil Nadu,Thiruchirappalli,Manapparai(Uzhavar Sandhai ),Knool Khol,Knool Khol,Local,2026-09-20 00:00:00,3600,3600,3600,0,0.00%,Valid,Normal,Normal
Tamil Nadu,Thiruchirappalli,Musiri(Uzhavar Sandhai ),Banana,Other,Local,2026-09-20 00:00:00,4000,5000,4500,1000,25.00%,Valid,Normal,Normal
Tamil Nadu,Thiruchirappalli,Musiri(Uzhavar Sandhai ),Onion,Bellary,Local,2026-09-20 00:00:00,5500,7000,6250,1500,27.27%,Valid,Normal,Normal
Tamil Nadu,Thiruchirappalli,Musiri(Uzhavar Sandhai ),Tomato,Local,Local,2026-09-20 00:00:00,2400,2800,2600,400,16.67%,Valid,Normal,Normal
Tamil Nadu,Thiruchirappalli,Musiri(Uzhavar Sandhai ),Ashgourd,Gouard,Local,2026-09-20 00:00:00,1500,2000,1750,500,33.33%,Valid,Normal,Normal
Tamil Nadu,Thiruchirappalli,Musiri(Uzhavar Sandhai ),Cowpea(Veg),Cowpea (Veg),Local,2026-09-20 00:00:00,2600,3000,2800,400,15.38%,Valid,Normal,Normal
Tamil Nadu,Thiruchirappalli,Musiri(Uzhavar Sandhai ),Betal Leaves,Mysore,Local,2026-09-20 00:00:00,7000,8000,7500,1000,14.29%,Valid,Normal,Normal
Tamil Nadu,Thiruchirappalli,Musiri(Uzhavar Sandhai ),Beetroot,Beetroot,Local,2026-09-20 00:00:00,5000,6500,5750,1500,30.00%,Valid,Normal,Normal
Tamil Nadu,Thiruchirappalli,Musiri(Uzhavar Sandhai ),Ridgeguard(Tori),Ridgeguard(Tori),Local,2026-09-20 00:00:00,4000,4600,4300,600,15.00%,Valid,Normal,Normal
Tamil Nadu,Thiruchirappalli,Musiri(Uzhavar Sandhai ),Chow Chow,Chow Chow,Local,2026-09-20 00:00:00,3500,4000,3750,500,14.29%,Valid,Normal,Normal
Tamil Nadu,Thiruchirappalli,Musiri(Uzhavar Sandhai ),Mango(Raw-Ripe),Mango - Raw-Ripe,Local,2026-09-20 00:00:00,10000,11000,10500,1000,10.00%,Valid,Normal,Normal
Tamil Nadu,Thiruchirappalli,Musiri(Uzhavar Sandhai ),Tender Coconut,Tender Coconut,Local,2026-09-20 00:00:00,3500,4000,3750,500,14.29%,Valid,Normal,Normal
Tamil Nadu,Thiruchirappalli,Musiri(Uzhavar Sandhai ),Elephant Yam(Suran)/Amorphophallus,Elephant Yam (Suran),Local,2026-09-20 00:00:00,3000,3600,3300,600,20.00%,Valid,Normal,Normal
Tamil Nadu,Thiruchirappalli,Musiri(Uzhavar Sandhai ),Lemon,Lemon,Local,2026-09-20 00:00:00,19000,21000,20000,2000,10.53%,Valid,Normal,Normal
Tamil Nadu,Thiruchirappalli,Musiri(Uzhavar Sandhai ),Mint(Pudina),Mint(Pudina),Local,2026-09-20 00:00:00,6000,6600,6300,600,10.00%,Valid,Normal,Normal
Tamil Nadu,Thiruchirappalli,Thiruverumbur(Uzhavar Sandhai ),Tomato,Other,Local,2026-09-20 00:00:00,3000,3000,3000,0,0.00%,Valid,Normal,Normal
Tamil Nadu,Thiruchirappalli,Thiruverumbur(Uzhavar Sandhai ),Green Chilli,Green Chilly,Local,2026-09-20 00:00:00,4600,4600,4600,0,0.00%,Valid,Normal,Normal
Tamil Nadu,Thiruchirappalli,Thiruverumbur(Uzhavar Sandhai ),Mango(Raw-Ripe),Mango - Raw-Ripe,Local,2026-09-20 00:00:00,8000,8000,8000,0,0.00%,Valid,Normal,Normal
Tamil Nadu,Virudhunagar,Rajapalayam(Uzhavar Sandhai ),Tomato,Deshi,Local,2026-09-20 00:00:00,1500,2000,1750,500,33.33%,Valid,Normal,Normal
Tamil Nadu,Virudhunagar,Rajapalayam(Uzhavar Sandhai ),Ridgeguard(Tori),Ridgeguard(Tori),Local,2026-09-20 00:00:00,3500,4000,3750,500,14.29%,Valid,Normal,Normal
Tamil Nadu,Virudhunagar,Rajapalayam(Uzhavar Sandhai ),Raddish,Raddish,Local,2026-09-20 00:00:00,3000,3500,3250,500,16.67%,Valid,Normal,Normal
Tamil Nadu,Virudhunagar,Rajapalayam(Uzhavar Sandhai ),Chow Chow,Chow Chow,Local,2026-09-20 00:00:00,3000,3500,3250,500,16.67%,Valid,Normal,Normal
Tamil Nadu,Virudhunagar,Rajapalayam(Uzhavar Sandhai ),Lemon,Lemon,Local,2026-09-20 00:00:00,20000,22000,21000,2000,10.00%,Valid,Normal,Normal
Tamil Nadu,Virudhunagar,Sathur(Uzhavar Sandhai ),Onion,Bellary,Local,2026-09-20 00:00:00,4500,5000,4750,500,11.11%,Valid,Normal,Normal
Tamil Nadu,Virudhunagar,Sathur(Uzhavar Sandhai ),Coriander(Leaves),I Sort,Local,2026-09-20 00:00:00,4500,5000,4750,500,11.11%,Valid,Normal,Normal
Tamil Nadu,Virudhunagar,Sathur(Uzhavar Sandhai ),Tomato,Deshi,Local,2026-09-20 00:00:00,2000,2500,2250,500,25.00%,Valid,Normal,Normal
Tamil Nadu,Virudhunagar,Sathur(Uzhavar Sandhai ),Bitter gourd,Bitter Gourd,Local,2026-09-20 00:00:00,5500,6000,5750,500,9.09%,Valid,Normal,Normal
Tamil Nadu,Virudhunagar,Sathur(Uzhavar Sandhai ),Bhindi(Ladies Finger),Bhindi,Local,2026-09-20 00:00:00,3500,4000,3750,500,14.29%,Valid,Normal,Normal
Tamil Nadu,Virudhunagar,Sathur(Uzhavar Sandhai ),Green Chilli,Green Chilly,Local,2026-09-20 00:00:00,5500,6000,5750,500,9.09%,Valid,Normal,Normal
Tamil Nadu,Virudhunagar,Sathur(Uzhavar Sandhai ),Raddish,Raddish,Local,2026-09-20 00:00:00,3500,4000,3750,500,14.29%,Valid,Normal,Normal
Tamil Nadu,Virudhunagar,Sathur(Uzhavar Sandhai ),Mint(Pudina),Mint(Pudina),Local,2026-09-20 00:00:00,3500,4000,3750,500,14.29%,Valid,Normal,Normal
Tamil Nadu,Virudhunagar,Thalavaipuram(Uzhavar Sandhai ),Potato,Red Nanital,Local,2026-09-20 00:00:00,2800,3500,3150,700,25.00%,Valid,Normal,Normal
Tamil Nadu,Virudhunagar,Thalavaipuram(Uzhavar Sandhai ),Papaya,Papaya,Local,2026-09-20 00:00:00,2800,3500,3150,700,25.00%,Valid,Normal,Normal
Tamil Nadu,Virudhunagar,Thalavaipuram(Uzhavar Sandhai ),Cluster beans,Cluster Beans,Local,2026-09-20 00:00:00,2800,3500,3150,700,25.00%,Valid,Normal,Normal
Tamil Nadu,Virudhunagar,Thalavaipuram(Uzhavar Sandhai ),Green Chilli,Green Chilly,Local,2026-09-20 00:00:00,5200,6500,5850,1300,25.00%,Valid,Normal,Normal
Tamil Nadu,Virudhunagar,Thalavaipuram(Uzhavar Sandhai ),Banana - Green,Banana - Green,Local,2026-09-20 00:00:00,2800,3500,3150,700,25.00%,Valid,Normal,Normal
Tamil Nadu,Virudhunagar,Thalavaipuram(Uzhavar Sandhai ),Raddish,Raddish,Local,2026-09-20 00:00:00,2800,3500,3150,700,25.00%,Valid,Normal,Normal
Tamil Nadu,Virudhunagar,Thalavaipuram(Uzhavar Sandhai ),Lime,Lime,Local,2026-09-20 00:00:00,16000,20000,18000,4000,25.00%,Valid,Normal,Normal
Tamil Nadu,Virudhunagar,Thalavaipuram(Uzhavar Sandhai ),Yam(Ratalu),Yam (Ratalu),Local,2026-09-20 00:00:00,5500,7000,6250,1500,27.27%,Valid,Normal,Normal
Tamil Nadu,Virudhunagar,Thalavaipuram(Uzhavar Sandhai ),Mint(Pudina),Mint(Pudina),Local,2026-09-20 00:00:00,5500,7000,6250,1500,27.27%,Valid,Normal,Normal
Tamil Nadu,Virudhunagar,Virudhunagar(Uzhavar Sandhai ),Onion,Bellary,Local,2026-09-20 00:00:00,6300,6400,6350,100,1.59%,Valid,Normal,Normal
Tamil Nadu,Virudhunagar,Virudhunagar(Uzhavar Sandhai ),Cauliflower,Ranchi,Local,2026-09-20 00:00:00,3300,3400,3350,100,3.03%,Valid,Normal,Normal
Tamil Nadu,Virudhunagar,Virudhunagar(Uzhavar Sandhai ),Coconut,Coconut,Local,2026-09-20 00:00:00,5400,5500,5450,100,1.85%,Valid,Normal,Normal
Tamil Nadu,Virudhunagar,Virudhunagar(Uzhavar Sandhai ),Green Avare(W),Green Avare (W),Local,2026-09-20 00:00:00,6300,6400,6350,100,1.59%,Valid,Normal,Normal
Tamil Nadu,Virudhunagar,Virudhunagar(Uzhavar Sandhai ),Onion Green,Onion Green,Local,2026-09-20 00:00:00,7300,7400,7350,100,1.37%,Valid,Normal,Normal
Tamil Nadu,Chengalpattu,Pallavaram(Uzhavar Sandhai ),Cluster beans,Cluster Beans,Local,2026-09-20 00:00:00,5000,6000,5500,1000,20.00%,Valid,Normal,Normal
Tamil Nadu,Chengalpattu,Pallavaram(Uzhavar Sandhai ),Bitter gourd,Bitter Gourd,Local,2026-09-20 00:00:00,6000,7000,6500,1000,16.67%,Valid,Normal,Normal
Tamil Nadu,Chengalpattu,Pallavaram(Uzhavar Sandhai ),Bottle gourd,Bottle Gourd,Local,2026-09-20 00:00:00,3500,4000,3750,500,14.29%,Valid,Normal,Normal
Tamil Nadu,Chengalpattu,Pallavaram(Uzhavar Sandhai ),Bhindi(Ladies Finger),Bhindi,Local,2026-09-20 00:00:00,3500,4000,3750,500,14.29%,Valid,Normal,Normal
Tamil Nadu,Chengalpattu,Pallavaram(Uzhavar Sandhai ),Cabbage,Cabbage,Local,2026-09-20 00:00:00,2000,2500,2250,500,25.00%,Valid,Normal,Normal
Tamil Nadu,Chengalpattu,Pallavaram(Uzhavar Sandhai ),Ridgeguard(Tori),Ridgeguard(Tori),Local,2026-09-20 00:00:00,6000,7000,6500,1000,16.67%,Valid,Normal,Normal
Tamil Nadu,Chengalpattu,Pallavaram(Uzhavar Sandhai ),Elephant Yam(Suran)/Amorphophallus,Elephant Yam (Suran),Local,2026-09-20 00:00:00,5000,6000,5500,1000,20.00%,Valid,Normal,Normal
Tamil Nadu,Chengalpattu,Pallavaram(Uzhavar Sandhai ),Yam(Ratalu),Yam (Ratalu),Local,2026-09-20 00:00:00,6000,7000,6500,1000,16.67%,Valid,Normal,Normal
Tamil Nadu,Chengalpattu,Pallavaram(Uzhavar Sandhai ),Colacasia,Colacasia,Local,2026-09-20 00:00:00,4000,5000,4500,1000,25.00%,Valid,Normal,Normal
Tamil Nadu,Nagercoil (Kannyiakumari),Myladi(Uzhavar Sandhai ),Tomato,Deshi,Local,2026-09-20 00:00:00,2500,2800,2650,300,12.00%,Valid,Normal,Normal
Tamil Nadu,Nagercoil (Kannyiakumari),Myladi(Uzhavar Sandhai ),Bottle gourd,Bottle Gourd,Local,2026-09-20 00:00:00,2200,2500,2350,300,13.64%,Valid,Normal,Normal
Tamil Nadu,Nagercoil (Kannyiakumari),Myladi(Uzhavar Sandhai ),Bhindi(Ladies Finger),Bhindi,Local,2026-09-20 00:00:00,5500,6000,5750,500,9.09%,Valid,Normal,Normal
Tamil Nadu,Nagercoil (Kannyiakumari),Myladi(Uzhavar Sandhai ),Cabbage,Cabbage,Local,2026-09-20 00:00:00,3500,4000,3750,500,14.29%,Valid,Normal,Normal
Tamil Nadu,Villupuram,Tindivanam APMC,Bitter gourd,Bitter Gourd,Local,2026-09-20 00:00:00,5000,6000,5500,1000,20.00%,Valid,Normal,Normal
Tamil Nadu,Villupuram,Tindivanam APMC,Ashgourd,Gouard,Local,2026-09-20 00:00:00,1500,1500,1500,0,0.00%,Valid,Normal,Normal
Tamil Nadu,Villupuram,Tindivanam APMC,Amaranthus,Amaranthus,Local,2026-09-20 00:00:00,4000,4000,4000,0,0.00%,Valid,Normal,Normal
Tamil Nadu,Villupuram,Tindivanam APMC,Sweet Potato,Hosur Red,Local,2026-09-20 00:00:00,4500,4500,4500,0,0.00%,Valid,Normal,Normal
Tamil Nadu,Villupuram,Tindivanam APMC,Thondekai,Thondekai,Local,2026-09-20 00:00:00,3000,3000,3000,0,0.00%,Valid,Normal,Normal
Tamil Nadu,Villupuram,Tindivanam APMC,Green Avare(W),Green Avare (W),Local,2026-09-20 00:00:00,6800,6800,6800,0,0.00%,Valid,Normal,Normal
Tamil Nadu,Villupuram,Tindivanam APMC,Mint(Pudina),Mint(Pudina),Local,2026-09-20 00:00:00,4000,4000,4000,0,0.00%,Valid,Normal,Normal
Tamil Nadu,Villupuram,Tindivanam APMC,Sweet Corn,Sweet Corn,Local,2026-09-20 00:00:00,4000,4000,4000,0,0.00%,Valid,Normal,Normal
Tamil Nadu,Villupuram,Ulundurpettai APMC,Brinjal,Round,Local,2026-09-20 00:00:00,5000,5000,5000,0,0.00%,Valid,Normal,Normal
Tamil Nadu,Villupuram,Ulundurpettai APMC,Coriander(Leaves),I Sort,Local,2026-09-20 00:00:00,6000,6000,6000,0,0.00%,Valid,Normal,Normal
Tamil Nadu,Villupuram,Ulundurpettai APMC,Bottle gourd,Bottle Gourd,Local,2026-09-20 00:00:00,2000,2000,2000,0,0.00%,Valid,Normal,Normal
Tamil Nadu,Villupuram,Ulundurpettai APMC,Ashgourd,Gouard,Local,2026-09-20 00:00:00,2000,2000,2000,0,0.00%,Valid,Normal,Normal
Tamil Nadu,Villupuram,Ulundurpettai APMC,Pumpkin,Pumpkin,Local,2026-09-20 00:00:00,2500,2500,2500,0,0.00%,Valid,Normal,Normal
Tamil Nadu,Villupuram,Ulundurpettai APMC,Bhindi(Ladies Finger),Bhindi,Local,2026-09-20 00:00:00,3000,3000,3000,0,0.00%,Valid,Normal,Normal
Tamil Nadu,Villupuram,Ulundurpettai APMC,Mango(Raw-Ripe),Mango - Raw-Ripe,Local,2026-09-20 00:00:00,8000,8000,8000,0,0.00%,Valid,Normal,Normal
Tamil Nadu,Villupuram,Ulundurpettai APMC,Tender Coconut,Tender Coconut,Local,2026-09-20 00:00:00,3000,3000,3000,0,0.00%,Valid,Normal,Normal
Uttar Pradesh,Fatehpur,Fatehpur APMC,Green Chilli,Other,FAQ,2026-09-20 00:00:00,3300,3300,3300,0,0.00%,Valid,Normal,Normal
Uttar Pradesh,Badaun,Babrala APMC,Maize,Local,Local,2026-09-20 00:00:00,2130,2150,2140,20,0.94%,Valid,Normal,Normal
Uttar Pradesh,Kanpur Dehat,Jhijhank APMC,Wheat,Dara,FAQ,2026-09-20 00:00:00,2350,2350,2350,0,0.00%,Valid,Normal,Normal
Tamil Nadu,Madurai,Chokkikulam(Uzhavar Sandhai ),Apple,American,Local,2026-09-20 00:00:00,18000,27000,22500,9000,50.00%,Valid,Normal,Normal
Tamil Nadu,Madurai,Chokkikulam(Uzhavar Sandhai ),Orange,Darjeeling,Local,2026-09-20 00:00:00,14000,16000,15000,2000,14.29%,Valid,Normal,Normal
Tamil Nadu,Madurai,Chokkikulam(Uzhavar Sandhai ),Grapes,Annabesahai,Local,2026-09-20 00:00:00,11000,12000,11500,1000,9.09%,Valid,Normal,Normal
Tamil Nadu,Madurai,Chokkikulam(Uzhavar Sandhai ),Pumpkin,Pumpkin,Local,2026-09-20 00:00:00,1600,2000,1800,400,25.00%,Valid,Normal,Normal
Tamil Nadu,Madurai,Chokkikulam(Uzhavar Sandhai ),Snakeguard,Snakeguard,Local,2026-09-20 00:00:00,3600,4000,3800,400,11.11%,Valid,Normal,Normal
Tamil Nadu,Madurai,Chokkikulam(Uzhavar Sandhai ),Knool Khol,Knool Khol,Local,2026-09-20 00:00:00,4500,4800,4650,300,6.67%,Valid,Normal,Normal
Tamil Nadu,Madurai,Chokkikulam(Uzhavar Sandhai ),Amla(Nelli Kai),Amla,Local,2026-09-20 00:00:00,8000,9000,8500,1000,12.50%,Valid,Normal,Normal
Tamil Nadu,Madurai,Chokkikulam(Uzhavar Sandhai ),Mint(Pudina),Mint(Pudina),Local,2026-09-20 00:00:00,5500,6000,5750,500,9.09%,Valid,Normal,Normal
Uttar Pradesh,Ghaziabad,Noida APMC,Green Chilli,Other,FAQ,2026-09-20 00:00:00,4000,4000,4000,0,0.00%,Valid,Normal,Normal
Uttar Pradesh,Ambedkarnagar,Akbarpur APMC,Wood,Eucalyptus,FAQ,2026-09-20 00:00:00,10,10,10,0,0.00%,Valid,Review,Normal
Uttar Pradesh,Ambedkarnagar,Akbarpur APMC,Paddy(Common),Common,FAQ,2026-09-20 00:00:00,2200,2200,2200,0,0.00%,Valid,Normal,Normal
Andhra Pradesh,Prakasam,Addanki APMC,Bengal Gram(Gram)(Whole),Gulabi,Local,2026-09-20 00:00:00,6000,6100,6050,100,1.67%,Valid,Normal,Normal
Andhra Pradesh,Prakasam,Addanki APMC,Maize,Local,FAQ,2026-09-20 00:00:00,2400,2420,2410,20,0.83%,Valid,Normal,Normal
Uttar Pradesh,Kanpur,Kanpur(Grain) APMC,Onion,Other,FAQ,2026-09-20 00:00:00,3500,3500,3500,0,0.00%,Valid,Normal,Normal
Uttarakhand,Haridwar,Roorkee APMC,Apple,Other,Medium,2026-09-20 00:00:00,6000,8000,7000,2000,33.33%,Valid,Normal,Normal
Uttarakhand,Haridwar,Roorkee APMC,Potato,Other,Medium,2026-09-20 00:00:00,800,1200,1000,400,50.00%,Valid,Normal,Normal
Maharashtra,Pune,Pune(Moshi),Pineapple,Other,Local,2026-09-20 00:00:00,5000,5000,5000,0,0.00%,Valid,Normal,Normal
Maharashtra,Pune,Pune(Moshi),Pomegranate,Other,Local,2026-09-20 00:00:00,7000,10000,8500,3000,42.86%,Valid,Normal,Normal
Maharashtra,Pune,Pune(Moshi),Lime,Other,Local,2026-09-20 00:00:00,18000,20000,19000,2000,11.11%,Valid,Normal,Normal
Maharashtra,Pune,Pune(Moshi),Apple,Other,Local,2026-09-20 00:00:00,15000,15000,15000,0,0.00%,Valid,Normal,Normal
Maharashtra,Pune,Pune(Moshi),Orange,Other,Local,2026-09-20 00:00:00,7000,7000,7000,0,0.00%,Valid,Normal,Normal
Maharashtra,Pune,Pune(Moshi),Guar,Other,Local,2026-09-20 00:00:00,3000,5000,4000,2000,66.67%,Valid,Normal,Normal
Maharashtra,Pune,Pune(Moshi),Beans,Other,Local,2026-09-20 00:00:00,3000,4000,3500,1000,33.33%,Valid,Normal,Normal
Maharashtra,Pune,Pune(Moshi),Ridgeguard(Tori),Other,Local,2026-09-20 00:00:00,2000,4000,3000,2000,100.00%,Valid,Normal,Normal
Maharashtra,Pune,Pune(Moshi),Peas Wet,Other,Local,2026-09-20 00:00:00,5000,7000,6000,2000,40.00%,Valid,Normal,Normal
Tamil Nadu,Erode,Thalavadi(Uzhavar Sandhai ),Coriander(Leaves),I Sort,Local,2026-09-20 00:00:00,4000,4400,4200,400,10.00%,Valid,Normal,Normal
Tamil Nadu,Erode,Thalavadi(Uzhavar Sandhai ),Ginger(Green),Green Ginger,Local,2026-09-20 00:00:00,13000,14000,13500,1000,7.69%,Valid,Normal,Normal
Tamil Nadu,Erode,Thalavadi(Uzhavar Sandhai ),Snakeguard,Snakeguard,Local,2026-09-20 00:00:00,2000,2600,2300,600,30.00%,Valid,Normal,Normal
Tamil Nadu,Erode,Thalavadi(Uzhavar Sandhai ),Ridgeguard(Tori),Ridgeguard(Tori),Local,2026-09-20 00:00:00,3000,3600,3300,600,20.00%,Valid,Normal,Normal
Tamil Nadu,Erode,Thalavadi(Uzhavar Sandhai ),Chow Chow,Chow Chow,Local,2026-09-20 00:00:00,2400,3000,2700,600,25.00%,Valid,Normal,Normal
Tamil Nadu,Cuddalore,Viruthachalam(Uzhavar Sandhai ),Potato,Red Nanital,Local,2026-09-20 00:00:00,4000,4000,4000,0,0.00%,Valid,Normal,Normal
Tamil Nadu,Cuddalore,Viruthachalam(Uzhavar Sandhai ),Coriander(Leaves),I Sort,Local,2026-09-20 00:00:00,5000,5000,5000,0,0.00%,Valid,Normal,Normal
Tamil Nadu,Cuddalore,Viruthachalam(Uzhavar Sandhai ),Pumpkin,Pumpkin,Local,2026-09-20 00:00:00,2000,2000,2000,0,0.00%,Valid,Normal,Normal
Tamil Nadu,Cuddalore,Viruthachalam(Uzhavar Sandhai ),Green Chilli,Green Chilly,Local,2026-09-20 00:00:00,5000,5000,5000,0,0.00%,Valid,Normal,Normal
Tamil Nadu,Cuddalore,Viruthachalam(Uzhavar Sandhai ),Ginger(Green),Green Ginger,Local,2026-09-20 00:00:00,7000,18000,12500,11000,157.14%,Valid,Normal,Normal
Tamil Nadu,Cuddalore,Viruthachalam(Uzhavar Sandhai ),Coconut,Coconut,Local,2026-09-20 00:00:00,6000,6000,6000,0,0.00%,Valid,Normal,Normal
Tamil Nadu,Cuddalore,Viruthachalam(Uzhavar Sandhai ),Ridgeguard(Tori),Ridgeguard(Tori),Local,2026-09-20 00:00:00,5000,5000,5000,0,0.00%,Valid,Normal,Normal
Tamil Nadu,Cuddalore,Viruthachalam(Uzhavar Sandhai ),Green Avare(W),Green Avare (W),Local,2026-09-20 00:00:00,7000,14000,10500,7000,100.00%,Valid,Normal,Normal
Tamil Nadu,Krishnagiri,Krishnagiri(Uzhavar Sandhai ),Garlic,Garlic,Local,2026-09-20 00:00:00,20000,24000,22000,4000,20.00%,Valid,Normal,Normal
Tamil Nadu,Krishnagiri,Krishnagiri(Uzhavar Sandhai ),Coconut,Coconut,Local,2026-09-20 00:00:00,5000,5500,5250,500,10.00%,Valid,Normal,Normal
Tamil Nadu,Krishnagiri,Krishnagiri(Uzhavar Sandhai ),Sweet Potato,Hosur Red,Local,2026-09-20 00:00:00,2400,2800,2600,400,16.67%,Valid,Normal,Normal
Tamil Nadu,Krishnagiri,Krishnagiri(Uzhavar Sandhai ),Cabbage,Cabbage,Local,2026-09-20 00:00:00,2500,3000,2750,500,20.00%,Valid,Normal,Normal
Tamil Nadu,Krishnagiri,Krishnagiri(Uzhavar Sandhai ),Ridgeguard(Tori),Ridgeguard(Tori),Local,2026-09-20 00:00:00,2600,3000,2800,400,15.38%,Valid,Normal,Normal
Tamil Nadu,Nagapattinam,Nagapattinam(Uzhavar Sandhai ),Groundnut,Big (With Shell),Local,2026-09-20 00:00:00,5000,6000,5500,1000,20.00%,Valid,Normal,Normal
Tamil Nadu,Nagapattinam,Nagapattinam(Uzhavar Sandhai ),Potato,Red Nanital,Local,2026-09-20 00:00:00,4300,4300,4300,0,0.00%,Valid,Normal,Normal
Tamil Nadu,Nagapattinam,Nagapattinam(Uzhavar Sandhai ),Ashgourd,Gouard,Local,2026-09-20 00:00:00,2800,2800,2800,0,0.00%,Valid,Normal,Normal
Tamil Nadu,Nagapattinam,Nagapattinam(Uzhavar Sandhai ),Bhindi(Ladies Finger),Bhindi,Local,2026-09-20 00:00:00,5600,5600,5600,0,0.00%,Valid,Normal,Normal
Tamil Nadu,Nagapattinam,Nagapattinam(Uzhavar Sandhai ),Amaranthus,Amaranthus,Local,2026-09-20 00:00:00,2200,2500,2350,300,13.64%,Valid,Normal,Normal
Tamil Nadu,Nagapattinam,Nagapattinam(Uzhavar Sandhai ),Banana - Green,Banana - Green,Local,2026-09-20 00:00:00,2800,3300,3050,500,17.86%,Valid,Normal,Normal
Tamil Nadu,Nagapattinam,Nagapattinam(Uzhavar Sandhai ),Cabbage,Cabbage,Local,2026-09-20 00:00:00,3500,4000,3750,500,14.29%,Valid,Normal,Normal
Tamil Nadu,Nagapattinam,Nagapattinam(Uzhavar Sandhai ),Cucumbar(Kheera),Cucumbar,Local,2026-09-20 00:00:00,6700,6700,6700,0,0.00%,Valid,Normal,Normal
Tamil Nadu,Nagapattinam,Nagapattinam(Uzhavar Sandhai ),Drumstick,Drumstick,Local,2026-09-20 00:00:00,3900,3900,3900,0,0.00%,Valid,Normal,Normal
Tamil Nadu,Nagapattinam,Nagapattinam(Uzhavar Sandhai ),Lime,Lime,Local,2026-09-20 00:00:00,3200,3200,3200,0,0.00%,Valid,Normal,Normal
Tamil Nadu,Nagapattinam,Nagapattinam(Uzhavar Sandhai ),Tamarind Fruit,Tamarind Fruit,Local,2026-09-20 00:00:00,14600,16000,15300,1400,9.59%,Valid,Normal,Normal
Tamil Nadu,Pudukkottai,Pudukottai(Uzhavar Sandhai ),Groundnut,Big (With Shell),Local,2026-09-20 00:00:00,5000,6000,5500,1000,20.00%,Valid,Normal,Normal
Tamil Nadu,Pudukkottai,Pudukottai(Uzhavar Sandhai ),Potato,Other,Local,2026-09-20 00:00:00,5000,6000,5500,1000,20.00%,Valid,Normal,Normal
Tamil Nadu,Pudukkottai,Pudukottai(Uzhavar Sandhai ),Papaya,Papaya,Local,2026-09-20 00:00:00,4000,5000,4500,1000,25.00%,Valid,Normal,Normal
Tamil Nadu,Pudukkottai,Pudukottai(Uzhavar Sandhai ),Mousambi(Sweet Lime),Mousambi,Local,2026-09-20 00:00:00,6000,7000,6500,1000,16.67%,Valid,Normal,Normal
Tamil Nadu,Pudukkottai,Pudukottai(Uzhavar Sandhai ),Ashgourd,Gouard,Local,2026-09-20 00:00:00,1000,1500,1250,500,50.00%,Valid,Normal,Normal
Tamil Nadu,Pudukkottai,Pudukottai(Uzhavar Sandhai ),Amaranthus,Amaranthus,Local,2026-09-20 00:00:00,1500,2000,1750,500,33.33%,Valid,Normal,Normal
Tamil Nadu,Pudukkottai,Pudukottai(Uzhavar Sandhai ),Banana - Green,Banana - Green,Local,2026-09-20 00:00:00,2500,3000,2750,500,20.00%,Valid,Normal,Normal
Tamil Nadu,Pudukkottai,Pudukottai(Uzhavar Sandhai ),Beans,Beans (Whole),Local,2026-09-20 00:00:00,7000,8000,7500,1000,14.29%,Valid,Normal,Normal
Tamil Nadu,Pudukkottai,Pudukottai(Uzhavar Sandhai ),Snakeguard,Snakeguard,Local,2026-09-20 00:00:00,3000,4000,3500,1000,33.33%,Valid,Normal,Normal
Tamil Nadu,Pudukkottai,Pudukottai(Uzhavar Sandhai ),Beetroot,Beetroot,Local,2026-09-20 00:00:00,5000,5500,5250,500,10.00%,Valid,Normal,Normal
Tamil Nadu,Pudukkottai,Pudukottai(Uzhavar Sandhai ),Capsicum,Capsicum,Local,2026-09-20 00:00:00,5000,6000,5500,1000,20.00%,Valid,Normal,Normal
Tamil Nadu,Pudukkottai,Pudukottai(Uzhavar Sandhai ),Pomegranate,Pomogranate,Local,2026-09-20 00:00:00,17000,18000,17500,1000,5.88%,Valid,Normal,Normal
Tamil Nadu,Pudukkottai,Pudukottai(Uzhavar Sandhai ),Tender Coconut,Tender Coconut,Local,2026-09-20 00:00:00,5000,6000,5500,1000,20.00%,Valid,Normal,Normal
Tamil Nadu,Pudukkottai,Pudukottai(Uzhavar Sandhai ),Yam(Ratalu),Yam (Ratalu),Local,2026-09-20 00:00:00,7000,8000,7500,1000,14.29%,Valid,Normal,Normal
Tamil Nadu,Pudukkottai,Pudukottai(Uzhavar Sandhai ),Mint(Pudina),Mint(Pudina),Local,2026-09-20 00:00:00,4000,5000,4500,1000,25.00%,Valid,Normal,Normal
Tamil Nadu,The Nilgiris,Udhagamandalam(Uzhavar Sandhai ),Apple,American,Local,2026-09-20 00:00:00,19000,20000,19500,1000,5.26%,Valid,Normal,Normal
Tamil Nadu,The Nilgiris,Udhagamandalam(Uzhavar Sandhai ),Orange,Darjeeling,Local,2026-09-20 00:00:00,10000,11000,10500,1000,10.00%,Valid,Normal,Normal
Tamil Nadu,The Nilgiris,Udhagamandalam(Uzhavar Sandhai ),Potato,Red Nanital,Local,2026-09-20 00:00:00,5000,5200,5100,200,4.00%,Valid,Normal,Normal
Tamil Nadu,The Nilgiris,Udhagamandalam(Uzhavar Sandhai ),Mousambi(Sweet Lime),Mousambi,Local,2026-09-20 00:00:00,7000,8000,7500,1000,14.29%,Valid,Normal,Normal
Tamil Nadu,The Nilgiris,Udhagamandalam(Uzhavar Sandhai ),Bitter gourd,Bitter Gourd,Local,2026-09-20 00:00:00,4500,5000,4750,500,11.11%,Valid,Normal,Normal
Tamil Nadu,The Nilgiris,Udhagamandalam(Uzhavar Sandhai ),Bottle gourd,Bottle Gourd,Local,2026-09-20 00:00:00,2500,3000,2750,500,20.00%,Valid,Normal,Normal
Tamil Nadu,The Nilgiris,Udhagamandalam(Uzhavar Sandhai ),Cowpea(Veg),Cowpea (Veg),Local,2026-09-20 00:00:00,3500,4000,3750,500,14.29%,Valid,Normal,Normal
Tamil Nadu,The Nilgiris,Udhagamandalam(Uzhavar Sandhai ),Beans,Beans (Whole),Local,2026-09-20 00:00:00,7000,8000,7500,1000,14.29%,Valid,Normal,Normal
Tamil Nadu,The Nilgiris,Udhagamandalam(Uzhavar Sandhai ),Beetroot,Beetroot,Local,2026-09-20 00:00:00,4000,4500,4250,500,12.50%,Valid,Normal,Normal
Tamil Nadu,The Nilgiris,Udhagamandalam(Uzhavar Sandhai ),Cucumbar(Kheera),Cucumbar,Local,2026-09-20 00:00:00,3500,4000,3750,500,14.29%,Valid,Normal,Normal
Tamil Nadu,The Nilgiris,Udhagamandalam(Uzhavar Sandhai ),Raddish,Raddish,Local,2026-09-20 00:00:00,2500,3000,2750,500,20.00%,Valid,Normal,Normal
Tamil Nadu,The Nilgiris,Udhagamandalam(Uzhavar Sandhai ),Green Avare(W),Green Avare (W),Local,2026-09-20 00:00:00,6000,6500,6250,500,8.33%,Valid,Normal,Normal
Tamil Nadu,The Nilgiris,Udhagamandalam(Uzhavar Sandhai ),Lime,Lime,Local,2026-09-20 00:00:00,11000,12000,11500,1000,9.09%,Valid,Normal,Normal
Tamil Nadu,The Nilgiris,Udhagamandalam(Uzhavar Sandhai ),Guava,Guava Allahabad,Local,2026-09-20 00:00:00,7000,8000,7500,1000,14.29%,Valid,Normal,Normal
Tamil Nadu,The Nilgiris,Udhagamandalam(Uzhavar Sandhai ),Lemon,Lemon,Local,2026-09-20 00:00:00,27000,29000,28000,2000,7.41%,Valid,Normal,Normal
Tamil Nadu,The Nilgiris,Udhagamandalam(Uzhavar Sandhai ),Amla(Nelli Kai),Amla,Local,2026-09-20 00:00:00,9000,10000,9500,1000,11.11%,Valid,Normal,Normal
Tamil Nadu,Theni,Bodinayakanur(Uzhavar Sandhai ),Onion,Bellary,Local,2026-09-20 00:00:00,6500,6500,6500,0,0.00%,Valid,Normal,Normal
Tamil Nadu,Theni,Bodinayakanur(Uzhavar Sandhai ),Coriander(Leaves),I Sort,Local,2026-09-20 00:00:00,3000,3000,3000,0,0.00%,Valid,Normal,Normal
Tamil Nadu,Theni,Bodinayakanur(Uzhavar Sandhai ),Bottle gourd,Bottle Gourd,Local,2026-09-20 00:00:00,1500,1500,1500,0,0.00%,Valid,Normal,Normal
Tamil Nadu,Theni,Bodinayakanur(Uzhavar Sandhai ),Amaranthus,Amaranthus,Local,2026-09-20 00:00:00,2500,2500,2500,0,0.00%,Valid,Normal,Normal
Tamil Nadu,Theni,Bodinayakanur(Uzhavar Sandhai ),Chow Chow,Chow Chow,Local,2026-09-20 00:00:00,3000,3000,3000,0,0.00%,Valid,Normal,Normal
Tamil Nadu,Theni,Bodinayakanur(Uzhavar Sandhai ),Knool Khol,Knool Khol,Local,2026-09-20 00:00:00,3600,3600,3600,0,0.00%,Valid,Normal,Normal
Tamil Nadu,Theni,Bodinayakanur(Uzhavar Sandhai ),Onion Green,Onion Green,Local,2026-09-20 00:00:00,8000,8000,8000,0,0.00%,Valid,Normal,Normal
Bihar,Sheikhpura,Barbigha APMC,Bitter gourd,Bitter Gourd,FAQ,2026-09-20 00:00:00,3802,3930,3860,128,3.37%,Valid,Normal,Normal
Tamil Nadu,Villupuram,Gingee(Uzhavar Sandhai ),Groundnut,Big (With Shell),Local,2026-09-20 00:00:00,7000,7000,7000,0,0.00%,Valid,Normal,Normal
Tamil Nadu,Villupuram,Gingee(Uzhavar Sandhai ),Banana,Karpura,Local,2026-09-20 00:00:00,5000,6000,5500,1000,20.00%,Valid,Normal,Normal
Tamil Nadu,Villupuram,Gingee(Uzhavar Sandhai ),Tomato,Deshi,Local,2026-09-20 00:00:00,2500,2500,2500,0,0.00%,Valid,Normal,Normal
Tamil Nadu,Villupuram,Gingee(Uzhavar Sandhai ),Ashgourd,Gouard,Local,2026-09-20 00:00:00,2000,2000,2000,0,0.00%,Valid,Normal,Normal
Tamil Nadu,Villupuram,Gingee(Uzhavar Sandhai ),Ridgeguard(Tori),Ridgeguard(Tori),Local,2026-09-20 00:00:00,4000,4000,4000,0,0.00%,Valid,Normal,Normal
Tamil Nadu,Villupuram,Gingee(Uzhavar Sandhai ),Thondekai,Thondekai,Local,2026-09-20 00:00:00,3500,3500,3500,0,0.00%,Valid,Normal,Normal
Tamil Nadu,Villupuram,Gingee(Uzhavar Sandhai ),Green Avare(W),Green Avare (W),Local,2026-09-20 00:00:00,7000,7000,7000,0,0.00%,Valid,Normal,Normal
Tamil Nadu,Villupuram,Gingee(Uzhavar Sandhai ),Lemon,Lemon,Local,2026-09-20 00:00:00,15000,15000,15000,0,0.00%,Valid,Normal,Normal
Uttar Pradesh,Bareilly,Bareilly APMC,Tomato,Other,FAQ,2026-09-20 00:00:00,1700,1700,1700,0,0.00%,Valid,Normal,Normal
Uttar Pradesh,Barabanki,Barabanki APMC,Wheat,Dara,FAQ,2026-09-20 00:00:00,2500,2500,2500,0,0.00%,Valid,Normal,Normal
Tamil Nadu,Thiruvarur,Valangaiman APMC,Bitter gourd,Bitter Gourd,Local,2026-09-20 00:00:00,6000,6000,6000,0,0.00%,Valid,Normal,Normal
Tamil Nadu,Thiruvarur,Valangaiman APMC,Bhindi(Ladies Finger),Bhindi,Local,2026-09-20 00:00:00,4000,4000,4000,0,0.00%,Valid,Normal,Normal
Tamil Nadu,Thiruvarur,Valangaiman APMC,Coconut,Coconut,Local,2026-09-20 00:00:00,5000,5000,5000,0,0.00%,Valid,Normal,Normal
Tamil Nadu,Thiruvarur,Valangaiman APMC,Onion Green,Onion Green,Local,2026-09-20 00:00:00,9000,9000,9000,0,0.00%,Valid,Normal,Normal
Tamil Nadu,Virudhunagar,Kariyapatti(Uzhavar Sandhai ),Soyabean,Local,Local,2026-09-20 00:00:00,9000,10000,9500,1000,11.11%,Valid,Normal,Normal
Tamil Nadu,Virudhunagar,Kariyapatti(Uzhavar Sandhai ),Cauliflower,Ranchi,Local,2026-09-20 00:00:00,3500,4000,3750,500,14.29%,Valid,Normal,Normal
Tamil Nadu,Virudhunagar,Kariyapatti(Uzhavar Sandhai ),Green Chilli,Green Chilly,Local,2026-09-20 00:00:00,5500,6000,5750,500,9.09%,Valid,Normal,Normal
Tamil Nadu,Virudhunagar,Kariyapatti(Uzhavar Sandhai ),Carrot,Pusakesar,Local,2026-09-20 00:00:00,5500,6000,5750,500,9.09%,Valid,Normal,Normal
Tamil Nadu,Virudhunagar,Kariyapatti(Uzhavar Sandhai ),Chow Chow,Chow Chow,Local,2026-09-20 00:00:00,3000,3500,3250,500,16.67%,Valid,Normal,Normal
Uttar Pradesh,Bulandshahar,Buland Shahr APMC,Potato,Other,FAQ,2026-09-20 00:00:00,800,800,800,0,0.00%,Valid,Normal,Normal
Uttar Pradesh,Bulandshahar,Buland Shahr APMC,Paddy(Common),Basmati,FAQ,2026-09-20 00:00:00,3501,3601,3533.51,100,2.86%,Valid,Normal,Normal
Tamil Nadu,Vellore,Katpadi (Uzhavar Sandhai ),Brinjal,Round,Local,2026-09-20 00:00:00,5000,6000,5500,1000,20.00%,Valid,Normal,Normal
Tamil Nadu,Vellore,Katpadi (Uzhavar Sandhai ),Groundnut,Big (With Shell),Local,2026-09-20 00:00:00,7000,7000,7000,0,0.00%,Valid,Normal,Normal
Tamil Nadu,Vellore,Katpadi (Uzhavar Sandhai ),Banana,Besrai,Local,2026-09-20 00:00:00,5000,6000,5500,1000,20.00%,Valid,Normal,Normal
Tamil Nadu,Vellore,Katpadi (Uzhavar Sandhai ),Coriander(Leaves),I Sort,Local,2026-09-20 00:00:00,4000,4000,4000,0,0.00%,Valid,Normal,Normal
Tamil Nadu,Vellore,Katpadi (Uzhavar Sandhai ),Bottle gourd,Bottle Gourd,Local,2026-09-20 00:00:00,2000,2500,2250,500,25.00%,Valid,Normal,Normal
Tamil Nadu,Vellore,Katpadi (Uzhavar Sandhai ),Pumpkin,Pumpkin,Local,2026-09-20 00:00:00,2500,2500,2500,0,0.00%,Valid,Normal,Normal
Tamil Nadu,Vellore,Katpadi (Uzhavar Sandhai ),Bhindi(Ladies Finger),Bhindi,Local,2026-09-20 00:00:00,4000,4000,4000,0,0.00%,Valid,Normal,Normal
Tamil Nadu,Vellore,Katpadi (Uzhavar Sandhai ),Beetroot,Beetroot,Local,2026-09-20 00:00:00,4500,4500,4500,0,0.00%,Valid,Normal,Normal
Tamil Nadu,Vellore,Katpadi (Uzhavar Sandhai ),Cucumbar(Kheera),Cucumbar,Local,2026-09-20 00:00:00,3500,4000,3750,500,14.29%,Valid,Normal,Normal
Tamil Nadu,Vellore,Katpadi (Uzhavar Sandhai ),Capsicum,Capsicum,Local,2026-09-20 00:00:00,4500,4500,4500,0,0.00%,Valid,Normal,Normal
Tamil Nadu,Vellore,Katpadi (Uzhavar Sandhai ),Indian Beans(Seam),Indian Beans (Seam),Local,2026-09-20 00:00:00,6000,6000,6000,0,0.00%,Valid,Normal,Normal
Tamil Nadu,Vellore,Katpadi (Uzhavar Sandhai ),Onion Green,Onion Green,Local,2026-09-20 00:00:00,9000,10000,9500,1000,11.11%,Valid,Normal,Normal
Tamil Nadu,Vellore,Katpadi (Uzhavar Sandhai ),Rose(Local),Rose (Local),Local,2026-09-20 00:00:00,12000,12000,12000,0,0.00%,Valid,Normal,Normal
Tamil Nadu,Madurai,Thirumangalam(Uzhavar Sandhai ),Bottle gourd,Bottle Gourd,Local,2026-09-20 00:00:00,1500,2000,1750,500,33.33%,Valid,Normal,Normal
Tamil Nadu,Madurai,Thirumangalam(Uzhavar Sandhai ),Bhindi(Ladies Finger),Bhindi,Local,2026-09-20 00:00:00,3000,3200,3100,200,6.67%,Valid,Normal,Normal
Tamil Nadu,Madurai,Thirumangalam(Uzhavar Sandhai ),Amaranthus,Amaranthus,Local,2026-09-20 00:00:00,3000,3600,3300,600,20.00%,Valid,Normal,Normal
Tamil Nadu,Madurai,Thirumangalam(Uzhavar Sandhai ),Green Avare(W),Green Avare (W),Local,2026-09-20 00:00:00,10000,11000,10500,1000,10.00%,Valid,Normal,Normal
Tamil Nadu,Madurai,Thirumangalam(Uzhavar Sandhai ),Elephant Yam(Suran)/Amorphophallus,Elephant Yam (Suran),Local,2026-09-20 00:00:00,4000,4500,4250,500,12.50%,Valid,Normal,Normal
Tamil Nadu,Madurai,Thirumangalam(Uzhavar Sandhai ),Lemon,Lemon,Local,2026-09-20 00:00:00,26000,28000,27000,2000,7.69%,Valid,Normal,Normal
Keralam,Pathanamthitta,Enadimangalam VFPCK Market,Banana,Nendra Bale,Grade A,2026-09-20 00:00:00,6000,6800,6500,800,13.33%,Valid,Normal,Normal
Tamil Nadu,Madurai,Melur(Uzhavar Sandhai ),Onion,Bellary,Local,2026-09-20 00:00:00,6500,7000,6750,500,7.69%,Valid,Normal,Normal
Tamil Nadu,Madurai,Melur(Uzhavar Sandhai ),Coriander(Leaves),I Sort,Local,2026-09-20 00:00:00,4500,4800,4650,300,6.67%,Valid,Normal,Normal
Tamil Nadu,Madurai,Melur(Uzhavar Sandhai ),Bhindi(Ladies Finger),Bhindi,Local,2026-09-20 00:00:00,2800,3200,3000,400,14.29%,Valid,Normal,Normal
Tamil Nadu,Madurai,Melur(Uzhavar Sandhai ),Amaranthus,Amaranthus,Local,2026-09-20 00:00:00,3000,3600,3300,600,20.00%,Valid,Normal,Normal
Tamil Nadu,Madurai,Melur(Uzhavar Sandhai ),Banana - Green,Banana - Green,Local,2026-09-20 00:00:00,1800,2200,2000,400,22.22%,Valid,Normal,Normal
Tamil Nadu,Madurai,Melur(Uzhavar Sandhai ),Green Avare(W),Green Avare (W),Local,2026-09-20 00:00:00,10000,11000,10500,1000,10.00%,Valid,Normal,Normal
Tamil Nadu,Madurai,Melur(Uzhavar Sandhai ),Mango(Raw-Ripe),Mango - Raw-Ripe,Local,2026-09-20 00:00:00,12000,13000,12500,1000,8.33%,Valid,Normal,Normal
Tamil Nadu,Madurai,Melur(Uzhavar Sandhai ),Guava,Guava Allahabad,Local,2026-09-20 00:00:00,6000,7000,6500,1000,16.67%,Valid,Normal,Normal
Tamil Nadu,Madurai,Melur(Uzhavar Sandhai ),Lemon,Lemon,Local,2026-09-20 00:00:00,26000,28000,27000,2000,7.69%,Valid,Normal,Normal
Tamil Nadu,Karur,Gandhigramam(Uzhavar Sandhai),Onion,Bellary,Local,2026-09-20 00:00:00,6000,6500,6250,500,8.33%,Valid,Normal,Normal
Tamil Nadu,Karur,Gandhigramam(Uzhavar Sandhai),Potato,Other,Local,2026-09-20 00:00:00,4000,6000,5000,2000,50.00%,Valid,Normal,Normal
Tamil Nadu,Karur,Gandhigramam(Uzhavar Sandhai),Coriander(Leaves),I Sort,Local,2026-09-20 00:00:00,5500,6000,5750,500,9.09%,Valid,Normal,Normal
Tamil Nadu,Karur,Gandhigramam(Uzhavar Sandhai),Papaya,Papaya,Local,2026-09-20 00:00:00,4500,5000,4750,500,11.11%,Valid,Normal,Normal
Tamil Nadu,Karur,Gandhigramam(Uzhavar Sandhai),Bitter gourd,Other,Local,2026-09-20 00:00:00,5000,5500,5250,500,10.00%,Valid,Normal,Normal
Tamil Nadu,Karur,Gandhigramam(Uzhavar Sandhai),Bottle gourd,Bottle Gourd,Local,2026-09-20 00:00:00,2000,2500,2250,500,25.00%,Valid,Normal,Normal
Tamil Nadu,Karur,Gandhigramam(Uzhavar Sandhai),Amaranthus,Amaranthus,Local,2026-09-20 00:00:00,2000,2500,2250,500,25.00%,Valid,Normal,Normal
Tamil Nadu,Karur,Gandhigramam(Uzhavar Sandhai),Green Chilli,Green Chilly,Local,2026-09-20 00:00:00,5500,6000,5750,500,9.09%,Valid,Normal,Normal
Tamil Nadu,Karur,Gandhigramam(Uzhavar Sandhai),Cabbage,Cabbage,Local,2026-09-20 00:00:00,3500,4000,3750,500,14.29%,Valid,Normal,Normal
Tamil Nadu,Karur,Gandhigramam(Uzhavar Sandhai),Beetroot,Beetroot,Local,2026-09-20 00:00:00,6500,7000,6750,500,7.69%,Valid,Normal,Normal
Tamil Nadu,Karur,Gandhigramam(Uzhavar Sandhai),Green Avare(W),Other,Local,2026-09-20 00:00:00,8000,10000,9000,2000,25.00%,Valid,Normal,Normal
Tamil Nadu,Karur,Gandhigramam(Uzhavar Sandhai),Chow Chow,Chow Chow,Local,2026-09-20 00:00:00,3500,4000,3750,500,14.29%,Valid,Normal,Normal
Tamil Nadu,Karur,Gandhigramam(Uzhavar Sandhai),Mint(Pudina),Mint(Pudina),Local,2026-09-20 00:00:00,5500,6000,5750,500,9.09%,Valid,Normal,Normal
Karnataka,Bengaluru South,Ramanagara APMC,Bottle gourd,Bottle Gourd,Local,2026-09-20 00:00:00,1500,2000,1800,500,33.33%,Valid,Normal,Normal
Karnataka,Bengaluru South,Ramanagara APMC,Chilly Capsicum,Chilly Capsicum,Local,2026-09-20 00:00:00,3000,4800,4000,1800,60.00%,Valid,Normal,Normal
Karnataka,Bengaluru South,Ramanagara APMC,Snakeguard,Snakeguard,Local,2026-09-20 00:00:00,1600,2300,2000,700,43.75%,Valid,Normal,Normal
Karnataka,Bengaluru South,Ramanagara APMC,Beetroot,Beetroot,Local,2026-09-20 00:00:00,3000,3600,3200,600,20.00%,Valid,Normal,Normal
Karnataka,Bengaluru South,Ramanagara APMC,Raddish,Raddish,Local,2026-09-20 00:00:00,1600,2800,2000,1200,75.00%,Valid,Normal,Normal
Karnataka,Bengaluru South,Ramanagara APMC,Drumstick,Drumstick,Local,2026-09-20 00:00:00,4000,6000,5000,2000,50.00%,Valid,Normal,Normal
Tamil Nadu,Salem,Vazhapadi(Uzhavar Sandhai),Banana,Red Banana,Local,2026-09-20 00:00:00,8000,8000,8000,0,0.00%,Valid,Normal,Normal
Tamil Nadu,Pudukkottai,Aranthangi(Uzhavar Sandhai ),Banana,Poovan,Local,2026-09-20 00:00:00,4500,5000,4750,500,11.11%,Valid,Normal,Normal
Tamil Nadu,Pudukkottai,Aranthangi(Uzhavar Sandhai ),Onion,Bellary,Local,2026-09-20 00:00:00,6000,7000,6500,1000,16.67%,Valid,Normal,Normal
Tamil Nadu,Pudukkottai,Aranthangi(Uzhavar Sandhai ),Papaya,Papaya,Local,2026-09-20 00:00:00,3500,4000,3750,500,14.29%,Valid,Normal,Normal
Tamil Nadu,Nagapattinam,Vedaranyam(Uzhavar Sandhai),Pumpkin,Pumpkin,Local,2026-09-20 00:00:00,2200,2400,2300,200,9.09%,Valid,Normal,Normal
Tamil Nadu,Nagapattinam,Vedaranyam(Uzhavar Sandhai),Bhindi(Ladies Finger),Bhindi,Local,2026-09-20 00:00:00,4200,4500,4350,300,7.14%,Valid,Normal,Normal
Tamil Nadu,Nagapattinam,Vedaranyam(Uzhavar Sandhai),Coconut,Coconut,Local,2026-09-20 00:00:00,4800,5000,4900,200,4.17%,Valid,Normal,Normal
Tamil Nadu,Nagapattinam,Vedaranyam(Uzhavar Sandhai),Beetroot,Beetroot,Local,2026-09-20 00:00:00,3800,4000,3900,200,5.26%,Valid,Normal,Normal
Tamil Nadu,Nagapattinam,Vedaranyam(Uzhavar Sandhai),Raddish,Raddish,Local,2026-09-20 00:00:00,2800,3000,2900,200,7.14%,Valid,Normal,Normal
Tamil Nadu,Nagapattinam,Vedaranyam(Uzhavar Sandhai),Drumstick,Drumstick,Local,2026-09-20 00:00:00,3200,3500,3350,300,9.38%,Valid,Normal,Normal
Tamil Nadu,Nagapattinam,Vedaranyam(Uzhavar Sandhai),Mango(Raw-Ripe),Mango - Raw-Ripe,Local,2026-09-20 00:00:00,3800,4000,3900,200,5.26%,Valid,Normal,Normal
Tamil Nadu,Nagapattinam,Vedaranyam(Uzhavar Sandhai),Yam(Ratalu),Yam (Ratalu),Local,2026-09-20 00:00:00,6200,6500,6350,300,4.84%,Valid,Normal,Normal
Tamil Nadu,Vellore,Perampet(Uzhavar Sandhai),Groundnut,Big (With Shell),Local,2026-09-20 00:00:00,7000,7600,7300,600,8.57%,Valid,Normal,Normal
Tamil Nadu,Vellore,Perampet(Uzhavar Sandhai),Pumpkin,Pumpkin,Local,2026-09-20 00:00:00,2400,2400,2400,0,0.00%,Valid,Normal,Normal
Tamil Nadu,Vellore,Perampet(Uzhavar Sandhai),Beetroot,Beetroot,Local,2026-09-20 00:00:00,4500,5000,4750,500,11.11%,Valid,Normal,Normal
Tamil Nadu,Vellore,Perampet(Uzhavar Sandhai),Cucumbar(Kheera),Cucumbar,Local,2026-09-20 00:00:00,3500,4000,3750,500,14.29%,Valid,Normal,Normal
Tamil Nadu,Vellore,Perampet(Uzhavar Sandhai),Ridgeguard(Tori),Ridgeguard(Tori),Local,2026-09-20 00:00:00,3000,3600,3300,600,20.00%,Valid,Normal,Normal
Tamil Nadu,Vellore,Perampet(Uzhavar Sandhai),Elephant Yam(Suran)/Amorphophallus,Elephant Yam (Suran),Local,2026-09-20 00:00:00,4000,4600,4300,600,15.00%,Valid,Normal,Normal
Tamil Nadu,Vellore,Perampet(Uzhavar Sandhai),Indian Beans(Seam),Indian Beans (Seam),Local,2026-09-20 00:00:00,5000,5600,5300,600,12.00%,Valid,Normal,Normal
Tamil Nadu,Vellore,Perampet(Uzhavar Sandhai),Colacasia,Colacasia,Local,2026-09-20 00:00:00,5000,5600,5300,600,12.00%,Valid,Normal,Normal
Tamil Nadu,Vellore,Perampet(Uzhavar Sandhai),Mint(Pudina),Mint(Pudina),Local,2026-09-20 00:00:00,4000,4000,4000,0,0.00%,Valid,Normal,Normal
Tamil Nadu,Vellore,Perampet(Uzhavar Sandhai),Sweet Corn,Sweet Corn,Local,2026-09-20 00:00:00,2500,3000,2750,500,20.00%,Valid,Normal,Normal
Andhra Pradesh,Srikakulam,Etcherla APMC,Paddy(Common),1121,FAQ,2026-09-20 00:00:00,2369,2369,2369,0,0.00%,Valid,Normal,Normal
Tamil Nadu,Karur,Kulithalai(Uzhavar Sandhai ),Banana,Other,Local,2026-09-20 00:00:00,5500,6000,5750,500,9.09%,Valid,Normal,Normal
Tamil Nadu,Karur,Kulithalai(Uzhavar Sandhai ),Cluster beans,Cluster Beans,Local,2026-09-20 00:00:00,3200,3600,3400,400,12.50%,Valid,Normal,Normal
Tamil Nadu,Karur,Kulithalai(Uzhavar Sandhai ),Bitter gourd,Other,Local,2026-09-20 00:00:00,5600,6000,5800,400,7.14%,Valid,Normal,Normal
Tamil Nadu,Karur,Kulithalai(Uzhavar Sandhai ),Pumpkin,Pumpkin,Local,2026-09-20 00:00:00,2500,3000,2750,500,20.00%,Valid,Normal,Normal
Tamil Nadu,Karur,Kulithalai(Uzhavar Sandhai ),Amaranthus,Amaranthus,Local,2026-09-20 00:00:00,2000,3000,2500,1000,50.00%,Valid,Normal,Normal
Tamil Nadu,Karur,Kulithalai(Uzhavar Sandhai ),Green Chilli,Green Chilly,Local,2026-09-20 00:00:00,6600,7000,6800,400,6.06%,Valid,Normal,Normal
Tamil Nadu,Karur,Kulithalai(Uzhavar Sandhai ),Thondekai,Thondekai,Local,2026-09-20 00:00:00,4500,5000,4750,500,11.11%,Valid,Normal,Normal
Tamil Nadu,Karur,Kulithalai(Uzhavar Sandhai ),Elephant Yam(Suran)/Amorphophallus,Elephant Yam (Suran),Local,2026-09-20 00:00:00,5000,5500,5250,500,10.00%,Valid,Normal,Normal
Tamil Nadu,Karur,Kulithalai(Uzhavar Sandhai ),Colacasia,Colacasia,Local,2026-09-20 00:00:00,5500,6000,5750,500,9.09%,Valid,Normal,Normal
Tamil Nadu,Thirupur,Dharapuram(Uzhavar Sandhai ),Brinjal,Round,Local,2026-09-20 00:00:00,5000,5500,5250,500,10.00%,Valid,Normal,Normal
Tamil Nadu,Thirupur,Dharapuram(Uzhavar Sandhai ),Bitter gourd,Bitter Gourd,Local,2026-09-20 00:00:00,5500,6000,5750,500,9.09%,Valid,Normal,Normal
Tamil Nadu,Thirupur,Dharapuram(Uzhavar Sandhai ),Pumpkin,Pumpkin,Local,2026-09-20 00:00:00,2500,3000,2750,500,20.00%,Valid,Normal,Normal
Tamil Nadu,Thirupur,Dharapuram(Uzhavar Sandhai ),Ridgeguard(Tori),Ridgeguard(Tori),Local,2026-09-20 00:00:00,5500,6000,5750,500,9.09%,Valid,Normal,Normal
Tamil Nadu,Thirupur,Dharapuram(Uzhavar Sandhai ),Green Avare(W),Green Avare (W),Local,2026-09-20 00:00:00,6500,7000,6750,500,7.69%,Valid,Normal,Normal
Tamil Nadu,Thirupur,Dharapuram(Uzhavar Sandhai ),Lemon,Lemon,Local,2026-09-20 00:00:00,26000,28000,27000,2000,7.69%,Valid,Normal,Normal
Tamil Nadu,Thirupur,Dharapuram(Uzhavar Sandhai ),Onion Green,Onion Green,Local,2026-09-20 00:00:00,5500,6000,5750,500,9.09%,Valid,Normal,Normal
Tamil Nadu,Thirupur,Palladam(Uzhavar Sandhai ),Cauliflower,Ranchi,Local,2026-09-20 00:00:00,3500,4000,3750,500,14.29%,Valid,Normal,Normal
Tamil Nadu,Thirupur,Palladam(Uzhavar Sandhai ),Tomato,Local,Local,2026-09-20 00:00:00,2000,2500,2250,500,25.00%,Valid,Normal,Normal
Tamil Nadu,Thirupur,Palladam(Uzhavar Sandhai ),Bottle gourd,Bottle Gourd,Local,2026-09-20 00:00:00,1500,2000,1750,500,33.33%,Valid,Normal,Normal
Tamil Nadu,Thirupur,Palladam(Uzhavar Sandhai ),Pumpkin,Pumpkin,Local,2026-09-20 00:00:00,1500,2000,1750,500,33.33%,Valid,Normal,Normal
Tamil Nadu,Thirupur,Palladam(Uzhavar Sandhai ),Cowpea(Veg),Cowpea (Veg),Local,2026-09-20 00:00:00,3500,4000,3750,500,14.29%,Valid,Normal,Normal
Tamil Nadu,Thirupur,Palladam(Uzhavar Sandhai ),Ginger(Green),Green Ginger,Local,2026-09-20 00:00:00,15000,16000,15500,1000,6.67%,Valid,Normal,Normal
Tamil Nadu,Thirupur,Palladam(Uzhavar Sandhai ),Snakeguard,Snakeguard,Local,2026-09-20 00:00:00,3500,4000,3750,500,14.29%,Valid,Normal,Normal
Uttar Pradesh,Jhansi,Gurusarai APMC,Firewood,Firewood,FAQ,2026-09-20 00:00:00,600,600,600,0,0.00%,Valid,Normal,Normal
Tamil Nadu,Kallakuruchi,Kallakurichi(Uzhavar Sandhai ),Potato,Red Nanital,Local,2026-09-20 00:00:00,4000,4000,4000,0,0.00%,Valid,Normal,Normal
Tamil Nadu,Kallakuruchi,Kallakurichi(Uzhavar Sandhai ),Tomato,Deshi,Local,2026-09-20 00:00:00,2500,2500,2500,0,0.00%,Valid,Normal,Normal
Tamil Nadu,Kallakuruchi,Kallakurichi(Uzhavar Sandhai ),Banana - Green,Banana - Green,Local,2026-09-20 00:00:00,3000,3000,3000,0,0.00%,Valid,Normal,Normal
Tamil Nadu,Kallakuruchi,Kallakurichi(Uzhavar Sandhai ),Carrot,Pusakesar,Local,2026-09-20 00:00:00,8000,8000,8000,0,0.00%,Valid,Normal,Normal
Tamil Nadu,Kallakuruchi,Kallakurichi(Uzhavar Sandhai ),Snakeguard,Snakeguard,Local,2026-09-20 00:00:00,4000,4000,4000,0,0.00%,Valid,Normal,Normal
Tamil Nadu,Kallakuruchi,Kallakurichi(Uzhavar Sandhai ),Knool Khol,Knool Khol,Local,2026-09-20 00:00:00,7000,7000,7000,0,0.00%,Valid,Normal,Normal
Tamil Nadu,Kallakuruchi,Kallakurichi(Uzhavar Sandhai ),Mint(Pudina),Mint(Pudina),Local,2026-09-20 00:00:00,3000,3000,3000,0,0.00%,Valid,Normal,Normal
Uttar Pradesh,Mathura,Mathura APMC,Tomato,Other,FAQ,2026-09-20 00:00:00,2600,2600,2600,0,0.00%,Valid,Normal,Normal
Uttar Pradesh,Mathura,Mathura APMC,Potato,Other,FAQ,2026-09-20 00:00:00,600,600,600,0,0.00%,Valid,Normal,Normal
Andhra Pradesh,Srikakulam,Kothabommali APMC,Paddy(Common),Paddy,Local,2026-09-20 00:00:00,3200,3200,3200,0,0.00%,Valid,Normal,Normal
Andhra Pradesh,NTR,Tiruvuru APMC,Paddy(Common),Sona,Local,2026-09-20 00:00:00,2900,2900,2900,0,0.00%,Valid,Normal,Normal
Andhra Pradesh,NTR,Tiruvuru APMC,Rice,Sona,Local,2026-09-20 00:00:00,4900,4900,4900,0,0.00%,Valid,Normal,Normal
Tamil Nadu,Salem,Athur(Uzhavar Sandhai ),Cauliflower,Ranchi,Local,2026-09-20 00:00:00,3500,4000,3750,500,14.29%,Valid,Normal,Normal
Tamil Nadu,Salem,Athur(Uzhavar Sandhai ),Beans,Beans (Whole),Local,2026-09-20 00:00:00,8000,9000,8500,1000,12.50%,Valid,Normal,Normal
Tamil Nadu,Salem,Athur(Uzhavar Sandhai ),Carrot,Pusakesar,Local,2026-09-20 00:00:00,5000,5500,5250,500,10.00%,Valid,Normal,Normal
Tamil Nadu,Salem,Athur(Uzhavar Sandhai ),Cucumbar(Kheera),Cucumbar,Local,2026-09-20 00:00:00,5000,6000,5500,1000,20.00%,Valid,Normal,Normal
Tamil Nadu,Salem,Athur(Uzhavar Sandhai ),Drumstick,Drumstick,Local,2026-09-20 00:00:00,3500,4000,3750,500,14.29%,Valid,Normal,Normal
Tamil Nadu,Salem,Athur(Uzhavar Sandhai ),Guava,Guava Allahabad,Local,2026-09-20 00:00:00,5500,6000,5750,500,9.09%,Valid,Normal,Normal
Tamil Nadu,Salem,Athur(Uzhavar Sandhai ),Karbuja(Musk Melon),Karbhuja,Local,2026-09-20 00:00:00,3500,4000,3750,500,14.29%,Valid,Normal,Normal
Tamil Nadu,Salem,Athur(Uzhavar Sandhai ),Amla(Nelli Kai),Amla,Local,2026-09-20 00:00:00,7000,8000,7500,1000,14.29%,Valid,Normal,Normal
Uttar Pradesh,Pratapgarh,Pratapgarh APMC,Wood,Eucalyptus,FAQ,2026-09-20 00:00:00,400,400,400,0,0.00%,Valid,Normal,Normal
Tamil Nadu,Theni,Periyakulam(Uzhavar Sandhai ),Banana,Karpura,Local,2026-09-20 00:00:00,5500,6000,5750,500,9.09%,Valid,Normal,Normal
Tamil Nadu,Theni,Periyakulam(Uzhavar Sandhai ),Bottle gourd,Bottle Gourd,Local,2026-09-20 00:00:00,1200,1400,1300,200,16.67%,Valid,Normal,Normal
Tamil Nadu,Theni,Periyakulam(Uzhavar Sandhai ),Amaranthus,Amaranthus,Local,2026-09-20 00:00:00,2000,2500,2250,500,25.00%,Valid,Normal,Normal
Tamil Nadu,Theni,Periyakulam(Uzhavar Sandhai ),Beans,Beans (Whole),Local,2026-09-20 00:00:00,8000,8500,8250,500,6.25%,Valid,Normal,Normal
Tamil Nadu,Theni,Periyakulam(Uzhavar Sandhai ),Chow Chow,Chow Chow,Local,2026-09-20 00:00:00,2800,3000,2900,200,7.14%,Valid,Normal,Normal
Tamil Nadu,Theni,Periyakulam(Uzhavar Sandhai ),Knool Khol,Knool Khol,Local,2026-09-20 00:00:00,3200,3400,3300,200,6.25%,Valid,Normal,Normal
Tamil Nadu,Theni,Periyakulam(Uzhavar Sandhai ),Indian Beans(Seam),Indian Beans (Seam),Local,2026-09-20 00:00:00,5000,5400,5200,400,8.00%,Valid,Normal,Normal
Tamil Nadu,Theni,Periyakulam(Uzhavar Sandhai ),Mint(Pudina),Mint(Pudina),Local,2026-09-20 00:00:00,5500,5500,5500,0,0.00%,Valid,Normal,Normal
Tamil Nadu,Virudhunagar,Srivilliputhur(Uzhavar Sandhai ),Onion,Bellary,Local,2026-09-20 00:00:00,6000,7000,6500,1000,16.67%,Valid,Normal,Normal
Tamil Nadu,Virudhunagar,Srivilliputhur(Uzhavar Sandhai ),Bottle gourd,Bottle Gourd,Local,2026-09-20 00:00:00,1700,2000,1850,300,17.65%,Valid,Normal,Normal
Tamil Nadu,Virudhunagar,Srivilliputhur(Uzhavar Sandhai ),Ashgourd,Gouard,Local,2026-09-20 00:00:00,2500,3000,2750,500,20.00%,Valid,Normal,Normal
Tamil Nadu,Virudhunagar,Srivilliputhur(Uzhavar Sandhai ),Ginger(Green),Green Ginger,Local,2026-09-20 00:00:00,17000,18000,17500,1000,5.88%,Valid,Normal,Normal
Tamil Nadu,Virudhunagar,Srivilliputhur(Uzhavar Sandhai ),Cabbage,Cabbage,Local,2026-09-20 00:00:00,3000,3500,3250,500,16.67%,Valid,Normal,Normal
Tamil Nadu,Virudhunagar,Srivilliputhur(Uzhavar Sandhai ),Ridgeguard(Tori),Ridgeguard(Tori),Local,2026-09-20 00:00:00,4500,5000,4750,500,11.11%,Valid,Normal,Normal
Tamil Nadu,Virudhunagar,Srivilliputhur(Uzhavar Sandhai ),Colacasia,Colacasia,Local,2026-09-20 00:00:00,5000,6000,5500,1000,20.00%,Valid,Normal,Normal
Tamil Nadu,Virudhunagar,Srivilliputhur(Uzhavar Sandhai ),Onion Green,Onion Green,Local,2026-09-20 00:00:00,7000,8000,7500,1000,14.29%,Valid,Normal,Normal
Uttar Pradesh,Kanpur Dehat,Rura APMC,Wheat,Other,FAQ,2026-09-20 00:00:00,2500,2500,2500,0,0.00%,Valid,Normal,Normal
Uttar Pradesh,Barabanki,Safdarganj APMC,Mustard,Other,FAQ,2026-09-20 00:00:00,7000,7000,7000,0,0.00%,Valid,Normal,Normal
Tamil Nadu,Coimbatore,Vadavalli(Uzhavar Sandhai ),Green Peas,Green Peas,Local,2026-09-20 00:00:00,18000,19000,18500,1000,5.56%,Valid,Normal,Normal
Tamil Nadu,Coimbatore,Vadavalli(Uzhavar Sandhai ),Papaya,Papaya,Local,2026-09-20 00:00:00,5000,5600,5300,600,12.00%,Valid,Normal,Normal
Tamil Nadu,Coimbatore,Vadavalli(Uzhavar Sandhai ),Water Melon,Water Melon,Local,2026-09-20 00:00:00,1500,2000,1750,500,33.33%,Valid,Normal,Normal
Tamil Nadu,Coimbatore,Vadavalli(Uzhavar Sandhai ),Carrot,Pusakesar,Local,2026-09-20 00:00:00,4400,4800,4600,400,9.09%,Valid,Normal,Normal
Tamil Nadu,Coimbatore,Vadavalli(Uzhavar Sandhai ),Snakeguard,Snakeguard,Local,2026-09-20 00:00:00,2600,3200,2900,600,23.08%,Valid,Normal,Normal
Tamil Nadu,Coimbatore,Vadavalli(Uzhavar Sandhai ),Colacasia,Colacasia,Local,2026-09-20 00:00:00,4800,5400,5100,600,12.50%,Valid,Normal,Normal
Tamil Nadu,Coimbatore,Vadavalli(Uzhavar Sandhai ),Baby Corn,Baby Corn,Grade A,2026-09-20 00:00:00,2200,2600,2400,400,18.18%,Valid,Normal,Normal
Tamil Nadu,Coimbatore,Vadavalli(Uzhavar Sandhai ),Sweet Corn,Sweet Corn,Local,2026-09-20 00:00:00,3500,4000,3750,500,14.29%,Valid,Normal,Normal
West Bengal,Darjeeling,Karsiyang(Matigara) APMC,Tomato,Other,FAQ,2026-09-20 00:00:00,3600,3800,3700,200,5.56%,Valid,Normal,Normal
West Bengal,Darjeeling,Darjeeling APMC,Cabbage,Other,FAQ,2026-09-20 00:00:00,2800,3000,2900,200,7.14%,Valid,Normal,Normal
West Bengal,Darjeeling,Darjeeling APMC,Squash(Chappal Kadoo),Other,FAQ,2026-09-20 00:00:00,1400,1600,1500,200,14.29%,Valid,Normal,Normal
Uttar Pradesh,Sitapur,Mishrit APMC,Wood,Other,FAQ,2026-09-20 00:00:00,490,490,490,0,0.00%,Valid,Normal,Normal
Uttar Pradesh,Bulandshahar,Gulavati APMC,Bottle gourd,Bottle Gourd,FAQ,2026-09-20 00:00:00,1500,1700,1600,200,13.33%,Valid,Normal,Normal
Uttar Pradesh,Bulandshahar,Gulavati APMC,Lemon,Other,FAQ,2026-09-20 00:00:00,9100,9300,9200,200,2.20%,Valid,Normal,Normal
Tripura,South Tripura,Barpathari APMC,Cucumbar(Kheera),Cucumbar,Local,2026-09-20 00:00:00,6900,7100,7000,200,2.90%,Valid,Normal,Normal
Tamil Nadu,Coimbatore,Udumalpet APMC,Cluster beans,Cluster Beans,Local,2026-09-20 00:00:00,3500,4500,4000,1000,28.57%,Valid,Normal,Normal
Tamil Nadu,Coimbatore,Udumalpet APMC,Sweet Potato,Hosur Red,Local,2026-09-20 00:00:00,6500,7500,7000,1000,15.38%,Valid,Normal,Normal
Tamil Nadu,Coimbatore,Udumalpet APMC,Capsicum,Capsicum,Local,2026-09-20 00:00:00,8000,9000,8500,1000,12.50%,Valid,Normal,Normal
Tamil Nadu,Coimbatore,Udumalpet APMC,Yam(Ratalu),Yam (Ratalu),Local,2026-09-20 00:00:00,8000,9000,8500,1000,12.50%,Valid,Normal,Normal
Tamil Nadu,Coimbatore,Udumalpet APMC,Amla(Nelli Kai),Amla,Local,2026-09-20 00:00:00,7000,8000,7500,1000,14.29%,Valid,Normal,Normal
West Bengal,Darjeeling,Siliguri APMC,Squash(Chappal Kadoo),Other,FAQ,2026-09-20 00:00:00,800,1000,900,200,25.00%,Valid,Normal,Normal
Tamil Nadu,Erode,Gobichettipalayam(Uzhavar Sandhai ),Cauliflower,Ranchi,Local,2026-09-20 00:00:00,4000,4500,4250,500,12.50%,Valid,Normal,Normal
Tamil Nadu,Erode,Gobichettipalayam(Uzhavar Sandhai ),Amaranthus,Amaranthus,Local,2026-09-20 00:00:00,4200,4500,4350,300,7.14%,Valid,Normal,Normal
Tamil Nadu,Erode,Gobichettipalayam(Uzhavar Sandhai ),Guava,Guava Allahabad,Local,2026-09-20 00:00:00,5000,5500,5250,500,10.00%,Valid,Normal,Normal
Tamil Nadu,Erode,Gobichettipalayam(Uzhavar Sandhai ),Tender Coconut,Tender Coconut,Local,2026-09-20 00:00:00,3500,4000,3750,500,14.29%,Valid,Normal,Normal
Tamil Nadu,Erode,Gobichettipalayam(Uzhavar Sandhai ),Mint(Pudina),Mint(Pudina),Local,2026-09-20 00:00:00,4200,4500,4350,300,7.14%,Valid,Normal,Normal
Tamil Nadu,Erode,Sampath Nagar(Uzhavar Sandhai ),Apple,American,Local,2026-09-20 00:00:00,19000,20000,19500,1000,5.26%,Valid,Normal,Normal
Tamil Nadu,Erode,Sampath Nagar(Uzhavar Sandhai ),Orange,Darjeeling,Local,2026-09-20 00:00:00,9000,10000,9500,1000,11.11%,Valid,Normal,Normal
Tamil Nadu,Erode,Sampath Nagar(Uzhavar Sandhai ),Grapes,Annabesahai,Local,2026-09-20 00:00:00,11000,11500,11250,500,4.55%,Valid,Normal,Normal
Tamil Nadu,Erode,Sampath Nagar(Uzhavar Sandhai ),Potato,Other,Local,2026-09-20 00:00:00,4500,5000,4750,500,11.11%,Valid,Normal,Normal
Tamil Nadu,Erode,Sampath Nagar(Uzhavar Sandhai ),Coriander(Leaves),I Sort,Local,2026-09-20 00:00:00,3500,4000,3750,500,14.29%,Valid,Normal,Normal
Tamil Nadu,Erode,Sampath Nagar(Uzhavar Sandhai ),Green Peas,Green Peas,Local,2026-09-20 00:00:00,20000,21000,20500,1000,5.00%,Valid,Normal,Normal
Tamil Nadu,Erode,Sampath Nagar(Uzhavar Sandhai ),Mousambi(Sweet Lime),Mousambi,Local,2026-09-20 00:00:00,5000,5400,5200,400,8.00%,Valid,Normal,Normal
Tamil Nadu,Erode,Sampath Nagar(Uzhavar Sandhai ),Bhindi(Ladies Finger),Bhindi,Local,2026-09-20 00:00:00,3000,3200,3100,200,6.67%,Valid,Normal,Normal
Tamil Nadu,Erode,Sampath Nagar(Uzhavar Sandhai ),Carrot,Pusakesar,Local,2026-09-20 00:00:00,5000,5200,5100,200,4.00%,Valid,Normal,Normal
Tamil Nadu,Erode,Sampath Nagar(Uzhavar Sandhai ),Raddish,Raddish,Local,2026-09-20 00:00:00,2200,2500,2350,300,13.64%,Valid,Normal,Normal
Tamil Nadu,Erode,Sampath Nagar(Uzhavar Sandhai ),Elephant Yam(Suran)/Amorphophallus,Elephant Yam (Suran),Local,2026-09-20 00:00:00,3000,3400,3200,400,13.33%,Valid,Normal,Normal
Tamil Nadu,Erode,Sampath Nagar(Uzhavar Sandhai ),Amla(Nelli Kai),Amla,Local,2026-09-20 00:00:00,11000,12000,11500,1000,9.09%,Valid,Normal,Normal
Tamil Nadu,Erode,Sampath Nagar(Uzhavar Sandhai ),Mint(Pudina),Mint(Pudina),Local,2026-09-20 00:00:00,3500,4000,3750,500,14.29%,Valid,Normal,Normal
Tripura,Khowai,Kalyanpur APMC,Fish,Katla(Big),FAQ,2026-09-20 00:00:00,28000,30000,29000,2000,7.14%,Valid,Normal,Normal
Tripura,Khowai,Kalyanpur APMC,Sponge gourd,Sponge gourd,FAQ,2026-09-20 00:00:00,3800,4000,3900,200,5.26%,Valid,Normal,Normal
Tripura,Khowai,Kalyanpur APMC,Rice,Masuri,FAQ,2026-09-20 00:00:00,4200,4300,4250,100,2.38%,Valid,Normal,Normal
Tamil Nadu,Pudukkottai,Ponnamaravathi(Uzhavar Sandhai),Onion,Bellary,Local,2026-09-20 00:00:00,6000,7000,6500,1000,16.67%,Valid,Normal,Normal
Tamil Nadu,Pudukkottai,Ponnamaravathi(Uzhavar Sandhai),Ashgourd,Gouard,Local,2026-09-20 00:00:00,1000,1500,1250,500,50.00%,Valid,Normal,Normal
Tamil Nadu,Pudukkottai,Ponnamaravathi(Uzhavar Sandhai),Coconut,Coconut,Local,2026-09-20 00:00:00,3000,4000,3500,1000,33.33%,Valid,Normal,Normal
Tamil Nadu,Pudukkottai,Ponnamaravathi(Uzhavar Sandhai),Green Avare(W),Green Avare (W),Local,2026-09-20 00:00:00,6000,7000,6500,1000,16.67%,Valid,Normal,Normal
Tamil Nadu,Nagapattinam,Mayiladuthurai(Uzhavar Sandhai ),Banana - Green,Banana - Green,Local,2026-09-20 00:00:00,3600,4000,3800,400,11.11%,Valid,Normal,Normal
Tamil Nadu,Nagapattinam,Mayiladuthurai(Uzhavar Sandhai ),Ridgeguard(Tori),Ridgeguard(Tori),Local,2026-09-20 00:00:00,5500,6000,5750,500,9.09%,Valid,Normal,Normal
Tamil Nadu,Nagapattinam,Mayiladuthurai(Uzhavar Sandhai ),Green Avare(W),Green Avare (W),Local,2026-09-20 00:00:00,7000,8000,7500,1000,14.29%,Valid,Normal,Normal
Tamil Nadu,Nagapattinam,Mayiladuthurai(Uzhavar Sandhai ),Tender Coconut,Tender Coconut,Local,2026-09-20 00:00:00,2000,2500,2250,500,25.00%,Valid,Normal,Normal
Tamil Nadu,Nagapattinam,Mayiladuthurai(Uzhavar Sandhai ),Onion Green,Onion Green,Local,2026-09-20 00:00:00,8000,9000,8500,1000,12.50%,Valid,Normal,Normal
Uttar Pradesh,Hardoi,Hardoi APMC,Wood,Other,FAQ,2026-09-20 00:00:00,500,570,512.28,70,14.00%,Valid,Normal,Normal
Uttar Pradesh,Lucknow,Lucknow APMC,Ginger(Green),Other,FAQ,2026-09-20 00:00:00,6000,6000,6000,0,0.00%,Valid,Normal,Normal
Tamil Nadu,Pudukkottai,Viralimalai(Uzhavar Sandhai ),Onion,Bellary,Local,2026-09-20 00:00:00,5500,6000,5750,500,9.09%,Valid,Normal,Normal
Tamil Nadu,Pudukkottai,Viralimalai(Uzhavar Sandhai ),Guava,Guava Allahabad,Local,2026-09-20 00:00:00,7500,8000,7750,500,6.67%,Valid,Normal,Normal
Tamil Nadu,Ramanathapuram,Paramakudi(Uzhavar Sandhai ),Cluster beans,Cluster Beans,Local,2026-09-20 00:00:00,3500,4000,3750,500,14.29%,Valid,Normal,Normal
Tamil Nadu,Ramanathapuram,Paramakudi(Uzhavar Sandhai ),Bitter gourd,Bitter Gourd,Local,2026-09-20 00:00:00,5800,6000,5900,200,3.45%,Valid,Normal,Normal
Tamil Nadu,Ramanathapuram,Paramakudi(Uzhavar Sandhai ),Bottle gourd,Bottle Gourd,Local,2026-09-20 00:00:00,2000,2200,2100,200,10.00%,Valid,Normal,Normal
Tamil Nadu,Ramanathapuram,Paramakudi(Uzhavar Sandhai ),Green Chilli,Green Chilly,Local,2026-09-20 00:00:00,6000,7000,6500,1000,16.67%,Valid,Normal,Normal
Tamil Nadu,Ramanathapuram,Paramakudi(Uzhavar Sandhai ),Raddish,Raddish,Local,2026-09-20 00:00:00,4500,4800,4650,300,6.67%,Valid,Normal,Normal
Tamil Nadu,Ramanathapuram,Paramakudi(Uzhavar Sandhai ),Green Avare(W),Green Avare (W),Local,2026-09-20 00:00:00,7500,8000,7750,500,6.67%,Valid,Normal,Normal
Tamil Nadu,Ramanathapuram,Paramakudi(Uzhavar Sandhai ),Jasmine,Jasmine,Local,2026-09-20 00:00:00,45000,50000,47500,5000,11.11%,Valid,Normal,Normal
Tamil Nadu,Ramanathapuram,Paramakudi(Uzhavar Sandhai ),Lemon,Lemon,Local,2026-09-20 00:00:00,18000,20000,19000,2000,11.11%,Valid,Normal,Normal
Tamil Nadu,Ramanathapuram,Paramakudi(Uzhavar Sandhai ),Mint(Pudina),Mint(Pudina),Local,2026-09-20 00:00:00,6500,7000,6750,500,7.69%,Valid,Normal,Normal
Tamil Nadu,Pudukkottai,Alangudi(Uzhavar Sandhai ),Cluster beans,Cluster Beans,Local,2026-09-20 00:00:00,3500,4000,3750,500,14.29%,Valid,Normal,Normal
Tamil Nadu,Pudukkottai,Alangudi(Uzhavar Sandhai ),Amaranthus,Amaranthus,Local,2026-09-20 00:00:00,1500,2000,1750,500,33.33%,Valid,Normal,Normal
Tamil Nadu,Pudukkottai,Alangudi(Uzhavar Sandhai ),Snakeguard,Snakeguard,Local,2026-09-20 00:00:00,2500,3000,2750,500,20.00%,Valid,Normal,Normal
Tamil Nadu,Pudukkottai,Alangudi(Uzhavar Sandhai ),Ridgeguard(Tori),Ridgeguard(Tori),Local,2026-09-20 00:00:00,5000,6000,5500,1000,20.00%,Valid,Normal,Normal
Tamil Nadu,Pudukkottai,Alangudi(Uzhavar Sandhai ),Green Avare(W),Other,Local,2026-09-20 00:00:00,6000,7000,6500,1000,16.67%,Valid,Normal,Normal
Tamil Nadu,Thiruvannamalai,Arani(Uzhavar Sandhai ),Brinjal,Round,Local,2026-09-20 00:00:00,5000,6000,5500,1000,20.00%,Valid,Normal,Normal
Tamil Nadu,Thiruvannamalai,Arani(Uzhavar Sandhai ),Green Chilli,Green Chilly,Local,2026-09-20 00:00:00,5000,6000,5500,1000,20.00%,Valid,Normal,Normal
Tamil Nadu,Thiruvannamalai,Arani(Uzhavar Sandhai ),Ginger(Green),Green Ginger,Local,2026-09-20 00:00:00,15000,18000,16500,3000,20.00%,Valid,Normal,Normal
Tamil Nadu,Thiruvannamalai,Arani(Uzhavar Sandhai ),Coconut,Coconut,Local,2026-09-20 00:00:00,4000,4500,4250,500,12.50%,Valid,Normal,Normal
Tamil Nadu,Thiruvannamalai,Arani(Uzhavar Sandhai ),Carrot,Pusakesar,Local,2026-09-20 00:00:00,5000,6000,5500,1000,20.00%,Valid,Normal,Normal
Tamil Nadu,Thiruvannamalai,Arani(Uzhavar Sandhai ),Ridgeguard(Tori),Ridgeguard(Tori),Local,2026-09-20 00:00:00,2500,3000,2750,500,20.00%,Valid,Normal,Normal
Tamil Nadu,Thiruvannamalai,Arani(Uzhavar Sandhai ),Drumstick,Drumstick,Local,2026-09-20 00:00:00,3500,4200,3850,700,20.00%,Valid,Normal,Normal
Tamil Nadu,Thiruvannamalai,Arani(Uzhavar Sandhai ),Guava,Guava Allahabad,Local,2026-09-20 00:00:00,5000,6000,5500,1000,20.00%,Valid,Normal,Normal
Tamil Nadu,Thiruvannamalai,Arani(Uzhavar Sandhai ),Yam(Ratalu),Yam (Ratalu),Local,2026-09-20 00:00:00,6000,7000,6500,1000,16.67%,Valid,Normal,Normal
Tamil Nadu,Thiruvannamalai,Arani(Uzhavar Sandhai ),Colacasia,Colacasia,Local,2026-09-20 00:00:00,3500,4200,3850,700,20.00%,Valid,Normal,Normal
Tamil Nadu,Thiruvannamalai,Polur(Uzhavar Sandhai ),Onion,Bellary,Local,2026-09-20 00:00:00,5000,6000,5500,1000,20.00%,Valid,Normal,Normal
Tamil Nadu,Thiruvannamalai,Polur(Uzhavar Sandhai ),Garlic,Garlic,Local,2026-09-20 00:00:00,22000,26000,24000,4000,18.18%,Valid,Normal,Normal
Tamil Nadu,Thiruvannamalai,Polur(Uzhavar Sandhai ),Papaya,Papaya,Local,2026-09-20 00:00:00,2500,3000,2750,500,20.00%,Valid,Normal,Normal
Tamil Nadu,Thiruvannamalai,Polur(Uzhavar Sandhai ),Cluster beans,Cluster Beans,Local,2026-09-20 00:00:00,4000,4800,4400,800,20.00%,Valid,Normal,Normal
Tamil Nadu,Thiruvannamalai,Polur(Uzhavar Sandhai ),Amaranthus,Amaranthus,Local,2026-09-20 00:00:00,1600,2000,1800,400,25.00%,Valid,Normal,Normal
Tamil Nadu,Thiruvannamalai,Polur(Uzhavar Sandhai ),Green Chilli,Green Chilly,Local,2026-09-20 00:00:00,5000,6000,5500,1000,20.00%,Valid,Normal,Normal
Tamil Nadu,Thiruvannamalai,Polur(Uzhavar Sandhai ),Banana - Green,Banana - Green,Local,2026-09-20 00:00:00,1600,2000,1800,400,25.00%,Valid,Normal,Normal
Tamil Nadu,Thiruvannamalai,Polur(Uzhavar Sandhai ),Ginger(Green),Green Ginger,Local,2026-09-20 00:00:00,12000,15000,13500,3000,25.00%,Valid,Normal,Normal
Tamil Nadu,Thiruvannamalai,Polur(Uzhavar Sandhai ),Cucumbar(Kheera),Cucumbar,Local,2026-09-20 00:00:00,3300,4000,3650,700,21.21%,Valid,Normal,Normal
Tamil Nadu,Thiruvannamalai,Polur(Uzhavar Sandhai ),Thondekai,Thondekai,Local,2026-09-20 00:00:00,3300,4000,3650,700,21.21%,Valid,Normal,Normal
Tamil Nadu,Thiruvannamalai,Polur(Uzhavar Sandhai ),Colacasia,Colacasia,Local,2026-09-20 00:00:00,3300,4000,3650,700,21.21%,Valid,Normal,Normal
Tamil Nadu,Thiruvannamalai,Tiruvannamalai(Uzhavar Sandhai ),Apple,American,Local,2026-09-20 00:00:00,20000,22000,21000,2000,10.00%,Valid,Normal,Normal
Tamil Nadu,Thiruvannamalai,Tiruvannamalai(Uzhavar Sandhai ),Potato,Red Nanital,Local,2026-09-20 00:00:00,3500,4000,3750,500,14.29%,Valid,Normal,Normal
Tamil Nadu,Thiruvannamalai,Tiruvannamalai(Uzhavar Sandhai ),Papaya,Papaya,Local,2026-09-20 00:00:00,4000,4500,4250,500,12.50%,Valid,Normal,Normal
Tamil Nadu,Thiruvannamalai,Tiruvannamalai(Uzhavar Sandhai ),Water Melon,Water Melon,Local,2026-09-20 00:00:00,2000,2500,2250,500,25.00%,Valid,Normal,Normal
Tamil Nadu,Thiruvannamalai,Tiruvannamalai(Uzhavar Sandhai ),Ginger(Green),Green Ginger,Local,2026-09-20 00:00:00,16000,18000,17000,2000,12.50%,Valid,Normal,Normal
Tamil Nadu,Thiruvannamalai,Tiruvannamalai(Uzhavar Sandhai ),Cucumbar(Kheera),Cucumbar,Local,2026-09-20 00:00:00,4000,5000,4500,1000,25.00%,Valid,Normal,Normal
Tamil Nadu,Thiruvannamalai,Tiruvannamalai(Uzhavar Sandhai ),Chow Chow,Chow Chow,Local,2026-09-20 00:00:00,3600,4000,3800,400,11.11%,Valid,Normal,Normal
Tamil Nadu,Thiruvannamalai,Tiruvannamalai(Uzhavar Sandhai ),Mango(Raw-Ripe),Mango - Raw-Ripe,Local,2026-09-20 00:00:00,12000,15000,13500,3000,25.00%,Valid,Normal,Normal
Tamil Nadu,Thiruvannamalai,Tiruvannamalai(Uzhavar Sandhai ),Lime,Lime,Local,2026-09-20 00:00:00,3500,4000,3750,500,14.29%,Valid,Normal,Normal
Tamil Nadu,Thiruvannamalai,Tiruvannamalai(Uzhavar Sandhai ),Karbuja(Musk Melon),Karbhuja,Local,2026-09-20 00:00:00,3000,3500,3250,500,16.67%,Valid,Normal,Normal
Tamil Nadu,Thiruvannamalai,Tiruvannamalai(Uzhavar Sandhai ),Pomegranate,Pomogranate,Local,2026-09-20 00:00:00,14000,16000,15000,2000,14.29%,Valid,Normal,Normal
Tamil Nadu,Thiruvannamalai,Tiruvannamalai(Uzhavar Sandhai ),Marigold(Calcutta),Marigold(Calcutta),Local,2026-09-20 00:00:00,25000,28000,26500,3000,12.00%,Valid,Normal,Normal
Tamil Nadu,Thiruvannamalai,Tiruvannamalai(Uzhavar Sandhai ),Tamarind Fruit,Tamarind Fruit,Local,2026-09-20 00:00:00,12000,15000,13500,3000,25.00%,Valid,Normal,Normal
Tamil Nadu,Thiruvannamalai,Tiruvannamalai(Uzhavar Sandhai ),Indian Beans(Seam),Indian Beans (Seam),Local,2026-09-20 00:00:00,5000,6000,5500,1000,20.00%,Valid,Normal,Normal
Tamil Nadu,Thiruvannamalai,Tiruvannamalai(Uzhavar Sandhai ),Mint(Pudina),Mint(Pudina),Local,2026-09-20 00:00:00,5000,6000,5500,1000,20.00%,Valid,Normal,Normal
Tamil Nadu,Thiruvannamalai,Tiruvannamalai(Uzhavar Sandhai ),Rose(Local),Rose (Local),Local,2026-09-20 00:00:00,18000,20000,19000,2000,11.11%,Valid,Normal,Normal
Tamil Nadu,Thiruvarur,Mannargudi I(Uzhavar Sandhai ),Onion,Bellary,Local,2026-09-20 00:00:00,5600,7400,6500,1800,32.14%,Valid,Normal,Normal
Tamil Nadu,Thiruvarur,Mannargudi I(Uzhavar Sandhai ),Garlic,Garlic,Local,2026-09-20 00:00:00,20000,24000,22000,4000,20.00%,Valid,Normal,Normal
Tamil Nadu,Thiruvarur,Mannargudi I(Uzhavar Sandhai ),Cluster beans,Cluster Beans,Local,2026-09-20 00:00:00,3600,3600,3600,0,0.00%,Valid,Normal,Normal
Tamil Nadu,Thiruvarur,Mannargudi I(Uzhavar Sandhai ),Bitter gourd,Other,Local,2026-09-20 00:00:00,5000,5000,5000,0,0.00%,Valid,Normal,Normal
Tamil Nadu,Thiruvarur,Mannargudi I(Uzhavar Sandhai ),Bottle gourd,Bottle Gourd,Local,2026-09-20 00:00:00,3000,3000,3000,0,0.00%,Valid,Normal,Normal
Tamil Nadu,Thiruvarur,Mannargudi I(Uzhavar Sandhai ),Amaranthus,Amaranthus,Local,2026-09-20 00:00:00,2000,2000,2000,0,0.00%,Valid,Normal,Normal
Tamil Nadu,Thiruvarur,Mannargudi I(Uzhavar Sandhai ),Coconut,Coconut,Local,2026-09-20 00:00:00,4000,4000,4000,0,0.00%,Valid,Normal,Normal
Tamil Nadu,Thiruvarur,Mannargudi I(Uzhavar Sandhai ),Cabbage,Cabbage,Local,2026-09-20 00:00:00,3400,3400,3400,0,0.00%,Valid,Normal,Normal
Tamil Nadu,Thiruvarur,Mannargudi I(Uzhavar Sandhai ),Green Avare(W),Other,Local,2026-09-20 00:00:00,7000,7000,7000,0,0.00%,Valid,Normal,Normal
Tamil Nadu,Tuticorin,Kovilpatti(Uzhavar Sandhai ),Cauliflower,Ranchi,Local,2026-09-20 00:00:00,4500,5000,4750,500,11.11%,Valid,Normal,Normal
Tamil Nadu,Tuticorin,Kovilpatti(Uzhavar Sandhai ),Papaya,Papaya,Local,2026-09-20 00:00:00,3500,4000,3750,500,14.29%,Valid,Normal,Normal
Tamil Nadu,Tuticorin,Kovilpatti(Uzhavar Sandhai ),Tomato,Local,Local,2026-09-20 00:00:00,3000,3500,3250,500,16.67%,Valid,Normal,Normal
Tamil Nadu,Tuticorin,Kovilpatti(Uzhavar Sandhai ),Bottle gourd,Bottle Gourd,Local,2026-09-20 00:00:00,3500,4000,3750,500,14.29%,Valid,Normal,Normal
Tamil Nadu,Vellore,Gudiyatham(Uzhavar Sandhai ),Potato,Red Nanital,Local,2026-09-20 00:00:00,3000,3000,3000,0,0.00%,Valid,Normal,Normal
Tamil Nadu,Vellore,Gudiyatham(Uzhavar Sandhai ),Cluster beans,Cluster Beans,Local,2026-09-20 00:00:00,3000,3000,3000,0,0.00%,Valid,Normal,Normal
Tamil Nadu,Vellore,Gudiyatham(Uzhavar Sandhai ),Ashgourd,Gouard,Local,2026-09-20 00:00:00,2400,2400,2400,0,0.00%,Valid,Normal,Normal
Tamil Nadu,Vellore,Gudiyatham(Uzhavar Sandhai ),Amaranthus,Amaranthus,Local,2026-09-20 00:00:00,4000,4000,4000,0,0.00%,Valid,Normal,Normal
Tamil Nadu,Vellore,Gudiyatham(Uzhavar Sandhai ),Cucumbar(Kheera),Cucumbar,Local,2026-09-20 00:00:00,3600,3600,3600,0,0.00%,Valid,Normal,Normal
Tamil Nadu,Vellore,Gudiyatham(Uzhavar Sandhai ),Mango(Raw-Ripe),Mango - Raw-Ripe,Local,2026-09-20 00:00:00,6600,6600,6600,0,0.00%,Valid,Normal,Normal
Tamil Nadu,Vellore,Gudiyatham(Uzhavar Sandhai ),Guava,Guava Allahabad,Local,2026-09-20 00:00:00,6000,6000,6000,0,0.00%,Valid,Normal,Normal
Tamil Nadu,Vellore,Kahithapattarai(Uzhavar Sandhai ),Green Peas,Green Peas,Local,2026-09-20 00:00:00,13000,13000,13000,0,0.00%,Valid,Normal,Normal
Tamil Nadu,Vellore,Kahithapattarai(Uzhavar Sandhai ),Tomato,Deshi,Local,2026-09-20 00:00:00,2600,2600,2600,0,0.00%,Valid,Normal,Normal
Tamil Nadu,Vellore,Kahithapattarai(Uzhavar Sandhai ),Bitter gourd,Bitter Gourd,Local,2026-09-20 00:00:00,4600,4600,4600,0,0.00%,Valid,Normal,Normal
Tamil Nadu,Vellore,Kahithapattarai(Uzhavar Sandhai ),Bottle gourd,Bottle Gourd,Local,2026-09-20 00:00:00,2000,2000,2000,0,0.00%,Valid,Normal,Normal
Tamil Nadu,Vellore,Kahithapattarai(Uzhavar Sandhai ),Ashgourd,Gouard,Local,2026-09-20 00:00:00,2500,2500,2500,0,0.00%,Valid,Normal,Normal
Tamil Nadu,Vellore,Kahithapattarai(Uzhavar Sandhai ),Amaranthus,Amaranthus,Local,2026-09-20 00:00:00,3000,4000,3500,1000,33.33%,Valid,Normal,Normal
Tamil Nadu,Vellore,Kahithapattarai(Uzhavar Sandhai ),Beans,Beans (Whole),Local,2026-09-20 00:00:00,6600,6600,6600,0,0.00%,Valid,Normal,Normal
Tamil Nadu,Vellore,Kahithapattarai(Uzhavar Sandhai ),Coconut,Coconut,Local,2026-09-20 00:00:00,2500,2500,2500,0,0.00%,Valid,Normal,Normal
Tamil Nadu,Vellore,Kahithapattarai(Uzhavar Sandhai ),Snakeguard,Snakeguard,Local,2026-09-20 00:00:00,3000,3000,3000,0,0.00%,Valid,Normal,Normal
Tamil Nadu,Vellore,Kahithapattarai(Uzhavar Sandhai ),Capsicum,Capsicum,Local,2026-09-20 00:00:00,5000,5000,5000,0,0.00%,Valid,Normal,Normal
Tamil Nadu,Vellore,Kahithapattarai(Uzhavar Sandhai ),Pomegranate,Pomogranate,Local,2026-09-20 00:00:00,13000,16000,14500,3000,23.08%,Valid,Normal,Normal
Tamil Nadu,Vellore,Kahithapattarai(Uzhavar Sandhai ),Yam(Ratalu),Yam (Ratalu),Local,2026-09-20 00:00:00,6500,6500,6500,0,0.00%,Valid,Normal,Normal
Tamil Nadu,Thiruvannamalai,Cheyyar(Uzhavar Sandhai ),Cabbage,Cabbage,Local,2026-09-20 00:00:00,2000,2500,2250,500,25.00%,Valid,Normal,Normal
Tamil Nadu,Thiruvannamalai,Cheyyar(Uzhavar Sandhai ),Beetroot,Beetroot,Local,2026-09-20 00:00:00,3500,4200,3850,700,20.00%,Valid,Normal,Normal
Tamil Nadu,Thiruvannamalai,Cheyyar(Uzhavar Sandhai ),Ridgeguard(Tori),Ridgeguard(Tori),Local,2026-09-20 00:00:00,2500,3000,2750,500,20.00%,Valid,Normal,Normal
Tamil Nadu,Thiruvannamalai,Cheyyar(Uzhavar Sandhai ),Green Avare(W),Other,Local,2026-09-20 00:00:00,4000,5000,4500,1000,25.00%,Valid,Normal,Normal
Tamil Nadu,Thiruvannamalai,Cheyyar(Uzhavar Sandhai ),Chow Chow,Chow Chow,Local,2026-09-20 00:00:00,2500,3000,2750,500,20.00%,Valid,Normal,Normal
Tamil Nadu,Thiruvannamalai,Cheyyar(Uzhavar Sandhai ),Drumstick,Drumstick,Local,2026-09-20 00:00:00,3500,4200,3850,700,20.00%,Valid,Normal,Normal
Tamil Nadu,Thiruvannamalai,Cheyyar(Uzhavar Sandhai ),Knool Khol,Knool Khol,Local,2026-09-20 00:00:00,2500,3000,2750,500,20.00%,Valid,Normal,Normal
Tamil Nadu,Ariyalur,Ariyalur(Uzhavar Sandhai),Coriander(Leaves),I Sort,Local,2026-09-20 00:00:00,5000,5500,5250,500,10.00%,Valid,Normal,Normal
Tamil Nadu,Ariyalur,Ariyalur(Uzhavar Sandhai),Amaranthus,Amaranthus,Local,2026-09-20 00:00:00,3000,3500,3250,500,16.67%,Valid,Normal,Normal
Tamil Nadu,Ariyalur,Ariyalur(Uzhavar Sandhai),Beans,Beans (Whole),Local,2026-09-20 00:00:00,8000,9000,8500,1000,12.50%,Valid,Normal,Normal
Tamil Nadu,Ariyalur,Ariyalur(Uzhavar Sandhai),Coconut,Coconut,Local,2026-09-20 00:00:00,6000,6500,6250,500,8.33%,Valid,Normal,Normal
Tamil Nadu,Ariyalur,Ariyalur(Uzhavar Sandhai),Carrot,Pusakesar,Local,2026-09-20 00:00:00,7000,8000,7500,1000,14.29%,Valid,Normal,Normal
Tamil Nadu,Ariyalur,Ariyalur(Uzhavar Sandhai),Snakeguard,Snakeguard,Local,2026-09-20 00:00:00,3000,3500,3250,500,16.67%,Valid,Normal,Normal
Tamil Nadu,Ariyalur,Ariyalur(Uzhavar Sandhai),Beetroot,Beetroot,Local,2026-09-20 00:00:00,4000,4500,4250,500,12.50%,Valid,Normal,Normal
Tamil Nadu,Ariyalur,Ariyalur(Uzhavar Sandhai),Green Avare(W),Green Avare (W),Local,2026-09-20 00:00:00,6000,7000,6500,1000,16.67%,Valid,Normal,Normal
Tamil Nadu,Ariyalur,Ariyalur(Uzhavar Sandhai),Lemon,Lemon,Local,2026-09-20 00:00:00,4000,4500,4250,500,12.50%,Valid,Normal,Normal
Punjab,Gurdaspur,Dhariwal APMC,Potato,Potato,Grade A,2026-09-20 00:00:00,450,450,450,0,0.00%,Valid,Normal,Normal
Punjab,Gurdaspur,Dhariwal APMC,Green Chilli,Green Chilly,Grade A,2026-09-20 00:00:00,2050,2050,2050,0,0.00%,Valid,Normal,Normal
Punjab,Gurdaspur,Dhariwal APMC,Brinjal,Brinjal,Grade A,2026-09-20 00:00:00,1060,1060,1060,0,0.00%,Valid,Normal,Normal
Odisha,Mayurbhanja,Betnoti APMC,Bitter gourd,Bitter Gourd,FAQ,2026-09-20 00:00:00,3800,4200,4000,400,10.53%,Valid,Normal,Normal
Odisha,Mayurbhanja,Betnoti APMC,Cucumbar(Kheera),Cucumbar,FAQ,2026-09-20 00:00:00,2800,3200,3000,400,14.29%,Valid,Normal,Normal
Tamil Nadu,Coimbatore,Sundarapuram(Uzhavar Sandhai ),Bitter gourd,Other,Local,2026-09-20 00:00:00,4800,5200,5000,400,8.33%,Valid,Normal,Normal
Tamil Nadu,Coimbatore,Sundarapuram(Uzhavar Sandhai ),Beetroot,Beetroot,Local,2026-09-20 00:00:00,5800,6200,6000,400,6.90%,Valid,Normal,Normal
Tamil Nadu,Coimbatore,Sundarapuram(Uzhavar Sandhai ),Raddish,Raddish,Local,2026-09-20 00:00:00,3000,3500,3250,500,16.67%,Valid,Normal,Normal
Tamil Nadu,Coimbatore,Sundarapuram(Uzhavar Sandhai ),Green Avare(W),Green Avare (W),Local,2026-09-20 00:00:00,6000,6500,6250,500,8.33%,Valid,Normal,Normal
Tamil Nadu,Coimbatore,Sundarapuram(Uzhavar Sandhai ),Chow Chow,Chow Chow,Local,2026-09-20 00:00:00,3000,3600,3300,600,20.00%,Valid,Normal,Normal
Haryana,Gurgaon,Gurgaon APMC,Banana,Other,Grade B,2026-09-20 00:00:00,3000,4000,3500,1000,33.33%,Valid,Normal,Normal
Haryana,Gurgaon,Gurgaon APMC,Bitter gourd,Other,Grade A,2026-09-20 00:00:00,1000,2000,1500,1000,100.00%,Valid,Normal,Normal
Andhra Pradesh,Kakinada,Jaggampet APMC,Paddy(Common),Common,FAQ,2026-09-20 00:00:00,2369,2380,2369,11,0.46%,Valid,Normal,Normal
Tamil Nadu,Erode,Sathiyamagalam(Uzhavar Sandhai ),Onion,Bellary,Local,2026-09-20 00:00:00,5500,6000,5750,500,9.09%,Valid,Normal,Normal
Tamil Nadu,Erode,Sathiyamagalam(Uzhavar Sandhai ),Ashgourd,Gouard,Local,2026-09-20 00:00:00,2000,2300,2150,300,15.00%,Valid,Normal,Normal
Tamil Nadu,Erode,Sathiyamagalam(Uzhavar Sandhai ),Amaranthus,Amaranthus,Local,2026-09-20 00:00:00,3500,4000,3750,500,14.29%,Valid,Normal,Normal
Tamil Nadu,Erode,Sathiyamagalam(Uzhavar Sandhai ),Cowpea(Veg),Cowpea (Veg),Local,2026-09-20 00:00:00,2000,2400,2200,400,20.00%,Valid,Normal,Normal
Tamil Nadu,Erode,Sathiyamagalam(Uzhavar Sandhai ),Banana - Green,Banana - Green,Local,2026-09-20 00:00:00,3000,3500,3250,500,16.67%,Valid,Normal,Normal
Tamil Nadu,Erode,Sathiyamagalam(Uzhavar Sandhai ),Coconut,Coconut,Local,2026-09-20 00:00:00,4500,5000,4750,500,11.11%,Valid,Normal,Normal
Tamil Nadu,Erode,Sathiyamagalam(Uzhavar Sandhai ),Snakeguard,Snakeguard,Local,2026-09-20 00:00:00,3000,3500,3250,500,16.67%,Valid,Normal,Normal
Tamil Nadu,Erode,Sathiyamagalam(Uzhavar Sandhai ),Turnip,Turnip,Local,2026-09-20 00:00:00,6400,6800,6600,400,6.25%,Valid,Normal,Normal
Tamil Nadu,Erode,Sathiyamagalam(Uzhavar Sandhai ),Onion Green,Onion Green,Local,2026-09-20 00:00:00,6500,7000,6750,500,7.69%,Valid,Normal,Normal
Tamil Nadu,Erode,Sathiyamagalam(Uzhavar Sandhai ),Mint(Pudina),Mint(Pudina),Local,2026-09-20 00:00:00,4500,5000,4750,500,11.11%,Valid,Normal,Normal
Tamil Nadu,Coimbatore,Mettupalayam(Uzhavar Sandhai ),Banana,Besrai,Local,2026-09-20 00:00:00,4000,8000,6000,4000,100.00%,Valid,Normal,Normal
Tamil Nadu,Coimbatore,Mettupalayam(Uzhavar Sandhai ),Garlic,Garlic,Local,2026-09-20 00:00:00,16000,18000,17000,2000,12.50%,Valid,Normal,Normal
Tamil Nadu,Coimbatore,Mettupalayam(Uzhavar Sandhai ),Chikoos(Sapota),Sapota,Local,2026-09-20 00:00:00,4500,5000,4750,500,11.11%,Valid,Normal,Normal
Tamil Nadu,Coimbatore,Mettupalayam(Uzhavar Sandhai ),Tomato,Deshi,Local,2026-09-20 00:00:00,2500,3000,2750,500,20.00%,Valid,Normal,Normal
Tamil Nadu,Coimbatore,Mettupalayam(Uzhavar Sandhai ),Cluster beans,Cluster Beans,Local,2026-09-20 00:00:00,3500,3800,3650,300,8.57%,Valid,Normal,Normal
Tamil Nadu,Coimbatore,Mettupalayam(Uzhavar Sandhai ),Green Chilli,Green Chilly,Local,2026-09-20 00:00:00,5000,5500,5250,500,10.00%,Valid,Normal,Normal
Tamil Nadu,Coimbatore,Mettupalayam(Uzhavar Sandhai ),Ginger(Green),Green Ginger,Local,2026-09-20 00:00:00,7500,17000,12250,9500,126.67%,Valid,Normal,Normal
Tamil Nadu,Coimbatore,Mettupalayam(Uzhavar Sandhai ),Sweet Potato,Hosur Red,Local,2026-09-20 00:00:00,5000,5500,5250,500,10.00%,Valid,Normal,Normal
Tamil Nadu,Coimbatore,Mettupalayam(Uzhavar Sandhai ),Cucumbar(Kheera),Cucumbar,Local,2026-09-20 00:00:00,4000,4500,4250,500,12.50%,Valid,Normal,Normal
Tamil Nadu,Coimbatore,Mettupalayam(Uzhavar Sandhai ),Raddish,Raddish,Local,2026-09-20 00:00:00,2500,3000,2750,500,20.00%,Valid,Normal,Normal
Tamil Nadu,Coimbatore,Mettupalayam(Uzhavar Sandhai ),Mashrooms,Mashrooms,Local,2026-09-20 00:00:00,16000,20000,18000,4000,25.00%,Valid,Normal,Normal
Tamil Nadu,Coimbatore,Mettupalayam(Uzhavar Sandhai ),Onion Green,Onion Green,Local,2026-09-20 00:00:00,8500,9200,8850,700,8.24%,Valid,Normal,Normal
Uttar Pradesh,Bijnor,Najibabad APMC,Onion,Other,FAQ,2026-09-20 00:00:00,2000,2000,2000,0,0.00%,Valid,Normal,Normal
Uttar Pradesh,Bijnor,Najibabad APMC,Wood,Eucalyptus,FAQ,2026-09-20 00:00:00,520,520,520,0,0.00%,Valid,Normal,Normal
Tamil Nadu,Namakkal,Tiruchengode APMC,Brinjal,Other,Local,2026-09-20 00:00:00,5400,6000,5700,600,11.11%,Valid,Normal,Normal
Tamil Nadu,Namakkal,Tiruchengode APMC,Banana,Red Banana,Local,2026-09-20 00:00:00,7000,8000,7500,1000,14.29%,Valid,Normal,Normal
Tamil Nadu,Namakkal,Tiruchengode APMC,Mousambi(Sweet Lime),Mousambi,Local,2026-09-20 00:00:00,3500,4000,3750,500,14.29%,Valid,Normal,Normal
Tamil Nadu,Namakkal,Tiruchengode APMC,Cabbage,Cabbage,Local,2026-09-20 00:00:00,2600,3000,2800,400,15.38%,Valid,Normal,Normal
Tamil Nadu,Namakkal,Tiruchengode APMC,Beetroot,Beetroot,Local,2026-09-20 00:00:00,5400,6000,5700,600,11.11%,Valid,Normal,Normal
Telangana,Siddipet,Vantamamidi APMC,Cabbage,Cabbage,Local,2026-09-20 00:00:00,600,1000,800,400,66.67%,Valid,Normal,Normal
Telangana,Siddipet,Vantamamidi APMC,Cucumbar(Kheera),Cucumbar,Local,2026-09-20 00:00:00,1200,1600,1400,400,33.33%,Valid,Normal,Normal
Andhra Pradesh,Kakinada,Sampara (Kakinada Rural) APMC,Paddy(Common),1001,FAQ,2026-09-20 00:00:00,2369,2389,2379,20,0.84%,Valid,Normal,Normal
Tamil Nadu,Coimbatore,RSPuram(Uzhavar Sandhai ),Banana,Red Banana,Local,2026-09-20 00:00:00,8000,8600,8300,600,7.50%,Valid,Normal,Normal
Tamil Nadu,Coimbatore,RSPuram(Uzhavar Sandhai ),Grapes,Annabesahai,Local,2026-09-20 00:00:00,10000,11000,10500,1000,10.00%,Valid,Normal,Normal
Tamil Nadu,Coimbatore,RSPuram(Uzhavar Sandhai ),Garlic,Garlic,Local,2026-09-20 00:00:00,22000,23600,22800,1600,7.27%,Valid,Normal,Normal
Tamil Nadu,Coimbatore,RSPuram(Uzhavar Sandhai ),Cauliflower,Ranchi,Local,2026-09-20 00:00:00,4400,4600,4500,200,4.55%,Valid,Normal,Normal
Tamil Nadu,Coimbatore,RSPuram(Uzhavar Sandhai ),Papaya,Papaya,Local,2026-09-20 00:00:00,5000,5600,5300,600,12.00%,Valid,Normal,Normal
Tamil Nadu,Coimbatore,RSPuram(Uzhavar Sandhai ),Bhindi(Ladies Finger),Bhindi,Local,2026-09-20 00:00:00,4000,4600,4300,600,15.00%,Valid,Normal,Normal
Tamil Nadu,Coimbatore,RSPuram(Uzhavar Sandhai ),Cowpea(Veg),Cowpea (Veg),Local,2026-09-20 00:00:00,3800,4200,4000,400,10.53%,Valid,Normal,Normal
Tamil Nadu,Coimbatore,RSPuram(Uzhavar Sandhai ),Sweet Potato,Hosur Red,Local,2026-09-20 00:00:00,5500,6000,5750,500,9.09%,Valid,Normal,Normal
Tamil Nadu,Coimbatore,RSPuram(Uzhavar Sandhai ),Carrot,Pusakesar,Local,2026-09-20 00:00:00,4000,4700,4350,700,17.50%,Valid,Normal,Normal
Tamil Nadu,Coimbatore,RSPuram(Uzhavar Sandhai ),Snakeguard,Snakeguard,Local,2026-09-20 00:00:00,2600,3000,2800,400,15.38%,Valid,Normal,Normal
Tamil Nadu,Coimbatore,RSPuram(Uzhavar Sandhai ),Cucumbar(Kheera),Cucumbar,Local,2026-09-20 00:00:00,4200,4600,4400,400,9.52%,Valid,Normal,Normal
Tamil Nadu,Coimbatore,RSPuram(Uzhavar Sandhai ),Raddish,Raddish,Local,2026-09-20 00:00:00,2500,3000,2750,500,20.00%,Valid,Normal,Normal
Tamil Nadu,Coimbatore,RSPuram(Uzhavar Sandhai ),Chow Chow,Chow Chow,Local,2026-09-20 00:00:00,2500,3200,2850,700,28.00%,Valid,Normal,Normal
Tamil Nadu,Coimbatore,RSPuram(Uzhavar Sandhai ),Karbuja(Musk Melon),Karbhuja,Local,2026-09-20 00:00:00,4400,4800,4600,400,9.09%,Valid,Normal,Normal
Tamil Nadu,Coimbatore,RSPuram(Uzhavar Sandhai ),Indian Beans(Seam),Indian Beans (Seam),Local,2026-09-20 00:00:00,6000,6500,6250,500,8.33%,Valid,Normal,Normal
Tamil Nadu,Coimbatore,RSPuram(Uzhavar Sandhai ),Colacasia,Colacasia,Local,2026-09-20 00:00:00,4500,5000,4750,500,11.11%,Valid,Normal,Normal
Tamil Nadu,Coimbatore,RSPuram(Uzhavar Sandhai ),Pear(Marasebu),Pears,Local,2026-09-20 00:00:00,14000,15000,14500,1000,7.14%,Valid,Normal,Normal
Tamil Nadu,Coimbatore,Singanallur(Uzhavar Sandhai ),Banana,Besrai,Local,2026-09-20 00:00:00,6000,9000,7500,3000,50.00%,Valid,Normal,Normal
Tamil Nadu,Coimbatore,Singanallur(Uzhavar Sandhai ),Pineapple,Pine Apple,Local,2026-09-20 00:00:00,5000,6000,5500,1000,20.00%,Valid,Normal,Normal
Tamil Nadu,Coimbatore,Singanallur(Uzhavar Sandhai ),Cluster beans,Cluster Beans,Local,2026-09-20 00:00:00,3400,3800,3600,400,11.76%,Valid,Normal,Normal
Tamil Nadu,Coimbatore,Singanallur(Uzhavar Sandhai ),Tapioca,Tapioca,Local,2026-09-20 00:00:00,3200,3600,3400,400,12.50%,Valid,Normal,Normal
Tamil Nadu,Coimbatore,Singanallur(Uzhavar Sandhai ),Beetroot,Beetroot,Local,2026-09-20 00:00:00,4000,5800,4900,1800,45.00%,Valid,Normal,Normal
Tamil Nadu,Coimbatore,Singanallur(Uzhavar Sandhai ),Knool Khol,Knool Khol,Local,2026-09-20 00:00:00,3800,4200,4000,400,10.53%,Valid,Normal,Normal
Tamil Nadu,Coimbatore,Pollachi(Uzhavar Sandhai ),Cauliflower,Ranchi,Local,2026-09-20 00:00:00,4500,5000,4750,500,11.11%,Valid,Normal,Normal
Tamil Nadu,Coimbatore,Pollachi(Uzhavar Sandhai ),Coriander(Leaves),I Sort,Local,2026-09-20 00:00:00,5000,6000,5500,1000,20.00%,Valid,Normal,Normal
Tamil Nadu,Coimbatore,Pollachi(Uzhavar Sandhai ),Papaya,Papaya,Local,2026-09-20 00:00:00,4000,4500,4250,500,12.50%,Valid,Normal,Normal
Tamil Nadu,Coimbatore,Pollachi(Uzhavar Sandhai ),Carrot,Pusakesar,Local,2026-09-20 00:00:00,4500,5500,5000,1000,22.22%,Valid,Normal,Normal
Tamil Nadu,Coimbatore,Pollachi(Uzhavar Sandhai ),Thondekai,Thondekai,Local,2026-09-20 00:00:00,4000,4500,4250,500,12.50%,Valid,Normal,Normal
Tamil Nadu,Coimbatore,Pollachi(Uzhavar Sandhai ),Chow Chow,Chow Chow,Local,2026-09-20 00:00:00,3500,4000,3750,500,14.29%,Valid,Normal,Normal
Tamil Nadu,Coimbatore,Pollachi(Uzhavar Sandhai ),Yam(Ratalu),Yam (Ratalu),Local,2026-09-20 00:00:00,5000,6000,5500,1000,20.00%,Valid,Normal,Normal
Odisha,Bargarh,Godbhaga APMC,Cauliflower,Other,Local,2026-09-20 00:00:00,3450,3800,3600,350,10.14%,Valid,Normal,Normal
Telangana,Ranga Reddy,"Vanasthalipuram,RBZ",Carrot,Carrot,Grade A,2026-09-20 00:00:00,5000,5000,5000,0,0.00%,Valid,Normal,Normal
Telangana,Ranga Reddy,"Vanasthalipuram,RBZ",Potato,Potato,Grade A,2026-09-20 00:00:00,2000,2000,2000,0,0.00%,Valid,Normal,Normal
Telangana,Ranga Reddy,"Vanasthalipuram,RBZ",Bottle gourd,Bottle Gourd,Grade A,2026-09-20 00:00:00,1300,1300,1300,0,0.00%,Valid,Normal,Normal
Telangana,Ranga Reddy,"Vanasthalipuram,RBZ",Field Bean(Anumulu),Field Bean(Anumulu),Grade A,2026-09-20 00:00:00,4500,4500,4500,0,0.00%,Valid,Normal,Normal
Telangana,Ranga Reddy,"Vanasthalipuram,RBZ",Wild Cucumber,Wild Cucumber,Grade A,2026-09-20 00:00:00,2300,2300,2300,0,0.00%,Valid,Normal,Normal
Telangana,Ranga Reddy,"Vanasthalipuram,RBZ",Leafy Vegetable,Leafy Vegetables,Grade A,2026-09-20 00:00:00,5000,5000,5000,0,0.00%,Valid,Normal,Normal
Tamil Nadu,Karur,Karur(Uzhavar Sandhai ),Banana,Red Banana,Local,2026-09-20 00:00:00,5000,6000,5500,1000,20.00%,Valid,Normal,Normal
Tamil Nadu,Karur,Karur(Uzhavar Sandhai ),Onion,Bellary,Local,2026-09-20 00:00:00,6000,6500,6250,500,8.33%,Valid,Normal,Normal
Tamil Nadu,Karur,Karur(Uzhavar Sandhai ),Potato,Other,Local,2026-09-20 00:00:00,5500,6000,5750,500,9.09%,Valid,Normal,Normal
Tamil Nadu,Karur,Karur(Uzhavar Sandhai ),Coriander(Leaves),I Sort,Local,2026-09-20 00:00:00,5500,6000,5750,500,9.09%,Valid,Normal,Normal
Tamil Nadu,Karur,Karur(Uzhavar Sandhai ),Amaranthus,Amaranthus,Local,2026-09-20 00:00:00,2000,2500,2250,500,25.00%,Valid,Normal,Normal
Tamil Nadu,Karur,Karur(Uzhavar Sandhai ),Ginger(Green),Green Ginger,Local,2026-09-20 00:00:00,18500,19000,18750,500,2.70%,Valid,Normal,Normal
Tamil Nadu,Karur,Karur(Uzhavar Sandhai ),Thondekai,Thondekai,Local,2026-09-20 00:00:00,4500,5000,4750,500,11.11%,Valid,Normal,Normal
Tamil Nadu,Karur,Karur(Uzhavar Sandhai ),Drumstick,Drumstick,Local,2026-09-20 00:00:00,2500,3000,2750,500,20.00%,Valid,Normal,Normal
Tamil Nadu,Karur,Karur(Uzhavar Sandhai ),Mint(Pudina),Mint(Pudina),Local,2026-09-20 00:00:00,5500,6000,5750,500,9.09%,Valid,Normal,Normal
Tamil Nadu,Coimbatore,Kurichi(Uzhavar Sandhai ),Cluster beans,Cluster Beans,Local,2026-09-20 00:00:00,3200,3800,3500,600,18.75%,Valid,Normal,Normal
Tamil Nadu,Coimbatore,Kurichi(Uzhavar Sandhai ),Bitter gourd,Other,Local,2026-09-20 00:00:00,4500,5200,4850,700,15.56%,Valid,Normal,Normal
Tamil Nadu,Coimbatore,Kurichi(Uzhavar Sandhai ),Amaranthus,Amaranthus,Local,2026-09-20 00:00:00,5500,6500,6000,1000,18.18%,Valid,Normal,Normal
Tamil Nadu,Coimbatore,Kurichi(Uzhavar Sandhai ),Coconut,Coconut,Local,2026-09-20 00:00:00,5500,5800,5650,300,5.45%,Valid,Normal,Normal
Tamil Nadu,Coimbatore,Kurichi(Uzhavar Sandhai ),Ridgeguard(Tori),Ridgeguard(Tori),Local,2026-09-20 00:00:00,4000,4500,4250,500,12.50%,Valid,Normal,Normal
Tamil Nadu,Coimbatore,Kurichi(Uzhavar Sandhai ),Raddish,Raddish,Local,2026-09-20 00:00:00,3000,3500,3250,500,16.67%,Valid,Normal,Normal
Tamil Nadu,Coimbatore,Kurichi(Uzhavar Sandhai ),Elephant Yam(Suran)/Amorphophallus,Elephant Yam (Suran),Local,2026-09-20 00:00:00,3500,4000,3750,500,14.29%,Valid,Normal,Normal
Tamil Nadu,Cuddalore,Cuddalore(Uzhavar Sandhai ),Bottle gourd,Bottle Gourd,Local,2026-09-20 00:00:00,2000,2500,2250,500,25.00%,Valid,Normal,Normal
Tamil Nadu,Cuddalore,Cuddalore(Uzhavar Sandhai ),Ashgourd,Gouard,Local,2026-09-20 00:00:00,2000,3000,2500,1000,50.00%,Valid,Normal,Normal
Tamil Nadu,Cuddalore,Cuddalore(Uzhavar Sandhai ),Pumpkin,Pumpkin,Local,2026-09-20 00:00:00,2000,2000,2000,0,0.00%,Valid,Normal,Normal
Tamil Nadu,Cuddalore,Cuddalore(Uzhavar Sandhai ),Bhindi(Ladies Finger),Bhindi,Local,2026-09-20 00:00:00,3000,3000,3000,0,0.00%,Valid,Normal,Normal
Tamil Nadu,Cuddalore,Cuddalore(Uzhavar Sandhai ),Raddish,Raddish,Local,2026-09-20 00:00:00,3000,3500,3250,500,16.67%,Valid,Normal,Normal
Tamil Nadu,Cuddalore,Cuddalore(Uzhavar Sandhai ),Amla(Nelli Kai),Amla,Local,2026-09-20 00:00:00,14000,14000,14000,0,0.00%,Valid,Normal,Normal
Tamil Nadu,Tuticorin,Tuticorin(Uzhavar Sandhai ),Apple,American,Local,2026-09-20 00:00:00,19000,20000,19500,1000,5.26%,Valid,Normal,Normal
Tamil Nadu,Tuticorin,Tuticorin(Uzhavar Sandhai ),Green Peas,Green Peas,Local,2026-09-20 00:00:00,15000,16000,15500,1000,6.67%,Valid,Normal,Normal
Tamil Nadu,Tuticorin,Tuticorin(Uzhavar Sandhai ),Cluster beans,Cluster Beans,Local,2026-09-20 00:00:00,2500,3000,2750,500,20.00%,Valid,Normal,Normal
Tamil Nadu,Tuticorin,Tuticorin(Uzhavar Sandhai ),Bitter gourd,Other,Local,2026-09-20 00:00:00,5000,6000,5500,1000,20.00%,Valid,Normal,Normal
Tamil Nadu,Tuticorin,Tuticorin(Uzhavar Sandhai ),Bottle gourd,Bottle Gourd,Local,2026-09-20 00:00:00,1500,2000,1750,500,33.33%,Valid,Normal,Normal
Tamil Nadu,Tuticorin,Tuticorin(Uzhavar Sandhai ),Green Chilli,Green Chilly,Local,2026-09-20 00:00:00,7500,8000,7750,500,6.67%,Valid,Normal,Normal
Tamil Nadu,Tuticorin,Tuticorin(Uzhavar Sandhai ),Banana - Green,Banana - Green,Local,2026-09-20 00:00:00,2500,3000,2750,500,20.00%,Valid,Normal,Normal
Tamil Nadu,Tuticorin,Tuticorin(Uzhavar Sandhai ),Beans,Beans (Whole),Local,2026-09-20 00:00:00,13000,14000,13500,1000,7.69%,Valid,Normal,Normal
Tamil Nadu,Tuticorin,Tuticorin(Uzhavar Sandhai ),Green Avare(W),Other,Local,2026-09-20 00:00:00,11000,12000,11500,1000,9.09%,Valid,Normal,Normal
Tamil Nadu,Tuticorin,Tuticorin(Uzhavar Sandhai ),Lemon,Lemon,Local,2026-09-20 00:00:00,27000,28000,27500,1000,3.70%,Valid,Normal,Normal
Tamil Nadu,Tuticorin,Tuticorin(Uzhavar Sandhai ),Amla(Nelli Kai),Amla,Local,2026-09-20 00:00:00,6500,7000,6750,500,7.69%,Valid,Normal,Normal
Tamil Nadu,Tuticorin,Tuticorin(Uzhavar Sandhai ),Mint(Pudina),Mint(Pudina),Local,2026-09-20 00:00:00,7500,8000,7750,500,6.67%,Valid,Normal,Normal
Tamil Nadu,Tuticorin,Tuticorin(Uzhavar Sandhai ),Sweet Corn,Sweet Corn,Local,2026-09-20 00:00:00,5000,6000,5500,1000,20.00%,Valid,Normal,Normal
Tamil Nadu,Nagercoil (Kannyiakumari),Vadaseri APMC,Onion,Bellary,Local,2026-09-20 00:00:00,7000,7500,7250,500,7.14%,Valid,Normal,Normal
Tamil Nadu,Nagercoil (Kannyiakumari),Vadaseri APMC,Tapioca,Tapioca,Local,2026-09-20 00:00:00,3500,4000,3750,500,14.29%,Valid,Normal,Normal
Tamil Nadu,Nagercoil (Kannyiakumari),Vadaseri APMC,Carrot,Pusakesar,Local,2026-09-20 00:00:00,6500,7000,6750,500,7.69%,Valid,Normal,Normal
Tamil Nadu,Nagercoil (Kannyiakumari),Vadaseri APMC,Snakeguard,Snakeguard,Local,2026-09-20 00:00:00,3500,4000,3750,500,14.29%,Valid,Normal,Normal
Tamil Nadu,Nagercoil (Kannyiakumari),Vadaseri APMC,Raddish,Raddish,Local,2026-09-20 00:00:00,4000,4500,4250,500,12.50%,Valid,Normal,Normal
Tamil Nadu,Nagercoil (Kannyiakumari),Vadaseri APMC,Jack Fruit(Ripe),Jack Fruit,Local,2026-09-20 00:00:00,3000,3500,3250,500,16.67%,Valid,Normal,Normal
Tamil Nadu,Nagercoil (Kannyiakumari),Vadaseri APMC,Tender Coconut,Tender Coconut,Local,2026-09-20 00:00:00,4500,5000,4750,500,11.11%,Valid,Normal,Normal
Tamil Nadu,Nagercoil (Kannyiakumari),Vadaseri APMC,Kakada,Kakada,Local,2026-09-20 00:00:00,50000,60000,55000,10000,20.00%,Valid,Normal,Review
Tamil Nadu,Nagercoil (Kannyiakumari),Vadaseri APMC,Elephant Yam(Suran)/Amorphophallus,Elephant Yam (Suran),Local,2026-09-20 00:00:00,5500,6000,5750,500,9.09%,Valid,Normal,Normal
Madhya Pradesh,Morena,Kailaras APMC,Brinjal,Other,FAQ,2026-09-20 00:00:00,1000,1000,1000,0,0.00%,Valid,Normal,Normal
Madhya Pradesh,Morena,Kailaras APMC,Seetapal,Seethaphal,Medium,2026-09-20 00:00:00,900,900,900,0,0.00%,Valid,Normal,Normal
Tamil Nadu,Vellore,Thirupathur APMC,Groundnut,Big (With Shell),Local,2026-09-20 00:00:00,6000,6000,6000,0,0.00%,Valid,Normal,Normal
Tamil Nadu,Vellore,Thirupathur APMC,Chikoos(Sapota),Sapota,Local,2026-09-20 00:00:00,4000,4000,4000,0,0.00%,Valid,Normal,Normal
Tamil Nadu,Vellore,Thirupathur APMC,Amaranthus,Amaranthus,Local,2026-09-20 00:00:00,2000,2000,2000,0,0.00%,Valid,Normal,Normal
Tamil Nadu,Vellore,Thirupathur APMC,Sweet Potato,Hosur Red,Local,2026-09-20 00:00:00,4000,4000,4000,0,0.00%,Valid,Normal,Normal
Tamil Nadu,Vellore,Thirupathur APMC,Snakeguard,Snakeguard,Local,2026-09-20 00:00:00,3000,3000,3000,0,0.00%,Valid,Normal,Normal
Tamil Nadu,Vellore,Thirupathur APMC,Raddish,Raddish,Local,2026-09-20 00:00:00,2800,2800,2800,0,0.00%,Valid,Normal,Normal
Tamil Nadu,Vellore,Thirupathur APMC,Mango(Raw-Ripe),Mango - Raw-Ripe,Local,2026-09-20 00:00:00,20000,20000,20000,0,0.00%,Valid,Normal,Normal
Tamil Nadu,Vellore,Thirupathur APMC,Knool Khol,Knool Khol,Local,2026-09-20 00:00:00,4500,4500,4500,0,0.00%,Valid,Normal,Normal
Tamil Nadu,Vellore,Vellore APMC,Groundnut,Big (With Shell),Local,2026-09-20 00:00:00,8000,8000,8000,0,0.00%,Valid,Normal,Normal
Tamil Nadu,Vellore,Vellore APMC,Tomato,Deshi,Local,2026-09-20 00:00:00,2800,2800,2800,0,0.00%,Valid,Normal,Normal
Tamil Nadu,Vellore,Vellore APMC,Cluster beans,Cluster Beans,Local,2026-09-20 00:00:00,3500,3500,3500,0,0.00%,Valid,Normal,Normal
Tamil Nadu,Vellore,Vellore APMC,Bhindi(Ladies Finger),Bhindi,Local,2026-09-20 00:00:00,4000,4000,4000,0,0.00%,Valid,Normal,Normal
Tamil Nadu,Vellore,Vellore APMC,Banana - Green,Banana - Green,Local,2026-09-20 00:00:00,3500,3500,3500,0,0.00%,Valid,Normal,Normal
Tamil Nadu,Vellore,Vellore APMC,Snakeguard,Snakeguard,Local,2026-09-20 00:00:00,2000,2000,2000,0,0.00%,Valid,Normal,Normal
Tamil Nadu,Vellore,Vellore APMC,Chow Chow,Chow Chow,Local,2026-09-20 00:00:00,3500,3500,3500,0,0.00%,Valid,Normal,Normal
Tamil Nadu,Vellore,Vellore APMC,Pomegranate,Pomogranate,Local,2026-09-20 00:00:00,16000,16000,16000,0,0.00%,Valid,Normal,Normal
Tamil Nadu,Vellore,Vellore APMC,Sweet Corn,Sweet Corn,Local,2026-09-20 00:00:00,3000,3000,3000,0,0.00%,Valid,Normal,Normal
Chattisgarh,Surajpur,Surajpur APMC,Paddy(Common),Mahamaya,Non-FAQ,2026-09-20 00:00:00,2390,2390,2390,0,0.00%,Valid,Normal,Normal
Bihar,Sheikhpura,Shekhpura APMC,Brinjal,Arkasheela Mattigulla,FAQ,2026-09-20 00:00:00,3776,3900,3840,124,3.28%,Valid,Normal,Normal
Bihar,Sheikhpura,Shekhpura APMC,Cucumbar(Kheera),Cucumbar,FAQ,2026-09-20 00:00:00,3885,4015,3950,130,3.35%,Valid,Normal,Normal
Tamil Nadu,Dharmapuri,Harur(Uzhavar Sandhai ),Garlic,Garlic,Local,2026-09-20 00:00:00,20000,25000,22500,5000,25.00%,Valid,Normal,Normal
Tamil Nadu,Dharmapuri,Harur(Uzhavar Sandhai ),Bhindi(Ladies Finger),Bhindi,Local,2026-09-20 00:00:00,2000,2500,2250,500,25.00%,Valid,Normal,Normal
Tamil Nadu,Dharmapuri,Harur(Uzhavar Sandhai ),Green Chilli,Green Chilly,Local,2026-09-20 00:00:00,4500,5000,4750,500,11.11%,Valid,Normal,Normal
Tamil Nadu,Dharmapuri,Harur(Uzhavar Sandhai ),Beans,Beans (Whole),Local,2026-09-20 00:00:00,9000,10000,9500,1000,11.11%,Valid,Normal,Normal
Tamil Nadu,Dharmapuri,Harur(Uzhavar Sandhai ),Carrot,Pusakesar,Local,2026-09-20 00:00:00,6000,6500,6250,500,8.33%,Valid,Normal,Normal
Tamil Nadu,Dharmapuri,Harur(Uzhavar Sandhai ),Beetroot,Beetroot,Local,2026-09-20 00:00:00,4500,5000,4750,500,11.11%,Valid,Normal,Normal
Tamil Nadu,Dharmapuri,Harur(Uzhavar Sandhai ),Cucumbar(Kheera),Cucumbar,Local,2026-09-20 00:00:00,4500,5000,4750,500,11.11%,Valid,Normal,Normal
Tamil Nadu,Dharmapuri,Harur(Uzhavar Sandhai ),Raddish,Raddish,Local,2026-09-20 00:00:00,2000,2500,2250,500,25.00%,Valid,Normal,Normal
Tamil Nadu,Dharmapuri,Harur(Uzhavar Sandhai ),Mint(Pudina),Mint(Pudina),Local,2026-09-20 00:00:00,3500,4000,3750,500,14.29%,Valid,Normal,Normal
Tamil Nadu,Krishnagiri,Kaveripattinam(Uzhavar Sandhai ),Brinjal,Round,Local,2026-09-20 00:00:00,3000,4000,3500,1000,33.33%,Valid,Normal,Normal
Tamil Nadu,Krishnagiri,Kaveripattinam(Uzhavar Sandhai ),Onion,Bellary,Local,2026-09-20 00:00:00,5500,5500,5500,0,0.00%,Valid,Normal,Normal
Tamil Nadu,Krishnagiri,Kaveripattinam(Uzhavar Sandhai ),Coriander(Leaves),I Sort,Local,2026-09-20 00:00:00,5500,5500,5500,0,0.00%,Valid,Normal,Normal
Tamil Nadu,Krishnagiri,Kaveripattinam(Uzhavar Sandhai ),Bhindi(Ladies Finger),Bhindi,Local,2026-09-20 00:00:00,2000,2000,2000,0,0.00%,Valid,Normal,Normal
Tamil Nadu,Krishnagiri,Kaveripattinam(Uzhavar Sandhai ),Amaranthus,Amaranthus,Local,2026-09-20 00:00:00,2000,2500,2250,500,25.00%,Valid,Normal,Normal
Tamil Nadu,Krishnagiri,Kaveripattinam(Uzhavar Sandhai ),Beans,Beans (Whole),Local,2026-09-20 00:00:00,9000,9000,9000,0,0.00%,Valid,Normal,Normal
Tamil Nadu,Krishnagiri,Kaveripattinam(Uzhavar Sandhai ),Ginger(Green),Green Ginger,Local,2026-09-20 00:00:00,14000,14000,14000,0,0.00%,Valid,Normal,Normal
Tamil Nadu,Krishnagiri,Kaveripattinam(Uzhavar Sandhai ),Carrot,Pusakesar,Local,2026-09-20 00:00:00,5000,5000,5000,0,0.00%,Valid,Normal,Normal
Tamil Nadu,Krishnagiri,Kaveripattinam(Uzhavar Sandhai ),Onion Green,Onion Green,Local,2026-09-20 00:00:00,8000,8000,8000,0,0.00%,Valid,Normal,Normal
Tamil Nadu,The Nilgiris,Coonoor(Uzhavar Sandhai ),Cluster beans,Cluster Beans,Local,2026-09-20 00:00:00,3800,4000,3900,200,5.26%,Valid,Normal,Normal
Tamil Nadu,The Nilgiris,Coonoor(Uzhavar Sandhai ),Ashgourd,Gouard,Local,2026-09-20 00:00:00,2400,2700,2550,300,12.50%,Valid,Normal,Normal
Tamil Nadu,The Nilgiris,Coonoor(Uzhavar Sandhai ),Bhindi(Ladies Finger),Bhindi,Local,2026-09-20 00:00:00,4000,4400,4200,400,10.00%,Valid,Normal,Normal
Tamil Nadu,The Nilgiris,Coonoor(Uzhavar Sandhai ),Banana - Green,Banana - Green,Local,2026-09-20 00:00:00,4500,5000,4750,500,11.11%,Valid,Normal,Normal
Tamil Nadu,The Nilgiris,Coonoor(Uzhavar Sandhai ),Coconut,Coconut,Local,2026-09-20 00:00:00,6000,6400,6200,400,6.67%,Valid,Normal,Normal
Tamil Nadu,The Nilgiris,Coonoor(Uzhavar Sandhai ),Snakeguard,Snakeguard,Local,2026-09-20 00:00:00,3500,3800,3650,300,8.57%,Valid,Normal,Normal
Tamil Nadu,The Nilgiris,Coonoor(Uzhavar Sandhai ),Thondekai,Thondekai,Local,2026-09-20 00:00:00,3600,4000,3800,400,11.11%,Valid,Normal,Normal
Tamil Nadu,The Nilgiris,Gudalur(Uzhavar Sandhai ),Coriander(Leaves),I Sort,Local,2026-09-20 00:00:00,6000,7000,6500,1000,16.67%,Valid,Normal,Normal
Tamil Nadu,The Nilgiris,Gudalur(Uzhavar Sandhai ),Bhindi(Ladies Finger),Bhindi,Local,2026-09-20 00:00:00,4500,5000,4750,500,11.11%,Valid,Normal,Normal
Tamil Nadu,The Nilgiris,Gudalur(Uzhavar Sandhai ),Amaranthus,Amaranthus,Local,2026-09-20 00:00:00,5000,6000,5500,1000,20.00%,Valid,Normal,Normal
Tamil Nadu,The Nilgiris,Gudalur(Uzhavar Sandhai ),Cowpea(Veg),Cowpea (Veg),Local,2026-09-20 00:00:00,3000,3500,3250,500,16.67%,Valid,Normal,Normal
Tamil Nadu,The Nilgiris,Gudalur(Uzhavar Sandhai ),Banana - Green,Banana - Green,Local,2026-09-20 00:00:00,4000,4500,4250,500,12.50%,Valid,Normal,Normal
Tamil Nadu,The Nilgiris,Gudalur(Uzhavar Sandhai ),Cabbage,Cabbage,Local,2026-09-20 00:00:00,1800,2000,1900,200,11.11%,Valid,Normal,Normal
Tamil Nadu,The Nilgiris,Gudalur(Uzhavar Sandhai ),Beetroot,Beetroot,Local,2026-09-20 00:00:00,4000,5000,4500,1000,25.00%,Valid,Normal,Normal
Tamil Nadu,The Nilgiris,Gudalur(Uzhavar Sandhai ),Ridgeguard(Tori),Ridgeguard(Tori),Local,2026-09-20 00:00:00,4500,5000,4750,500,11.11%,Valid,Normal,Normal
Odisha,Angul,Angul APMC,Pointed gourd(Parval),Other,Grade B,2026-09-20 00:00:00,4500,4500,4500,0,0.00%,Valid,Normal,Normal
Odisha,Bargarh,Attabira APMC,Cabbage,Cabbage,Local,2026-09-20 00:00:00,1500,1900,1700,400,26.67%,Valid,Normal,Normal
Punjab,Tarntaran,Patti APMC,Green Chilli,Other,Local,2026-09-20 00:00:00,0.02,0.02,0.02,0,0.00%,Valid,Review,Normal
Punjab,Tarntaran,Patti APMC,Bitter gourd,Other,Local,2026-09-20 00:00:00,0.04,0.04,0.04,0,0.00%,Valid,Review,Normal
Punjab,Tarntaran,Patti APMC,Potato,Potato,Local,2026-09-20 00:00:00,0.02,0.02,0.02,0,0.00%,Valid,Review,Normal
Punjab,Tarntaran,Patti APMC,Cauliflower,Other,Local,2026-09-20 00:00:00,250,250,250,0,0.00%,Valid,Normal,Normal
Uttarakhand,Dehradoon,Vikasnagar APMC,Bhindi(Ladies Finger),Other,Medium,2026-09-20 00:00:00,1200,1500,1500,300,25.00%,Valid,Normal,Normal
Uttarakhand,Dehradoon,Vikasnagar APMC,Green Chilli,Green Chilly,Medium,2026-09-20 00:00:00,1200,2500,2500,1300,108.33%,Valid,Normal,Normal
Uttarakhand,Dehradoon,Vikasnagar APMC,Bottle gourd,Other,Medium,2026-09-20 00:00:00,800,900,900,100,12.50%,Valid,Normal,Normal
Haryana,Hissar,Hansi APMC,Guava,Other,Grade B,2026-09-20 00:00:00,4000,5000,4500,1000,25.00%,Valid,Normal,Normal
Haryana,Hissar,Hansi APMC,Potato,Other,FAQ,2026-09-20 00:00:00,1000,4000,1000,3000,300.00%,Valid,Normal,Normal
Haryana,Hissar,Hansi APMC,Colacasia,Other,FAQ,2026-09-20 00:00:00,2500,3000,2750,500,20.00%,Valid,Normal,Normal
Haryana,Hissar,Hansi APMC,Cabbage,Other,FAQ,2026-09-20 00:00:00,2500,3000,2750,500,20.00%,Valid,Normal,Normal
Haryana,Hissar,Hansi APMC,Tomato,Other,FAQ,2026-09-20 00:00:00,2500,3000,2750,500,20.00%,Valid,Normal,Normal
Andhra Pradesh,Anakapally,Anakapally APMC,Gur(Jaggery),Anakapalli,Grade Range-2,2026-09-20 00:00:00,4700,4700,4700,0,0.00%,Valid,Normal,Normal
Keralam,Kollam,Chathanoor Market,Brinjal,Other,FAQ,2026-09-20 00:00:00,4000,5000,4500,1000,25.00%,Valid,Normal,Normal
Keralam,Kollam,Chathanoor Market,Cucumbar(Kheera),Other,FAQ,2026-09-20 00:00:00,3500,4500,4000,1000,28.57%,Valid,Normal,Normal
Keralam,Kollam,Chathanoor Market,Drumstick,Other,FAQ,2026-09-20 00:00:00,4000,5000,4500,1000,25.00%,Valid,Normal,Normal
Keralam,Kollam,Chathanoor Market,Snakeguard,Other,FAQ,2026-09-20 00:00:00,3500,4500,4000,1000,28.57%,Valid,Normal,Normal
Andhra Pradesh,Prakasam,Santhamaguluru APMC,Paddy(Common),B P T,FAQ,2026-09-20 00:00:00,2500,2580,2550,80,3.20%,Valid,Normal,Normal
Keralam,Kozhikode(Calicut),Mukkom Market,Bitter gourd,Bitter Gourd,FAQ,2026-09-20 00:00:00,6400,6800,6600,400,6.25%,Valid,Normal,Normal
Keralam,Kozhikode(Calicut),Mukkom Market,Ginger(Green),Green Ginger,FAQ,2026-09-20 00:00:00,16500,17500,17000,1000,6.06%,Valid,Normal,Normal
Keralam,Kozhikode(Calicut),Mukkom Market,Cabbage,Cabbage,FAQ,2026-09-20 00:00:00,2400,2800,2600,400,16.67%,Valid,Normal,Normal
Keralam,Kozhikode(Calicut),Mukkom Market,Cowpea(Veg),Cowpea (Veg),FAQ,2026-09-20 00:00:00,6800,7200,7000,400,5.88%,Valid,Normal,Normal
Keralam,Kozhikode(Calicut),Mukkom Market,Banana - Green,Banana - Green,FAQ,2026-09-20 00:00:00,5500,5900,5700,400,7.27%,Valid,Normal,Normal
Telangana,Ranga Reddy,"Saroornagar,RBZ",Green Chilli,Other,Medium,2026-09-20 00:00:00,4000,4000,4000,0,0.00%,Valid,Normal,Normal
Keralam,Idukki,Kattappana Market,Capsicum,Other,Medium,2026-09-20 00:00:00,7500,8500,8000,1000,13.33%,Valid,Normal,Normal
Keralam,Idukki,Kattappana Market,Bhindi(Ladies Finger),Other,Medium,2026-09-20 00:00:00,4800,5400,5000,600,12.50%,Valid,Normal,Normal
Keralam,Idukki,Kattappana Market,Tapioca,Other,Medium,2026-09-20 00:00:00,3500,3500,3500,0,0.00%,Valid,Normal,Normal
Keralam,Idukki,Kattappana Market,Amla(Nelli Kai),Other,Medium,2026-09-20 00:00:00,3800,4500,4000,700,18.42%,Valid,Normal,Normal
Punjab,Gurdaspur,Quadian APMC,Tomato,Other,Grade A,2026-09-20 00:00:00,2800,3000,2900,200,7.14%,Valid,Normal,Normal
Rajasthan,Jalore,Jalore APMC,Ginger(Green),Other,Local,2026-09-20 00:00:00,4000,4400,4200,400,10.00%,Valid,Normal,Normal
Rajasthan,Jalore,Jalore APMC,Beetroot,Other,Local,2026-09-20 00:00:00,1800,2200,2000,400,22.22%,Valid,Normal,Normal
Tamil Nadu,Thirupur,Tiruppur (South) (Uzhavar Sandhai ),Coriander(Leaves),I Sort,Local,2026-09-20 00:00:00,4000,5000,4500,1000,25.00%,Valid,Normal,Normal
Tamil Nadu,Thirupur,Tiruppur (South) (Uzhavar Sandhai ),Ashgourd,Gouard,Local,2026-09-20 00:00:00,1000,1500,1250,500,50.00%,Valid,Normal,Normal
Tamil Nadu,Thirupur,Tiruppur (South) (Uzhavar Sandhai ),Bhindi(Ladies Finger),Bhindi,Local,2026-09-20 00:00:00,3000,4000,3500,1000,33.33%,Valid,Normal,Normal
Tamil Nadu,Thirupur,Tiruppur (South) (Uzhavar Sandhai ),Banana - Green,Banana - Green,Local,2026-09-20 00:00:00,2500,3000,2750,500,20.00%,Valid,Normal,Normal
Tamil Nadu,Thirupur,Tiruppur (South) (Uzhavar Sandhai ),Cabbage,Cabbage,Local,2026-09-20 00:00:00,2500,3000,2750,500,20.00%,Valid,Normal,Normal
Tamil Nadu,Thirupur,Tiruppur (South) (Uzhavar Sandhai ),Snakeguard,Snakeguard,Local,2026-09-20 00:00:00,2500,3000,2750,500,20.00%,Valid,Normal,Normal
Tamil Nadu,Thirupur,Tiruppur (South) (Uzhavar Sandhai ),Mint(Pudina),Mint(Pudina),Local,2026-09-20 00:00:00,2500,3000,2750,500,20.00%,Valid,Normal,Normal
Tamil Nadu,Erode,Perundurai(Uzhavar Sandhai ),Chikoos(Sapota),Sapota,Local,2026-09-20 00:00:00,3600,4000,3800,400,11.11%,Valid,Normal,Normal
Tamil Nadu,Erode,Perundurai(Uzhavar Sandhai ),Bitter gourd,Bitter Gourd,Local,2026-09-20 00:00:00,5000,5400,5200,400,8.00%,Valid,Normal,Normal
Tamil Nadu,Erode,Perundurai(Uzhavar Sandhai ),Green Chilli,Green Chilly,Local,2026-09-20 00:00:00,6400,6800,6600,400,6.25%,Valid,Normal,Normal
Tamil Nadu,Erode,Perundurai(Uzhavar Sandhai ),Tapioca,Tapioca,Local,2026-09-20 00:00:00,2000,2500,2250,500,25.00%,Valid,Normal,Normal
Tamil Nadu,Erode,Perundurai(Uzhavar Sandhai ),Cabbage,Cabbage,Local,2026-09-20 00:00:00,2500,2800,2650,300,12.00%,Valid,Normal,Normal
Tamil Nadu,Erode,Perundurai(Uzhavar Sandhai ),Snakeguard,Snakeguard,Local,2026-09-20 00:00:00,3000,3500,3250,500,16.67%,Valid,Normal,Normal
Tamil Nadu,Erode,Perundurai(Uzhavar Sandhai ),Raddish,Raddish,Local,2026-09-20 00:00:00,2500,2800,2650,300,12.00%,Valid,Normal,Normal
Tamil Nadu,Dharmapuri,Dharmapuri(Uzhavar Sandhai ),Brinjal,Round,Local,2026-09-20 00:00:00,1800,2000,1900,200,11.11%,Valid,Normal,Normal
Tamil Nadu,Dharmapuri,Dharmapuri(Uzhavar Sandhai ),Onion,Bellary,Local,2026-09-20 00:00:00,6200,6400,6300,200,3.23%,Valid,Normal,Normal
Tamil Nadu,Dharmapuri,Dharmapuri(Uzhavar Sandhai ),Bitter gourd,Bitter Gourd,Local,2026-09-20 00:00:00,3700,4000,3850,300,8.11%,Valid,Normal,Normal
Tamil Nadu,Dharmapuri,Dharmapuri(Uzhavar Sandhai ),Ashgourd,Gouard,Local,2026-09-20 00:00:00,1500,1600,1550,100,6.67%,Valid,Normal,Normal
Tamil Nadu,Dharmapuri,Dharmapuri(Uzhavar Sandhai ),Beans,Beans (Whole),Local,2026-09-20 00:00:00,9400,9800,9600,400,4.26%,Valid,Normal,Normal
Tamil Nadu,Dharmapuri,Dharmapuri(Uzhavar Sandhai ),Snakeguard,Snakeguard,Local,2026-09-20 00:00:00,2400,2500,2450,100,4.17%,Valid,Normal,Normal
Tamil Nadu,Dharmapuri,Dharmapuri(Uzhavar Sandhai ),Ridgeguard(Tori),Ridgeguard(Tori),Local,2026-09-20 00:00:00,2800,3000,2900,200,7.14%,Valid,Normal,Normal
Tamil Nadu,Dharmapuri,Dharmapuri(Uzhavar Sandhai ),Raddish,Raddish,Local,2026-09-20 00:00:00,1500,1600,1550,100,6.67%,Valid,Normal,Normal
Tamil Nadu,Dharmapuri,Dharmapuri(Uzhavar Sandhai ),Mint(Pudina),Mint(Pudina),Local,2026-09-20 00:00:00,7500,8000,7750,500,6.67%,Valid,Normal,Normal
Tamil Nadu,Dharmapuri,Palacode(Uzhavar Sandhai ),Indian Beans(Seam),Indian Beans (Seam),Local,2026-09-20 00:00:00,5800,6000,5900,200,3.45%,Valid,Normal,Normal
Tamil Nadu,Dharmapuri,Palacode(Uzhavar Sandhai ),Mint(Pudina),Mint(Pudina),Local,2026-09-20 00:00:00,5000,5500,5250,500,10.00%,Valid,Normal,Normal
Tamil Nadu,Dharmapuri,Pennagaram(Uzhavar Sandhai ),Banana,Besrai,Local,2026-09-20 00:00:00,4500,5000,4750,500,11.11%,Valid,Normal,Normal
Tamil Nadu,Dharmapuri,Pennagaram(Uzhavar Sandhai ),Garlic,Garlic,Local,2026-09-20 00:00:00,20000,22000,21000,2000,10.00%,Valid,Normal,Normal
Tamil Nadu,Dharmapuri,Pennagaram(Uzhavar Sandhai ),Cauliflower,Ranchi,Local,2026-09-20 00:00:00,2500,3000,2750,500,20.00%,Valid,Normal,Normal
Tamil Nadu,Dharmapuri,Pennagaram(Uzhavar Sandhai ),Tomato,Deshi,Local,2026-09-20 00:00:00,2800,3000,2900,200,7.14%,Valid,Normal,Normal
Tamil Nadu,Dharmapuri,Pennagaram(Uzhavar Sandhai ),Cluster beans,Cluster Beans,Local,2026-09-20 00:00:00,2800,3000,2900,200,7.14%,Valid,Normal,Normal
Tamil Nadu,Dharmapuri,Pennagaram(Uzhavar Sandhai ),Banana - Green,Banana - Green,Local,2026-09-20 00:00:00,2800,3000,2900,200,7.14%,Valid,Normal,Normal
Tamil Nadu,Dharmapuri,Pennagaram(Uzhavar Sandhai ),Beetroot,Beetroot,Local,2026-09-20 00:00:00,5000,5500,5250,500,10.00%,Valid,Normal,Normal
Tamil Nadu,Dharmapuri,Pennagaram(Uzhavar Sandhai ),Ridgeguard(Tori),Ridgeguard(Tori),Local,2026-09-20 00:00:00,3000,3500,3250,500,16.67%,Valid,Normal,Normal
Tamil Nadu,Dharmapuri,Pennagaram(Uzhavar Sandhai ),Green Avare(W),Green Avare (W),Local,2026-09-20 00:00:00,6000,7000,6500,1000,16.67%,Valid,Normal,Normal
Tamil Nadu,Dharmapuri,Pennagaram(Uzhavar Sandhai ),Onion Green,Onion Green,Local,2026-09-20 00:00:00,7000,8000,7500,1000,14.29%,Valid,Normal,Normal
Tamil Nadu,Dharmapuri,Pennagaram(Uzhavar Sandhai ),Sweet Corn,Sweet Corn,Local,2026-09-20 00:00:00,1800,2000,1900,200,11.11%,Valid,Normal,Normal
Tamil Nadu,Dindigul,Chinnalapatti(Uzhavar Sandhai ),Onion,Bellary,Local,2026-09-20 00:00:00,6500,7000,6750,500,7.69%,Valid,Normal,Normal
Tamil Nadu,Dindigul,Chinnalapatti(Uzhavar Sandhai ),Bitter gourd,Other,Local,2026-09-20 00:00:00,6000,7000,6500,1000,16.67%,Valid,Normal,Normal
Tamil Nadu,Dindigul,Chinnalapatti(Uzhavar Sandhai ),Pumpkin,Pumpkin,Local,2026-09-20 00:00:00,1600,2000,1800,400,25.00%,Valid,Normal,Normal
Tamil Nadu,Dindigul,Chinnalapatti(Uzhavar Sandhai ),Banana - Green,Banana - Green,Local,2026-09-20 00:00:00,3600,4000,3800,400,11.11%,Valid,Normal,Normal
Tamil Nadu,Dindigul,Chinnalapatti(Uzhavar Sandhai ),Snakeguard,Snakeguard,Local,2026-09-20 00:00:00,4000,6000,5000,2000,50.00%,Valid,Normal,Normal
Tamil Nadu,Dindigul,Chinnalapatti(Uzhavar Sandhai ),Green Avare(W),Other,Local,2026-09-20 00:00:00,7000,10000,8500,3000,42.86%,Valid,Normal,Normal
Tamil Nadu,Dindigul,Chinnalapatti(Uzhavar Sandhai ),Elephant Yam(Suran)/Amorphophallus,Elephant Yam (Suran),Local,2026-09-20 00:00:00,5600,6000,5800,400,7.14%,Valid,Normal,Normal
Tamil Nadu,Dindigul,Chinnalapatti(Uzhavar Sandhai ),Onion Green,Onion Green,Local,2026-09-20 00:00:00,8000,9000,8500,1000,12.50%,Valid,Normal,Normal
Tamil Nadu,Dindigul,Chinnalapatti(Uzhavar Sandhai ),Mint(Pudina),Mint(Pudina),Local,2026-09-20 00:00:00,3500,4000,3750,500,14.29%,Valid,Normal,Normal
Tamil Nadu,Dindigul,Palani(Uzhavar Sandhai ),Bottle gourd,Bottle Gourd,Local,2026-09-20 00:00:00,1000,1400,1200,400,40.00%,Valid,Normal,Normal
Tamil Nadu,Dindigul,Palani(Uzhavar Sandhai ),Pumpkin,Pumpkin,Local,2026-09-20 00:00:00,1400,1600,1500,200,14.29%,Valid,Normal,Normal
Tamil Nadu,Dindigul,Palani(Uzhavar Sandhai ),Banana - Green,Banana - Green,Local,2026-09-20 00:00:00,3000,4000,3500,1000,33.33%,Valid,Normal,Normal
Tamil Nadu,Dindigul,Palani(Uzhavar Sandhai ),Beans,Beans (Whole),Local,2026-09-20 00:00:00,6000,7500,6750,1500,25.00%,Valid,Normal,Normal
Tamil Nadu,Dindigul,Palani(Uzhavar Sandhai ),Ridgeguard(Tori),Ridgeguard(Tori),Local,2026-09-20 00:00:00,3000,5500,4250,2500,83.33%,Valid,Normal,Normal
Tamil Nadu,Dindigul,Palani(Uzhavar Sandhai ),Raddish,Raddish,Local,2026-09-20 00:00:00,2000,3000,2500,1000,50.00%,Valid,Normal,Normal
Tamil Nadu,Dindigul,Palani(Uzhavar Sandhai ),Drumstick,Drumstick,Local,2026-09-20 00:00:00,2200,3000,2600,800,36.36%,Valid,Normal,Normal
Tamil Nadu,Dindigul,Palani(Uzhavar Sandhai ),Lime,Lime,Local,2026-09-20 00:00:00,10000,13000,11500,3000,30.00%,Valid,Normal,Normal
Tamil Nadu,Dindigul,Palani(Uzhavar Sandhai ),Onion Green,Onion Green,Local,2026-09-20 00:00:00,6000,9000,7500,3000,50.00%,Valid,Normal,Normal
Tamil Nadu,Dindigul,Palani(Uzhavar Sandhai ),Sweet Corn,Sweet Corn,Local,2026-09-20 00:00:00,4000,5000,4500,1000,25.00%,Valid,Normal,Normal
Tamil Nadu,Erode,Periyar Nagar(Uzhavar Sandhai ),Papaya,Papaya,Local,2026-09-20 00:00:00,3000,3400,3200,400,13.33%,Valid,Normal,Normal
Tamil Nadu,Erode,Periyar Nagar(Uzhavar Sandhai ),Ashgourd,Gouard,Local,2026-09-20 00:00:00,1800,2000,1900,200,11.11%,Valid,Normal,Normal
Tamil Nadu,Erode,Periyar Nagar(Uzhavar Sandhai ),Ridgeguard(Tori),Ridgeguard(Tori),Local,2026-09-20 00:00:00,3000,3600,3300,600,20.00%,Valid,Normal,Normal
Tamil Nadu,Erode,Periyar Nagar(Uzhavar Sandhai ),Drumstick,Drumstick,Local,2026-09-20 00:00:00,3500,4000,3750,500,14.29%,Valid,Normal,Normal
Tamil Nadu,Erode,Periyar Nagar(Uzhavar Sandhai ),Amla(Nelli Kai),Amla,Local,2026-09-20 00:00:00,10000,12000,11000,2000,20.00%,Valid,Normal,Normal
Tamil Nadu,Erode,Periyar Nagar(Uzhavar Sandhai ),Onion Green,Onion Green,Local,2026-09-20 00:00:00,6500,7500,7000,1000,15.38%,Valid,Normal,Normal
Tamil Nadu,Kallakuruchi,Sankarapuram(Uzhavar Sandhai ),Green Chilli,Green Chilly,Local,2026-09-20 00:00:00,6000,6000,6000,0,0.00%,Valid,Normal,Normal
Tamil Nadu,Kallakuruchi,Sankarapuram(Uzhavar Sandhai ),Beetroot,Beetroot,Local,2026-09-20 00:00:00,6000,6000,6000,0,0.00%,Valid,Normal,Normal
Tamil Nadu,Kallakuruchi,Sankarapuram(Uzhavar Sandhai ),Green Avare(W),Green Avare (W),Local,2026-09-20 00:00:00,7000,7000,7000,0,0.00%,Valid,Normal,Normal
Tamil Nadu,Kallakuruchi,Sankarapuram(Uzhavar Sandhai ),Custard Apple(Sharifa),Custard Apple(Sharifa),Local,2026-09-20 00:00:00,5000,5000,5000,0,0.00%,Valid,Normal,Normal
Tamil Nadu,Kancheepuram,Kundrathur(Uzhavar Sandhai ),Brinjal,Other,Local,2026-09-20 00:00:00,3500,4000,3750,500,14.29%,Valid,Normal,Normal
Tamil Nadu,Kancheepuram,Kundrathur(Uzhavar Sandhai ),Potato,Other,Local,2026-09-20 00:00:00,2800,2800,2800,0,0.00%,Valid,Normal,Normal
Tamil Nadu,Kancheepuram,Kundrathur(Uzhavar Sandhai ),Bottle gourd,Bottle Gourd,Local,2026-09-20 00:00:00,3000,3000,3000,0,0.00%,Valid,Normal,Normal
Tamil Nadu,Kancheepuram,Kundrathur(Uzhavar Sandhai ),Amaranthus,Amaranthus,Local,2026-09-20 00:00:00,3000,3000,3000,0,0.00%,Valid,Normal,Normal
Tamil Nadu,Kancheepuram,Kundrathur(Uzhavar Sandhai ),Coconut,Coconut,Local,2026-09-20 00:00:00,5000,6000,5500,1000,20.00%,Valid,Normal,Normal
Tamil Nadu,Kancheepuram,Kundrathur(Uzhavar Sandhai ),Beetroot,Beetroot,Local,2026-09-20 00:00:00,4000,4000,4000,0,0.00%,Valid,Normal,Normal
Tamil Nadu,Kancheepuram,Kundrathur(Uzhavar Sandhai ),Raddish,Raddish,Local,2026-09-20 00:00:00,3000,3000,3000,0,0.00%,Valid,Normal,Normal
Tamil Nadu,Kancheepuram,Kundrathur(Uzhavar Sandhai ),Yam(Ratalu),Yam (Ratalu),Local,2026-09-20 00:00:00,4000,4000,4000,0,0.00%,Valid,Normal,Normal
Tamil Nadu,Kancheepuram,Sunguvarchatram(Uzhavar Sandhai ),Cauliflower,Ranchi,Local,2026-09-20 00:00:00,3000,3500,3250,500,16.67%,Valid,Normal,Normal
Tamil Nadu,Kancheepuram,Sunguvarchatram(Uzhavar Sandhai ),Tomato,Other,Local,2026-09-20 00:00:00,3000,3000,3000,0,0.00%,Valid,Normal,Normal
Tamil Nadu,Kancheepuram,Sunguvarchatram(Uzhavar Sandhai ),Banana - Green,Banana - Green,Local,2026-09-20 00:00:00,3000,3000,3000,0,0.00%,Valid,Normal,Normal
Tamil Nadu,Kancheepuram,Sunguvarchatram(Uzhavar Sandhai ),Beans,Beans (Whole),Local,2026-09-20 00:00:00,7000,8000,7500,1000,14.29%,Valid,Normal,Normal
Tamil Nadu,Krishnagiri,Avallapalli(Uzhavar Sandhai ),Bhindi(Ladies Finger),Bhindi,Local,2026-09-20 00:00:00,3000,3500,3250,500,16.67%,Valid,Normal,Normal
Tamil Nadu,Krishnagiri,Avallapalli(Uzhavar Sandhai ),Amaranthus,Amaranthus,Local,2026-09-20 00:00:00,3500,4000,3750,500,14.29%,Valid,Normal,Normal
Tamil Nadu,Krishnagiri,Avallapalli(Uzhavar Sandhai ),Ginger(Green),Green Ginger,Local,2026-09-20 00:00:00,16000,18000,17000,2000,12.50%,Valid,Normal,Normal
Tamil Nadu,Krishnagiri,Avallapalli(Uzhavar Sandhai ),Coconut,Coconut,Local,2026-09-20 00:00:00,5500,6000,5750,500,9.09%,Valid,Normal,Normal
Tamil Nadu,Krishnagiri,Avallapalli(Uzhavar Sandhai ),Capsicum,Capsicum,Local,2026-09-20 00:00:00,2500,3000,2750,500,20.00%,Valid,Normal,Normal
Tamil Nadu,Krishnagiri,Avallapalli(Uzhavar Sandhai ),Drumstick,Drumstick,Local,2026-09-20 00:00:00,3500,4000,3750,500,14.29%,Valid,Normal,Normal
Tamil Nadu,Krishnagiri,Avallapalli(Uzhavar Sandhai ),Elephant Yam(Suran)/Amorphophallus,Elephant Yam (Suran),Local,2026-09-20 00:00:00,4500,5000,4750,500,11.11%,Valid,Normal,Normal
Tamil Nadu,Krishnagiri,Avallapalli(Uzhavar Sandhai ),Yam(Ratalu),Yam (Ratalu),Local,2026-09-20 00:00:00,4500,5000,4750,500,11.11%,Valid,Normal,Normal
Tamil Nadu,Krishnagiri,Avallapalli(Uzhavar Sandhai ),Lemon,Lemon,Local,2026-09-20 00:00:00,23000,25000,24000,2000,8.70%,Valid,Normal,Normal
Tamil Nadu,Dharmapuri,Karimangalam(Uzhavar Sandhai),Potato,Other,Local,2026-09-20 00:00:00,2600,2800,2700,200,7.69%,Valid,Normal,Normal
Tamil Nadu,Dharmapuri,Karimangalam(Uzhavar Sandhai),Cluster beans,Cluster Beans,Local,2026-09-20 00:00:00,1800,2000,1900,200,11.11%,Valid,Normal,Normal
Tamil Nadu,Dharmapuri,Karimangalam(Uzhavar Sandhai),Bitter gourd,Other,Local,2026-09-20 00:00:00,2800,3000,2900,200,7.14%,Valid,Normal,Normal
Tamil Nadu,Dharmapuri,Karimangalam(Uzhavar Sandhai),Pumpkin,Pumpkin,Local,2026-09-20 00:00:00,1800,2000,1900,200,11.11%,Valid,Normal,Normal
Tamil Nadu,Dharmapuri,Karimangalam(Uzhavar Sandhai),Bhindi(Ladies Finger),Bhindi,Local,2026-09-20 00:00:00,1800,2000,1900,200,11.11%,Valid,Normal,Normal
Tamil Nadu,Dharmapuri,Karimangalam(Uzhavar Sandhai),Banana - Green,Banana - Green,Local,2026-09-20 00:00:00,2800,3000,2900,200,7.14%,Valid,Normal,Normal
Tamil Nadu,Dharmapuri,Karimangalam(Uzhavar Sandhai),Carrot,Pusakesar,Local,2026-09-20 00:00:00,6000,6500,6250,500,8.33%,Valid,Normal,Normal
Tamil Nadu,Dharmapuri,Karimangalam(Uzhavar Sandhai),Snakeguard,Snakeguard,Local,2026-09-20 00:00:00,2300,2500,2400,200,8.70%,Valid,Normal,Normal
Tamil Nadu,Dharmapuri,Karimangalam(Uzhavar Sandhai),Cucumbar(Kheera),Cucumbar,Local,2026-09-20 00:00:00,4000,4500,4250,500,12.50%,Valid,Normal,Normal
Tamil Nadu,Dharmapuri,Karimangalam(Uzhavar Sandhai),Thondekai,Thondekai,Local,2026-09-20 00:00:00,4500,5000,4750,500,11.11%,Valid,Normal,Normal
Tamil Nadu,Dharmapuri,Karimangalam(Uzhavar Sandhai),Lemon,Lemon,Local,2026-09-20 00:00:00,24000,25000,24500,1000,4.17%,Valid,Normal,Normal
Tamil Nadu,Dharmapuri,Karimangalam(Uzhavar Sandhai),Onion Green,Onion Green,Local,2026-09-20 00:00:00,6500,7000,6750,500,7.69%,Valid,Normal,Normal
Tamil Nadu,Dharmapuri,Karimangalam(Uzhavar Sandhai),Mint(Pudina),Mint(Pudina),Local,2026-09-20 00:00:00,4500,5000,4750,500,11.11%,Valid,Normal,Normal
Tamil Nadu,Krishnagiri,Denkanikottai(Uzhavar Sandhai ),Coriander(Leaves),I Sort,Local,2026-09-20 00:00:00,7000,7500,7250,500,7.14%,Valid,Normal,Normal
Tamil Nadu,Krishnagiri,Denkanikottai(Uzhavar Sandhai ),Papaya,Papaya,Local,2026-09-20 00:00:00,3000,3500,3250,500,16.67%,Valid,Normal,Normal
Tamil Nadu,Krishnagiri,Denkanikottai(Uzhavar Sandhai ),Bitter gourd,Bitter Gourd,Local,2026-09-20 00:00:00,4000,4500,4250,500,12.50%,Valid,Normal,Normal
Tamil Nadu,Krishnagiri,Denkanikottai(Uzhavar Sandhai ),Ginger(Green),Green Ginger,Local,2026-09-20 00:00:00,15000,17000,16000,2000,13.33%,Valid,Normal,Normal
Tamil Nadu,Krishnagiri,Denkanikottai(Uzhavar Sandhai ),Raddish,Raddish,Local,2026-09-20 00:00:00,1000,1500,1250,500,50.00%,Valid,Normal,Normal
Tamil Nadu,Krishnagiri,Denkanikottai(Uzhavar Sandhai ),Capsicum,Capsicum,Local,2026-09-20 00:00:00,3000,3500,3250,500,16.67%,Valid,Normal,Normal
Tamil Nadu,Krishnagiri,Denkanikottai(Uzhavar Sandhai ),Drumstick,Drumstick,Local,2026-09-20 00:00:00,3000,4000,3500,1000,33.33%,Valid,Normal,Normal
Tamil Nadu,Krishnagiri,Denkanikottai(Uzhavar Sandhai ),Elephant Yam(Suran)/Amorphophallus,Elephant Yam (Suran),Local,2026-09-20 00:00:00,3500,4000,3750,500,14.29%,Valid,Normal,Normal
Tamil Nadu,Krishnagiri,Denkanikottai(Uzhavar Sandhai ),Mint(Pudina),Mint(Pudina),Local,2026-09-20 00:00:00,3500,4000,3750,500,14.29%,Valid,Normal,Normal
Tamil Nadu,Krishnagiri,Hosur(Uzhavar Sandhai ),Brinjal,Round,Local,2026-09-20 00:00:00,2500,3000,2750,500,20.00%,Valid,Normal,Normal
Tamil Nadu,Krishnagiri,Hosur(Uzhavar Sandhai ),Ashgourd,Gouard,Local,2026-09-20 00:00:00,2500,3000,2750,500,20.00%,Valid,Normal,Normal
Tamil Nadu,Krishnagiri,Hosur(Uzhavar Sandhai ),Beetroot,Beetroot,Local,2026-09-20 00:00:00,3000,3500,3250,500,16.67%,Valid,Normal,Normal
Tamil Nadu,Krishnagiri,Hosur(Uzhavar Sandhai ),Green Avare(W),Green Avare (W),Local,2026-09-20 00:00:00,5500,6000,5750,500,9.09%,Valid,Normal,Normal
Tamil Nadu,Krishnagiri,Hosur(Uzhavar Sandhai ),Chow Chow,Chow Chow,Local,2026-09-20 00:00:00,2000,2500,2250,500,25.00%,Valid,Normal,Normal
Tamil Nadu,Krishnagiri,Hosur(Uzhavar Sandhai ),Guava,Guava Allahabad,Local,2026-09-20 00:00:00,8000,10000,9000,2000,25.00%,Valid,Normal,Normal
Tamil Nadu,Krishnagiri,Hosur(Uzhavar Sandhai ),Mashrooms,Mashrooms,Local,2026-09-20 00:00:00,18000,20000,19000,2000,11.11%,Valid,Normal,Normal
Tamil Nadu,Madurai,Anaiyur(Uzhavar Sandhai ),Potato,Red Nanital,Local,2026-09-20 00:00:00,3000,5500,4250,2500,83.33%,Valid,Normal,Normal
Tamil Nadu,Madurai,Anaiyur(Uzhavar Sandhai ),Garlic,Garlic,Local,2026-09-20 00:00:00,14000,27000,20500,13000,92.86%,Valid,Normal,Normal
Tamil Nadu,Madurai,Anaiyur(Uzhavar Sandhai ),Cauliflower,Ranchi,Local,2026-09-20 00:00:00,2500,3000,2750,500,20.00%,Valid,Normal,Normal
Tamil Nadu,Madurai,Anaiyur(Uzhavar Sandhai ),Water Melon,Water Melon,Local,2026-09-20 00:00:00,2000,2500,2250,500,25.00%,Valid,Normal,Normal
Tamil Nadu,Madurai,Anaiyur(Uzhavar Sandhai ),Bottle gourd,Bottle Gourd,Local,2026-09-20 00:00:00,2000,2600,2300,600,30.00%,Valid,Normal,Normal
Tamil Nadu,Madurai,Anaiyur(Uzhavar Sandhai ),Carrot,Pusakesar,Local,2026-09-20 00:00:00,2800,4000,3400,1200,42.86%,Valid,Normal,Normal
Tamil Nadu,Madurai,Anaiyur(Uzhavar Sandhai ),Knool Khol,Knool Khol,Local,2026-09-20 00:00:00,4500,4800,4650,300,6.67%,Valid,Normal,Normal
Tamil Nadu,Madurai,Anaiyur(Uzhavar Sandhai ),Pomegranate,Pomogranate,Local,2026-09-20 00:00:00,20000,23000,21500,3000,15.00%,Valid,Normal,Normal
Tamil Nadu,Madurai,Anaiyur(Uzhavar Sandhai ),Lemon,Lemon,Local,2026-09-20 00:00:00,26000,28000,27000,2000,7.69%,Valid,Normal,Normal
Tamil Nadu,Madurai,Anaiyur(Uzhavar Sandhai ),Mashrooms,Mashrooms,Local,2026-09-20 00:00:00,25000,30000,27500,5000,20.00%,Valid,Normal,Normal
Tamil Nadu,Madurai,Anaiyur(Uzhavar Sandhai ),Mint(Pudina),Mint(Pudina),Local,2026-09-20 00:00:00,5500,6000,5750,500,9.09%,Valid,Normal,Normal
Tamil Nadu,Madurai,Usilampatti(Uzhavar Sandhai ),Cluster beans,Cluster Beans,Local,2026-09-20 00:00:00,3600,4000,3800,400,11.11%,Valid,Normal,Normal
Tamil Nadu,Madurai,Usilampatti(Uzhavar Sandhai ),Bhindi(Ladies Finger),Bhindi,Local,2026-09-20 00:00:00,2800,3200,3000,400,14.29%,Valid,Normal,Normal
Tamil Nadu,Madurai,Usilampatti(Uzhavar Sandhai ),Amaranthus,Amaranthus,Local,2026-09-20 00:00:00,3000,3600,3300,600,20.00%,Valid,Normal,Normal
Tamil Nadu,Madurai,Usilampatti(Uzhavar Sandhai ),Lemon,Lemon,Local,2026-09-20 00:00:00,26000,28000,27000,2000,7.69%,Valid,Normal,Normal
Tamil Nadu,Nagapattinam,Sirkali(Uzhavar Sandhai ),Groundnut,Big (With Shell),Local,2026-09-20 00:00:00,5500,6000,5750,500,9.09%,Valid,Normal,Normal
Tamil Nadu,Nagapattinam,Sirkali(Uzhavar Sandhai ),Banana,Besrai,Local,2026-09-20 00:00:00,4000,5000,4500,1000,25.00%,Valid,Normal,Normal
Tamil Nadu,Nagapattinam,Sirkali(Uzhavar Sandhai ),Onion,Bellary,Local,2026-09-20 00:00:00,5500,6000,5750,500,9.09%,Valid,Normal,Normal
Tamil Nadu,Nagapattinam,Sirkali(Uzhavar Sandhai ),Banana - Green,Banana - Green,Local,2026-09-20 00:00:00,2500,3000,2750,500,20.00%,Valid,Normal,Normal
Tamil Nadu,Nagapattinam,Sirkali(Uzhavar Sandhai ),Carrot,Pusakesar,Local,2026-09-20 00:00:00,8000,8000,8000,0,0.00%,Valid,Normal,Normal
Tamil Nadu,Nagapattinam,Sirkali(Uzhavar Sandhai ),Cabbage,Cabbage,Local,2026-09-20 00:00:00,2500,3000,2750,500,20.00%,Valid,Normal,Normal
Tamil Nadu,Nagapattinam,Sirkali(Uzhavar Sandhai ),Ridgeguard(Tori),Ridgeguard(Tori),Local,2026-09-20 00:00:00,5500,6000,5750,500,9.09%,Valid,Normal,Normal
Tamil Nadu,Nagapattinam,Sirkali(Uzhavar Sandhai ),Tamarind Fruit,Tamarind Fruit,Local,2026-09-20 00:00:00,15000,15000,15000,0,0.00%,Valid,Normal,Normal
Tamil Nadu,Nagapattinam,Sirkali(Uzhavar Sandhai ),Elephant Yam(Suran)/Amorphophallus,Elephant Yam (Suran),Local,2026-09-20 00:00:00,6500,7000,6750,500,7.69%,Valid,Normal,Normal
Tamil Nadu,Nagapattinam,Sirkali(Uzhavar Sandhai ),Mint(Pudina),Mint(Pudina),Local,2026-09-20 00:00:00,4000,4500,4250,500,12.50%,Valid,Normal,Normal
Tamil Nadu,Namakkal,Kumarapalayam(Uzhavar Sandhai ),Chikoos(Sapota),Sapota,Local,2026-09-20 00:00:00,3500,4000,3750,500,14.29%,Valid,Normal,Normal
Tamil Nadu,Namakkal,Kumarapalayam(Uzhavar Sandhai ),Bhindi(Ladies Finger),Bhindi,Local,2026-09-20 00:00:00,2200,3000,2600,800,36.36%,Valid,Normal,Normal
Tamil Nadu,Namakkal,Kumarapalayam(Uzhavar Sandhai ),Green Chilli,Green Chilly,Local,2026-09-20 00:00:00,5400,6000,5700,600,11.11%,Valid,Normal,Normal
Tamil Nadu,Namakkal,Kumarapalayam(Uzhavar Sandhai ),Beans,Beans (Whole),Local,2026-09-20 00:00:00,8000,9000,8500,1000,12.50%,Valid,Normal,Normal
Tamil Nadu,Namakkal,Kumarapalayam(Uzhavar Sandhai ),Tapioca,Tapioca,Local,2026-09-20 00:00:00,2900,3500,3200,600,20.69%,Valid,Normal,Normal
Tamil Nadu,Namakkal,Kumarapalayam(Uzhavar Sandhai ),Cabbage,Cabbage,Local,2026-09-20 00:00:00,2600,3000,2800,400,15.38%,Valid,Normal,Normal
Tamil Nadu,Namakkal,Kumarapalayam(Uzhavar Sandhai ),Raddish,Raddish,Local,2026-09-20 00:00:00,2700,3500,3100,800,29.63%,Valid,Normal,Normal
Tamil Nadu,Namakkal,Mohanur(Uzhavar Sandhai ),Potato,Other,Local,2026-09-20 00:00:00,3000,3500,3250,500,16.67%,Valid,Normal,Normal
Tamil Nadu,Namakkal,Mohanur(Uzhavar Sandhai ),Water Melon,Water Melon,Local,2026-09-20 00:00:00,1300,1600,1450,300,23.08%,Valid,Normal,Normal
Tamil Nadu,Namakkal,Mohanur(Uzhavar Sandhai ),Tomato,Deshi,Local,2026-09-20 00:00:00,3000,3400,3200,400,13.33%,Valid,Normal,Normal
Tamil Nadu,Namakkal,Mohanur(Uzhavar Sandhai ),Pumpkin,Pumpkin,Local,2026-09-20 00:00:00,2500,2800,2650,300,12.00%,Valid,Normal,Normal
Tamil Nadu,Namakkal,Mohanur(Uzhavar Sandhai ),Ginger(Green),Green Ginger,Local,2026-09-20 00:00:00,18000,20000,19000,2000,11.11%,Valid,Normal,Normal
Tamil Nadu,Namakkal,Namakkal(Uzhavar Sandhai ),Potato,Other,Local,2026-09-20 00:00:00,2500,3000,2750,500,20.00%,Valid,Normal,Normal
Tamil Nadu,Namakkal,Namakkal(Uzhavar Sandhai ),Papaya,Papaya,Local,2026-09-20 00:00:00,3000,3500,3250,500,16.67%,Valid,Normal,Normal
Tamil Nadu,Namakkal,Namakkal(Uzhavar Sandhai ),Amaranthus,Amaranthus,Local,2026-09-20 00:00:00,3500,4000,3750,500,14.29%,Valid,Normal,Normal
Tamil Nadu,Namakkal,Namakkal(Uzhavar Sandhai ),Cowpea(Veg),Cowpea (Veg),Local,2026-09-20 00:00:00,4500,5000,4750,500,11.11%,Valid,Normal,Normal
Tamil Nadu,Namakkal,Namakkal(Uzhavar Sandhai ),Tapioca,Tapioca,Local,2026-09-20 00:00:00,3000,3500,3250,500,16.67%,Valid,Normal,Normal
Tamil Nadu,Namakkal,Namakkal(Uzhavar Sandhai ),Ginger(Green),Green Ginger,Local,2026-09-20 00:00:00,17000,18000,17500,1000,5.88%,Valid,Normal,Normal
Tamil Nadu,Namakkal,Namakkal(Uzhavar Sandhai ),Carrot,Pusakesar,Local,2026-09-20 00:00:00,4500,5000,4750,500,11.11%,Valid,Normal,Normal
Tamil Nadu,Namakkal,Namakkal(Uzhavar Sandhai ),Cabbage,Cabbage,Local,2026-09-20 00:00:00,2000,2500,2250,500,25.00%,Valid,Normal,Normal
Tamil Nadu,Namakkal,Namakkal(Uzhavar Sandhai ),Lime,Lime,Local,2026-09-20 00:00:00,3500,4000,3750,500,14.29%,Valid,Normal,Normal
Tamil Nadu,Namakkal,Namakkal(Uzhavar Sandhai ),Tender Coconut,Tender Coconut,Local,2026-09-20 00:00:00,2000,3500,2750,1500,75.00%,Valid,Normal,Normal
Tamil Nadu,Namakkal,Namakkal(Uzhavar Sandhai ),Mashrooms,Mashrooms,Local,2026-09-20 00:00:00,20000,25000,22500,5000,25.00%,Valid,Normal,Normal
Tamil Nadu,Namakkal,Namakkal(Uzhavar Sandhai ),Mint(Pudina),Mint(Pudina),Local,2026-09-20 00:00:00,4500,5000,4750,500,11.11%,Valid,Normal,Normal
Tamil Nadu,Namakkal,Paramathivelur(Uzhavar Sandhai ),Banana - Green,Banana - Green,Local,2026-09-20 00:00:00,3000,4000,3500,1000,33.33%,Valid,Normal,Normal
Tamil Nadu,Namakkal,Rasipuram(Uzhavar Sandhai ),Tomato,Other,Local,2026-09-20 00:00:00,3000,3400,3200,400,13.33%,Valid,Normal,Normal
Tamil Nadu,Namakkal,Rasipuram(Uzhavar Sandhai ),Ashgourd,Gouard,Local,2026-09-20 00:00:00,2000,2500,2250,500,25.00%,Valid,Normal,Normal
Tamil Nadu,Namakkal,Rasipuram(Uzhavar Sandhai ),Pumpkin,Pumpkin,Local,2026-09-20 00:00:00,1800,2200,2000,400,22.22%,Valid,Normal,Normal
Tamil Nadu,Namakkal,Rasipuram(Uzhavar Sandhai ),Bhindi(Ladies Finger),Bhindi,Local,2026-09-20 00:00:00,3800,4400,4100,600,15.79%,Valid,Normal,Normal
Tamil Nadu,Namakkal,Rasipuram(Uzhavar Sandhai ),Green Chilli,Green Chilly,Local,2026-09-20 00:00:00,5400,6000,5700,600,11.11%,Valid,Normal,Normal
Tamil Nadu,Namakkal,Rasipuram(Uzhavar Sandhai ),Coconut,Coconut,Local,2026-09-20 00:00:00,6000,6500,6250,500,8.33%,Valid,Normal,Normal
Tamil Nadu,Namakkal,Rasipuram(Uzhavar Sandhai ),Snakeguard,Snakeguard,Local,2026-09-20 00:00:00,4500,5000,4750,500,11.11%,Valid,Normal,Normal
Tamil Nadu,Namakkal,Rasipuram(Uzhavar Sandhai ),Beetroot,Beetroot,Local,2026-09-20 00:00:00,6000,7000,6500,1000,16.67%,Valid,Normal,Normal
Tamil Nadu,Namakkal,Rasipuram(Uzhavar Sandhai ),Cucumbar(Kheera),Cucumbar,Local,2026-09-20 00:00:00,7000,8000,7500,1000,14.29%,Valid,Normal,Normal
Tamil Nadu,Namakkal,Rasipuram(Uzhavar Sandhai ),Raddish,Raddish,Local,2026-09-20 00:00:00,2500,3200,2850,700,28.00%,Valid,Normal,Normal
Tamil Nadu,Namakkal,Rasipuram(Uzhavar Sandhai ),Thondekai,Thondekai,Local,2026-09-20 00:00:00,4500,5000,4750,500,11.11%,Valid,Normal,Normal
Tamil Nadu,Namakkal,Rasipuram(Uzhavar Sandhai ),Guava,Guava Allahabad,Local,2026-09-20 00:00:00,6000,7000,6500,1000,16.67%,Valid,Normal,Normal
Tamil Nadu,Namakkal,Rasipuram(Uzhavar Sandhai ),Fig(Anjura/Anjeer),Anjura,Local,2026-09-20 00:00:00,13000,15000,14000,2000,15.38%,Valid,Normal,Normal
Tamil Nadu,Namakkal,Rasipuram(Uzhavar Sandhai ),Marigold(Calcutta),Marigold(Calcutta),Local,2026-09-20 00:00:00,22000,24000,23000,2000,9.09%,Valid,Normal,Normal
Tamil Nadu,Thanjavur,Tirukattupalli(Uzhavar Sandhai ),Banana,Besrai,Local,2026-09-20 00:00:00,6500,6500,6500,0,0.00%,Valid,Normal,Normal
Tamil Nadu,Thanjavur,Tirukattupalli(Uzhavar Sandhai ),Bitter gourd,Bitter Gourd,Local,2026-09-20 00:00:00,3000,3000,3000,0,0.00%,Valid,Normal,Normal
Tamil Nadu,Thanjavur,Tirukattupalli(Uzhavar Sandhai ),Bottle gourd,Bottle Gourd,Local,2026-09-20 00:00:00,5400,5400,5400,0,0.00%,Valid,Normal,Normal
Tamil Nadu,Thanjavur,Tirukattupalli(Uzhavar Sandhai ),Green Chilli,Green Chilly,Local,2026-09-20 00:00:00,5000,5000,5000,0,0.00%,Valid,Normal,Normal
Tamil Nadu,Madurai,Palanganatham(Uzhavar Sandhai ),Apple,American,Local,2026-09-20 00:00:00,20000,27000,23500,7000,35.00%,Valid,Normal,Normal
Tamil Nadu,Madurai,Palanganatham(Uzhavar Sandhai ),Banana,Besrai,Local,2026-09-20 00:00:00,3000,4000,3500,1000,33.33%,Valid,Normal,Normal
Tamil Nadu,Madurai,Palanganatham(Uzhavar Sandhai ),Grapes,Annabesahai,Local,2026-09-20 00:00:00,10000,12000,11000,2000,20.00%,Valid,Normal,Normal
Tamil Nadu,Madurai,Palanganatham(Uzhavar Sandhai ),Garlic,Garlic,Local,2026-09-20 00:00:00,14000,27000,20500,13000,92.86%,Valid,Normal,Normal
Tamil Nadu,Madurai,Palanganatham(Uzhavar Sandhai ),Green Peas,Green Peas,Local,2026-09-20 00:00:00,12000,14000,13000,2000,16.67%,Valid,Normal,Normal
Tamil Nadu,Madurai,Palanganatham(Uzhavar Sandhai ),Ginger(Green),Green Ginger,Local,2026-09-20 00:00:00,12000,20000,16000,8000,66.67%,Valid,Normal,Normal
Tamil Nadu,Madurai,Palanganatham(Uzhavar Sandhai ),Ridgeguard(Tori),Ridgeguard(Tori),Local,2026-09-20 00:00:00,4000,4500,4250,500,12.50%,Valid,Normal,Normal
Tamil Nadu,Madurai,Palanganatham(Uzhavar Sandhai ),Thondekai,Thondekai,Local,2026-09-20 00:00:00,3000,4000,3500,1000,33.33%,Valid,Normal,Normal
Tamil Nadu,Madurai,Palanganatham(Uzhavar Sandhai ),Capsicum,Capsicum,Local,2026-09-20 00:00:00,6000,7000,6500,1000,16.67%,Valid,Normal,Normal
Tamil Nadu,Madurai,Palanganatham(Uzhavar Sandhai ),Knool Khol,Knool Khol,Local,2026-09-20 00:00:00,4000,4800,4400,800,20.00%,Valid,Normal,Normal
Tamil Nadu,Madurai,Palanganatham(Uzhavar Sandhai ),Lemon,Lemon,Local,2026-09-20 00:00:00,26000,28000,27000,2000,7.69%,Valid,Normal,Normal
Tamil Nadu,Madurai,Palanganatham(Uzhavar Sandhai ),Colacasia,Colacasia,Local,2026-09-20 00:00:00,5000,6000,5500,1000,20.00%,Valid,Normal,Normal
Tamil Nadu,Madurai,Anna nagar(Uzhavar Sandhai ),Groundnut,Big (With Shell),Local,2026-09-20 00:00:00,7000,8000,7500,1000,14.29%,Valid,Normal,Normal
Tamil Nadu,Madurai,Anna nagar(Uzhavar Sandhai ),Onion,Bellary,Local,2026-09-20 00:00:00,6000,7000,6500,1000,16.67%,Valid,Normal,Normal
Tamil Nadu,Madurai,Anna nagar(Uzhavar Sandhai ),Coriander(Leaves),I Sort,Local,2026-09-20 00:00:00,4500,5000,4750,500,11.11%,Valid,Normal,Normal
Tamil Nadu,Madurai,Anna nagar(Uzhavar Sandhai ),Mousambi(Sweet Lime),Mousambi,Local,2026-09-20 00:00:00,6000,7000,6500,1000,16.67%,Valid,Normal,Normal
Tamil Nadu,Madurai,Anna nagar(Uzhavar Sandhai ),Tomato,Deshi,Local,2026-09-20 00:00:00,2400,2800,2600,400,16.67%,Valid,Normal,Normal
Tamil Nadu,Madurai,Anna nagar(Uzhavar Sandhai ),Green Chilli,Green Chilly,Local,2026-09-20 00:00:00,5000,6000,5500,1000,20.00%,Valid,Normal,Normal
Tamil Nadu,Madurai,Anna nagar(Uzhavar Sandhai ),Cucumbar(Kheera),Cucumbar,Local,2026-09-20 00:00:00,5000,10000,7500,5000,100.00%,Valid,Normal,Normal
Tamil Nadu,Madurai,Anna nagar(Uzhavar Sandhai ),Chow Chow,Chow Chow,Local,2026-09-20 00:00:00,2500,3000,2750,500,20.00%,Valid,Normal,Normal
Tamil Nadu,Madurai,Anna nagar(Uzhavar Sandhai ),Drumstick,Drumstick,Local,2026-09-20 00:00:00,5000,6000,5500,1000,20.00%,Valid,Normal,Normal
Tamil Nadu,Madurai,Anna nagar(Uzhavar Sandhai ),Yam(Ratalu),Yam (Ratalu),Local,2026-09-20 00:00:00,6000,7000,6500,1000,16.67%,Valid,Normal,Normal
Tamil Nadu,Madurai,Anna nagar(Uzhavar Sandhai ),Indian Beans(Seam),Indian Beans (Seam),Local,2026-09-20 00:00:00,5500,6000,5750,500,9.09%,Valid,Normal,Normal
Tamil Nadu,Madurai,Anna nagar(Uzhavar Sandhai ),Lemon,Lemon,Local,2026-09-20 00:00:00,24000,28000,26000,4000,16.67%,Valid,Normal,Normal
Tamil Nadu,Madurai,Anna nagar(Uzhavar Sandhai ),Colacasia,Colacasia,Local,2026-09-20 00:00:00,5000,6000,5500,1000,20.00%,Valid,Normal,Normal
Tamil Nadu,Perambalur,Perambalur(Uzhavar Sandhai ),Banana,Red Banana,Local,2026-09-20 00:00:00,7000,8000,7500,1000,14.29%,Valid,Normal,Normal
Tamil Nadu,Perambalur,Perambalur(Uzhavar Sandhai ),Coriander(Leaves),I Sort,Local,2026-09-20 00:00:00,3600,3800,3700,200,5.56%,Valid,Normal,Normal
Tamil Nadu,Perambalur,Perambalur(Uzhavar Sandhai ),Tomato,Deshi,Local,2026-09-20 00:00:00,3000,3500,3250,500,16.67%,Valid,Normal,Normal
Tamil Nadu,Perambalur,Perambalur(Uzhavar Sandhai ),Bitter gourd,Other,Local,2026-09-20 00:00:00,5200,6000,5600,800,15.38%,Valid,Normal,Normal
Tamil Nadu,Perambalur,Perambalur(Uzhavar Sandhai ),Ashgourd,Gouard,Local,2026-09-20 00:00:00,1600,1600,1600,0,0.00%,Valid,Normal,Normal
Tamil Nadu,Perambalur,Perambalur(Uzhavar Sandhai ),Pumpkin,Pumpkin,Local,2026-09-20 00:00:00,1600,1600,1600,0,0.00%,Valid,Normal,Normal
Tamil Nadu,Perambalur,Perambalur(Uzhavar Sandhai ),Coconut,Coconut,Local,2026-09-20 00:00:00,5000,6000,5500,1000,20.00%,Valid,Normal,Normal
Tamil Nadu,Perambalur,Perambalur(Uzhavar Sandhai ),Carrot,Pusakesar,Local,2026-09-20 00:00:00,6000,6400,6200,400,6.67%,Valid,Normal,Normal
Tamil Nadu,Perambalur,Perambalur(Uzhavar Sandhai ),Cucumbar(Kheera),Cucumbar,Local,2026-09-20 00:00:00,5200,5200,5200,0,0.00%,Valid,Normal,Normal
Tamil Nadu,Perambalur,Perambalur(Uzhavar Sandhai ),Capsicum,Capsicum,Local,2026-09-20 00:00:00,5500,6000,5750,500,9.09%,Valid,Normal,Normal
Tamil Nadu,Perambalur,Perambalur(Uzhavar Sandhai ),Yam(Ratalu),Yam (Ratalu),Local,2026-09-20 00:00:00,5000,6400,5700,1400,28.00%,Valid,Normal,Normal
Tamil Nadu,Perambalur,Perambalur(Uzhavar Sandhai ),Mashrooms,Mashrooms,Local,2026-09-20 00:00:00,20000,20000,20000,0,0.00%,Valid,Normal,Normal
Tamil Nadu,Salem,Mecheri(Uzhavar Sandhai),Bitter gourd,Bitter Gourd,Local,2026-09-20 00:00:00,3500,4000,3750,500,14.29%,Valid,Normal,Normal
Tamil Nadu,Salem,Mecheri(Uzhavar Sandhai),Banana - Green,Banana - Green,Local,2026-09-20 00:00:00,2000,2500,2250,500,25.00%,Valid,Normal,Normal
Tamil Nadu,Salem,Mecheri(Uzhavar Sandhai),Drumstick,Drumstick,Local,2026-09-20 00:00:00,2500,3000,2750,500,20.00%,Valid,Normal,Normal
Tamil Nadu,Ranipet,Arcot(Uzhavar Sandhai ),Cluster beans,Cluster Beans,Local,2026-09-20 00:00:00,3000,3000,3000,0,0.00%,Valid,Normal,Normal
Tamil Nadu,Ranipet,Arcot(Uzhavar Sandhai ),Bottle gourd,Bottle Gourd,Local,2026-09-20 00:00:00,2000,2000,2000,0,0.00%,Valid,Normal,Normal
Tamil Nadu,Ranipet,Arcot(Uzhavar Sandhai ),Ashgourd,Gouard,Local,2026-09-20 00:00:00,3000,3000,3000,0,0.00%,Valid,Normal,Normal
Tamil Nadu,Ranipet,Arcot(Uzhavar Sandhai ),Green Chilli,Green Chilly,Local,2026-09-20 00:00:00,6000,6000,6000,0,0.00%,Valid,Normal,Normal
Tamil Nadu,Ranipet,Arcot(Uzhavar Sandhai ),Beans,Beans (Whole),Local,2026-09-20 00:00:00,8000,8000,8000,0,0.00%,Valid,Normal,Normal
Tamil Nadu,Ranipet,Arcot(Uzhavar Sandhai ),Ginger(Green),Green Ginger,Local,2026-09-20 00:00:00,18000,18000,18000,0,0.00%,Valid,Normal,Normal
Tamil Nadu,Ranipet,Arcot(Uzhavar Sandhai ),Ridgeguard(Tori),Ridgeguard(Tori),Local,2026-09-20 00:00:00,4000,4000,4000,0,0.00%,Valid,Normal,Normal
Tamil Nadu,Ranipet,Arcot(Uzhavar Sandhai ),Thondekai,Thondekai,Local,2026-09-20 00:00:00,3000,3000,3000,0,0.00%,Valid,Normal,Normal
Tamil Nadu,Ranipet,Arcot(Uzhavar Sandhai ),Capsicum,Capsicum,Local,2026-09-20 00:00:00,5000,5000,5000,0,0.00%,Valid,Normal,Normal
Tamil Nadu,Ranipet,Arcot(Uzhavar Sandhai ),Mint(Pudina),Mint(Pudina),Local,2026-09-20 00:00:00,4000,4000,4000,0,0.00%,Valid,Normal,Normal
Tamil Nadu,Ranipet,Ranipettai(Uzhavar Sandhai ),Papaya,Papaya,Local,2026-09-20 00:00:00,5000,5000,5000,0,0.00%,Valid,Normal,Normal
Tamil Nadu,Ranipet,Ranipettai(Uzhavar Sandhai ),Tomato,Other,Local,2026-09-20 00:00:00,2500,2800,2650,300,12.00%,Valid,Normal,Normal
Tamil Nadu,Ranipet,Ranipettai(Uzhavar Sandhai ),Green Chilli,Green Chilly,Local,2026-09-20 00:00:00,5000,7000,6000,2000,40.00%,Valid,Normal,Normal
Tamil Nadu,Ranipet,Ranipettai(Uzhavar Sandhai ),Carrot,Pusakesar,Local,2026-09-20 00:00:00,5500,5500,5500,0,0.00%,Valid,Normal,Normal
Tamil Nadu,Ranipet,Ranipettai(Uzhavar Sandhai ),Drumstick,Drumstick,Local,2026-09-20 00:00:00,4000,5000,4500,1000,25.00%,Valid,Normal,Normal
Tamil Nadu,Ranipet,Ranipettai(Uzhavar Sandhai ),Guava,Guava Allahabad,Local,2026-09-20 00:00:00,8000,12000,10000,4000,50.00%,Valid,Normal,Normal
Tamil Nadu,Ranipet,Ranipettai(Uzhavar Sandhai ),Kakada,Kakada,Local,2026-09-20 00:00:00,54000,54000,54000,0,0.00%,Valid,Normal,Review
Tamil Nadu,Ranipet,Ranipettai(Uzhavar Sandhai ),Onion Green,Onion Green,Local,2026-09-20 00:00:00,8800,11000,9900,2200,25.00%,Valid,Normal,Normal
Tamil Nadu,Salem,Ammapet(Uzhavar Sandhai ),Groundnut,Big (With Shell),Local,2026-09-20 00:00:00,6600,7000,6800,400,6.06%,Valid,Normal,Normal
Tamil Nadu,Salem,Ammapet(Uzhavar Sandhai ),Orange,Darjeeling,Local,2026-09-20 00:00:00,9000,10000,9500,1000,11.11%,Valid,Normal,Normal
Tamil Nadu,Salem,Ammapet(Uzhavar Sandhai ),Cauliflower,Ranchi,Local,2026-09-20 00:00:00,2500,3000,2750,500,20.00%,Valid,Normal,Normal
Tamil Nadu,Salem,Ammapet(Uzhavar Sandhai ),Coriander(Leaves),I Sort,Local,2026-09-20 00:00:00,1800,2000,1900,200,11.11%,Valid,Normal,Normal
Tamil Nadu,Salem,Ammapet(Uzhavar Sandhai ),Bottle gourd,Bottle Gourd,Local,2026-09-20 00:00:00,2000,2500,2250,500,25.00%,Valid,Normal,Normal
Tamil Nadu,Salem,Ammapet(Uzhavar Sandhai ),Green Chilli,Green Chilly,Local,2026-09-20 00:00:00,3800,4000,3900,200,5.26%,Valid,Normal,Normal
Tamil Nadu,Salem,Ammapet(Uzhavar Sandhai ),Beans,Beans (Whole),Local,2026-09-20 00:00:00,7000,8000,7500,1000,14.29%,Valid,Normal,Normal
Tamil Nadu,Salem,Ammapet(Uzhavar Sandhai ),Ginger(Green),Green Ginger,Local,2026-09-20 00:00:00,16600,17500,17050,900,5.42%,Valid,Normal,Normal
Tamil Nadu,Salem,Ammapet(Uzhavar Sandhai ),Cucumbar(Kheera),Cucumbar,Local,2026-09-20 00:00:00,4600,5000,4800,400,8.70%,Valid,Normal,Normal
Tamil Nadu,Salem,Ammapet(Uzhavar Sandhai ),Mashrooms,Mashrooms,Local,2026-09-20 00:00:00,19000,20000,19500,1000,5.26%,Valid,Normal,Normal
Tamil Nadu,Salem,Ammapet(Uzhavar Sandhai ),Mint(Pudina),Mint(Pudina),Local,2026-09-20 00:00:00,4200,4500,4350,300,7.14%,Valid,Normal,Normal
Tamil Nadu,Salem,Ammapet(Uzhavar Sandhai ),Sweet Corn,Sweet Corn,Local,2026-09-20 00:00:00,3600,4000,3800,400,11.11%,Valid,Normal,Normal
Tamil Nadu,Salem,Mettur(Uzhavar Sandhai ),Banana,Red Banana,Local,2026-09-20 00:00:00,6500,7000,6750,500,7.69%,Valid,Normal,Normal
Tamil Nadu,Salem,Mettur(Uzhavar Sandhai ),Onion,Bellary,Local,2026-09-20 00:00:00,6000,7000,6500,1000,16.67%,Valid,Normal,Normal
Tamil Nadu,Salem,Mettur(Uzhavar Sandhai ),Potato,Other,Local,2026-09-20 00:00:00,4000,4500,4250,500,12.50%,Valid,Normal,Normal
Tamil Nadu,Salem,Mettur(Uzhavar Sandhai ),Water Melon,Water Melon,Local,2026-09-20 00:00:00,1500,2000,1750,500,33.33%,Valid,Normal,Normal
Tamil Nadu,Salem,Mettur(Uzhavar Sandhai ),Mousambi(Sweet Lime),Mousambi,Local,2026-09-20 00:00:00,2500,3000,2750,500,20.00%,Valid,Normal,Normal
Tamil Nadu,Salem,Mettur(Uzhavar Sandhai ),Bhindi(Ladies Finger),Bhindi,Local,2026-09-20 00:00:00,2000,2500,2250,500,25.00%,Valid,Normal,Normal
Tamil Nadu,Salem,Mettur(Uzhavar Sandhai ),Tapioca,Tapioca,Local,2026-09-20 00:00:00,3000,3500,3250,500,16.67%,Valid,Normal,Normal
Tamil Nadu,Salem,Mettur(Uzhavar Sandhai ),Cucumbar(Kheera),Cucumbar,Local,2026-09-20 00:00:00,3500,4000,3750,500,14.29%,Valid,Normal,Normal
Tamil Nadu,Salem,Mettur(Uzhavar Sandhai ),Guava,Guava Allahabad,Local,2026-09-20 00:00:00,5000,6000,5500,1000,20.00%,Valid,Normal,Normal
Tamil Nadu,Salem,Mettur(Uzhavar Sandhai ),Indian Beans(Seam),Indian Beans (Seam),Local,2026-09-20 00:00:00,5500,6000,5750,500,9.09%,Valid,Normal,Normal
Tamil Nadu,Salem,Mettur(Uzhavar Sandhai ),Mint(Pudina),Mint(Pudina),Local,2026-09-20 00:00:00,2500,3000,2750,500,20.00%,Valid,Normal,Normal
Tamil Nadu,Salem,Sooramangalam(Uzhavar Sandhai ),Bitter gourd,Other,Local,2026-09-20 00:00:00,3400,3600,3500,200,5.88%,Valid,Normal,Normal
Tamil Nadu,Thiruchirappalli,Thuraiyur APMC,Coriander(Leaves),I Sort,Local,2026-09-20 00:00:00,3000,3500,3250,500,16.67%,Valid,Normal,Normal
Tamil Nadu,Thiruchirappalli,Thuraiyur APMC,Bitter gourd,Other,Local,2026-09-20 00:00:00,5500,6500,6000,1000,18.18%,Valid,Normal,Normal
Tamil Nadu,Thiruchirappalli,Thuraiyur APMC,Pumpkin,Pumpkin,Local,2026-09-20 00:00:00,1200,1800,1500,600,50.00%,Valid,Normal,Normal
Tamil Nadu,Thiruchirappalli,Thuraiyur APMC,Betal Leaves,Mysore,Local,2026-09-20 00:00:00,10000,12000,11000,2000,20.00%,Valid,Normal,Normal
Tamil Nadu,Thiruchirappalli,Thuraiyur APMC,Capsicum,Capsicum,Local,2026-09-20 00:00:00,4500,5000,4750,500,11.11%,Valid,Normal,Normal
Tamil Nadu,Thiruchirappalli,Thuraiyur APMC,Yam(Ratalu),Yam (Ratalu),Local,2026-09-20 00:00:00,5000,5500,5250,500,10.00%,Valid,Normal,Normal
Tamil Nadu,Thiruchirappalli,Thuraiyur APMC,Indian Beans(Seam),Indian Beans (Seam),Local,2026-09-20 00:00:00,6000,7000,6500,1000,16.67%,Valid,Normal,Normal
Tamil Nadu,Salem,Thammampatti (Uzhavar Sandhai ),Banana - Green,Banana - Green,Local,2026-09-20 00:00:00,2000,2500,2250,500,25.00%,Valid,Normal,Normal
Tamil Nadu,Salem,Thammampatti (Uzhavar Sandhai ),Beans,Beans (Whole),Local,2026-09-20 00:00:00,8500,9000,8750,500,5.88%,Valid,Normal,Normal
Tamil Nadu,Salem,Thammampatti (Uzhavar Sandhai ),Carrot,Pusakesar,Local,2026-09-20 00:00:00,5500,5800,5650,300,5.45%,Valid,Normal,Normal
Tamil Nadu,Salem,Thammampatti (Uzhavar Sandhai ),Snakeguard,Snakeguard,Local,2026-09-20 00:00:00,3000,3400,3200,400,13.33%,Valid,Normal,Normal
Tamil Nadu,Salem,Thammampatti (Uzhavar Sandhai ),Ridgeguard(Tori),Ridgeguard(Tori),Local,2026-09-20 00:00:00,3500,4000,3750,500,14.29%,Valid,Normal,Normal
Tamil Nadu,Salem,Thammampatti (Uzhavar Sandhai ),Capsicum,Capsicum,Local,2026-09-20 00:00:00,6000,6000,6000,0,0.00%,Valid,Normal,Normal
Tamil Nadu,Salem,Thammampatti (Uzhavar Sandhai ),Guava,Guava Allahabad,Local,2026-09-20 00:00:00,6000,6000,6000,0,0.00%,Valid,Normal,Normal
Tamil Nadu,Salem,Thathakapatti(Uzhavar Sandhai ),Papaya,Papaya,Local,2026-09-20 00:00:00,3500,4000,3750,500,14.29%,Valid,Normal,Normal
Tamil Nadu,Salem,Thathakapatti(Uzhavar Sandhai ),Cluster beans,Cluster Beans,Local,2026-09-20 00:00:00,3400,3600,3500,200,5.88%,Valid,Normal,Normal
Tamil Nadu,Salem,Thathakapatti(Uzhavar Sandhai ),Pumpkin,Pumpkin,Local,2026-09-20 00:00:00,1500,2000,1750,500,33.33%,Valid,Normal,Normal
Tamil Nadu,Salem,Thathakapatti(Uzhavar Sandhai ),Green Chilli,Green Chilly,Local,2026-09-20 00:00:00,4000,4000,4000,0,0.00%,Valid,Normal,Normal
Tamil Nadu,Salem,Thathakapatti(Uzhavar Sandhai ),Cucumbar(Kheera),Cucumbar,Local,2026-09-20 00:00:00,4000,5000,4500,1000,25.00%,Valid,Normal,Normal
Tamil Nadu,Salem,Thathakapatti(Uzhavar Sandhai ),Green Avare(W),Green Avare (W),Local,2026-09-20 00:00:00,6000,6500,6250,500,8.33%,Valid,Normal,Normal
Tamil Nadu,Salem,Thathakapatti(Uzhavar Sandhai ),Drumstick,Drumstick,Local,2026-09-20 00:00:00,3800,4000,3900,200,5.26%,Valid,Normal,Normal
Tamil Nadu,Salem,Thathakapatti(Uzhavar Sandhai ),Lime,Lime,Local,2026-09-20 00:00:00,3500,4000,3750,500,14.29%,Valid,Normal,Normal
Tamil Nadu,Salem,Thathakapatti(Uzhavar Sandhai ),Elephant Yam(Suran)/Amorphophallus,Elephant Yam (Suran),Local,2026-09-20 00:00:00,5000,5500,5250,500,10.00%,Valid,Normal,Normal
Tamil Nadu,Salem,Thathakapatti(Uzhavar Sandhai ),Yam(Ratalu),Yam (Ratalu),Local,2026-09-20 00:00:00,7000,8000,7500,1000,14.29%,Valid,Normal,Normal
Tamil Nadu,Salem,Thathakapatti(Uzhavar Sandhai ),Colacasia,Colacasia,Local,2026-09-20 00:00:00,5500,6000,5750,500,9.09%,Valid,Normal,Normal
Tamil Nadu,Theni,Chinnamanur(Uzhavar Sandhai ),Soyabean,Local,Local,2026-09-20 00:00:00,9000,9000,9000,0,0.00%,Valid,Normal,Normal
Tamil Nadu,Theni,Chinnamanur(Uzhavar Sandhai ),Garlic,Garlic,Local,2026-09-20 00:00:00,14000,24000,19000,10000,71.43%,Valid,Normal,Normal
Tamil Nadu,Theni,Chinnamanur(Uzhavar Sandhai ),Coriander(Leaves),I Sort,Local,2026-09-20 00:00:00,3000,3000,3000,0,0.00%,Valid,Normal,Normal
Tamil Nadu,Theni,Chinnamanur(Uzhavar Sandhai ),Pumpkin,Pumpkin,Local,2026-09-20 00:00:00,1500,2400,1950,900,60.00%,Valid,Normal,Normal
Tamil Nadu,Theni,Chinnamanur(Uzhavar Sandhai ),Green Chilli,Green Chilly,Local,2026-09-20 00:00:00,5200,5200,5200,0,0.00%,Valid,Normal,Normal
Tamil Nadu,Theni,Chinnamanur(Uzhavar Sandhai ),Carrot,Pusakesar,Local,2026-09-20 00:00:00,3400,3400,3400,0,0.00%,Valid,Normal,Normal
Tamil Nadu,Theni,Chinnamanur(Uzhavar Sandhai ),Snakeguard,Snakeguard,Local,2026-09-20 00:00:00,2500,2500,2500,0,0.00%,Valid,Normal,Normal
Tamil Nadu,Theni,Chinnamanur(Uzhavar Sandhai ),Ridgeguard(Tori),Ridgeguard(Tori),Local,2026-09-20 00:00:00,3800,3800,3800,0,0.00%,Valid,Normal,Normal
Tamil Nadu,Theni,Chinnamanur(Uzhavar Sandhai ),Capsicum,Capsicum,Local,2026-09-20 00:00:00,5000,5000,5000,0,0.00%,Valid,Normal,Normal
Tamil Nadu,Theni,Chinnamanur(Uzhavar Sandhai ),Lime,Lime,Local,2026-09-20 00:00:00,9600,9600,9600,0,0.00%,Valid,Normal,Normal
Tamil Nadu,Theni,Chinnamanur(Uzhavar Sandhai ),Colacasia,Colacasia,Local,2026-09-20 00:00:00,5000,5000,5000,0,0.00%,Valid,Normal,Normal
Tamil Nadu,Theni,Kambam(Uzhavar Sandhai ),Potato,Other,Local,2026-09-20 00:00:00,3000,3000,3000,0,0.00%,Valid,Normal,Normal
Tamil Nadu,Theni,Kambam(Uzhavar Sandhai ),Cluster beans,Cluster Beans,Local,2026-09-20 00:00:00,3000,3000,3000,0,0.00%,Valid,Normal,Normal
Tamil Nadu,Theni,Kambam(Uzhavar Sandhai ),Cowpea(Veg),Cowpea (Veg),Local,2026-09-20 00:00:00,4500,4500,4500,0,0.00%,Valid,Normal,Normal
Tamil Nadu,Theni,Kambam(Uzhavar Sandhai ),Banana - Green,Banana - Green,Local,2026-09-20 00:00:00,3600,3600,3600,0,0.00%,Valid,Normal,Normal
Tamil Nadu,Theni,Kambam(Uzhavar Sandhai ),Cabbage,Cabbage,Local,2026-09-20 00:00:00,2800,2800,2800,0,0.00%,Valid,Normal,Normal
Tamil Nadu,Theni,Kambam(Uzhavar Sandhai ),Drumstick,Drumstick,Local,2026-09-20 00:00:00,4000,4000,4000,0,0.00%,Valid,Normal,Normal
Tamil Nadu,Theni,Kambam(Uzhavar Sandhai ),Knool Khol,Knool Khol,Local,2026-09-20 00:00:00,3400,3400,3400,0,0.00%,Valid,Normal,Normal
Tamil Nadu,Theni,Kambam(Uzhavar Sandhai ),Lemon,Lemon,Local,2026-09-20 00:00:00,22000,22000,22000,0,0.00%,Valid,Normal,Normal
Tamil Nadu,Theni,Theni(Uzhavar Sandhai ),Orange,Darjeeling,Local,2026-09-20 00:00:00,16000,16000,16000,0,0.00%,Valid,Normal,Normal
Tamil Nadu,Theni,Theni(Uzhavar Sandhai ),Banana,Red Banana,Local,2026-09-20 00:00:00,6000,7000,6500,1000,16.67%,Valid,Normal,Normal
Tamil Nadu,Theni,Theni(Uzhavar Sandhai ),Bottle gourd,Bottle Gourd,Local,2026-09-20 00:00:00,1000,1400,1200,400,40.00%,Valid,Normal,Normal
Tamil Nadu,Theni,Theni(Uzhavar Sandhai ),Green Chilli,Green Chilly,Local,2026-09-20 00:00:00,2000,5800,3900,3800,190.00%,Valid,Normal,Normal
Tamil Nadu,Theni,Theni(Uzhavar Sandhai ),Ginger(Green),Green Ginger,Local,2026-09-20 00:00:00,7500,16000,11750,8500,113.33%,Valid,Normal,Normal
Tamil Nadu,Theni,Theni(Uzhavar Sandhai ),Snakeguard,Snakeguard,Local,2026-09-20 00:00:00,2500,2500,2500,0,0.00%,Valid,Normal,Normal
Tamil Nadu,Theni,Theni(Uzhavar Sandhai ),Thondekai,Thondekai,Local,2026-09-20 00:00:00,3500,3500,3500,0,0.00%,Valid,Normal,Normal
Tamil Nadu,Theni,Theni(Uzhavar Sandhai ),Knool Khol,Knool Khol,Local,2026-09-20 00:00:00,3000,3400,3200,400,13.33%,Valid,Normal,Normal
Tamil Nadu,Theni,Theni(Uzhavar Sandhai ),Mashrooms,Mashrooms,Local,2026-09-20 00:00:00,25000,25000,25000,0,0.00%,Valid,Normal,Normal
Tamil Nadu,Thirunelveli,NGO Colony(Uzhavar Sandhai ),Banana,Besrai,Local,2026-09-20 00:00:00,5500,6000,5750,500,9.09%,Valid,Normal,Normal
Tamil Nadu,Thirunelveli,NGO Colony(Uzhavar Sandhai ),Banana - Green,Banana - Green,Local,2026-09-20 00:00:00,2500,3000,2750,500,20.00%,Valid,Normal,Normal
Tamil Nadu,Thirunelveli,NGO Colony(Uzhavar Sandhai ),Snakeguard,Snakeguard,Local,2026-09-20 00:00:00,1500,2000,1750,500,33.33%,Valid,Normal,Normal
Tamil Nadu,Thirunelveli,NGO Colony(Uzhavar Sandhai ),Lemon,Lemon,Local,2026-09-20 00:00:00,18000,20000,19000,2000,11.11%,Valid,Normal,Normal
Tamil Nadu,Thirunelveli,NGO Colony(Uzhavar Sandhai ),Onion Green,Onion Green,Local,2026-09-20 00:00:00,9000,10600,9800,1600,17.78%,Valid,Normal,Normal
Tamil Nadu,Thirunelveli,Palayamkottai(Uzhavar Sandhai ),Potato,Other,Local,2026-09-20 00:00:00,2500,2900,2700,400,16.00%,Valid,Normal,Normal
Tamil Nadu,Thirunelveli,Palayamkottai(Uzhavar Sandhai ),Garlic,Garlic,Local,2026-09-20 00:00:00,22000,30000,26000,8000,36.36%,Valid,Normal,Normal
Tamil Nadu,Thirunelveli,Palayamkottai(Uzhavar Sandhai ),Coriander(Leaves),I Sort,Local,2026-09-20 00:00:00,4000,4500,4250,500,12.50%,Valid,Normal,Normal
Tamil Nadu,Thirunelveli,Palayamkottai(Uzhavar Sandhai ),Chikoos(Sapota),Sapota,Local,2026-09-20 00:00:00,4000,5000,4500,1000,25.00%,Valid,Normal,Normal
Tamil Nadu,Thirunelveli,Palayamkottai(Uzhavar Sandhai ),Papaya,Papaya,Local,2026-09-20 00:00:00,3500,4000,3750,500,14.29%,Valid,Normal,Normal
Tamil Nadu,Thirunelveli,Palayamkottai(Uzhavar Sandhai ),Mousambi(Sweet Lime),Mousambi,Local,2026-09-20 00:00:00,6000,7000,6500,1000,16.67%,Valid,Normal,Normal
Tamil Nadu,Thirunelveli,Palayamkottai(Uzhavar Sandhai ),Green Chilli,Green Chilly,Local,2026-09-20 00:00:00,4000,5000,4500,1000,25.00%,Valid,Normal,Normal
Tamil Nadu,Thirunelveli,Palayamkottai(Uzhavar Sandhai ),Cowpea(Veg),Cowpea (Veg),Local,2026-09-20 00:00:00,3000,3200,3100,200,6.67%,Valid,Normal,Normal
Tamil Nadu,Thirunelveli,Palayamkottai(Uzhavar Sandhai ),Carrot,Pusakesar,Local,2026-09-20 00:00:00,2800,4800,3800,2000,71.43%,Valid,Normal,Normal
Tamil Nadu,Thirunelveli,Palayamkottai(Uzhavar Sandhai ),Snakeguard,Snakeguard,Local,2026-09-20 00:00:00,1800,2000,1900,200,11.11%,Valid,Normal,Normal
Tamil Nadu,Thirunelveli,Palayamkottai(Uzhavar Sandhai ),Ridgeguard(Tori),Ridgeguard(Tori),Local,2026-09-20 00:00:00,3500,4000,3750,500,14.29%,Valid,Normal,Normal
Tamil Nadu,Thirunelveli,Palayamkottai(Uzhavar Sandhai ),Pomegranate,Pomogranate,Local,2026-09-20 00:00:00,14000,20000,17000,6000,42.86%,Valid,Normal,Normal
Tamil Nadu,Thirupur,Kangayam(Uzhavar Sandhai ),Brinjal,Round,Local,2026-09-20 00:00:00,5500,6000,5750,500,9.09%,Valid,Normal,Normal
Tamil Nadu,Thirupur,Kangayam(Uzhavar Sandhai ),Banana,Besrai,Local,2026-09-20 00:00:00,3800,4200,4000,400,10.53%,Valid,Normal,Normal
Tamil Nadu,Thirupur,Kangayam(Uzhavar Sandhai ),Tender Coconut,Tender Coconut,Local,2026-09-20 00:00:00,3000,3500,3250,500,16.67%,Valid,Normal,Normal
Tamil Nadu,Thirupur,Tiruppur (North) (Uzhavar Sandhai ),Cluster beans,Cluster Beans,Local,2026-09-20 00:00:00,3500,4000,3750,500,14.29%,Valid,Normal,Normal
Tamil Nadu,Thirupur,Tiruppur (North) (Uzhavar Sandhai ),Amaranthus,Amaranthus,Local,2026-09-20 00:00:00,2000,2500,2250,500,25.00%,Valid,Normal,Normal
Tamil Nadu,Thirupur,Tiruppur (North) (Uzhavar Sandhai ),Banana - Green,Banana - Green,Local,2026-09-20 00:00:00,2500,3000,2750,500,20.00%,Valid,Normal,Normal
Tamil Nadu,Thirupur,Tiruppur (North) (Uzhavar Sandhai ),Sweet Potato,Hosur Red,Local,2026-09-20 00:00:00,3500,4000,3750,500,14.29%,Valid,Normal,Normal
Tamil Nadu,Thirupur,Tiruppur (North) (Uzhavar Sandhai ),Snakeguard,Snakeguard,Local,2026-09-20 00:00:00,3500,4000,3750,500,14.29%,Valid,Normal,Normal
Tamil Nadu,Thirupur,Tiruppur (North) (Uzhavar Sandhai ),Raddish,Raddish,Local,2026-09-20 00:00:00,2500,3000,2750,500,20.00%,Valid,Normal,Normal
Tamil Nadu,Thirupur,Tiruppur (North) (Uzhavar Sandhai ),Chow Chow,Chow Chow,Local,2026-09-20 00:00:00,2500,3000,2750,500,20.00%,Valid,Normal,Normal
Tamil Nadu,Thirupur,Tiruppur (North) (Uzhavar Sandhai ),Drumstick,Drumstick,Local,2026-09-20 00:00:00,2500,3000,2750,500,20.00%,Valid,Normal,Normal
Tamil Nadu,Thirupur,Tiruppur (North) (Uzhavar Sandhai ),Sweet Corn,Sweet Corn,Local,2026-09-20 00:00:00,1500,2000,1750,500,33.33%,Valid,Normal,Normal
Tamil Nadu,Thiruvannamalai,Chengam(Uzhavar Sandhai ),Ashgourd,Gouard,Local,2026-09-20 00:00:00,1600,2000,1800,400,25.00%,Valid,Normal,Normal
Tamil Nadu,Thiruvannamalai,Chengam(Uzhavar Sandhai ),Ginger(Green),Green Ginger,Local,2026-09-20 00:00:00,16000,20000,18000,4000,25.00%,Valid,Normal,Normal
Tamil Nadu,Thiruvannamalai,Chengam(Uzhavar Sandhai ),Knool Khol,Knool Khol,Local,2026-09-20 00:00:00,4200,5000,4600,800,19.05%,Valid,Normal,Normal
Tamil Nadu,Thiruvannamalai,Chengam(Uzhavar Sandhai ),Yam(Ratalu),Yam (Ratalu),Local,2026-09-20 00:00:00,5000,6000,5500,1000,20.00%,Valid,Normal,Normal
Tamil Nadu,Thiruvannamalai,Chengam(Uzhavar Sandhai ),Onion Green,Onion Green,Local,2026-09-20 00:00:00,7000,8000,7500,1000,14.29%,Valid,Normal,Normal
Tamil Nadu,Thiruvannamalai,Tamarainagar(Uzhavar Sandhai ),Brinjal,Round,Local,2026-09-20 00:00:00,5000,6000,5500,1000,20.00%,Valid,Normal,Normal
Tamil Nadu,Thiruvannamalai,Tamarainagar(Uzhavar Sandhai ),Papaya,Papaya,Local,2026-09-20 00:00:00,4000,4800,4400,800,20.00%,Valid,Normal,Normal
Tamil Nadu,Thiruvannamalai,Tamarainagar(Uzhavar Sandhai ),Water Melon,Water Melon,Local,2026-09-20 00:00:00,2500,3000,2750,500,20.00%,Valid,Normal,Normal
Tamil Nadu,Thiruvannamalai,Tamarainagar(Uzhavar Sandhai ),Cluster beans,Cluster Beans,Local,2026-09-20 00:00:00,3500,4000,3750,500,14.29%,Valid,Normal,Normal
Tamil Nadu,Thiruvannamalai,Tamarainagar(Uzhavar Sandhai ),Bottle gourd,Bottle Gourd,Local,2026-09-20 00:00:00,2000,2500,2250,500,25.00%,Valid,Normal,Normal
Tamil Nadu,Thiruvannamalai,Tamarainagar(Uzhavar Sandhai ),Coconut,Coconut,Local,2026-09-20 00:00:00,5600,6600,6100,1000,17.86%,Valid,Normal,Normal
Tamil Nadu,Thiruvannamalai,Tamarainagar(Uzhavar Sandhai ),Lemon,Lemon,Local,2026-09-20 00:00:00,25000,30000,27500,5000,20.00%,Valid,Normal,Normal
Tamil Nadu,Thiruvannamalai,Tamarainagar(Uzhavar Sandhai ),Onion Green,Onion Green,Local,2026-09-20 00:00:00,10000,12000,11000,2000,20.00%,Valid,Normal,Normal
Tamil Nadu,Thiruvannamalai,Tamarainagar(Uzhavar Sandhai ),Rose(Local),Rose (Local),Local,2026-09-20 00:00:00,25000,30000,27500,5000,20.00%,Valid,Normal,Normal
Tamil Nadu,Thiruvannamalai,Vandavasi(Uzhavar Sandhai ),Amaranthus,Amaranthus,Local,2026-09-20 00:00:00,2500,3000,2750,500,20.00%,Valid,Normal,Normal
Tamil Nadu,Thiruvannamalai,Vandavasi(Uzhavar Sandhai ),Banana - Green,Banana - Green,Local,2026-09-20 00:00:00,1600,2000,1800,400,25.00%,Valid,Normal,Normal
Tamil Nadu,Thiruvannamalai,Vandavasi(Uzhavar Sandhai ),Thondekai,Thondekai,Local,2026-09-20 00:00:00,3500,4000,3750,500,14.29%,Valid,Normal,Normal
Tamil Nadu,Thiruvannamalai,Vandavasi(Uzhavar Sandhai ),Mint(Pudina),Mint(Pudina),Local,2026-09-20 00:00:00,3800,4500,4150,700,18.42%,Valid,Normal,Normal
Tamil Nadu,Thiruvarur,Muthupettai(Uzhavar Sandhai ),Brinjal,Round,Local,2026-09-20 00:00:00,3600,3600,3600,0,0.00%,Valid,Normal,Normal
Tamil Nadu,Thiruvarur,Muthupettai(Uzhavar Sandhai ),Potato,Red Nanital,Local,2026-09-20 00:00:00,3000,3000,3000,0,0.00%,Valid,Normal,Normal
Tamil Nadu,Thiruvarur,Muthupettai(Uzhavar Sandhai ),Bitter gourd,Bitter Gourd,Local,2026-09-20 00:00:00,4600,4600,4600,0,0.00%,Valid,Normal,Normal
Tamil Nadu,Thiruvarur,Muthupettai(Uzhavar Sandhai ),Lemon,Lemon,Local,2026-09-20 00:00:00,20000,20000,20000,0,0.00%,Valid,Normal,Normal
Tamil Nadu,Coimbatore,Sulur(Uzhavar Sandhai ),Onion,Bellary,Local,2026-09-20 00:00:00,5800,6200,6000,400,6.90%,Valid,Normal,Normal
Tamil Nadu,Coimbatore,Sulur(Uzhavar Sandhai ),Bhindi(Ladies Finger),Bhindi,Local,2026-09-20 00:00:00,4000,4600,4300,600,15.00%,Valid,Normal,Normal
Tamil Nadu,Coimbatore,Sulur(Uzhavar Sandhai ),Green Chilli,Green Chilly,Local,2026-09-20 00:00:00,5000,5600,5300,600,12.00%,Valid,Normal,Normal
Tamil Nadu,Coimbatore,Sulur(Uzhavar Sandhai ),Tapioca,Tapioca,Local,2026-09-20 00:00:00,3200,3600,3400,400,12.50%,Valid,Normal,Normal
Tamil Nadu,Coimbatore,Sulur(Uzhavar Sandhai ),Cabbage,Cabbage,Local,2026-09-20 00:00:00,2200,2500,2350,300,13.64%,Valid,Normal,Normal
Tamil Nadu,Coimbatore,Sulur(Uzhavar Sandhai ),Snakeguard,Snakeguard,Local,2026-09-20 00:00:00,3000,3400,3200,400,13.33%,Valid,Normal,Normal
Tamil Nadu,Coimbatore,Sulur(Uzhavar Sandhai ),Lemon,Lemon,Local,2026-09-20 00:00:00,24000,26000,25000,2000,8.33%,Valid,Normal,Normal
Tamil Nadu,Coimbatore,Sulur(Uzhavar Sandhai ),Amla(Nelli Kai),Amla,Local,2026-09-20 00:00:00,11000,12000,11500,1000,9.09%,Valid,Normal,Normal
Tamil Nadu,Coimbatore,Sulur(Uzhavar Sandhai ),Onion Green,Onion Green,Local,2026-09-20 00:00:00,8600,9200,8900,600,6.98%,Valid,Normal,Normal
Tamil Nadu,Pudukkottai,Gandarvakottai(Uzhavar Sandhai ),Potato,Red Nanital,Local,2026-09-20 00:00:00,5500,6000,5750,500,9.09%,Valid,Normal,Normal
Tamil Nadu,Pudukkottai,Gandarvakottai(Uzhavar Sandhai ),Green Chilli,Green Chilly,Local,2026-09-20 00:00:00,5000,5500,5250,500,10.00%,Valid,Normal,Normal
Tamil Nadu,Cuddalore,Panruti(Uzhavar Sandhai ),Papaya,Papaya,Local,2026-09-20 00:00:00,4000,4000,4000,0,0.00%,Valid,Normal,Normal
Tamil Nadu,Cuddalore,Panruti(Uzhavar Sandhai ),Ashgourd,Gouard,Local,2026-09-20 00:00:00,2500,2500,2500,0,0.00%,Valid,Normal,Normal
Tamil Nadu,Cuddalore,Panruti(Uzhavar Sandhai ),Banana - Green,Banana - Green,Local,2026-09-20 00:00:00,2500,2500,2500,0,0.00%,Valid,Normal,Normal
Tamil Nadu,Cuddalore,Panruti(Uzhavar Sandhai ),Lemon,Lemon,Local,2026-09-20 00:00:00,16000,16000,16000,0,0.00%,Valid,Normal,Normal
Tamil Nadu,Cuddalore,Vadalur(Uzhavar Sandhai ),Cluster beans,Cluster Beans,Local,2026-09-20 00:00:00,4000,4000,4000,0,0.00%,Valid,Normal,Normal
Tamil Nadu,Cuddalore,Vadalur(Uzhavar Sandhai ),Beans,Beans (Whole),Local,2026-09-20 00:00:00,8000,8000,8000,0,0.00%,Valid,Normal,Normal
Tamil Nadu,Cuddalore,Vadalur(Uzhavar Sandhai ),Ginger(Green),Green Ginger,Local,2026-09-20 00:00:00,7000,7000,7000,0,0.00%,Valid,Normal,Normal
Tamil Nadu,Cuddalore,Vadalur(Uzhavar Sandhai ),Snakeguard,Snakeguard,Local,2026-09-20 00:00:00,3000,3000,3000,0,0.00%,Valid,Normal,Normal
Tamil Nadu,Cuddalore,Vadalur(Uzhavar Sandhai ),Beetroot,Beetroot,Local,2026-09-20 00:00:00,4000,5000,4500,1000,25.00%,Valid,Normal,Normal
Tamil Nadu,Cuddalore,Vadalur(Uzhavar Sandhai ),Raddish,Raddish,Local,2026-09-20 00:00:00,3000,3000,3000,0,0.00%,Valid,Normal,Normal
Tamil Nadu,Cuddalore,Vadalur(Uzhavar Sandhai ),Thondekai,Thondekai,Local,2026-09-20 00:00:00,4000,4000,4000,0,0.00%,Valid,Normal,Normal
Tamil Nadu,Cuddalore,Vadalur(Uzhavar Sandhai ),Green Avare(W),Other,Local,2026-09-20 00:00:00,6000,6000,6000,0,0.00%,Valid,Normal,Normal
Tamil Nadu,Cuddalore,Vadalur(Uzhavar Sandhai ),Knool Khol,Knool Khol,Local,2026-09-20 00:00:00,3000,3000,3000,0,0.00%,Valid,Normal,Normal
Tamil Nadu,Cuddalore,Vadalur(Uzhavar Sandhai ),Lemon,Lemon,Local,2026-09-20 00:00:00,15000,16000,15500,1000,6.67%,Valid,Normal,Normal
Tamil Nadu,Dharmapuri,AJattihalli(Uzhavar Sandhai ),Banana,Red Banana,Local,2026-09-20 00:00:00,8500,8500,8500,0,0.00%,Valid,Normal,Normal
Tamil Nadu,Dharmapuri,AJattihalli(Uzhavar Sandhai ),Cauliflower,Ranchi,Local,2026-09-20 00:00:00,3500,3500,3500,0,0.00%,Valid,Normal,Normal
Tamil Nadu,Dharmapuri,AJattihalli(Uzhavar Sandhai ),Tomato,Deshi,Local,2026-09-20 00:00:00,2000,2500,2250,500,25.00%,Valid,Normal,Normal
Tamil Nadu,Dharmapuri,AJattihalli(Uzhavar Sandhai ),Bottle gourd,Bottle Gourd,Local,2026-09-20 00:00:00,1600,2000,1800,400,25.00%,Valid,Normal,Normal
Tamil Nadu,Dharmapuri,AJattihalli(Uzhavar Sandhai ),Bhindi(Ladies Finger),Bhindi,Local,2026-09-20 00:00:00,1600,1600,1600,0,0.00%,Valid,Normal,Normal
Tamil Nadu,Dharmapuri,AJattihalli(Uzhavar Sandhai ),Cowpea(Veg),Cowpea (Veg),Local,2026-09-20 00:00:00,5500,5500,5500,0,0.00%,Valid,Normal,Normal
Tamil Nadu,Dharmapuri,AJattihalli(Uzhavar Sandhai ),Beans,Beans (Whole),Local,2026-09-20 00:00:00,10500,10500,10500,0,0.00%,Valid,Normal,Normal
Tamil Nadu,Dharmapuri,AJattihalli(Uzhavar Sandhai ),Ginger(Green),Green Ginger,Local,2026-09-20 00:00:00,20000,22000,21000,2000,10.00%,Valid,Normal,Normal
Tamil Nadu,Dharmapuri,AJattihalli(Uzhavar Sandhai ),Cabbage,Cabbage,Local,2026-09-20 00:00:00,2600,3000,2800,400,15.38%,Valid,Normal,Normal
Tamil Nadu,Dharmapuri,AJattihalli(Uzhavar Sandhai ),Knool Khol,Knool Khol,Local,2026-09-20 00:00:00,4800,4800,4800,0,0.00%,Valid,Normal,Normal
Tamil Nadu,Dharmapuri,AJattihalli(Uzhavar Sandhai ),Tender Coconut,Tender Coconut,Local,2026-09-20 00:00:00,3000,3500,3250,500,16.67%,Valid,Normal,Normal
Tamil Nadu,Dharmapuri,AJattihalli(Uzhavar Sandhai ),Colacasia,Colacasia,Local,2026-09-20 00:00:00,6600,6600,6600,0,0.00%,Valid,Normal,Normal
Tamil Nadu,Dharmapuri,AJattihalli(Uzhavar Sandhai ),Onion Green,Onion Green,Local,2026-09-20 00:00:00,7000,8000,7500,1000,14.29%,Valid,Normal,Normal
Tamil Nadu,Karur,Pallapatti (Uzhavar Sandhai ),Brinjal,Other,Local,2026-09-20 00:00:00,4000,6000,5000,2000,50.00%,Valid,Normal,Normal
Tamil Nadu,Karur,Pallapatti (Uzhavar Sandhai ),Banana,Other,Local,2026-09-20 00:00:00,6500,7000,6750,500,7.69%,Valid,Normal,Normal
Tamil Nadu,Karur,Pallapatti (Uzhavar Sandhai ),Chikoos(Sapota),Sapota,Local,2026-09-20 00:00:00,4500,5000,4750,500,11.11%,Valid,Normal,Normal
Tamil Nadu,Karur,Pallapatti (Uzhavar Sandhai ),Bitter gourd,Other,Local,2026-09-20 00:00:00,5500,6000,5750,500,9.09%,Valid,Normal,Normal
Tamil Nadu,Karur,Pallapatti (Uzhavar Sandhai ),Ashgourd,Gouard,Local,2026-09-20 00:00:00,2200,2500,2350,300,13.64%,Valid,Normal,Normal
Tamil Nadu,Karur,Pallapatti (Uzhavar Sandhai ),Pumpkin,Pumpkin,Local,2026-09-20 00:00:00,2200,2500,2350,300,13.64%,Valid,Normal,Normal
Tamil Nadu,Karur,Pallapatti (Uzhavar Sandhai ),Tapioca,Tapioca,Local,2026-09-20 00:00:00,2500,3000,2750,500,20.00%,Valid,Normal,Normal
Tamil Nadu,Karur,Pallapatti (Uzhavar Sandhai ),Coconut,Coconut,Local,2026-09-20 00:00:00,5500,6000,5750,500,9.09%,Valid,Normal,Normal
Tamil Nadu,Karur,Pallapatti (Uzhavar Sandhai ),Snakeguard,Snakeguard,Local,2026-09-20 00:00:00,3500,4000,3750,500,14.29%,Valid,Normal,Normal
Tamil Nadu,Karur,Pallapatti (Uzhavar Sandhai ),Lime,Lime,Local,2026-09-20 00:00:00,3500,4000,3750,500,14.29%,Valid,Normal,Normal
Tamil Nadu,Karur,Pallapatti (Uzhavar Sandhai ),Baby Corn,Baby Corn,Grade A,2026-09-20 00:00:00,4500,5000,4750,500,11.11%,Valid,Normal,Normal
Tamil Nadu,Karur,Velayuthampalayam(Uzhavar Sandhai ),Amaranthus,Amaranthus,Local,2026-09-20 00:00:00,2000,2500,2250,500,25.00%,Valid,Normal,Normal
Tamil Nadu,Karur,Velayuthampalayam(Uzhavar Sandhai ),Green Avare(W),Other,Local,2026-09-20 00:00:00,9000,10000,9500,1000,11.11%,Valid,Normal,Normal
Tamil Nadu,Karur,Velayuthampalayam(Uzhavar Sandhai ),Drumstick,Drumstick,Local,2026-09-20 00:00:00,2400,3000,2700,600,25.00%,Valid,Normal,Normal
Tamil Nadu,Karur,Velayuthampalayam(Uzhavar Sandhai ),Mint(Pudina),Mint(Pudina),Local,2026-09-20 00:00:00,5200,6000,5600,800,15.38%,Valid,Normal,Normal
Tamil Nadu,Karur,Vengamedu(Uzhavar Sandhai ),Bitter gourd,Other,Local,2026-09-20 00:00:00,5000,5500,5250,500,10.00%,Valid,Normal,Normal
Tamil Nadu,Karur,Vengamedu(Uzhavar Sandhai ),Amaranthus,Amaranthus,Local,2026-09-20 00:00:00,2000,2500,2250,500,25.00%,Valid,Normal,Normal
Tamil Nadu,Karur,Vengamedu(Uzhavar Sandhai ),Banana - Green,Banana - Green,Local,2026-09-20 00:00:00,2500,3000,2750,500,20.00%,Valid,Normal,Normal
Tamil Nadu,Karur,Vengamedu(Uzhavar Sandhai ),Green Avare(W),Other,Local,2026-09-20 00:00:00,9000,10000,9500,1000,11.11%,Valid,Normal,Normal
Tamil Nadu,Karur,Vengamedu(Uzhavar Sandhai ),Onion Green,Onion Green,Local,2026-09-20 00:00:00,9000,9500,9250,500,5.56%,Valid,Normal,Normal
Tamil Nadu,Theni,Devaram(Uzhavar Sandhai ),Brinjal,Round,Local,2026-09-20 00:00:00,3000,3000,3000,0,0.00%,Valid,Normal,Normal
Tamil Nadu,Theni,Devaram(Uzhavar Sandhai ),Potato,Red Nanital,Local,2026-09-20 00:00:00,3000,3000,3000,0,0.00%,Valid,Normal,Normal
Tamil Nadu,Theni,Devaram(Uzhavar Sandhai ),Bitter gourd,Bitter Gourd,Local,2026-09-20 00:00:00,3800,3800,3800,0,0.00%,Valid,Normal,Normal
Tamil Nadu,Theni,Devaram(Uzhavar Sandhai ),Green Avare(W),Green Avare (W),Local,2026-09-20 00:00:00,7500,7500,7500,0,0.00%,Valid,Normal,Normal
Tamil Nadu,Theni,Devaram(Uzhavar Sandhai ),Chow Chow,Chow Chow,Local,2026-09-20 00:00:00,3000,3000,3000,0,0.00%,Valid,Normal,Normal
Tamil Nadu,Theni,Devaram(Uzhavar Sandhai ),Indian Beans(Seam),Indian Beans (Seam),Local,2026-09-20 00:00:00,5400,5400,5400,0,0.00%,Valid,Normal,Normal
Tamil Nadu,Theni,Devaram(Uzhavar Sandhai ),Onion Green,Onion Green,Local,2026-09-20 00:00:00,8000,8000,8000,0,0.00%,Valid,Normal,Normal
Tamil Nadu,Salem,Attayampatti(Uzhavar Sandhai ),Tomato,Deshi,Local,2026-09-20 00:00:00,2400,2800,2600,400,16.67%,Valid,Normal,Normal
Tamil Nadu,Salem,Attayampatti(Uzhavar Sandhai ),Bottle gourd,Bottle Gourd,Local,2026-09-20 00:00:00,2600,3000,2800,400,15.38%,Valid,Normal,Normal
Tamil Nadu,Salem,Attayampatti(Uzhavar Sandhai ),Amaranthus,Amaranthus,Local,2026-09-20 00:00:00,2400,2800,2600,400,16.67%,Valid,Normal,Normal
Tamil Nadu,Salem,Attayampatti(Uzhavar Sandhai ),Tapioca,Tapioca,Local,2026-09-20 00:00:00,3500,3500,3500,0,0.00%,Valid,Normal,Normal
Tamil Nadu,Salem,Attayampatti(Uzhavar Sandhai ),Sweet Potato,Hosur Red,Local,2026-09-20 00:00:00,5000,5000,5000,0,0.00%,Valid,Normal,Normal
Tamil Nadu,Salem,Attayampatti(Uzhavar Sandhai ),Ridgeguard(Tori),Ridgeguard(Tori),Local,2026-09-20 00:00:00,4000,4000,4000,0,0.00%,Valid,Normal,Normal
Tamil Nadu,Salem,Attayampatti(Uzhavar Sandhai ),Drumstick,Drumstick,Local,2026-09-20 00:00:00,3000,3500,3250,500,16.67%,Valid,Normal,Normal
Tamil Nadu,Sivaganga,Sivagangai (Uzhavar Sandhai ),Coriander(Leaves),I Sort,Local,2026-09-20 00:00:00,4600,5000,4800,400,8.70%,Valid,Normal,Normal
Tamil Nadu,Sivaganga,Sivagangai (Uzhavar Sandhai ),Bitter gourd,Other,Local,2026-09-20 00:00:00,5200,5600,5400,400,7.69%,Valid,Normal,Normal
Tamil Nadu,Sivaganga,Sivagangai (Uzhavar Sandhai ),Ginger(Green),Green Ginger,Local,2026-09-20 00:00:00,13000,20000,16500,7000,53.85%,Valid,Normal,Normal
Tamil Nadu,Sivaganga,Sivagangai (Uzhavar Sandhai ),Carrot,Pusakesar,Local,2026-09-20 00:00:00,3000,4200,3600,1200,40.00%,Valid,Normal,Normal
Tamil Nadu,Sivaganga,Sivagangai (Uzhavar Sandhai ),Ridgeguard(Tori),Ridgeguard(Tori),Local,2026-09-20 00:00:00,3800,4600,4200,800,21.05%,Valid,Normal,Normal
Tamil Nadu,Sivaganga,Sivagangai (Uzhavar Sandhai ),Raddish,Raddish,Local,2026-09-20 00:00:00,2600,3000,2800,400,15.38%,Valid,Normal,Normal
Tamil Nadu,Sivaganga,Sivagangai (Uzhavar Sandhai ),Knool Khol,Knool Khol,Local,2026-09-20 00:00:00,4600,5000,4800,400,8.70%,Valid,Normal,Normal
Tamil Nadu,Sivaganga,Sivagangai (Uzhavar Sandhai ),Lemon,Lemon,Local,2026-09-20 00:00:00,26000,28000,27000,2000,7.69%,Valid,Normal,Normal
Tamil Nadu,Sivaganga,Devakottai (Uzhavar Sandhai ),Ashgourd,Gouard,Local,2026-09-20 00:00:00,2000,2200,2100,200,10.00%,Valid,Normal,Normal
Tamil Nadu,Salem,Edapadi (Uzhavar Sandhai ),Cauliflower,Ranchi,Local,2026-09-20 00:00:00,2500,3000,2750,500,20.00%,Valid,Normal,Normal
Tamil Nadu,Salem,Edapadi (Uzhavar Sandhai ),Mousambi(Sweet Lime),Mousambi,Local,2026-09-20 00:00:00,2800,3000,2900,200,7.14%,Valid,Normal,Normal
Tamil Nadu,Salem,Edapadi (Uzhavar Sandhai ),Tomato,Other,Local,2026-09-20 00:00:00,2800,3000,2900,200,7.14%,Valid,Normal,Normal
Tamil Nadu,Salem,Edapadi (Uzhavar Sandhai ),Bitter gourd,Other,Local,2026-09-20 00:00:00,4500,5000,4750,500,11.11%,Valid,Normal,Normal
Tamil Nadu,Salem,Edapadi (Uzhavar Sandhai ),Ashgourd,Gouard,Local,2026-09-20 00:00:00,1800,2000,1900,200,11.11%,Valid,Normal,Normal
Tamil Nadu,Salem,Edapadi (Uzhavar Sandhai ),Green Chilli,Green Chilly,Local,2026-09-20 00:00:00,4000,4500,4250,500,12.50%,Valid,Normal,Normal
Tamil Nadu,Salem,Edapadi (Uzhavar Sandhai ),Ridgeguard(Tori),Ridgeguard(Tori),Local,2026-09-20 00:00:00,3800,4000,3900,200,5.26%,Valid,Normal,Normal
Tamil Nadu,Salem,Edapadi (Uzhavar Sandhai ),Chow Chow,Chow Chow,Local,2026-09-20 00:00:00,3500,4000,3750,500,14.29%,Valid,Normal,Normal
Tamil Nadu,Salem,Elampillai(Uzhavar Sandhai ),Brinjal,Other,Local,2026-09-20 00:00:00,3000,3500,3250,500,16.67%,Valid,Normal,Normal
Tamil Nadu,Salem,Elampillai(Uzhavar Sandhai ),Garlic,Garlic,Local,2026-09-20 00:00:00,27000,28000,27500,1000,3.70%,Valid,Normal,Normal
Tamil Nadu,Salem,Elampillai(Uzhavar Sandhai ),Bitter gourd,Other,Local,2026-09-20 00:00:00,4000,4500,4250,500,12.50%,Valid,Normal,Normal
Tamil Nadu,Salem,Elampillai(Uzhavar Sandhai ),Ashgourd,Gouard,Local,2026-09-20 00:00:00,1800,2000,1900,200,11.11%,Valid,Normal,Normal
Tamil Nadu,Salem,Elampillai(Uzhavar Sandhai ),Green Avare(W),Other,Local,2026-09-20 00:00:00,5000,6000,5500,1000,20.00%,Valid,Normal,Normal
Tamil Nadu,Salem,Elampillai(Uzhavar Sandhai ),Chow Chow,Chow Chow,Local,2026-09-20 00:00:00,4000,4500,4250,500,12.50%,Valid,Normal,Normal
Tamil Nadu,Salem,Elampillai(Uzhavar Sandhai ),Marigold(Calcutta),Marigold(Calcutta),Local,2026-09-20 00:00:00,17000,18000,17500,1000,5.88%,Valid,Normal,Normal
Tamil Nadu,Salem,Elampillai(Uzhavar Sandhai ),Onion Green,Onion Green,Local,2026-09-20 00:00:00,7000,8000,7500,1000,14.29%,Valid,Normal,Normal
Tamil Nadu,Salem,Hasthampatti(Uzhavar Sandhai ),Apple,American,Local,2026-09-20 00:00:00,14000,15000,14500,1000,7.14%,Valid,Normal,Normal
Tamil Nadu,Salem,Hasthampatti(Uzhavar Sandhai ),Potato,Other,Local,2026-09-20 00:00:00,4500,5000,4750,500,11.11%,Valid,Normal,Normal
Tamil Nadu,Salem,Hasthampatti(Uzhavar Sandhai ),Garlic,Garlic,Local,2026-09-20 00:00:00,18000,20000,19000,2000,11.11%,Valid,Normal,Normal
Tamil Nadu,Salem,Hasthampatti(Uzhavar Sandhai ),Papaya,Papaya,Local,2026-09-20 00:00:00,3000,3500,3250,500,16.67%,Valid,Normal,Normal
Tamil Nadu,Salem,Hasthampatti(Uzhavar Sandhai ),Pumpkin,Pumpkin,Local,2026-09-20 00:00:00,1800,2000,1900,200,11.11%,Valid,Normal,Normal
Tamil Nadu,Salem,Hasthampatti(Uzhavar Sandhai ),Amaranthus,Amaranthus,Local,2026-09-20 00:00:00,2000,2400,2200,400,20.00%,Valid,Normal,Normal
Tamil Nadu,Salem,Hasthampatti(Uzhavar Sandhai ),Beans,Beans (Whole),Local,2026-09-20 00:00:00,7500,8000,7750,500,6.67%,Valid,Normal,Normal
Tamil Nadu,Salem,Hasthampatti(Uzhavar Sandhai ),Colacasia,Colacasia,Local,2026-09-20 00:00:00,5500,6000,5750,500,9.09%,Valid,Normal,Normal
Tamil Nadu,Salem,Hasthampatti(Uzhavar Sandhai ),Baby Corn,Baby Corn,Grade A,2026-09-20 00:00:00,2500,3000,2750,500,20.00%,Valid,Normal,Normal
Tamil Nadu,Salem,Jalagandapuram(Uzhavar Sandhai ),Banana,Red Banana,Local,2026-09-20 00:00:00,6000,7000,6500,1000,16.67%,Valid,Normal,Normal
Tamil Nadu,Salem,Jalagandapuram(Uzhavar Sandhai ),Coconut,Coconut,Local,2026-09-20 00:00:00,5000,6000,5500,1000,20.00%,Valid,Normal,Normal
Tamil Nadu,Salem,Jalagandapuram(Uzhavar Sandhai ),Raddish,Raddish,Local,2026-09-20 00:00:00,2000,2500,2250,500,25.00%,Valid,Normal,Normal
Tamil Nadu,Salem,Jalagandapuram(Uzhavar Sandhai ),Capsicum,Capsicum,Local,2026-09-20 00:00:00,5400,5800,5600,400,7.41%,Valid,Normal,Normal
Tamil Nadu,Salem,Jalagandapuram(Uzhavar Sandhai ),Chow Chow,Chow Chow,Local,2026-09-20 00:00:00,3400,3800,3600,400,11.76%,Valid,Normal,Normal
Tamil Nadu,Salem,Jalagandapuram(Uzhavar Sandhai ),Tender Coconut,Tender Coconut,Local,2026-09-20 00:00:00,3000,3500,3250,500,16.67%,Valid,Normal,Normal
Tamil Nadu,Salem,Jalagandapuram(Uzhavar Sandhai ),Mint(Pudina),Mint(Pudina),Local,2026-09-20 00:00:00,4500,5000,4750,500,11.11%,Valid,Normal,Normal
Tamil Nadu,Sivaganga,Singampunari(Uzhavar Sandhai ),Onion,Bellary,Local,2026-09-20 00:00:00,4200,6600,5400,2400,57.14%,Valid,Normal,Normal
Tamil Nadu,Sivaganga,Singampunari(Uzhavar Sandhai ),Papaya,Papaya,Local,2026-09-20 00:00:00,4600,5000,4800,400,8.70%,Valid,Normal,Normal
Tamil Nadu,Sivaganga,Singampunari(Uzhavar Sandhai ),Bitter gourd,Other,Local,2026-09-20 00:00:00,5200,5600,5400,400,7.69%,Valid,Normal,Normal
Tamil Nadu,Sivaganga,Singampunari(Uzhavar Sandhai ),Coconut,Coconut,Local,2026-09-20 00:00:00,6600,7000,6800,400,6.06%,Valid,Normal,Normal
Tamil Nadu,Sivaganga,Singampunari(Uzhavar Sandhai ),Snakeguard,Snakeguard,Local,2026-09-20 00:00:00,3200,3800,3500,600,18.75%,Valid,Normal,Normal
Tamil Nadu,Sivaganga,Singampunari(Uzhavar Sandhai ),Drumstick,Drumstick,Local,2026-09-20 00:00:00,4400,6200,5300,1800,40.91%,Valid,Normal,Normal
Tamil Nadu,Sivaganga,Singampunari(Uzhavar Sandhai ),Onion Green,Onion Green,Local,2026-09-20 00:00:00,8200,9200,8700,1000,12.20%,Valid,Normal,Normal
Tamil Nadu,Sivaganga,Karaikudi(Uzhavar Sandhai ),Cauliflower,Ranchi,Local,2026-09-20 00:00:00,3000,3500,3250,500,16.67%,Valid,Normal,Normal
Tamil Nadu,Sivaganga,Karaikudi(Uzhavar Sandhai ),Coriander(Leaves),I Sort,Local,2026-09-20 00:00:00,5000,5200,5100,200,4.00%,Valid,Normal,Normal
Tamil Nadu,Sivaganga,Karaikudi(Uzhavar Sandhai ),Cluster beans,Cluster Beans,Local,2026-09-20 00:00:00,4000,4500,4250,500,12.50%,Valid,Normal,Normal
Tamil Nadu,Sivaganga,Karaikudi(Uzhavar Sandhai ),Beans,Beans (Whole),Local,2026-09-20 00:00:00,9000,10000,9500,1000,11.11%,Valid,Normal,Normal
Tamil Nadu,Sivaganga,Karaikudi(Uzhavar Sandhai ),Coconut,Coconut,Local,2026-09-20 00:00:00,7200,7500,7350,300,4.17%,Valid,Normal,Normal
Tamil Nadu,Sivaganga,Karaikudi(Uzhavar Sandhai ),Carrot,Pusakesar,Local,2026-09-20 00:00:00,3200,4500,3850,1300,40.63%,Valid,Normal,Normal
Tamil Nadu,Sivaganga,Karaikudi(Uzhavar Sandhai ),Lemon,Lemon,Local,2026-09-20 00:00:00,27000,29000,28000,2000,7.41%,Valid,Normal,Normal
Tamil Nadu,Sivaganga,Tirupatthur(Uzhavar Sandhai ),Cluster beans,Cluster Beans,Local,2026-09-20 00:00:00,4000,4500,4250,500,12.50%,Valid,Normal,Normal
Tamil Nadu,Sivaganga,Tirupatthur(Uzhavar Sandhai ),Amaranthus,Amaranthus,Local,2026-09-20 00:00:00,3500,4000,3750,500,14.29%,Valid,Normal,Normal
Tamil Nadu,Sivaganga,Tirupatthur(Uzhavar Sandhai ),Carrot,Pusakesar,Local,2026-09-20 00:00:00,3200,4500,3850,1300,40.63%,Valid,Normal,Normal
Tamil Nadu,Sivaganga,Tirupatthur(Uzhavar Sandhai ),Cabbage,Cabbage,Local,2026-09-20 00:00:00,3000,3500,3250,500,16.67%,Valid,Normal,Normal
Tamil Nadu,Sivaganga,Tirupatthur(Uzhavar Sandhai ),Green Avare(W),Other,Local,2026-09-20 00:00:00,8400,10500,9450,2100,25.00%,Valid,Normal,Normal
Tamil Nadu,Sivaganga,Tirupatthur(Uzhavar Sandhai ),Lemon,Lemon,Local,2026-09-20 00:00:00,26400,28500,27450,2100,7.95%,Valid,Normal,Normal
Tamil Nadu,Sivaganga,Tirupatthur(Uzhavar Sandhai ),Mint(Pudina),Mint(Pudina),Local,2026-09-20 00:00:00,6000,6500,6250,500,8.33%,Valid,Normal,Normal
Tamil Nadu,Thanjavur,Pattukottai(Uzhavar Sandhai ),Onion,Bellary,Local,2026-09-20 00:00:00,5000,7000,6000,2000,40.00%,Valid,Normal,Normal
Tamil Nadu,Thanjavur,Pattukottai(Uzhavar Sandhai ),Garlic,Garlic,Local,2026-09-20 00:00:00,16000,16000,16000,0,0.00%,Valid,Normal,Normal
Tamil Nadu,Thanjavur,Pattukottai(Uzhavar Sandhai ),Cluster beans,Cluster Beans,Local,2026-09-20 00:00:00,4000,4000,4000,0,0.00%,Valid,Normal,Normal
Tamil Nadu,Thanjavur,Pattukottai(Uzhavar Sandhai ),Banana - Green,Banana - Green,Local,2026-09-20 00:00:00,3000,3000,3000,0,0.00%,Valid,Normal,Normal
Tamil Nadu,Thanjavur,Pattukottai(Uzhavar Sandhai ),Beetroot,Beetroot,Local,2026-09-20 00:00:00,5400,5400,5400,0,0.00%,Valid,Normal,Normal
Tamil Nadu,Thanjavur,Pattukottai(Uzhavar Sandhai ),Drumstick,Drumstick,Local,2026-09-20 00:00:00,4400,4400,4400,0,0.00%,Valid,Normal,Normal
Tamil Nadu,Thanjavur,Pattukottai(Uzhavar Sandhai ),Mango(Raw-Ripe),Mango - Raw-Ripe,Local,2026-09-20 00:00:00,12600,12600,12600,0,0.00%,Valid,Normal,Normal
Tamil Nadu,Thanjavur,Pattukottai(Uzhavar Sandhai ),Yam(Ratalu),Yam (Ratalu),Local,2026-09-20 00:00:00,7000,7000,7000,0,0.00%,Valid,Normal,Normal
Tamil Nadu,Thanjavur,Pattukottai(Uzhavar Sandhai ),Lemon,Lemon,Local,2026-09-20 00:00:00,14600,14600,14600,0,0.00%,Valid,Normal,Normal
Tamil Nadu,Thiruchirappalli,Lalgudi(Uzhavar Sandhai ),Onion,Bellary,Local,2026-09-20 00:00:00,5000,6500,5750,1500,30.00%,Valid,Normal,Normal
Tamil Nadu,Thiruchirappalli,Lalgudi(Uzhavar Sandhai ),Ashgourd,Gouard,Local,2026-09-20 00:00:00,2000,2000,2000,0,0.00%,Valid,Normal,Normal
Tamil Nadu,Thiruchirappalli,Lalgudi(Uzhavar Sandhai ),Amaranthus,Amaranthus,Local,2026-09-20 00:00:00,1500,1500,1500,0,0.00%,Valid,Normal,Normal
Tamil Nadu,Thiruchirappalli,Lalgudi(Uzhavar Sandhai ),Cowpea(Veg),Cowpea (Veg),Local,2026-09-20 00:00:00,3600,3600,3600,0,0.00%,Valid,Normal,Normal
Tamil Nadu,Thiruchirappalli,Lalgudi(Uzhavar Sandhai ),Cabbage,Cabbage,Local,2026-09-20 00:00:00,3000,3000,3000,0,0.00%,Valid,Normal,Normal
Tamil Nadu,Thiruchirappalli,Lalgudi(Uzhavar Sandhai ),Raddish,Raddish,Local,2026-09-20 00:00:00,3600,3600,3600,0,0.00%,Valid,Normal,Normal
Tamil Nadu,Thiruchirappalli,Lalgudi(Uzhavar Sandhai ),Drumstick,Drumstick,Local,2026-09-20 00:00:00,4000,4000,4000,0,0.00%,Valid,Normal,Normal
Tamil Nadu,Thiruchirappalli,Manachanallur(Uzhavar Sandhai ),Brinjal,Other,Local,2026-09-20 00:00:00,2000,2500,2250,500,25.00%,Valid,Normal,Normal
Tamil Nadu,Thiruchirappalli,Manachanallur(Uzhavar Sandhai ),Coriander(Leaves),I Sort,Local,2026-09-20 00:00:00,3000,3500,3250,500,16.67%,Valid,Normal,Normal
Tamil Nadu,Thiruchirappalli,Manachanallur(Uzhavar Sandhai ),Papaya,Papaya,Local,2026-09-20 00:00:00,3500,4000,3750,500,14.29%,Valid,Normal,Normal
Tamil Nadu,Thiruchirappalli,Manachanallur(Uzhavar Sandhai ),Bitter gourd,Other,Local,2026-09-20 00:00:00,5000,6000,5500,1000,20.00%,Valid,Normal,Normal
Tamil Nadu,Thiruchirappalli,Manachanallur(Uzhavar Sandhai ),Bhindi(Ladies Finger),Bhindi,Local,2026-09-20 00:00:00,3000,3500,3250,500,16.67%,Valid,Normal,Normal
Tamil Nadu,Thiruchirappalli,Manachanallur(Uzhavar Sandhai ),Green Chilli,Green Chilly,Local,2026-09-20 00:00:00,3800,4400,4100,600,15.79%,Valid,Normal,Normal
Tamil Nadu,Thiruchirappalli,Manachanallur(Uzhavar Sandhai ),Beans,Beans (Whole),Local,2026-09-20 00:00:00,7500,8500,8000,1000,13.33%,Valid,Normal,Normal
Tamil Nadu,Thiruchirappalli,Manachanallur(Uzhavar Sandhai ),Beetroot,Beetroot,Local,2026-09-20 00:00:00,4500,5000,4750,500,11.11%,Valid,Normal,Normal
Tamil Nadu,Thiruchirappalli,Manachanallur(Uzhavar Sandhai ),Chow Chow,Chow Chow,Local,2026-09-20 00:00:00,3500,4000,3750,500,14.29%,Valid,Normal,Normal
Tamil Nadu,Thiruchirappalli,Manapparai(Uzhavar Sandhai ),Banana,Poovan,Local,2026-09-20 00:00:00,4000,5000,4500,1000,25.00%,Valid,Normal,Normal
Tamil Nadu,Thiruchirappalli,Manapparai(Uzhavar Sandhai ),Potato,Other,Local,2026-09-20 00:00:00,3000,3000,3000,0,0.00%,Valid,Normal,Normal
Tamil Nadu,Thiruchirappalli,Manapparai(Uzhavar Sandhai ),Cauliflower,Ranchi,Local,2026-09-20 00:00:00,5000,5000,5000,0,0.00%,Valid,Normal,Normal
Tamil Nadu,Thiruchirappalli,Manapparai(Uzhavar Sandhai ),Green Avare(W),Other,Local,2026-09-20 00:00:00,8000,9000,8500,1000,12.50%,Valid,Normal,Normal
Tamil Nadu,Thiruchirappalli,Manapparai(Uzhavar Sandhai ),Guava,Guava Allahabad,Local,2026-09-20 00:00:00,8000,8000,8000,0,0.00%,Valid,Normal,Normal
Tamil Nadu,Thiruchirappalli,Manapparai(Uzhavar Sandhai ),Mint(Pudina),Mint(Pudina),Local,2026-09-20 00:00:00,6600,6600,6600,0,0.00%,Valid,Normal,Normal
Tamil Nadu,Thiruchirappalli,Musiri(Uzhavar Sandhai ),Cluster beans,Cluster Beans,Local,2026-09-20 00:00:00,3000,3600,3300,600,20.00%,Valid,Normal,Normal
Tamil Nadu,Thiruchirappalli,Musiri(Uzhavar Sandhai ),Green Chilli,Green Chilly,Local,2026-09-20 00:00:00,4000,4500,4250,500,12.50%,Valid,Normal,Normal
Tamil Nadu,Thiruchirappalli,Musiri(Uzhavar Sandhai ),Coconut,Coconut,Local,2026-09-20 00:00:00,6000,6500,6250,500,8.33%,Valid,Normal,Normal
Tamil Nadu,Thiruchirappalli,Musiri(Uzhavar Sandhai ),Sweet Potato,Hosur Red,Local,2026-09-20 00:00:00,4500,5000,4750,500,11.11%,Valid,Normal,Normal
Tamil Nadu,Thiruchirappalli,Musiri(Uzhavar Sandhai ),Cabbage,Cabbage,Local,2026-09-20 00:00:00,2600,3000,2800,400,15.38%,Valid,Normal,Normal
Tamil Nadu,Thiruchirappalli,Musiri(Uzhavar Sandhai ),Cucumbar(Kheera),Cucumbar,Local,2026-09-20 00:00:00,4000,4600,4300,600,15.00%,Valid,Normal,Normal
Tamil Nadu,Thiruchirappalli,Musiri(Uzhavar Sandhai ),Thondekai,Thondekai,Local,2026-09-20 00:00:00,4000,5000,4500,1000,25.00%,Valid,Normal,Normal
Tamil Nadu,Thiruchirappalli,Musiri(Uzhavar Sandhai ),Mashrooms,Mashrooms,Local,2026-09-20 00:00:00,18000,20000,19000,2000,11.11%,Valid,Normal,Normal
Tamil Nadu,Thiruchirappalli,Musiri(Uzhavar Sandhai ),Onion Green,Onion Green,Local,2026-09-20 00:00:00,5000,8000,6500,3000,60.00%,Valid,Normal,Normal
Tamil Nadu,Thiruchirappalli,Thiruverumbur(Uzhavar Sandhai ),Potato,Other,Local,2026-09-20 00:00:00,3000,4000,3500,1000,33.33%,Valid,Normal,Normal
Tamil Nadu,Thiruchirappalli,Thiruverumbur(Uzhavar Sandhai ),Garlic,Garlic,Local,2026-09-20 00:00:00,20000,28000,24000,8000,40.00%,Valid,Normal,Normal
Tamil Nadu,Thiruchirappalli,Thiruverumbur(Uzhavar Sandhai ),Bottle gourd,Bottle Gourd,Local,2026-09-20 00:00:00,2400,2400,2400,0,0.00%,Valid,Normal,Normal
Tamil Nadu,Thiruchirappalli,Thiruverumbur(Uzhavar Sandhai ),Pumpkin,Pumpkin,Local,2026-09-20 00:00:00,2000,2000,2000,0,0.00%,Valid,Normal,Normal
Tamil Nadu,Thiruchirappalli,Thiruverumbur(Uzhavar Sandhai ),Cowpea(Veg),Cowpea (Veg),Local,2026-09-20 00:00:00,3000,3000,3000,0,0.00%,Valid,Normal,Normal
Tamil Nadu,Thiruchirappalli,Thiruverumbur(Uzhavar Sandhai ),Coconut,Coconut,Local,2026-09-20 00:00:00,7000,7000,7000,0,0.00%,Valid,Normal,Normal
Tamil Nadu,Thiruchirappalli,Thiruverumbur(Uzhavar Sandhai ),Sweet Potato,Hosur Red,Local,2026-09-20 00:00:00,5000,5000,5000,0,0.00%,Valid,Normal,Normal
Tamil Nadu,Thiruchirappalli,Thiruverumbur(Uzhavar Sandhai ),Green Avare(W),Other,Local,2026-09-20 00:00:00,8000,8600,8300,600,7.50%,Valid,Normal,Normal
Tamil Nadu,Thiruchirappalli,Thiruverumbur(Uzhavar Sandhai ),Lemon,Lemon,Local,2026-09-20 00:00:00,27000,27000,27000,0,0.00%,Valid,Normal,Normal
Tamil Nadu,Virudhunagar,Rajapalayam(Uzhavar Sandhai ),Coriander(Leaves),I Sort,Local,2026-09-20 00:00:00,4000,4500,4250,500,12.50%,Valid,Normal,Normal
Tamil Nadu,Virudhunagar,Rajapalayam(Uzhavar Sandhai ),Chikoos(Sapota),Sapota,Local,2026-09-20 00:00:00,3000,3500,3250,500,16.67%,Valid,Normal,Normal
Tamil Nadu,Virudhunagar,Rajapalayam(Uzhavar Sandhai ),Cluster beans,Cluster Beans,Local,2026-09-20 00:00:00,3000,3500,3250,500,16.67%,Valid,Normal,Normal
Tamil Nadu,Virudhunagar,Rajapalayam(Uzhavar Sandhai ),Pumpkin,Pumpkin,Local,2026-09-20 00:00:00,2000,2500,2250,500,25.00%,Valid,Normal,Normal
Tamil Nadu,Virudhunagar,Rajapalayam(Uzhavar Sandhai ),Bhindi(Ladies Finger),Bhindi,Local,2026-09-20 00:00:00,4000,4500,4250,500,12.50%,Valid,Normal,Normal
Tamil Nadu,Virudhunagar,Rajapalayam(Uzhavar Sandhai ),Banana - Green,Banana - Green,Local,2026-09-20 00:00:00,3000,3500,3250,500,16.67%,Valid,Normal,Normal
Tamil Nadu,Virudhunagar,Rajapalayam(Uzhavar Sandhai ),Carrot,Pusakesar,Local,2026-09-20 00:00:00,4000,4500,4250,500,12.50%,Valid,Normal,Normal
Tamil Nadu,Virudhunagar,Rajapalayam(Uzhavar Sandhai ),Snakeguard,Snakeguard,Local,2026-09-20 00:00:00,3500,4000,3750,500,14.29%,Valid,Normal,Normal
Tamil Nadu,Virudhunagar,Rajapalayam(Uzhavar Sandhai ),Green Avare(W),Green Avare (W),Local,2026-09-20 00:00:00,8000,9000,8500,1000,12.50%,Valid,Normal,Normal
Tamil Nadu,Virudhunagar,Rajapalayam(Uzhavar Sandhai ),Drumstick,Drumstick,Local,2026-09-20 00:00:00,5000,6000,5500,1000,20.00%,Valid,Normal,Normal
Tamil Nadu,Virudhunagar,Rajapalayam(Uzhavar Sandhai ),Colacasia,Colacasia,Local,2026-09-20 00:00:00,6000,7000,6500,1000,16.67%,Valid,Normal,Normal
Tamil Nadu,Virudhunagar,Rajapalayam(Uzhavar Sandhai ),Onion Green,Onion Green,Local,2026-09-20 00:00:00,8000,9000,8500,1000,12.50%,Valid,Normal,Normal
Tamil Nadu,Virudhunagar,Rajapalayam(Uzhavar Sandhai ),Mint(Pudina),Mint(Pudina),Local,2026-09-20 00:00:00,6000,7000,6500,1000,16.67%,Valid,Normal,Normal
Tamil Nadu,Virudhunagar,Sathur(Uzhavar Sandhai ),Chikoos(Sapota),Sapota,Local,2026-09-20 00:00:00,2500,3000,2750,500,20.00%,Valid,Normal,Normal
Tamil Nadu,Virudhunagar,Sathur(Uzhavar Sandhai ),Cluster beans,Cluster Beans,Local,2026-09-20 00:00:00,3500,4000,3750,500,14.29%,Valid,Normal,Normal
Tamil Nadu,Virudhunagar,Sathur(Uzhavar Sandhai ),Ashgourd,Gouard,Local,2026-09-20 00:00:00,2000,2500,2250,500,25.00%,Valid,Normal,Normal
Tamil Nadu,Virudhunagar,Sathur(Uzhavar Sandhai ),Carrot,Pusakesar,Local,2026-09-20 00:00:00,4500,5000,4750,500,11.11%,Valid,Normal,Normal
Tamil Nadu,Virudhunagar,Thalavaipuram(Uzhavar Sandhai ),Coriander(Leaves),I Sort,Local,2026-09-20 00:00:00,3600,4500,4050,900,25.00%,Valid,Normal,Normal
Tamil Nadu,Virudhunagar,Thalavaipuram(Uzhavar Sandhai ),Tomato,Deshi,Local,2026-09-20 00:00:00,1600,2000,1800,400,25.00%,Valid,Normal,Normal
Tamil Nadu,Virudhunagar,Thalavaipuram(Uzhavar Sandhai ),Bhindi(Ladies Finger),Bhindi,Local,2026-09-20 00:00:00,3600,4500,4050,900,25.00%,Valid,Normal,Normal
Tamil Nadu,Virudhunagar,Thalavaipuram(Uzhavar Sandhai ),Amaranthus,Amaranthus,Local,2026-09-20 00:00:00,2800,3500,3150,700,25.00%,Valid,Normal,Normal
Tamil Nadu,Virudhunagar,Thalavaipuram(Uzhavar Sandhai ),Ginger(Green),Green Ginger,Local,2026-09-20 00:00:00,8000,10000,9000,2000,25.00%,Valid,Normal,Normal
Tamil Nadu,Virudhunagar,Thalavaipuram(Uzhavar Sandhai ),Carrot,Pusakesar,Local,2026-09-20 00:00:00,3600,4500,4050,900,25.00%,Valid,Normal,Normal
Tamil Nadu,Virudhunagar,Thalavaipuram(Uzhavar Sandhai ),Cabbage,Cabbage,Local,2026-09-20 00:00:00,2800,3500,3150,700,25.00%,Valid,Normal,Normal
Tamil Nadu,Virudhunagar,Thalavaipuram(Uzhavar Sandhai ),Green Avare(W),Green Avare (W),Local,2026-09-20 00:00:00,8000,10000,9000,2000,25.00%,Valid,Normal,Normal
Tamil Nadu,Virudhunagar,Thalavaipuram(Uzhavar Sandhai ),Colacasia,Colacasia,Local,2026-09-20 00:00:00,5500,7000,6250,1500,27.27%,Valid,Normal,Normal
Tamil Nadu,Virudhunagar,Thalavaipuram(Uzhavar Sandhai ),Onion Green,Onion Green,Local,2026-09-20 00:00:00,7000,8500,7750,1500,21.43%,Valid,Normal,Normal
Tamil Nadu,Virudhunagar,Virudhunagar(Uzhavar Sandhai ),Brinjal,Round,Local,2026-09-20 00:00:00,3300,3400,3350,100,3.03%,Valid,Normal,Normal
Tamil Nadu,Virudhunagar,Virudhunagar(Uzhavar Sandhai ),Beetroot,Beetroot,Local,2026-09-20 00:00:00,3700,3800,3750,100,2.70%,Valid,Normal,Normal
Tamil Nadu,Virudhunagar,Virudhunagar(Uzhavar Sandhai ),Mint(Pudina),Mint(Pudina),Local,2026-09-20 00:00:00,3700,3800,3750,100,2.70%,Valid,Normal,Normal
Tamil Nadu,Chengalpattu,Pallavaram(Uzhavar Sandhai ),Garlic,Garlic,Local,2026-09-20 00:00:00,25000,28000,26500,3000,12.00%,Valid,Normal,Normal
Tamil Nadu,Chengalpattu,Pallavaram(Uzhavar Sandhai ),Green Peas,Green Peas,Local,2026-09-20 00:00:00,15000,16000,15500,1000,6.67%,Valid,Normal,Normal
Tamil Nadu,Chengalpattu,Pallavaram(Uzhavar Sandhai ),Pumpkin,Pumpkin,Local,2026-09-20 00:00:00,2500,3000,2750,500,20.00%,Valid,Normal,Normal
Tamil Nadu,Chengalpattu,Pallavaram(Uzhavar Sandhai ),Green Chilli,Green Chilly,Local,2026-09-20 00:00:00,4000,5000,4500,1000,25.00%,Valid,Normal,Normal
Tamil Nadu,Chengalpattu,Pallavaram(Uzhavar Sandhai ),Coconut,Coconut,Local,2026-09-20 00:00:00,6000,7000,6500,1000,16.67%,Valid,Normal,Normal
Tamil Nadu,Chengalpattu,Pallavaram(Uzhavar Sandhai ),Carrot,Pusakesar,Local,2026-09-20 00:00:00,6000,7000,6500,1000,16.67%,Valid,Normal,Normal
Tamil Nadu,Chengalpattu,Pallavaram(Uzhavar Sandhai ),Snakeguard,Snakeguard,Local,2026-09-20 00:00:00,4000,5000,4500,1000,25.00%,Valid,Normal,Normal
Tamil Nadu,Chengalpattu,Pallavaram(Uzhavar Sandhai ),Chow Chow,Chow Chow,Local,2026-09-20 00:00:00,3500,4000,3750,500,14.29%,Valid,Normal,Normal
Tamil Nadu,Chengalpattu,Pallavaram(Uzhavar Sandhai ),Indian Beans(Seam),Indian Beans (Seam),Local,2026-09-20 00:00:00,7000,8000,7500,1000,14.29%,Valid,Normal,Normal
Tamil Nadu,Chengalpattu,Pallavaram(Uzhavar Sandhai ),Amla(Nelli Kai),Amla,Local,2026-09-20 00:00:00,11000,12000,11500,1000,9.09%,Valid,Normal,Normal
Tamil Nadu,Chengalpattu,Pallavaram(Uzhavar Sandhai ),Onion Green,Onion Green,Local,2026-09-20 00:00:00,10000,11000,10500,1000,10.00%,Valid,Normal,Normal
Tamil Nadu,Chengalpattu,Pallavaram(Uzhavar Sandhai ),Sweet Corn,Sweet Corn,Local,2026-09-20 00:00:00,4000,5000,4500,1000,25.00%,Valid,Normal,Normal
Tamil Nadu,Nagercoil (Kannyiakumari),Myladi(Uzhavar Sandhai ),Brinjal,Round,Local,2026-09-20 00:00:00,5500,6000,5750,500,9.09%,Valid,Normal,Normal
Tamil Nadu,Nagercoil (Kannyiakumari),Myladi(Uzhavar Sandhai ),Potato,Red Nanital,Local,2026-09-20 00:00:00,3000,3500,3250,500,16.67%,Valid,Normal,Normal
Tamil Nadu,Nagercoil (Kannyiakumari),Myladi(Uzhavar Sandhai ),Pumpkin,Pumpkin,Local,2026-09-20 00:00:00,1500,1800,1650,300,20.00%,Valid,Normal,Normal
Tamil Nadu,Nagercoil (Kannyiakumari),Myladi(Uzhavar Sandhai ),Beans,Beans (Whole),Local,2026-09-20 00:00:00,10000,11000,10500,1000,10.00%,Valid,Normal,Normal
Tamil Nadu,Nagercoil (Kannyiakumari),Myladi(Uzhavar Sandhai ),Beetroot,Beetroot,Local,2026-09-20 00:00:00,5000,5500,5250,500,10.00%,Valid,Normal,Normal
Tamil Nadu,Nagercoil (Kannyiakumari),Myladi(Uzhavar Sandhai ),Elephant Yam(Suran)/Amorphophallus,Elephant Yam (Suran),Local,2026-09-20 00:00:00,5500,6000,5750,500,9.09%,Valid,Normal,Normal
Tamil Nadu,Villupuram,Tindivanam APMC,Groundnut,Big (With Shell),Local,2026-09-20 00:00:00,7000,7000,7000,0,0.00%,Valid,Normal,Normal
Tamil Nadu,Villupuram,Tindivanam APMC,Onion,Bellary,Local,2026-09-20 00:00:00,4800,4800,4800,0,0.00%,Valid,Normal,Normal
Tamil Nadu,Villupuram,Tindivanam APMC,Cluster beans,Cluster Beans,Local,2026-09-20 00:00:00,3500,3500,3500,0,0.00%,Valid,Normal,Normal
Tamil Nadu,Villupuram,Tindivanam APMC,Pumpkin,Pumpkin,Local,2026-09-20 00:00:00,2000,2000,2000,0,0.00%,Valid,Normal,Normal
Tamil Nadu,Villupuram,Tindivanam APMC,Bhindi(Ladies Finger),Bhindi,Local,2026-09-20 00:00:00,2000,2000,2000,0,0.00%,Valid,Normal,Normal
Tamil Nadu,Villupuram,Tindivanam APMC,Banana - Green,Banana - Green,Local,2026-09-20 00:00:00,5000,5000,5000,0,0.00%,Valid,Normal,Normal
Tamil Nadu,Villupuram,Tindivanam APMC,Raddish,Raddish,Local,2026-09-20 00:00:00,3800,3800,3800,0,0.00%,Valid,Normal,Normal
Tamil Nadu,Villupuram,Tindivanam APMC,Mango(Raw-Ripe),Mango - Raw-Ripe,Local,2026-09-20 00:00:00,6000,6000,6000,0,0.00%,Valid,Normal,Normal
Tamil Nadu,Villupuram,Tindivanam APMC,Knool Khol,Knool Khol,Local,2026-09-20 00:00:00,4000,4000,4000,0,0.00%,Valid,Normal,Normal
Tamil Nadu,Villupuram,Tindivanam APMC,Tender Coconut,Tender Coconut,Local,2026-09-20 00:00:00,3500,4000,3750,500,14.29%,Valid,Normal,Normal
Tamil Nadu,Villupuram,Tindivanam APMC,Colacasia,Colacasia,Local,2026-09-20 00:00:00,5800,5800,5800,0,0.00%,Valid,Normal,Normal
Tamil Nadu,Villupuram,Ulundurpettai APMC,Papaya,Papaya,Local,2026-09-20 00:00:00,3000,3000,3000,0,0.00%,Valid,Normal,Normal
Tamil Nadu,Villupuram,Ulundurpettai APMC,Bitter gourd,Bitter Gourd,Local,2026-09-20 00:00:00,6000,6000,6000,0,0.00%,Valid,Normal,Normal
Tamil Nadu,Villupuram,Ulundurpettai APMC,Banana - Green,Banana - Green,Local,2026-09-20 00:00:00,3000,3000,3000,0,0.00%,Valid,Normal,Normal
Tamil Nadu,Villupuram,Ulundurpettai APMC,Ginger(Green),Green Ginger,Local,2026-09-20 00:00:00,11000,11000,11000,0,0.00%,Valid,Normal,Normal
Tamil Nadu,Villupuram,Ulundurpettai APMC,Guava,Guava Allahabad,Local,2026-09-20 00:00:00,5000,5000,5000,0,0.00%,Valid,Normal,Normal
Tamil Nadu,Villupuram,Ulundurpettai APMC,Yam(Ratalu),Yam (Ratalu),Local,2026-09-20 00:00:00,3000,3000,3000,0,0.00%,Valid,Normal,Normal
Tamil Nadu,Villupuram,Ulundurpettai APMC,Lemon,Lemon,Local,2026-09-20 00:00:00,5000,5000,5000,0,0.00%,Valid,Normal,Normal
Uttar Pradesh,Azamgarh,Azamgarh APMC,Wheat,Dara,FAQ,2026-09-20 00:00:00,2600,2600,2600,0,0.00%,Valid,Normal,Normal
Uttar Pradesh,Badaun,Babrala APMC,Paddy(Basmati),Basmati 1509,Local,2026-09-20 00:00:00,2780,2800,2790,20,0.72%,Valid,Normal,Normal
Uttar Pradesh,Badaun,Babrala APMC,Potato,Potato,Medium,2026-09-20 00:00:00,580,600,590,20,3.45%,Valid,Normal,Normal
Uttar Pradesh,Farukhabad,Kayamganj APMC,Tobacco,Other,FAQ,2026-09-20 00:00:00,1500,1500,1500,0,0.00%,Valid,Normal,Normal
Gujarat,Narmada,Rajpipla APMC,Banana,Other,Medium,2026-09-20 00:00:00,1000,1250,1125,250,25.00%,Valid,Normal,Normal
Gujarat,Amreli,Damnagar APMC,Bhindi(Ladies Finger),Bhindi,Local,2026-09-20 00:00:00,4500,4500,4500,0,0.00%,Valid,Normal,Normal
Gujarat,Amreli,Damnagar APMC,Cabbage,Cabbage,Local,2026-09-20 00:00:00,4000,4000,4000,0,0.00%,Valid,Normal,Normal
Gujarat,Amreli,Damnagar APMC,Cauliflower,Cauliflower,Local,2026-09-20 00:00:00,3500,3500,3500,0,0.00%,Valid,Normal,Normal
Gujarat,Amreli,Damnagar APMC,Green Chilli,Green Chilly,Local,2026-09-20 00:00:00,5000,5000,5000,0,0.00%,Valid,Normal,Normal
Tamil Nadu,Madurai,Chokkikulam(Uzhavar Sandhai ),Onion,Bellary,Local,2026-09-20 00:00:00,6500,7000,6750,500,7.69%,Valid,Normal,Normal
Tamil Nadu,Madurai,Chokkikulam(Uzhavar Sandhai ),Cauliflower,Ranchi,Local,2026-09-20 00:00:00,2500,3000,2750,500,20.00%,Valid,Normal,Normal
Tamil Nadu,Madurai,Chokkikulam(Uzhavar Sandhai ),Water Melon,Water Melon,Local,2026-09-20 00:00:00,2000,2500,2250,500,25.00%,Valid,Normal,Normal
Tamil Nadu,Madurai,Chokkikulam(Uzhavar Sandhai ),Tomato,Deshi,Local,2026-09-20 00:00:00,2400,2800,2600,400,16.67%,Valid,Normal,Normal
Tamil Nadu,Madurai,Chokkikulam(Uzhavar Sandhai ),Green Chilli,Green Chilly,Local,2026-09-20 00:00:00,4000,5000,4500,1000,25.00%,Valid,Normal,Normal
Tamil Nadu,Madurai,Chokkikulam(Uzhavar Sandhai ),Banana - Green,Banana - Green,Local,2026-09-20 00:00:00,2000,2400,2200,400,20.00%,Valid,Normal,Normal
Tamil Nadu,Madurai,Chokkikulam(Uzhavar Sandhai ),Beans,Beans (Whole),Local,2026-09-20 00:00:00,8000,9000,8500,1000,12.50%,Valid,Normal,Normal
Tamil Nadu,Madurai,Chokkikulam(Uzhavar Sandhai ),Coconut,Coconut,Local,2026-09-20 00:00:00,6800,7000,6900,200,2.94%,Valid,Normal,Normal
Tamil Nadu,Madurai,Chokkikulam(Uzhavar Sandhai ),Betal Leaves,Mysore,Local,2026-09-20 00:00:00,24000,28000,26000,4000,16.67%,Valid,Normal,Normal
Tamil Nadu,Madurai,Chokkikulam(Uzhavar Sandhai ),Green Avare(W),Green Avare (W),Local,2026-09-20 00:00:00,9000,11000,10000,2000,22.22%,Valid,Normal,Normal
Tamil Nadu,Madurai,Chokkikulam(Uzhavar Sandhai ),Chow Chow,Chow Chow,Local,2026-09-20 00:00:00,2600,3000,2800,400,15.38%,Valid,Normal,Normal
Tamil Nadu,Madurai,Chokkikulam(Uzhavar Sandhai ),Elephant Yam(Suran)/Amorphophallus,Elephant Yam (Suran),Local,2026-09-20 00:00:00,4000,5000,4500,1000,25.00%,Valid,Normal,Normal
Tamil Nadu,Madurai,Chokkikulam(Uzhavar Sandhai ),Colacasia,Colacasia,Local,2026-09-20 00:00:00,5000,6000,5500,1000,20.00%,Valid,Normal,Normal
Uttar Pradesh,Sambhal,Sambhal APMC,Paddy(Common),Other,FAQ,2026-09-20 00:00:00,2700,3200,3035.95,500,18.52%,Valid,Normal,Normal
Uttar Pradesh,Ghaziabad,Noida APMC,Potato,Other,FAQ,2026-09-20 00:00:00,1000,1000,1000,0,0.00%,Valid,Normal,Normal
Telangana,Bhadradri Kothagudem,Dammapet APMC,Wood,Eucalyptus,FAQ,2026-09-20 00:00:00,400,500,450,100,25.00%,Valid,Normal,Normal
Uttar Pradesh,Varanasi,Varanasi APMC,Tomato,Other,FAQ,2026-09-20 00:00:00,2000,2000,2000,0,0.00%,Valid,Normal,Normal
Uttar Pradesh,Varanasi,Varanasi APMC,Potato,Other,FAQ,2026-09-20 00:00:00,800,800,800,0,0.00%,Valid,Normal,Normal
Maharashtra,Pune,Pune(Moshi),Papaya,Other,Local,2026-09-20 00:00:00,3000,3000,3000,0,0.00%,Valid,Normal,Normal
Maharashtra,Pune,Pune(Moshi),Pear(Marasebu),Other,Local,2026-09-20 00:00:00,8000,8000,8000,0,0.00%,Valid,Normal,Normal
Maharashtra,Pune,Pune(Moshi),Potato,Local,Local,2026-09-20 00:00:00,800,1200,1000,400,50.00%,Valid,Normal,Normal
Maharashtra,Pune,Pune(Moshi),Cucumbar(Kheera),Other,Local,2026-09-20 00:00:00,1000,2000,1500,1000,100.00%,Valid,Normal,Normal
Maharashtra,Pune,Pune(Moshi),Onion,Local,Local,2026-09-20 00:00:00,2000,4500,3250,2500,125.00%,Valid,Normal,Normal
Maharashtra,Pune,Pune(Moshi),Cabbage,Other,Local,2026-09-20 00:00:00,700,1000,850,300,42.86%,Valid,Normal,Normal
Maharashtra,Pune,Pune(Moshi),Pumpkin,Other,Local,2026-09-20 00:00:00,2000,2000,2000,0,0.00%,Valid,Normal,Normal
Maharashtra,Pune,Pune(Moshi),Chilly Capsicum,Other,Local,2026-09-20 00:00:00,1000,2500,1750,1500,150.00%,Valid,Normal,Normal
Maharashtra,Pune,Pune(Moshi),Mint(Pudina),Other,Local,2026-09-20 00:00:00,6,8,7,2,33.33%,Valid,Review,Normal
Maharashtra,Pune,Pune(Moshi),Sweet Potato,Other,Local,2026-09-20 00:00:00,3000,3000,3000,0,0.00%,Valid,Normal,Normal
Maharashtra,Pune,Pune(Moshi),Drumstick,Other,Local,2026-09-20 00:00:00,3000,4000,3500,1000,33.33%,Valid,Normal,Normal
Maharashtra,Pune,Pune(Moshi),Elephant Yam(Suran)/Amorphophallus,Other,Local,2026-09-20 00:00:00,3000,3000,3000,0,0.00%,Valid,Normal,Normal
Maharashtra,Pune,Pune(Moshi),Green Chilli,Other,Local,2026-09-20 00:00:00,3000,4000,3500,1000,33.33%,Valid,Normal,Normal
Tamil Nadu,Erode,Thalavadi(Uzhavar Sandhai ),Pumpkin,Pumpkin,Local,2026-09-20 00:00:00,800,1000,900,200,25.00%,Valid,Normal,Normal
Tamil Nadu,Erode,Thalavadi(Uzhavar Sandhai ),Cucumbar(Kheera),Cucumbar,Local,2026-09-20 00:00:00,2800,3200,3000,400,14.29%,Valid,Normal,Normal
Tamil Nadu,Cuddalore,Viruthachalam(Uzhavar Sandhai ),Banana,Besrai,Local,2026-09-20 00:00:00,4000,7000,5500,3000,75.00%,Valid,Normal,Normal
Tamil Nadu,Cuddalore,Viruthachalam(Uzhavar Sandhai ),Papaya,Papaya,Local,2026-09-20 00:00:00,4000,4500,4250,500,12.50%,Valid,Normal,Normal
Tamil Nadu,Cuddalore,Viruthachalam(Uzhavar Sandhai ),Bottle gourd,Bottle Gourd,Local,2026-09-20 00:00:00,3000,3000,3000,0,0.00%,Valid,Normal,Normal
Tamil Nadu,Cuddalore,Viruthachalam(Uzhavar Sandhai ),Beetroot,Beetroot,Local,2026-09-20 00:00:00,5000,5000,5000,0,0.00%,Valid,Normal,Normal
Tamil Nadu,Krishnagiri,Krishnagiri(Uzhavar Sandhai ),Brinjal,Round,Local,2026-09-20 00:00:00,1600,2000,1800,400,25.00%,Valid,Normal,Normal
Tamil Nadu,Krishnagiri,Krishnagiri(Uzhavar Sandhai ),Papaya,Papaya,Local,2026-09-20 00:00:00,3200,3600,3400,400,12.50%,Valid,Normal,Normal
Tamil Nadu,Krishnagiri,Krishnagiri(Uzhavar Sandhai ),Amaranthus,Amaranthus,Local,2026-09-20 00:00:00,2500,3000,2750,500,20.00%,Valid,Normal,Normal
Tamil Nadu,Krishnagiri,Krishnagiri(Uzhavar Sandhai ),Cucumbar(Kheera),Cucumbar,Local,2026-09-20 00:00:00,1600,2000,1800,400,25.00%,Valid,Normal,Normal
Tamil Nadu,Krishnagiri,Krishnagiri(Uzhavar Sandhai ),Green Avare(W),Green Avare (W),Local,2026-09-20 00:00:00,3600,4000,3800,400,11.11%,Valid,Normal,Normal
Tamil Nadu,Krishnagiri,Krishnagiri(Uzhavar Sandhai ),Chow Chow,Chow Chow,Local,2026-09-20 00:00:00,3500,4000,3750,500,14.29%,Valid,Normal,Normal
Tamil Nadu,Krishnagiri,Krishnagiri(Uzhavar Sandhai ),Guava,Guava Allahabad,Local,2026-09-20 00:00:00,7000,8000,7500,1000,14.29%,Valid,Normal,Normal
Tamil Nadu,Krishnagiri,Krishnagiri(Uzhavar Sandhai ),Rose(Local),Rose (Local),Local,2026-09-20 00:00:00,14000,16000,15000,2000,14.29%,Valid,Normal,Normal
Tamil Nadu,Nagapattinam,Nagapattinam(Uzhavar Sandhai ),Brinjal,Round,Local,2026-09-20 00:00:00,5400,6500,5950,1100,20.37%,Valid,Normal,Normal
Tamil Nadu,Nagapattinam,Nagapattinam(Uzhavar Sandhai ),Garlic,Garlic,Local,2026-09-20 00:00:00,17700,20000,18850,2300,12.99%,Valid,Normal,Normal
Tamil Nadu,Nagapattinam,Nagapattinam(Uzhavar Sandhai ),Papaya,Papaya,Local,2026-09-20 00:00:00,3900,3900,3900,0,0.00%,Valid,Normal,Normal
Tamil Nadu,Nagapattinam,Nagapattinam(Uzhavar Sandhai ),Tomato,Deshi,Local,2026-09-20 00:00:00,2700,3300,3000,600,22.22%,Valid,Normal,Normal
Tamil Nadu,Nagapattinam,Nagapattinam(Uzhavar Sandhai ),Pumpkin,Pumpkin,Local,2026-09-20 00:00:00,3000,3000,3000,0,0.00%,Valid,Normal,Normal
Tamil Nadu,Nagapattinam,Nagapattinam(Uzhavar Sandhai ),Snakeguard,Snakeguard,Local,2026-09-20 00:00:00,3700,4400,4050,700,18.92%,Valid,Normal,Normal
Tamil Nadu,Nagapattinam,Nagapattinam(Uzhavar Sandhai ),Raddish,Raddish,Local,2026-09-20 00:00:00,3400,3400,3400,0,0.00%,Valid,Normal,Normal
Tamil Nadu,Nagapattinam,Nagapattinam(Uzhavar Sandhai ),Chow Chow,Chow Chow,Local,2026-09-20 00:00:00,2600,2600,2600,0,0.00%,Valid,Normal,Normal
Tamil Nadu,Nagapattinam,Nagapattinam(Uzhavar Sandhai ),Yam(Ratalu),Yam (Ratalu),Local,2026-09-20 00:00:00,6100,7000,6550,900,14.75%,Valid,Normal,Normal
Tamil Nadu,Nagapattinam,Nagapattinam(Uzhavar Sandhai ),Onion Green,Onion Green,Local,2026-09-20 00:00:00,7000,8000,7500,1000,14.29%,Valid,Normal,Normal
Uttar Pradesh,Sitapur,Sidhauli APMC,Gur(Jaggery),Other,FAQ,2026-09-20 00:00:00,4000,4000,4000,0,0.00%,Valid,Normal,Normal
Tamil Nadu,Pudukkottai,Pudukottai(Uzhavar Sandhai ),Onion,Bellary,Local,2026-09-20 00:00:00,7000,8000,7500,1000,14.29%,Valid,Normal,Normal
Tamil Nadu,Pudukkottai,Pudukottai(Uzhavar Sandhai ),Coriander(Leaves),I Sort,Local,2026-09-20 00:00:00,4000,5000,4500,1000,25.00%,Valid,Normal,Normal
Tamil Nadu,Pudukkottai,Pudukottai(Uzhavar Sandhai ),Cluster beans,Cluster Beans,Local,2026-09-20 00:00:00,4000,5000,4500,1000,25.00%,Valid,Normal,Normal
Tamil Nadu,Pudukkottai,Pudukottai(Uzhavar Sandhai ),Bitter gourd,Bitter Gourd,Local,2026-09-20 00:00:00,7000,8000,7500,1000,14.29%,Valid,Normal,Normal
Tamil Nadu,Pudukkottai,Pudukottai(Uzhavar Sandhai ),Bottle gourd,Bottle Gourd,Local,2026-09-20 00:00:00,2000,2500,2250,500,25.00%,Valid,Normal,Normal
Tamil Nadu,Pudukkottai,Pudukottai(Uzhavar Sandhai ),Ginger(Green),Green Ginger,Local,2026-09-20 00:00:00,18000,20000,19000,2000,11.11%,Valid,Normal,Normal
Tamil Nadu,Pudukkottai,Pudukottai(Uzhavar Sandhai ),Coconut,Coconut,Local,2026-09-20 00:00:00,3000,4000,3500,1000,33.33%,Valid,Normal,Normal
Tamil Nadu,Pudukkottai,Pudukottai(Uzhavar Sandhai ),Raddish,Raddish,Local,2026-09-20 00:00:00,3000,4000,3500,1000,33.33%,Valid,Normal,Normal
Tamil Nadu,Pudukkottai,Pudukottai(Uzhavar Sandhai ),Green Avare(W),Other,Local,2026-09-20 00:00:00,8000,9000,8500,1000,12.50%,Valid,Normal,Normal
Tamil Nadu,Pudukkottai,Pudukottai(Uzhavar Sandhai ),Chow Chow,Chow Chow,Local,2026-09-20 00:00:00,4000,4500,4250,500,12.50%,Valid,Normal,Normal
Tamil Nadu,Pudukkottai,Pudukottai(Uzhavar Sandhai ),Drumstick,Drumstick,Local,2026-09-20 00:00:00,5000,6000,5500,1000,20.00%,Valid,Normal,Normal
Tamil Nadu,Pudukkottai,Pudukottai(Uzhavar Sandhai ),Guava,Guava Allahabad,Local,2026-09-20 00:00:00,7000,8000,7500,1000,14.29%,Valid,Normal,Normal
Tamil Nadu,Pudukkottai,Pudukottai(Uzhavar Sandhai ),Colacasia,Colacasia,Local,2026-09-20 00:00:00,5000,6000,5500,1000,20.00%,Valid,Normal,Normal
Tamil Nadu,The Nilgiris,Udhagamandalam(Uzhavar Sandhai ),Garlic,Garlic,Local,2026-09-20 00:00:00,20000,21000,20500,1000,5.00%,Valid,Normal,Normal
Tamil Nadu,The Nilgiris,Udhagamandalam(Uzhavar Sandhai ),Coriander(Leaves),I Sort,Local,2026-09-20 00:00:00,6000,7000,6500,1000,16.67%,Valid,Normal,Normal
Tamil Nadu,The Nilgiris,Udhagamandalam(Uzhavar Sandhai ),Green Peas,Green Peas,Local,2026-09-20 00:00:00,11000,12000,11500,1000,9.09%,Valid,Normal,Normal
Tamil Nadu,The Nilgiris,Udhagamandalam(Uzhavar Sandhai ),Papaya,Papaya,Local,2026-09-20 00:00:00,4000,4500,4250,500,12.50%,Valid,Normal,Normal
Tamil Nadu,The Nilgiris,Udhagamandalam(Uzhavar Sandhai ),Tomato,Deshi,Local,2026-09-20 00:00:00,2800,3000,2900,200,7.14%,Valid,Normal,Normal
Tamil Nadu,The Nilgiris,Udhagamandalam(Uzhavar Sandhai ),Cluster beans,Cluster Beans,Local,2026-09-20 00:00:00,3000,3500,3250,500,16.67%,Valid,Normal,Normal
Tamil Nadu,The Nilgiris,Udhagamandalam(Uzhavar Sandhai ),Ashgourd,Gouard,Local,2026-09-20 00:00:00,1500,2000,1750,500,33.33%,Valid,Normal,Normal
Tamil Nadu,The Nilgiris,Udhagamandalam(Uzhavar Sandhai ),Cabbage,Cabbage,Local,2026-09-20 00:00:00,1500,2000,1750,500,33.33%,Valid,Normal,Normal
Tamil Nadu,The Nilgiris,Udhagamandalam(Uzhavar Sandhai ),Knool Khol,Knool Khol,Local,2026-09-20 00:00:00,4000,4500,4250,500,12.50%,Valid,Normal,Normal
Tamil Nadu,The Nilgiris,Udhagamandalam(Uzhavar Sandhai ),Turnip,Turnip,Local,2026-09-20 00:00:00,3500,4000,3750,500,14.29%,Valid,Normal,Normal
Tamil Nadu,Theni,Bodinayakanur(Uzhavar Sandhai ),Banana,Besrai,Local,2026-09-20 00:00:00,6000,6000,6000,0,0.00%,Valid,Normal,Normal
Tamil Nadu,Theni,Bodinayakanur(Uzhavar Sandhai ),Cauliflower,Ranchi,Local,2026-09-20 00:00:00,3500,3500,3500,0,0.00%,Valid,Normal,Normal
Tamil Nadu,Theni,Bodinayakanur(Uzhavar Sandhai ),Cabbage,Cabbage,Local,2026-09-20 00:00:00,2800,2800,2800,0,0.00%,Valid,Normal,Normal
Tamil Nadu,Theni,Bodinayakanur(Uzhavar Sandhai ),Snakeguard,Snakeguard,Local,2026-09-20 00:00:00,3800,3800,3800,0,0.00%,Valid,Normal,Normal
Tamil Nadu,Theni,Bodinayakanur(Uzhavar Sandhai ),Ridgeguard(Tori),Ridgeguard(Tori),Local,2026-09-20 00:00:00,2800,2800,2800,0,0.00%,Valid,Normal,Normal
Tamil Nadu,Theni,Bodinayakanur(Uzhavar Sandhai ),Thondekai,Thondekai,Local,2026-09-20 00:00:00,3600,3600,3600,0,0.00%,Valid,Normal,Normal
Tamil Nadu,Theni,Bodinayakanur(Uzhavar Sandhai ),Mint(Pudina),Mint(Pudina),Local,2026-09-20 00:00:00,5500,5500,5500,0,0.00%,Valid,Normal,Normal
Bihar,Sheikhpura,Barbigha APMC,Bottle gourd,Bottle Gourd,FAQ,2026-09-20 00:00:00,2935,3085,3000,150,5.11%,Valid,Normal,Normal
Tamil Nadu,Villupuram,Gingee(Uzhavar Sandhai ),Onion,Bellary,Local,2026-09-20 00:00:00,5000,6000,5500,1000,20.00%,Valid,Normal,Normal
Tamil Nadu,Villupuram,Gingee(Uzhavar Sandhai ),Brinjal,Round,Local,2026-09-20 00:00:00,4000,5000,4500,1000,25.00%,Valid,Normal,Normal
Tamil Nadu,Villupuram,Gingee(Uzhavar Sandhai ),Coriander(Leaves),I Sort,Local,2026-09-20 00:00:00,4000,4000,4000,0,0.00%,Valid,Normal,Normal
Tamil Nadu,Villupuram,Gingee(Uzhavar Sandhai ),Cluster beans,Cluster Beans,Local,2026-09-20 00:00:00,3500,3500,3500,0,0.00%,Valid,Normal,Normal
Tamil Nadu,Villupuram,Gingee(Uzhavar Sandhai ),Pumpkin,Pumpkin,Local,2026-09-20 00:00:00,2000,2000,2000,0,0.00%,Valid,Normal,Normal
Tamil Nadu,Villupuram,Gingee(Uzhavar Sandhai ),Beans,Beans (Whole),Local,2026-09-20 00:00:00,10000,10000,10000,0,0.00%,Valid,Normal,Normal
Tamil Nadu,Villupuram,Gingee(Uzhavar Sandhai ),Ginger(Green),Green Ginger,Local,2026-09-20 00:00:00,13000,13000,13000,0,0.00%,Valid,Normal,Normal
Tamil Nadu,Villupuram,Gingee(Uzhavar Sandhai ),Cabbage,Cabbage,Local,2026-09-20 00:00:00,4000,4000,4000,0,0.00%,Valid,Normal,Normal
Tamil Nadu,Villupuram,Gingee(Uzhavar Sandhai ),Beetroot,Beetroot,Local,2026-09-20 00:00:00,5000,5000,5000,0,0.00%,Valid,Normal,Normal
Tamil Nadu,Villupuram,Gingee(Uzhavar Sandhai ),Cucumbar(Kheera),Cucumbar,Local,2026-09-20 00:00:00,4500,4500,4500,0,0.00%,Valid,Normal,Normal
Tamil Nadu,Villupuram,Gingee(Uzhavar Sandhai ),Knool Khol,Knool Khol,Local,2026-09-20 00:00:00,4000,4000,4000,0,0.00%,Valid,Normal,Normal
Tamil Nadu,Villupuram,Gingee(Uzhavar Sandhai ),Colacasia,Colacasia,Local,2026-09-20 00:00:00,6000,6000,6000,0,0.00%,Valid,Normal,Normal
Tamil Nadu,Thiruvarur,Valangaiman APMC,Brinjal,Round,Local,2026-09-20 00:00:00,4000,4000,4000,0,0.00%,Valid,Normal,Normal
Tamil Nadu,Thiruvarur,Valangaiman APMC,Tomato,Deshi,Local,2026-09-20 00:00:00,2800,3200,3000,400,14.29%,Valid,Normal,Normal
Tamil Nadu,Thiruvarur,Valangaiman APMC,Mango(Raw-Ripe),Mango - Raw-Ripe,Local,2026-09-20 00:00:00,10000,10000,10000,0,0.00%,Valid,Normal,Normal
Tamil Nadu,Virudhunagar,Kariyapatti(Uzhavar Sandhai ),Banana,Besrai,Local,2026-09-20 00:00:00,3500,4000,3750,500,14.29%,Valid,Normal,Normal
Tamil Nadu,Virudhunagar,Kariyapatti(Uzhavar Sandhai ),Potato,Red Nanital,Local,2026-09-20 00:00:00,3000,3500,3250,500,16.67%,Valid,Normal,Normal
Tamil Nadu,Virudhunagar,Kariyapatti(Uzhavar Sandhai ),Bitter gourd,Other,Local,2026-09-20 00:00:00,5500,6000,5750,500,9.09%,Valid,Normal,Normal
Tamil Nadu,Virudhunagar,Kariyapatti(Uzhavar Sandhai ),Pumpkin,Pumpkin,Local,2026-09-20 00:00:00,1800,2000,1900,200,11.11%,Valid,Normal,Normal
Tamil Nadu,Virudhunagar,Kariyapatti(Uzhavar Sandhai ),Snakeguard,Snakeguard,Local,2026-09-20 00:00:00,3500,4000,3750,500,14.29%,Valid,Normal,Normal
Tamil Nadu,Virudhunagar,Kariyapatti(Uzhavar Sandhai ),Beetroot,Beetroot,Local,2026-09-20 00:00:00,4500,5000,4750,500,11.11%,Valid,Normal,Normal
Tamil Nadu,Virudhunagar,Kariyapatti(Uzhavar Sandhai ),Ridgeguard(Tori),Ridgeguard(Tori),Local,2026-09-20 00:00:00,4500,5000,4750,500,11.11%,Valid,Normal,Normal
Tamil Nadu,Virudhunagar,Kariyapatti(Uzhavar Sandhai ),Green Avare(W),Green Avare (W),Local,2026-09-20 00:00:00,11000,12000,11500,1000,9.09%,Valid,Normal,Normal
Tamil Nadu,Virudhunagar,Kariyapatti(Uzhavar Sandhai ),Lime,Lime,Local,2026-09-20 00:00:00,15000,16000,15500,1000,6.67%,Valid,Normal,Normal
Uttar Pradesh,Bulandshahar,Buland Shahr APMC,Tomato,Other,FAQ,2026-09-20 00:00:00,2000,2000,2000,0,0.00%,Valid,Normal,Normal
Tamil Nadu,Vellore,Katpadi (Uzhavar Sandhai ),Onion,Bellary,Local,2026-09-20 00:00:00,6500,7000,6750,500,7.69%,Valid,Normal,Normal
Tamil Nadu,Vellore,Katpadi (Uzhavar Sandhai ),Potato,Red Nanital,Local,2026-09-20 00:00:00,2600,3500,3050,900,34.62%,Valid,Normal,Normal
Tamil Nadu,Vellore,Katpadi (Uzhavar Sandhai ),Garlic,Garlic,Local,2026-09-20 00:00:00,21000,21000,21000,0,0.00%,Valid,Normal,Normal
Tamil Nadu,Vellore,Katpadi (Uzhavar Sandhai ),Cauliflower,Ranchi,Local,2026-09-20 00:00:00,2500,3000,2750,500,20.00%,Valid,Normal,Normal
Tamil Nadu,Vellore,Katpadi (Uzhavar Sandhai ),Cowpea(Veg),Cowpea (Veg),Local,2026-09-20 00:00:00,6000,6000,6000,0,0.00%,Valid,Normal,Normal
Tamil Nadu,Vellore,Katpadi (Uzhavar Sandhai ),Beans,Beans (Whole),Local,2026-09-20 00:00:00,7000,7000,7000,0,0.00%,Valid,Normal,Normal
Tamil Nadu,Vellore,Katpadi (Uzhavar Sandhai ),Ginger(Green),Green Ginger,Local,2026-09-20 00:00:00,18000,18000,18000,0,0.00%,Valid,Normal,Normal
Tamil Nadu,Vellore,Katpadi (Uzhavar Sandhai ),Sweet Potato,Hosur Red,Local,2026-09-20 00:00:00,3000,3000,3000,0,0.00%,Valid,Normal,Normal
Tamil Nadu,Vellore,Katpadi (Uzhavar Sandhai ),Ridgeguard(Tori),Ridgeguard(Tori),Local,2026-09-20 00:00:00,3500,4000,3750,500,14.29%,Valid,Normal,Normal
Tamil Nadu,Vellore,Katpadi (Uzhavar Sandhai ),Drumstick,Drumstick,Local,2026-09-20 00:00:00,4500,5000,4750,500,11.11%,Valid,Normal,Normal
Tamil Nadu,Vellore,Katpadi (Uzhavar Sandhai ),Tender Coconut,Tender Coconut,Local,2026-09-20 00:00:00,3000,4000,3500,1000,33.33%,Valid,Normal,Normal
Tamil Nadu,Vellore,Katpadi (Uzhavar Sandhai ),Mint(Pudina),Mint(Pudina),Local,2026-09-20 00:00:00,4500,4500,4500,0,0.00%,Valid,Normal,Normal
Tamil Nadu,Madurai,Thirumangalam(Uzhavar Sandhai ),Chikoos(Sapota),Sapota,Local,2026-09-20 00:00:00,5000,6000,5500,1000,20.00%,Valid,Normal,Normal
Tamil Nadu,Madurai,Thirumangalam(Uzhavar Sandhai ),Snakeguard,Snakeguard,Local,2026-09-20 00:00:00,3000,3600,3300,600,20.00%,Valid,Normal,Normal
Tamil Nadu,Madurai,Thirumangalam(Uzhavar Sandhai ),Raddish,Raddish,Local,2026-09-20 00:00:00,2500,2800,2650,300,12.00%,Valid,Normal,Normal
Tamil Nadu,Madurai,Thirumangalam(Uzhavar Sandhai ),Onion Green,Onion Green,Local,2026-09-20 00:00:00,8000,9000,8500,1000,12.50%,Valid,Normal,Normal
Tamil Nadu,Madurai,Melur(Uzhavar Sandhai ),Tomato,Deshi,Local,2026-09-20 00:00:00,2400,2800,2600,400,16.67%,Valid,Normal,Normal
Tamil Nadu,Madurai,Melur(Uzhavar Sandhai ),Bottle gourd,Bottle Gourd,Local,2026-09-20 00:00:00,1600,2000,1800,400,25.00%,Valid,Normal,Normal
Tamil Nadu,Madurai,Melur(Uzhavar Sandhai ),Green Chilli,Green Chilly,Local,2026-09-20 00:00:00,4500,5000,4750,500,11.11%,Valid,Normal,Normal
Tamil Nadu,Madurai,Melur(Uzhavar Sandhai ),Sweet Potato,Hosur Red,Local,2026-09-20 00:00:00,5500,6000,5750,500,9.09%,Valid,Normal,Normal
Tamil Nadu,Madurai,Melur(Uzhavar Sandhai ),Drumstick,Drumstick,Local,2026-09-20 00:00:00,5000,6000,5500,1000,20.00%,Valid,Normal,Normal
Tamil Nadu,Madurai,Melur(Uzhavar Sandhai ),Lime,Lime,Local,2026-09-20 00:00:00,3600,4000,3800,400,11.11%,Valid,Normal,Normal
Tamil Nadu,Madurai,Melur(Uzhavar Sandhai ),Yam(Ratalu),Yam (Ratalu),Local,2026-09-20 00:00:00,6500,7000,6750,500,7.69%,Valid,Normal,Normal
Tamil Nadu,Madurai,Melur(Uzhavar Sandhai ),Onion Green,Onion Green,Local,2026-09-20 00:00:00,8000,9000,8500,1000,12.50%,Valid,Normal,Normal
Tamil Nadu,Madurai,Melur(Uzhavar Sandhai ),Mint(Pudina),Mint(Pudina),Local,2026-09-20 00:00:00,5500,6000,5750,500,9.09%,Valid,Normal,Normal
Tamil Nadu,Karur,Gandhigramam(Uzhavar Sandhai),Banana,Other,Local,2026-09-20 00:00:00,5000,6000,5500,1000,20.00%,Valid,Normal,Normal
Tamil Nadu,Karur,Gandhigramam(Uzhavar Sandhai),Chikoos(Sapota),Sapota,Local,2026-09-20 00:00:00,5500,6000,5750,500,9.09%,Valid,Normal,Normal
Tamil Nadu,Karur,Gandhigramam(Uzhavar Sandhai),Tomato,Other,Local,2026-09-20 00:00:00,2800,3000,2900,200,7.14%,Valid,Normal,Normal
Tamil Nadu,Karur,Gandhigramam(Uzhavar Sandhai),Coconut,Coconut,Local,2026-09-20 00:00:00,5500,6000,5750,500,9.09%,Valid,Normal,Normal
Tamil Nadu,Karur,Gandhigramam(Uzhavar Sandhai),Carrot,Pusakesar,Local,2026-09-20 00:00:00,5500,6000,5750,500,9.09%,Valid,Normal,Normal
Tamil Nadu,Karur,Gandhigramam(Uzhavar Sandhai),Snakeguard,Snakeguard,Local,2026-09-20 00:00:00,3000,3500,3250,500,16.67%,Valid,Normal,Normal
Tamil Nadu,Karur,Gandhigramam(Uzhavar Sandhai),Cucumbar(Kheera),Cucumbar,Local,2026-09-20 00:00:00,4000,8000,6000,4000,100.00%,Valid,Normal,Normal
Tamil Nadu,Karur,Gandhigramam(Uzhavar Sandhai),Ridgeguard(Tori),Ridgeguard(Tori),Local,2026-09-20 00:00:00,4000,4500,4250,500,12.50%,Valid,Normal,Normal
Tamil Nadu,Karur,Gandhigramam(Uzhavar Sandhai),Capsicum,Capsicum,Local,2026-09-20 00:00:00,6500,7000,6750,500,7.69%,Valid,Normal,Normal
Tamil Nadu,Karur,Gandhigramam(Uzhavar Sandhai),Lemon,Lemon,Local,2026-09-20 00:00:00,28000,30000,29000,2000,7.14%,Valid,Normal,Normal
Tamil Nadu,Karur,Gandhigramam(Uzhavar Sandhai),Onion Green,Onion Green,Local,2026-09-20 00:00:00,8500,9500,9000,1000,11.76%,Valid,Normal,Normal
Karnataka,Bengaluru South,Ramanagara APMC,Cabbage,Cabbage,Local,2026-09-20 00:00:00,1000,1600,1200,600,60.00%,Valid,Normal,Normal
Karnataka,Bengaluru South,Ramanagara APMC,Cucumbar(Kheera),Cucumbar,Local,2026-09-20 00:00:00,1600,2000,1800,400,25.00%,Valid,Normal,Normal
Tamil Nadu,Pudukkottai,Aranthangi(Uzhavar Sandhai ),Potato,Other,Local,2026-09-20 00:00:00,5000,6000,5500,1000,20.00%,Valid,Normal,Normal
Tamil Nadu,Pudukkottai,Aranthangi(Uzhavar Sandhai ),Cluster beans,Cluster Beans,Local,2026-09-20 00:00:00,3500,4000,3750,500,14.29%,Valid,Normal,Normal
Tamil Nadu,Pudukkottai,Aranthangi(Uzhavar Sandhai ),Bhindi(Ladies Finger),Bhindi,Local,2026-09-20 00:00:00,2500,3000,2750,500,20.00%,Valid,Normal,Normal
Tamil Nadu,Pudukkottai,Aranthangi(Uzhavar Sandhai ),Amaranthus,Amaranthus,Local,2026-09-20 00:00:00,1500,2000,1750,500,33.33%,Valid,Normal,Normal
Tamil Nadu,Pudukkottai,Aranthangi(Uzhavar Sandhai ),Coconut,Coconut,Local,2026-09-20 00:00:00,3500,4000,3750,500,14.29%,Valid,Normal,Normal
Tamil Nadu,Pudukkottai,Aranthangi(Uzhavar Sandhai ),Green Avare(W),Other,Local,2026-09-20 00:00:00,6000,7000,6500,1000,16.67%,Valid,Normal,Normal
Tamil Nadu,Pudukkottai,Aranthangi(Uzhavar Sandhai ),Drumstick,Drumstick,Local,2026-09-20 00:00:00,4500,5000,4750,500,11.11%,Valid,Normal,Normal
Tamil Nadu,Nagapattinam,Vedaranyam(Uzhavar Sandhai),Onion,Bellary,Local,2026-09-20 00:00:00,4200,4500,4350,300,7.14%,Valid,Normal,Normal
Tamil Nadu,Nagapattinam,Vedaranyam(Uzhavar Sandhai),Green Chilli,Green Chilly,Local,2026-09-20 00:00:00,3500,3800,3650,300,8.57%,Valid,Normal,Normal
Tamil Nadu,Nagapattinam,Vedaranyam(Uzhavar Sandhai),Banana - Green,Banana - Green,Local,2026-09-20 00:00:00,1600,1800,1700,200,12.50%,Valid,Normal,Normal
Tamil Nadu,Nagapattinam,Vedaranyam(Uzhavar Sandhai),Green Avare(W),Green Avare (W),Local,2026-09-20 00:00:00,5500,6000,5750,500,9.09%,Valid,Normal,Normal
Tamil Nadu,Nagapattinam,Vedaranyam(Uzhavar Sandhai),Chow Chow,Chow Chow,Local,2026-09-20 00:00:00,2800,3000,2900,200,7.14%,Valid,Normal,Normal
Tamil Nadu,Nagapattinam,Vedaranyam(Uzhavar Sandhai),Lime,Lime,Local,2026-09-20 00:00:00,3000,3500,3250,500,16.67%,Valid,Normal,Normal
Tamil Nadu,Vellore,Perampet(Uzhavar Sandhai),Banana,Other,Local,2026-09-20 00:00:00,6000,6000,6000,0,0.00%,Valid,Normal,Normal
Tamil Nadu,Vellore,Perampet(Uzhavar Sandhai),Brinjal,Other,Local,2026-09-20 00:00:00,3500,4000,3750,500,14.29%,Valid,Normal,Normal
Tamil Nadu,Vellore,Perampet(Uzhavar Sandhai),Tomato,Deshi,Local,2026-09-20 00:00:00,2000,2500,2250,500,25.00%,Valid,Normal,Normal
Tamil Nadu,Vellore,Perampet(Uzhavar Sandhai),Bottle gourd,Bottle Gourd,Local,2026-09-20 00:00:00,1500,1500,1500,0,0.00%,Valid,Normal,Normal
Tamil Nadu,Vellore,Perampet(Uzhavar Sandhai),Cowpea(Veg),Cowpea (Veg),Local,2026-09-20 00:00:00,5000,5600,5300,600,12.00%,Valid,Normal,Normal
Tamil Nadu,Vellore,Perampet(Uzhavar Sandhai),Banana - Green,Banana - Green,Local,2026-09-20 00:00:00,4000,4000,4000,0,0.00%,Valid,Normal,Normal
Tamil Nadu,Vellore,Perampet(Uzhavar Sandhai),Carrot,Pusakesar,Local,2026-09-20 00:00:00,5500,6000,5750,500,9.09%,Valid,Normal,Normal
Madhya Pradesh,Badwani,Sendhwa(F&V) APMC,Pumpkin,Pumpkin,Large,2026-09-20 00:00:00,700,1100,900,400,57.14%,Valid,Normal,Normal
Tamil Nadu,Karur,Kulithalai(Uzhavar Sandhai ),Brinjal,Other,Local,2026-09-20 00:00:00,2400,3200,2800,800,33.33%,Valid,Normal,Normal
Tamil Nadu,Karur,Kulithalai(Uzhavar Sandhai ),Cauliflower,Ranchi,Local,2026-09-20 00:00:00,3500,4000,3750,500,14.29%,Valid,Normal,Normal
Tamil Nadu,Karur,Kulithalai(Uzhavar Sandhai ),Coriander(Leaves),I Sort,Local,2026-09-20 00:00:00,2500,3000,2750,500,20.00%,Valid,Normal,Normal
Tamil Nadu,Karur,Kulithalai(Uzhavar Sandhai ),Tomato,Deshi,Local,2026-09-20 00:00:00,2800,3000,2900,200,7.14%,Valid,Normal,Normal
Tamil Nadu,Karur,Kulithalai(Uzhavar Sandhai ),Ashgourd,Gouard,Local,2026-09-20 00:00:00,2500,3000,2750,500,20.00%,Valid,Normal,Normal
Tamil Nadu,Karur,Kulithalai(Uzhavar Sandhai ),Beans,Beans (Whole),Local,2026-09-20 00:00:00,7000,7600,7300,600,8.57%,Valid,Normal,Normal
Tamil Nadu,Karur,Kulithalai(Uzhavar Sandhai ),Sweet Potato,Hosur Red,Local,2026-09-20 00:00:00,2500,3000,2750,500,20.00%,Valid,Normal,Normal
Tamil Nadu,Karur,Kulithalai(Uzhavar Sandhai ),Snakeguard,Snakeguard,Local,2026-09-20 00:00:00,3000,3600,3300,600,20.00%,Valid,Normal,Normal
Tamil Nadu,Karur,Kulithalai(Uzhavar Sandhai ),Beetroot,Beetroot,Local,2026-09-20 00:00:00,4000,4400,4200,400,10.00%,Valid,Normal,Normal
Tamil Nadu,Karur,Kulithalai(Uzhavar Sandhai ),Cucumbar(Kheera),Cucumbar,Local,2026-09-20 00:00:00,6000,6500,6250,500,8.33%,Valid,Normal,Normal
Tamil Nadu,Karur,Kulithalai(Uzhavar Sandhai ),Raddish,Raddish,Local,2026-09-20 00:00:00,2800,3000,2900,200,7.14%,Valid,Normal,Normal
Tamil Nadu,Karur,Kulithalai(Uzhavar Sandhai ),Lemon,Lemon,Local,2026-09-20 00:00:00,27500,28000,27750,500,1.82%,Valid,Normal,Normal
Tamil Nadu,Karur,Kulithalai(Uzhavar Sandhai ),Onion Green,Onion Green,Local,2026-09-20 00:00:00,8500,9000,8750,500,5.88%,Valid,Normal,Normal
Tamil Nadu,Karur,Kulithalai(Uzhavar Sandhai ),Mint(Pudina),Mint(Pudina),Local,2026-09-20 00:00:00,4500,5000,4750,500,11.11%,Valid,Normal,Normal
Tamil Nadu,Karur,Kulithalai(Uzhavar Sandhai ),Sweet Corn,Sweet Corn,Local,2026-09-20 00:00:00,4500,5000,4750,500,11.11%,Valid,Normal,Normal
Andhra Pradesh,East Godavari,Mandapeta APMC,Paddy(Common),1001,FAQ,2026-09-20 00:00:00,2369,2400,2389,31,1.31%,Valid,Normal,Normal
Tamil Nadu,Thirupur,Dharapuram(Uzhavar Sandhai ),Banana,Besrai,Local,2026-09-20 00:00:00,4500,5000,4750,500,11.11%,Valid,Normal,Normal
Tamil Nadu,Thirupur,Dharapuram(Uzhavar Sandhai ),Onion,Bellary,Local,2026-09-20 00:00:00,6500,7000,6750,500,7.69%,Valid,Normal,Normal
Tamil Nadu,Thirupur,Dharapuram(Uzhavar Sandhai ),Cowpea(Veg),Cowpea (Veg),Local,2026-09-20 00:00:00,3500,4000,3750,500,14.29%,Valid,Normal,Normal
Tamil Nadu,Thirupur,Dharapuram(Uzhavar Sandhai ),Beans,Beans (Whole),Local,2026-09-20 00:00:00,7500,8000,7750,500,6.67%,Valid,Normal,Normal
Tamil Nadu,Thirupur,Dharapuram(Uzhavar Sandhai ),Carrot,Pusakesar,Local,2026-09-20 00:00:00,5000,5500,5250,500,10.00%,Valid,Normal,Normal
Tamil Nadu,Thirupur,Dharapuram(Uzhavar Sandhai ),Snakeguard,Snakeguard,Local,2026-09-20 00:00:00,3500,4000,3750,500,14.29%,Valid,Normal,Normal
Tamil Nadu,Thirupur,Dharapuram(Uzhavar Sandhai ),Beetroot,Beetroot,Local,2026-09-20 00:00:00,3500,6500,5000,3000,85.71%,Valid,Normal,Normal
Tamil Nadu,Thirupur,Dharapuram(Uzhavar Sandhai ),Mint(Pudina),Mint(Pudina),Local,2026-09-20 00:00:00,2500,3000,2750,500,20.00%,Valid,Normal,Normal
Tamil Nadu,Thirupur,Palladam(Uzhavar Sandhai ),Banana,Karpura,Local,2026-09-20 00:00:00,4000,5000,4500,1000,25.00%,Valid,Normal,Normal
Tamil Nadu,Thirupur,Palladam(Uzhavar Sandhai ),Potato,Red Nanital,Local,2026-09-20 00:00:00,2500,3000,2750,500,20.00%,Valid,Normal,Normal
Tamil Nadu,Thirupur,Palladam(Uzhavar Sandhai ),Papaya,Papaya,Local,2026-09-20 00:00:00,2500,3000,2750,500,20.00%,Valid,Normal,Normal
Tamil Nadu,Thirupur,Palladam(Uzhavar Sandhai ),Amaranthus,Amaranthus,Local,2026-09-20 00:00:00,2500,3000,2750,500,20.00%,Valid,Normal,Normal
Tamil Nadu,Thirupur,Palladam(Uzhavar Sandhai ),Banana - Green,Banana - Green,Local,2026-09-20 00:00:00,2500,3000,2750,500,20.00%,Valid,Normal,Normal
Tamil Nadu,Thirupur,Palladam(Uzhavar Sandhai ),Beans,Beans (Whole),Local,2026-09-20 00:00:00,7500,8000,7750,500,6.67%,Valid,Normal,Normal
Tamil Nadu,Thirupur,Palladam(Uzhavar Sandhai ),Beetroot,Beetroot,Local,2026-09-20 00:00:00,2500,3000,2750,500,20.00%,Valid,Normal,Normal
Tamil Nadu,Thirupur,Palladam(Uzhavar Sandhai ),Drumstick,Drumstick,Local,2026-09-20 00:00:00,2500,3000,2750,500,20.00%,Valid,Normal,Normal
Tamil Nadu,Thirupur,Palladam(Uzhavar Sandhai ),Lemon,Lemon,Local,2026-09-20 00:00:00,24000,25000,24500,1000,4.17%,Valid,Normal,Normal
Uttar Pradesh,Ghaziabad,Hapur APMC,Paddy(Common),Basmati,FAQ,2026-09-20 00:00:00,3000,3020,3009.63,20,0.67%,Valid,Normal,Normal
Uttar Pradesh,Ghaziabad,Hapur APMC,Rice,Common,FAQ,2026-09-20 00:00:00,3500,3500,3500,0,0.00%,Valid,Normal,Normal
Uttar Pradesh,Hathras,Haathras APMC,Onion,Other,FAQ,2026-09-20 00:00:00,3000,3000,3000,0,0.00%,Valid,Normal,Normal
Uttar Pradesh,Mathura,Kosikalan APMC,Potato,Other,FAQ,2026-09-20 00:00:00,600,600,600,0,0.00%,Valid,Normal,Normal
Tamil Nadu,Kallakuruchi,Kallakurichi(Uzhavar Sandhai ),Papaya,Papaya,Local,2026-09-20 00:00:00,3500,3500,3500,0,0.00%,Valid,Normal,Normal
Tamil Nadu,Kallakuruchi,Kallakurichi(Uzhavar Sandhai ),Cluster beans,Cluster Beans,Local,2026-09-20 00:00:00,5000,5000,5000,0,0.00%,Valid,Normal,Normal
Tamil Nadu,Kallakuruchi,Kallakurichi(Uzhavar Sandhai ),Bottle gourd,Bottle Gourd,Local,2026-09-20 00:00:00,1500,1500,1500,0,0.00%,Valid,Normal,Normal
Tamil Nadu,Kallakuruchi,Kallakurichi(Uzhavar Sandhai ),Ashgourd,Gouard,Local,2026-09-20 00:00:00,1500,1500,1500,0,0.00%,Valid,Normal,Normal
Tamil Nadu,Kallakuruchi,Kallakurichi(Uzhavar Sandhai ),Bhindi(Ladies Finger),Bhindi,Local,2026-09-20 00:00:00,3000,3000,3000,0,0.00%,Valid,Normal,Normal
Tamil Nadu,Kallakuruchi,Kallakurichi(Uzhavar Sandhai ),Coconut,Coconut,Local,2026-09-20 00:00:00,6000,6000,6000,0,0.00%,Valid,Normal,Normal
Tamil Nadu,Kallakuruchi,Kallakurichi(Uzhavar Sandhai ),Green Avare(W),Green Avare (W),Local,2026-09-20 00:00:00,7000,7000,7000,0,0.00%,Valid,Normal,Normal
Tamil Nadu,Kallakuruchi,Kallakurichi(Uzhavar Sandhai ),Marigold(Calcutta),Marigold(Calcutta),Local,2026-09-20 00:00:00,35000,35000,35000,0,0.00%,Valid,Normal,Normal
Tamil Nadu,Kallakuruchi,Kallakurichi(Uzhavar Sandhai ),Colacasia,Colacasia,Local,2026-09-20 00:00:00,4000,4000,4000,0,0.00%,Valid,Normal,Normal
Tamil Nadu,Kallakuruchi,Kallakurichi(Uzhavar Sandhai ),Mashrooms,Mashrooms,Local,2026-09-20 00:00:00,22500,22500,22500,0,0.00%,Valid,Normal,Normal
Tamil Nadu,Kallakuruchi,Kallakurichi(Uzhavar Sandhai ),Onion Green,Onion Green,Local,2026-09-20 00:00:00,7000,7000,7000,0,0.00%,Valid,Normal,Normal
Tamil Nadu,Kallakuruchi,Kallakurichi(Uzhavar Sandhai ),Rose(Local),Rose (Local),Local,2026-09-20 00:00:00,35000,35000,35000,0,0.00%,Valid,Normal,Normal
Uttar Pradesh,Jalaun (Orai),Konch APMC,Lemon,Other,FAQ,2026-09-20 00:00:00,5000,5000,5000,0,0.00%,Valid,Normal,Normal
Uttar Pradesh,Mahoba,Mahoba APMC,Gram Raw(Chholia),Other,FAQ,2026-09-20 00:00:00,5210,5230,5220,20,0.38%,Valid,Normal,Normal
Uttar Pradesh,Mathura,Mathura APMC,Paddy(Common),Basmati,FAQ,2026-09-20 00:00:00,3000,3650,3342.3,650,21.67%,Valid,Normal,Normal
Andhra Pradesh,Eluru,Kaikaluru APMC,Paddy(Common),MTU-1001,Local,2026-09-20 00:00:00,2440,2440,2440,0,0.00%,Valid,Normal,Normal
Andhra Pradesh,Markapuram,Kanigiri APMC,Red gram/Arhar/Tur(whole),(Whole),Local,2026-09-20 00:00:00,8600,8800,8700,200,2.33%,Valid,Normal,Normal
Uttar Pradesh,Gonda,Nawabganj APMC,Wheat,Dara,FAQ,2026-09-20 00:00:00,2600,2600,2600,0,0.00%,Valid,Normal,Normal
Tamil Nadu,Salem,Athur(Uzhavar Sandhai ),Groundnut,Big (With Shell),Local,2026-09-20 00:00:00,6500,7000,6750,500,7.69%,Valid,Normal,Normal
Tamil Nadu,Salem,Athur(Uzhavar Sandhai ),Bitter gourd,Other,Local,2026-09-20 00:00:00,4500,5000,4750,500,11.11%,Valid,Normal,Normal
Tamil Nadu,Salem,Athur(Uzhavar Sandhai ),Green Chilli,Green Chilly,Local,2026-09-20 00:00:00,4500,5000,4750,500,11.11%,Valid,Normal,Normal
Tamil Nadu,Salem,Athur(Uzhavar Sandhai ),Capsicum,Capsicum,Local,2026-09-20 00:00:00,6500,7000,6750,500,7.69%,Valid,Normal,Normal
Tamil Nadu,Salem,Athur(Uzhavar Sandhai ),Chow Chow,Chow Chow,Local,2026-09-20 00:00:00,3500,4000,3750,500,14.29%,Valid,Normal,Normal
Tamil Nadu,Salem,Athur(Uzhavar Sandhai ),Jack Fruit(Ripe),Jack Fruit,Local,2026-09-20 00:00:00,3000,3000,3000,0,0.00%,Valid,Normal,Normal
Tamil Nadu,Salem,Athur(Uzhavar Sandhai ),Tender Coconut,Tender Coconut,Local,2026-09-20 00:00:00,3000,3500,3250,500,16.67%,Valid,Normal,Normal
Tamil Nadu,Salem,Athur(Uzhavar Sandhai ),Jasmine,Jasmine,Local,2026-09-20 00:00:00,32000,36000,34000,4000,12.50%,Valid,Normal,Normal
Tamil Nadu,Theni,Periyakulam(Uzhavar Sandhai ),Coriander(Leaves),I Sort,Local,2026-09-20 00:00:00,3000,3000,3000,0,0.00%,Valid,Normal,Normal
Tamil Nadu,Theni,Periyakulam(Uzhavar Sandhai ),Cabbage,Cabbage,Local,2026-09-20 00:00:00,2600,2800,2700,200,7.69%,Valid,Normal,Normal
Tamil Nadu,Virudhunagar,Srivilliputhur(Uzhavar Sandhai ),Cauliflower,Ranchi,Local,2026-09-20 00:00:00,2500,3000,2750,500,20.00%,Valid,Normal,Normal
Tamil Nadu,Virudhunagar,Srivilliputhur(Uzhavar Sandhai ),Bhindi(Ladies Finger),Bhindi,Local,2026-09-20 00:00:00,3500,4000,3750,500,14.29%,Valid,Normal,Normal
Tamil Nadu,Virudhunagar,Srivilliputhur(Uzhavar Sandhai ),Carrot,Pusakesar,Local,2026-09-20 00:00:00,3500,4000,3750,500,14.29%,Valid,Normal,Normal
Tamil Nadu,Virudhunagar,Srivilliputhur(Uzhavar Sandhai ),Raddish,Raddish,Local,2026-09-20 00:00:00,3000,3500,3250,500,16.67%,Valid,Normal,Normal
Tamil Nadu,Virudhunagar,Srivilliputhur(Uzhavar Sandhai ),Green Avare(W),Green Avare (W),Local,2026-09-20 00:00:00,9000,10000,9500,1000,11.11%,Valid,Normal,Normal
Tamil Nadu,Virudhunagar,Srivilliputhur(Uzhavar Sandhai ),Guava,Guava Allahabad,Local,2026-09-20 00:00:00,4500,5000,4750,500,11.11%,Valid,Normal,Normal
Uttar Pradesh,Badaun,Shahaswan APMC,Banana - Green,Banana - Green,Medium,2026-09-20 00:00:00,1400,1600,1500,200,14.29%,Valid,Normal,Normal
Uttar Pradesh,Badaun,Shahaswan APMC,Pumpkin,Other,Medium,2026-09-20 00:00:00,1200,1300,1250,100,8.33%,Valid,Normal,Normal
Uttar Pradesh,Hathras,Shadabad APMC,Pumpkin,Pumpkin,Small,2026-09-20 00:00:00,600,700,650,100,16.67%,Valid,Normal,Normal
Uttar Pradesh,Hathras,Shadabad APMC,Raddish,Raddish,Small,2026-09-20 00:00:00,600,700,650,100,16.67%,Valid,Normal,Normal
Tamil Nadu,Coimbatore,Vadavalli(Uzhavar Sandhai ),Apple,American,Local,2026-09-20 00:00:00,20000,28000,24000,8000,40.00%,Valid,Normal,Normal
Tamil Nadu,Coimbatore,Vadavalli(Uzhavar Sandhai ),Bhindi(Ladies Finger),Bhindi,Local,2026-09-20 00:00:00,4000,4600,4300,600,15.00%,Valid,Normal,Normal
Tamil Nadu,Coimbatore,Vadavalli(Uzhavar Sandhai ),Amaranthus,Amaranthus,Local,2026-09-20 00:00:00,5400,6500,5950,1100,20.37%,Valid,Normal,Normal
Tamil Nadu,Coimbatore,Vadavalli(Uzhavar Sandhai ),Beans,Beans (Whole),Local,2026-09-20 00:00:00,6500,7000,6750,500,7.69%,Valid,Normal,Normal
Tamil Nadu,Coimbatore,Vadavalli(Uzhavar Sandhai ),Tapioca,Tapioca,Local,2026-09-20 00:00:00,3000,3500,3250,500,16.67%,Valid,Normal,Normal
Tamil Nadu,Coimbatore,Vadavalli(Uzhavar Sandhai ),Coconut,Coconut,Local,2026-09-20 00:00:00,5500,6000,5750,500,9.09%,Valid,Normal,Normal
Tamil Nadu,Coimbatore,Vadavalli(Uzhavar Sandhai ),Cabbage,Cabbage,Local,2026-09-20 00:00:00,2000,2400,2200,400,20.00%,Valid,Normal,Normal
Tamil Nadu,Coimbatore,Vadavalli(Uzhavar Sandhai ),Karbuja(Musk Melon),Karbhuja,Local,2026-09-20 00:00:00,4400,4800,4600,400,9.09%,Valid,Normal,Normal
Tamil Nadu,Coimbatore,Vadavalli(Uzhavar Sandhai ),Amla(Nelli Kai),Amla,Local,2026-09-20 00:00:00,10000,11500,10750,1500,15.00%,Valid,Normal,Normal
Uttar Pradesh,Shahjahanpur,Powayan APMC,Paddy(Common),Common,FAQ,2026-09-20 00:00:00,1950,1950,1950,0,0.00%,Valid,Normal,Normal
West Bengal,Darjeeling,Karsiyang(Matigara) APMC,Cabbage,Other,FAQ,2026-09-20 00:00:00,2800,3000,2900,200,7.14%,Valid,Normal,Normal
West Bengal,Darjeeling,Karsiyang(Matigara) APMC,Potato,Red,FAQ,2026-09-20 00:00:00,1400,1600,1500,200,14.29%,Valid,Normal,Normal
West Bengal,Darjeeling,Karsiyang(Matigara) APMC,Carrot,Other,FAQ,2026-09-20 00:00:00,3200,3400,3300,200,6.25%,Valid,Normal,Normal
West Bengal,Darjeeling,Darjeeling APMC,Ginger(Green),Other,FAQ,2026-09-20 00:00:00,8800,9200,9000,400,4.55%,Valid,Normal,Normal
West Bengal,Darjeeling,Darjeeling APMC,Raddish,Raddish,FAQ,2026-09-20 00:00:00,3200,3400,3300,200,6.25%,Valid,Normal,Normal
Andhra Pradesh,Annamayya,Piler APMC,Gur(Jaggery),NO 3,Local,2026-09-20 00:00:00,4500,5200,4800,700,15.56%,Valid,Normal,Normal
Uttar Pradesh,Bulandshahar,Gulavati APMC,Sponge gourd,Other,FAQ,2026-09-20 00:00:00,2100,2300,2200,200,9.52%,Valid,Normal,Normal
Uttar Pradesh,Bulandshahar,Gulavati APMC,Brinjal,Brinjal,FAQ,2026-09-20 00:00:00,1500,1700,1600,200,13.33%,Valid,Normal,Normal
Tripura,South Tripura,Barpathari APMC,Brinjal,Round/Long,Local,2026-09-20 00:00:00,3900,4100,4000,200,5.13%,Valid,Normal,Normal
Tripura,South Tripura,Barpathari APMC,Ridgeguard(Tori),Ridgeguard(Tori),Local,2026-09-20 00:00:00,6900,7100,7000,200,2.90%,Valid,Normal,Normal
Tamil Nadu,Coimbatore,Udumalpet APMC,Coriander(Leaves),I Sort,Local,2026-09-20 00:00:00,5000,6000,5500,1000,20.00%,Valid,Normal,Normal
Tamil Nadu,Coimbatore,Udumalpet APMC,Amaranthus,Amaranthus,Local,2026-09-20 00:00:00,2500,3000,2750,500,20.00%,Valid,Normal,Normal
Tamil Nadu,Coimbatore,Udumalpet APMC,Carrot,Pusakesar,Local,2026-09-20 00:00:00,5500,6000,5750,500,9.09%,Valid,Normal,Normal
Tamil Nadu,Coimbatore,Udumalpet APMC,Ridgeguard(Tori),Ridgeguard(Tori),Local,2026-09-20 00:00:00,5000,6500,5750,1500,30.00%,Valid,Normal,Normal
Tamil Nadu,Coimbatore,Udumalpet APMC,Raddish,Raddish,Local,2026-09-20 00:00:00,2500,3200,2850,700,28.00%,Valid,Normal,Normal
Tamil Nadu,Coimbatore,Udumalpet APMC,Thondekai,Thondekai,Local,2026-09-20 00:00:00,4500,5000,4750,500,11.11%,Valid,Normal,Normal
Tamil Nadu,Coimbatore,Udumalpet APMC,Green Avare(W),Other,Local,2026-09-20 00:00:00,7000,8000,7500,1000,14.29%,Valid,Normal,Normal
Tamil Nadu,Coimbatore,Udumalpet APMC,Mango(Raw-Ripe),Mango - Raw-Ripe,Local,2026-09-20 00:00:00,16000,17500,16750,1500,9.38%,Valid,Normal,Normal
Tamil Nadu,Coimbatore,Udumalpet APMC,Knool Khol,Knool Khol,Local,2026-09-20 00:00:00,7000,8000,7500,1000,14.29%,Valid,Normal,Normal
Tamil Nadu,Coimbatore,Udumalpet APMC,Lemon,Lemon,Local,2026-09-20 00:00:00,26000,28000,27000,2000,7.69%,Valid,Normal,Normal
Tamil Nadu,Coimbatore,Udumalpet APMC,Sweet Corn,Sweet Corn,Local,2026-09-20 00:00:00,4500,5000,4750,500,11.11%,Valid,Normal,Normal
Tamil Nadu,Erode,Gobichettipalayam(Uzhavar Sandhai ),Bitter gourd,Bitter Gourd,Local,2026-09-20 00:00:00,4500,4800,4650,300,6.67%,Valid,Normal,Normal
Tamil Nadu,Erode,Gobichettipalayam(Uzhavar Sandhai ),Bhindi(Ladies Finger),Bhindi,Local,2026-09-20 00:00:00,2200,2500,2350,300,13.64%,Valid,Normal,Normal
Tamil Nadu,Erode,Gobichettipalayam(Uzhavar Sandhai ),Coconut,Coconut,Local,2026-09-20 00:00:00,5000,5200,5100,200,4.00%,Valid,Normal,Normal
Tamil Nadu,Erode,Gobichettipalayam(Uzhavar Sandhai ),Ridgeguard(Tori),Ridgeguard(Tori),Local,2026-09-20 00:00:00,3600,3800,3700,200,5.56%,Valid,Normal,Normal
Tamil Nadu,Erode,Gobichettipalayam(Uzhavar Sandhai ),Green Avare(W),Green Avare (W),Local,2026-09-20 00:00:00,5500,6000,5750,500,9.09%,Valid,Normal,Normal
Tamil Nadu,Erode,Gobichettipalayam(Uzhavar Sandhai ),Chow Chow,Chow Chow,Local,2026-09-20 00:00:00,3500,4000,3750,500,14.29%,Valid,Normal,Normal
Tamil Nadu,Erode,Gobichettipalayam(Uzhavar Sandhai ),Elephant Yam(Suran)/Amorphophallus,Elephant Yam (Suran),Local,2026-09-20 00:00:00,2500,3000,2750,500,20.00%,Valid,Normal,Normal
Tamil Nadu,Erode,Gobichettipalayam(Uzhavar Sandhai ),Sweet Corn,Sweet Corn,Local,2026-09-20 00:00:00,4500,5000,4750,500,11.11%,Valid,Normal,Normal
Tamil Nadu,Erode,Sampath Nagar(Uzhavar Sandhai ),Onion,Bellary,Local,2026-09-20 00:00:00,6600,7000,6800,400,6.06%,Valid,Normal,Normal
Tamil Nadu,Erode,Sampath Nagar(Uzhavar Sandhai ),Water Melon,Water Melon,Local,2026-09-20 00:00:00,1000,1500,1250,500,50.00%,Valid,Normal,Normal
Tamil Nadu,Erode,Sampath Nagar(Uzhavar Sandhai ),Tapioca,Tapioca,Local,2026-09-20 00:00:00,2000,2500,2250,500,25.00%,Valid,Normal,Normal
Tamil Nadu,Erode,Sampath Nagar(Uzhavar Sandhai ),Chow Chow,Chow Chow,Local,2026-09-20 00:00:00,3000,3500,3250,500,16.67%,Valid,Normal,Normal
Tamil Nadu,Erode,Sampath Nagar(Uzhavar Sandhai ),Pomegranate,Pomogranate,Local,2026-09-20 00:00:00,16000,17000,16500,1000,6.25%,Valid,Normal,Normal
Tripura,Khowai,Kalyanpur APMC,Ginger(Green),Green Ginger,FAQ,2026-09-20 00:00:00,9500,9700,9600,200,2.11%,Valid,Normal,Normal
Tripura,Khowai,Kalyanpur APMC,Fish,Rahu(Andhra),FAQ,2026-09-20 00:00:00,25000,26000,25700,1000,4.00%,Valid,Normal,Normal
Tripura,Khowai,Kalyanpur APMC,Goat,Goat,FAQ,2026-09-20 00:00:00,3500,4000,3800,500,14.29%,Valid,Normal,Normal
Tamil Nadu,Vellore,Pallikonda(Uzhavar Sandhai),Green Avare(W),Green Avare (W),Local,2026-09-20 00:00:00,5000,5500,5250,500,10.00%,Valid,Normal,Normal
Andhra Pradesh,Kakinada,Samalkot APMC,Paddy(Common),Paddy,FAQ,2026-09-20 00:00:00,2339,2345,2340,6,0.26%,Valid,Normal,Normal
Tamil Nadu,Pudukkottai,Ponnamaravathi(Uzhavar Sandhai),Coriander(Leaves),I Sort,Local,2026-09-20 00:00:00,4000,5000,4500,1000,25.00%,Valid,Normal,Normal
Tamil Nadu,Pudukkottai,Ponnamaravathi(Uzhavar Sandhai),Snakeguard,Snakeguard,Local,2026-09-20 00:00:00,2000,3000,2500,1000,50.00%,Valid,Normal,Normal
Tamil Nadu,Pudukkottai,Ponnamaravathi(Uzhavar Sandhai),Mint(Pudina),Mint(Pudina),Local,2026-09-20 00:00:00,4000,5000,4500,1000,25.00%,Valid,Normal,Normal
Tamil Nadu,Nagapattinam,Mayiladuthurai(Uzhavar Sandhai ),Brinjal,Round,Local,2026-09-20 00:00:00,4500,5000,4750,500,11.11%,Valid,Normal,Normal
Tamil Nadu,Nagapattinam,Mayiladuthurai(Uzhavar Sandhai ),Ashgourd,Gouard,Local,2026-09-20 00:00:00,1500,2000,1750,500,33.33%,Valid,Normal,Normal
Tamil Nadu,Nagapattinam,Mayiladuthurai(Uzhavar Sandhai ),Green Chilli,Green Chilly,Local,2026-09-20 00:00:00,5500,6000,5750,500,9.09%,Valid,Normal,Normal
Tamil Nadu,Nagapattinam,Mayiladuthurai(Uzhavar Sandhai ),Coconut,Coconut,Local,2026-09-20 00:00:00,3000,4000,3500,1000,33.33%,Valid,Normal,Normal
Tamil Nadu,Nagapattinam,Mayiladuthurai(Uzhavar Sandhai ),Cabbage,Cabbage,Local,2026-09-20 00:00:00,3000,3000,3000,0,0.00%,Valid,Normal,Normal
Tamil Nadu,Nagapattinam,Mayiladuthurai(Uzhavar Sandhai ),Beetroot,Beetroot,Local,2026-09-20 00:00:00,4500,5000,4750,500,11.11%,Valid,Normal,Normal
Tamil Nadu,Nagapattinam,Mayiladuthurai(Uzhavar Sandhai ),Raddish,Raddish,Local,2026-09-20 00:00:00,2500,3000,2750,500,20.00%,Valid,Normal,Normal
Tamil Nadu,Nagapattinam,Mayiladuthurai(Uzhavar Sandhai ),Yam(Ratalu),Yam (Ratalu),Local,2026-09-20 00:00:00,6000,7000,6500,1000,16.67%,Valid,Normal,Normal
Uttar Pradesh,Lucknow,Lucknow APMC,Wood,Other,FAQ,2026-09-20 00:00:00,950,1400,1259.63,450,47.37%,Valid,Normal,Normal
Tamil Nadu,Pudukkottai,Viralimalai(Uzhavar Sandhai ),Banana,Besrai,Local,2026-09-20 00:00:00,4500,5000,4750,500,11.11%,Valid,Normal,Normal
Tamil Nadu,Pudukkottai,Viralimalai(Uzhavar Sandhai ),Coriander(Leaves),I Sort,Local,2026-09-20 00:00:00,4500,5000,4750,500,11.11%,Valid,Normal,Normal
Tamil Nadu,Pudukkottai,Viralimalai(Uzhavar Sandhai ),Cluster beans,Cluster Beans,Local,2026-09-20 00:00:00,3500,4000,3750,500,14.29%,Valid,Normal,Normal
Tamil Nadu,Pudukkottai,Viralimalai(Uzhavar Sandhai ),Coconut,Coconut,Local,2026-09-20 00:00:00,3500,4000,3750,500,14.29%,Valid,Normal,Normal
Tamil Nadu,Ramanathapuram,Paramakudi(Uzhavar Sandhai ),Pumpkin,Pumpkin,Local,2026-09-20 00:00:00,2000,2200,2100,200,10.00%,Valid,Normal,Normal
Tamil Nadu,Ramanathapuram,Paramakudi(Uzhavar Sandhai ),Amaranthus,Amaranthus,Local,2026-09-20 00:00:00,3500,4000,3750,500,14.29%,Valid,Normal,Normal
Tamil Nadu,Ramanathapuram,Paramakudi(Uzhavar Sandhai ),Cabbage,Cabbage,Local,2026-09-20 00:00:00,4500,4800,4650,300,6.67%,Valid,Normal,Normal
Tamil Nadu,Ramanathapuram,Paramakudi(Uzhavar Sandhai ),Beetroot,Beetroot,Local,2026-09-20 00:00:00,5000,5500,5250,500,10.00%,Valid,Normal,Normal
Tamil Nadu,Ramanathapuram,Paramakudi(Uzhavar Sandhai ),Knool Khol,Knool Khol,Local,2026-09-20 00:00:00,5000,5800,5400,800,16.00%,Valid,Normal,Normal
Tamil Nadu,Ramanathapuram,Paramakudi(Uzhavar Sandhai ),Lime,Lime,Local,2026-09-20 00:00:00,10000,11000,10500,1000,10.00%,Valid,Normal,Normal
Tamil Nadu,Pudukkottai,Alangudi(Uzhavar Sandhai ),Potato,Other,Local,2026-09-20 00:00:00,5000,6000,5500,1000,20.00%,Valid,Normal,Normal
Tamil Nadu,Pudukkottai,Alangudi(Uzhavar Sandhai ),Papaya,Papaya,Local,2026-09-20 00:00:00,2500,3000,2750,500,20.00%,Valid,Normal,Normal
Tamil Nadu,Pudukkottai,Alangudi(Uzhavar Sandhai ),Bottle gourd,Bottle Gourd,Local,2026-09-20 00:00:00,1500,2000,1750,500,33.33%,Valid,Normal,Normal
Tamil Nadu,Pudukkottai,Alangudi(Uzhavar Sandhai ),Ashgourd,Gouard,Local,2026-09-20 00:00:00,1000,1500,1250,500,50.00%,Valid,Normal,Normal
Tamil Nadu,Pudukkottai,Alangudi(Uzhavar Sandhai ),Pumpkin,Pumpkin,Local,2026-09-20 00:00:00,1000,1500,1250,500,50.00%,Valid,Normal,Normal
Tamil Nadu,Pudukkottai,Alangudi(Uzhavar Sandhai ),Green Chilli,Green Chilly,Local,2026-09-20 00:00:00,5000,6000,5500,1000,20.00%,Valid,Normal,Normal
Tamil Nadu,Pudukkottai,Alangudi(Uzhavar Sandhai ),Onion Green,Onion Green,Local,2026-09-20 00:00:00,9000,10000,9500,1000,11.11%,Valid,Normal,Normal
Tamil Nadu,Thiruvannamalai,Arani(Uzhavar Sandhai ),Potato,Red Nanital,Local,2026-09-20 00:00:00,3000,3600,3300,600,20.00%,Valid,Normal,Normal
Tamil Nadu,Thiruvannamalai,Arani(Uzhavar Sandhai ),Papaya,Papaya,Local,2026-09-20 00:00:00,3500,4000,3750,500,14.29%,Valid,Normal,Normal
Tamil Nadu,Thiruvannamalai,Arani(Uzhavar Sandhai ),Cluster beans,Cluster Beans,Local,2026-09-20 00:00:00,3500,4200,3850,700,20.00%,Valid,Normal,Normal
Tamil Nadu,Thiruvannamalai,Arani(Uzhavar Sandhai ),Green Avare(W),Green Avare (W),Local,2026-09-20 00:00:00,5000,6000,5500,1000,20.00%,Valid,Normal,Normal
Tamil Nadu,Thiruvannamalai,Arani(Uzhavar Sandhai ),Chow Chow,Chow Chow,Local,2026-09-20 00:00:00,2500,3000,2750,500,20.00%,Valid,Normal,Normal
Tamil Nadu,Thiruvannamalai,Arani(Uzhavar Sandhai ),Onion Green,Onion Green,Local,2026-09-20 00:00:00,5000,6000,5500,1000,20.00%,Valid,Normal,Normal
Tamil Nadu,Thiruvannamalai,Polur(Uzhavar Sandhai ),Bitter gourd,Bitter Gourd,Local,2026-09-20 00:00:00,4000,4800,4400,800,20.00%,Valid,Normal,Normal
Tamil Nadu,Thiruvannamalai,Polur(Uzhavar Sandhai ),Pumpkin,Pumpkin,Local,2026-09-20 00:00:00,1600,2000,1800,400,25.00%,Valid,Normal,Normal
Tamil Nadu,Thiruvannamalai,Polur(Uzhavar Sandhai ),Green Avare(W),Green Avare (W),Local,2026-09-20 00:00:00,5000,6000,5500,1000,20.00%,Valid,Normal,Normal
Tamil Nadu,Thiruvannamalai,Polur(Uzhavar Sandhai ),Guava,Guava Allahabad,Local,2026-09-20 00:00:00,4200,5000,4600,800,19.05%,Valid,Normal,Normal
Tamil Nadu,Thiruvannamalai,Polur(Uzhavar Sandhai ),Lemon,Lemon,Local,2026-09-20 00:00:00,16000,20000,18000,4000,25.00%,Valid,Normal,Normal
Tamil Nadu,Thiruvannamalai,Polur(Uzhavar Sandhai ),Mint(Pudina),Mint(Pudina),Local,2026-09-20 00:00:00,3300,4000,3650,700,21.21%,Valid,Normal,Normal
Tamil Nadu,Thiruvannamalai,Tiruvannamalai(Uzhavar Sandhai ),Grapes,Annabesahai,Local,2026-09-20 00:00:00,8000,10000,9000,2000,25.00%,Valid,Normal,Normal
Tamil Nadu,Thiruvannamalai,Tiruvannamalai(Uzhavar Sandhai ),Coriander(Leaves),I Sort,Local,2026-09-20 00:00:00,4000,5000,4500,1000,25.00%,Valid,Normal,Normal
Tamil Nadu,Thiruvannamalai,Tiruvannamalai(Uzhavar Sandhai ),Mousambi(Sweet Lime),Mousambi,Local,2026-09-20 00:00:00,5000,6000,5500,1000,20.00%,Valid,Normal,Normal
Tamil Nadu,Thiruvannamalai,Tiruvannamalai(Uzhavar Sandhai ),Tomato,Deshi,Local,2026-09-20 00:00:00,2500,2800,2650,300,12.00%,Valid,Normal,Normal
Tamil Nadu,Thiruvannamalai,Tiruvannamalai(Uzhavar Sandhai ),Green Chilli,Green Chilly,Local,2026-09-20 00:00:00,6400,7200,6800,800,12.50%,Valid,Normal,Normal
Tamil Nadu,Thiruvannamalai,Tiruvannamalai(Uzhavar Sandhai ),Tapioca,Tapioca,Local,2026-09-20 00:00:00,3000,3500,3250,500,16.67%,Valid,Normal,Normal
Tamil Nadu,Thiruvannamalai,Tiruvannamalai(Uzhavar Sandhai ),Cabbage,Cabbage,Local,2026-09-20 00:00:00,2000,2500,2250,500,25.00%,Valid,Normal,Normal
Tamil Nadu,Thiruvannamalai,Tiruvannamalai(Uzhavar Sandhai ),Capsicum,Capsicum,Local,2026-09-20 00:00:00,5000,6000,5500,1000,20.00%,Valid,Normal,Normal
Tamil Nadu,Thiruvannamalai,Tiruvannamalai(Uzhavar Sandhai ),Guava,Guava Allahabad,Local,2026-09-20 00:00:00,5000,6000,5500,1000,20.00%,Valid,Normal,Normal
Tamil Nadu,Thiruvannamalai,Tiruvannamalai(Uzhavar Sandhai ),Fig(Anjura/Anjeer),Anjura,Local,2026-09-20 00:00:00,7000,8000,7500,1000,14.29%,Valid,Normal,Normal
Tamil Nadu,Thiruvarur,Mannargudi I(Uzhavar Sandhai ),Cauliflower,Ranchi,Local,2026-09-20 00:00:00,5600,5600,5600,0,0.00%,Valid,Normal,Normal
Tamil Nadu,Thiruvarur,Mannargudi I(Uzhavar Sandhai ),Bhindi(Ladies Finger),Bhindi,Local,2026-09-20 00:00:00,3600,3600,3600,0,0.00%,Valid,Normal,Normal
Tamil Nadu,Thiruvarur,Mannargudi I(Uzhavar Sandhai ),Ginger(Green),Green Ginger,Local,2026-09-20 00:00:00,18000,18000,18000,0,0.00%,Valid,Normal,Normal
Tamil Nadu,Thiruvarur,Mannargudi I(Uzhavar Sandhai ),Mint(Pudina),Mint(Pudina),Local,2026-09-20 00:00:00,6500,6500,6500,0,0.00%,Valid,Normal,Normal
Tamil Nadu,Tuticorin,Kovilpatti(Uzhavar Sandhai ),Chikoos(Sapota),Sapota,Local,2026-09-20 00:00:00,5000,5500,5250,500,10.00%,Valid,Normal,Normal
Tamil Nadu,Tuticorin,Kovilpatti(Uzhavar Sandhai ),Bitter gourd,Other,Local,2026-09-20 00:00:00,11000,11500,11250,500,4.55%,Valid,Normal,Normal
Tamil Nadu,Tuticorin,Kovilpatti(Uzhavar Sandhai ),Bhindi(Ladies Finger),Bhindi,Local,2026-09-20 00:00:00,2500,3000,2750,500,20.00%,Valid,Normal,Normal
Tamil Nadu,Tuticorin,Kovilpatti(Uzhavar Sandhai ),Amaranthus,Amaranthus,Local,2026-09-20 00:00:00,2000,2500,2250,500,25.00%,Valid,Normal,Normal
Tamil Nadu,Tuticorin,Kovilpatti(Uzhavar Sandhai ),Ginger(Green),Green Ginger,Local,2026-09-20 00:00:00,19000,19500,19250,500,2.63%,Valid,Normal,Normal
Tamil Nadu,Tuticorin,Kovilpatti(Uzhavar Sandhai ),Cabbage,Cabbage,Local,2026-09-20 00:00:00,3500,4000,3750,500,14.29%,Valid,Normal,Normal
Tamil Nadu,Tuticorin,Kovilpatti(Uzhavar Sandhai ),Snakeguard,Snakeguard,Local,2026-09-20 00:00:00,4000,4500,4250,500,12.50%,Valid,Normal,Normal
Tamil Nadu,Tuticorin,Kovilpatti(Uzhavar Sandhai ),Raddish,Raddish,Local,2026-09-20 00:00:00,3500,4000,3750,500,14.29%,Valid,Normal,Normal
Tamil Nadu,Tuticorin,Kovilpatti(Uzhavar Sandhai ),Guava,Guava Allahabad,Local,2026-09-20 00:00:00,5500,6000,5750,500,9.09%,Valid,Normal,Normal
Tamil Nadu,Tuticorin,Kovilpatti(Uzhavar Sandhai ),Indian Beans(Seam),Indian Beans (Seam),Local,2026-09-20 00:00:00,7000,7500,7250,500,7.14%,Valid,Normal,Normal
Tamil Nadu,Vellore,Gudiyatham(Uzhavar Sandhai ),Groundnut,Big (With Shell),Local,2026-09-20 00:00:00,7600,7600,7600,0,0.00%,Valid,Normal,Normal
Tamil Nadu,Vellore,Gudiyatham(Uzhavar Sandhai ),Banana,Red Banana,Local,2026-09-20 00:00:00,8500,8500,8500,0,0.00%,Valid,Normal,Normal
Tamil Nadu,Vellore,Gudiyatham(Uzhavar Sandhai ),Onion,Bellary,Local,2026-09-20 00:00:00,6000,6000,6000,0,0.00%,Valid,Normal,Normal
Tamil Nadu,Vellore,Gudiyatham(Uzhavar Sandhai ),Garlic,Garlic,Local,2026-09-20 00:00:00,24000,24000,24000,0,0.00%,Valid,Normal,Normal
Tamil Nadu,Vellore,Gudiyatham(Uzhavar Sandhai ),Coriander(Leaves),I Sort,Local,2026-09-20 00:00:00,5000,5000,5000,0,0.00%,Valid,Normal,Normal
Tamil Nadu,Vellore,Gudiyatham(Uzhavar Sandhai ),Banana - Green,Banana - Green,Local,2026-09-20 00:00:00,3500,3500,3500,0,0.00%,Valid,Normal,Normal
Tamil Nadu,Vellore,Gudiyatham(Uzhavar Sandhai ),Ginger(Green),Green Ginger,Local,2026-09-20 00:00:00,19000,19000,19000,0,0.00%,Valid,Normal,Normal
Tamil Nadu,Vellore,Gudiyatham(Uzhavar Sandhai ),Carrot,Pusakesar,Local,2026-09-20 00:00:00,5600,5600,5600,0,0.00%,Valid,Normal,Normal
Tamil Nadu,Vellore,Gudiyatham(Uzhavar Sandhai ),Chow Chow,Chow Chow,Local,2026-09-20 00:00:00,4000,4000,4000,0,0.00%,Valid,Normal,Normal
Tamil Nadu,Vellore,Gudiyatham(Uzhavar Sandhai ),Yam(Ratalu),Yam (Ratalu),Local,2026-09-20 00:00:00,5600,5600,5600,0,0.00%,Valid,Normal,Normal
Tamil Nadu,Vellore,Gudiyatham(Uzhavar Sandhai ),Sweet Corn,Sweet Corn,Local,2026-09-20 00:00:00,2500,2500,2500,0,0.00%,Valid,Normal,Normal
Tamil Nadu,Vellore,Kahithapattarai(Uzhavar Sandhai ),Groundnut,Big (With Shell),Local,2026-09-20 00:00:00,7000,7000,7000,0,0.00%,Valid,Normal,Normal
Tamil Nadu,Vellore,Kahithapattarai(Uzhavar Sandhai ),Apple,American,Local,2026-09-20 00:00:00,18000,20000,19000,2000,11.11%,Valid,Normal,Normal
Tamil Nadu,Vellore,Kahithapattarai(Uzhavar Sandhai ),Orange,Darjeeling,Local,2026-09-20 00:00:00,6000,6000,6000,0,0.00%,Valid,Normal,Normal
Tamil Nadu,Vellore,Kahithapattarai(Uzhavar Sandhai ),Coriander(Leaves),I Sort,Local,2026-09-20 00:00:00,3500,3500,3500,0,0.00%,Valid,Normal,Normal
Tamil Nadu,Vellore,Kahithapattarai(Uzhavar Sandhai ),Beetroot,Beetroot,Local,2026-09-20 00:00:00,4500,4500,4500,0,0.00%,Valid,Normal,Normal
Tamil Nadu,Vellore,Kahithapattarai(Uzhavar Sandhai ),Ridgeguard(Tori),Ridgeguard(Tori),Local,2026-09-20 00:00:00,3500,3500,3500,0,0.00%,Valid,Normal,Normal
Tamil Nadu,Vellore,Kahithapattarai(Uzhavar Sandhai ),Thondekai,Thondekai,Local,2026-09-20 00:00:00,3000,3000,3000,0,0.00%,Valid,Normal,Normal
Tamil Nadu,Vellore,Kahithapattarai(Uzhavar Sandhai ),Chow Chow,Chow Chow,Local,2026-09-20 00:00:00,3500,3500,3500,0,0.00%,Valid,Normal,Normal
Tamil Nadu,Vellore,Kahithapattarai(Uzhavar Sandhai ),Mango(Raw-Ripe),Mango - Raw-Ripe,Local,2026-09-20 00:00:00,16000,16000,16000,0,0.00%,Valid,Normal,Normal
Tamil Nadu,Vellore,Kahithapattarai(Uzhavar Sandhai ),Guava,Guava Allahabad,Local,2026-09-20 00:00:00,8000,8000,8000,0,0.00%,Valid,Normal,Normal
Tamil Nadu,Vellore,Kahithapattarai(Uzhavar Sandhai ),Tender Coconut,Tender Coconut,Local,2026-09-20 00:00:00,3000,3000,3000,0,0.00%,Valid,Normal,Normal
Tamil Nadu,Vellore,Kahithapattarai(Uzhavar Sandhai ),Indian Beans(Seam),Indian Beans (Seam),Local,2026-09-20 00:00:00,6500,6500,6500,0,0.00%,Valid,Normal,Normal
Tamil Nadu,Vellore,Kahithapattarai(Uzhavar Sandhai ),Onion Green,Onion Green,Local,2026-09-20 00:00:00,11000,11000,11000,0,0.00%,Valid,Normal,Normal
Tamil Nadu,Thiruvannamalai,Cheyyar(Uzhavar Sandhai ),Banana,Poovan,Local,2026-09-20 00:00:00,4000,5000,4500,1000,25.00%,Valid,Normal,Normal
Tamil Nadu,Thiruvannamalai,Cheyyar(Uzhavar Sandhai ),Potato,Other,Local,2026-09-20 00:00:00,3000,3600,3300,600,20.00%,Valid,Normal,Normal
Tamil Nadu,Thiruvannamalai,Cheyyar(Uzhavar Sandhai ),Tomato,Local,Local,2026-09-20 00:00:00,2500,3000,2750,500,20.00%,Valid,Normal,Normal
Tamil Nadu,Thiruvannamalai,Cheyyar(Uzhavar Sandhai ),Bottle gourd,Bottle Gourd,Local,2026-09-20 00:00:00,1500,2000,1750,500,33.33%,Valid,Normal,Normal
Tamil Nadu,Thiruvannamalai,Cheyyar(Uzhavar Sandhai ),Pumpkin,Pumpkin,Local,2026-09-20 00:00:00,2500,3000,2750,500,20.00%,Valid,Normal,Normal
Tamil Nadu,Thiruvannamalai,Cheyyar(Uzhavar Sandhai ),Beans,Beans (Whole),Local,2026-09-20 00:00:00,4800,6000,5400,1200,25.00%,Valid,Normal,Normal
Tamil Nadu,Thiruvannamalai,Cheyyar(Uzhavar Sandhai ),Tender Coconut,Tender Coconut,Local,2026-09-20 00:00:00,2000,2500,2250,500,25.00%,Valid,Normal,Normal
Tamil Nadu,Thiruvannamalai,Cheyyar(Uzhavar Sandhai ),Yam(Ratalu),Yam (Ratalu),Local,2026-09-20 00:00:00,5500,7000,6250,1500,27.27%,Valid,Normal,Normal
Uttar Pradesh,Badaun,Islam Nagar APMC,Wheat,Medium,FAQ,2026-09-20 00:00:00,2600,2600,2600,0,0.00%,Valid,Normal,Normal
Tamil Nadu,Ariyalur,Ariyalur(Uzhavar Sandhai),Tomato,Deshi,Local,2026-09-20 00:00:00,2500,3000,2750,500,20.00%,Valid,Normal,Normal
Tamil Nadu,Ariyalur,Ariyalur(Uzhavar Sandhai),Green Chilli,Green Chilly,Local,2026-09-20 00:00:00,5000,5500,5250,500,10.00%,Valid,Normal,Normal
Uttar Pradesh,Amroha,Amroha APMC,Tomato,Other,FAQ,2026-09-20 00:00:00,1300,1500,1318.36,200,15.38%,Valid,Normal,Normal
Keralam,Thiruvananthapuram,Pappanchani VFPCK Market,Cowpea(Veg),Bean Barbati,Grade A,2026-09-20 00:00:00,8000,8000,8000,0,0.00%,Valid,Normal,Normal
Keralam,Thiruvananthapuram,Pappanchani VFPCK Market,Amranthas Red,Chawli Lal,Grade A,2026-09-20 00:00:00,4000,4000,4000,0,0.00%,Valid,Normal,Normal
Keralam,Thiruvananthapuram,Pappanchani VFPCK Market,Snakeguard,Other,Grade A,2026-09-20 00:00:00,3000,3000,3000,0,0.00%,Valid,Normal,Normal
Tamil Nadu,Coimbatore,Sundarapuram(Uzhavar Sandhai ),Cauliflower,Ranchi,Local,2026-09-20 00:00:00,4500,5000,4750,500,11.11%,Valid,Normal,Normal
Tamil Nadu,Coimbatore,Sundarapuram(Uzhavar Sandhai ),Coriander(Leaves),I Sort,Local,2026-09-20 00:00:00,4500,5000,4750,500,11.11%,Valid,Normal,Normal
Tamil Nadu,Coimbatore,Sundarapuram(Uzhavar Sandhai ),Green Peas,Green Peas,Local,2026-09-20 00:00:00,21000,22000,21500,1000,4.76%,Valid,Normal,Normal
Tamil Nadu,Coimbatore,Sundarapuram(Uzhavar Sandhai ),Cluster beans,Cluster Beans,Local,2026-09-20 00:00:00,3200,3800,3500,600,18.75%,Valid,Normal,Normal
Tamil Nadu,Coimbatore,Sundarapuram(Uzhavar Sandhai ),Bottle gourd,Bottle Gourd,Local,2026-09-20 00:00:00,2500,3000,2750,500,20.00%,Valid,Normal,Normal
Tamil Nadu,Coimbatore,Sundarapuram(Uzhavar Sandhai ),Ashgourd,Gouard,Local,2026-09-20 00:00:00,1800,2000,1900,200,11.11%,Valid,Normal,Normal
Tamil Nadu,Coimbatore,Sundarapuram(Uzhavar Sandhai ),Pumpkin,Pumpkin,Local,2026-09-20 00:00:00,1800,2000,1900,200,11.11%,Valid,Normal,Normal
Tamil Nadu,Coimbatore,Sundarapuram(Uzhavar Sandhai ),Amaranthus,Amaranthus,Local,2026-09-20 00:00:00,5500,6500,6000,1000,18.18%,Valid,Normal,Normal
Tamil Nadu,Coimbatore,Sundarapuram(Uzhavar Sandhai ),Banana - Green,Banana - Green,Local,2026-09-20 00:00:00,4000,4500,4250,500,12.50%,Valid,Normal,Normal
Tamil Nadu,Coimbatore,Sundarapuram(Uzhavar Sandhai ),Beans,Beans (Whole),Local,2026-09-20 00:00:00,7000,7500,7250,500,7.14%,Valid,Normal,Normal
Tamil Nadu,Coimbatore,Sundarapuram(Uzhavar Sandhai ),Ginger(Green),Green Ginger,Local,2026-09-20 00:00:00,16000,16500,16250,500,3.13%,Valid,Normal,Normal
Tamil Nadu,Coimbatore,Sundarapuram(Uzhavar Sandhai ),Cabbage,Cabbage,Local,2026-09-20 00:00:00,2000,2500,2250,500,25.00%,Valid,Normal,Normal
Tamil Nadu,Coimbatore,Sundarapuram(Uzhavar Sandhai ),Snakeguard,Snakeguard,Local,2026-09-20 00:00:00,3000,3500,3250,500,16.67%,Valid,Normal,Normal
Tamil Nadu,Coimbatore,Sundarapuram(Uzhavar Sandhai ),Thondekai,Thondekai,Local,2026-09-20 00:00:00,3500,4000,3750,500,14.29%,Valid,Normal,Normal
Tamil Nadu,Coimbatore,Sundarapuram(Uzhavar Sandhai ),Guava,Guava Allahabad,Local,2026-09-20 00:00:00,5500,6000,5750,500,9.09%,Valid,Normal,Normal
Tamil Nadu,Coimbatore,Sundarapuram(Uzhavar Sandhai ),Lemon,Lemon,Local,2026-09-20 00:00:00,25000,26000,25500,1000,4.00%,Valid,Normal,Normal
Tamil Nadu,Coimbatore,Sundarapuram(Uzhavar Sandhai ),Sweet Corn,Sweet Corn,Local,2026-09-20 00:00:00,3500,4000,3750,500,14.29%,Valid,Normal,Normal
Haryana,Gurgaon,Gurgaon APMC,Apple,Apple,Grade C,2026-09-20 00:00:00,5000,10000,7500,5000,100.00%,Valid,Normal,Normal
Haryana,Gurgaon,Gurgaon APMC,Onion,Other,Grade A,2026-09-20 00:00:00,4000,4500,4250,500,12.50%,Valid,Normal,Normal
Haryana,Gurgaon,Gurgaon APMC,Tomato,Other,Grade A,2026-09-20 00:00:00,1000,2000,1500,1000,100.00%,Valid,Normal,Normal
Tamil Nadu,Erode,Sathiyamagalam(Uzhavar Sandhai ),Brinjal,Other,Local,2026-09-20 00:00:00,2800,3200,3000,400,14.29%,Valid,Normal,Normal
Tamil Nadu,Erode,Sathiyamagalam(Uzhavar Sandhai ),Cluster beans,Cluster Beans,Local,2026-09-20 00:00:00,3500,4000,3750,500,14.29%,Valid,Normal,Normal
Tamil Nadu,Erode,Sathiyamagalam(Uzhavar Sandhai ),Bottle gourd,Bottle Gourd,Local,2026-09-20 00:00:00,1500,2000,1750,500,33.33%,Valid,Normal,Normal
Tamil Nadu,Erode,Sathiyamagalam(Uzhavar Sandhai ),Beans,Beans (Whole),Local,2026-09-20 00:00:00,7000,7500,7250,500,7.14%,Valid,Normal,Normal
Tamil Nadu,Erode,Sathiyamagalam(Uzhavar Sandhai ),Carrot,Pusakesar,Local,2026-09-20 00:00:00,5400,5800,5600,400,7.41%,Valid,Normal,Normal
Tamil Nadu,Erode,Sathiyamagalam(Uzhavar Sandhai ),Beetroot,Beetroot,Local,2026-09-20 00:00:00,5000,5500,5250,500,10.00%,Valid,Normal,Normal
Tamil Nadu,Erode,Sathiyamagalam(Uzhavar Sandhai ),Cucumbar(Kheera),Cucumbar,Local,2026-09-20 00:00:00,3000,3400,3200,400,13.33%,Valid,Normal,Normal
Tamil Nadu,Erode,Sathiyamagalam(Uzhavar Sandhai ),Chow Chow,Chow Chow,Local,2026-09-20 00:00:00,2500,3000,2750,500,20.00%,Valid,Normal,Normal
Tamil Nadu,Erode,Sathiyamagalam(Uzhavar Sandhai ),Elephant Yam(Suran)/Amorphophallus,Elephant Yam (Suran),Local,2026-09-20 00:00:00,3500,4000,3750,500,14.29%,Valid,Normal,Normal
Tamil Nadu,Erode,Sathiyamagalam(Uzhavar Sandhai ),Sweet Corn,Sweet Corn,Local,2026-09-20 00:00:00,2500,3000,2750,500,20.00%,Valid,Normal,Normal
Tamil Nadu,Coimbatore,Mettupalayam(Uzhavar Sandhai ),Groundnut,Big (With Shell),Local,2026-09-20 00:00:00,8000,9000,8500,1000,12.50%,Valid,Normal,Normal
Tamil Nadu,Coimbatore,Mettupalayam(Uzhavar Sandhai ),Potato,Red Nanital,Local,2026-09-20 00:00:00,4500,6800,5650,2300,51.11%,Valid,Normal,Normal
Tamil Nadu,Coimbatore,Mettupalayam(Uzhavar Sandhai ),Papaya,Papaya,Local,2026-09-20 00:00:00,4000,4500,4250,500,12.50%,Valid,Normal,Normal
Tamil Nadu,Coimbatore,Mettupalayam(Uzhavar Sandhai ),Bitter gourd,Bitter Gourd,Local,2026-09-20 00:00:00,4400,4800,4600,400,9.09%,Valid,Normal,Normal
Tamil Nadu,Coimbatore,Mettupalayam(Uzhavar Sandhai ),Ashgourd,Gouard,Local,2026-09-20 00:00:00,1600,2000,1800,400,25.00%,Valid,Normal,Normal
Tamil Nadu,Coimbatore,Mettupalayam(Uzhavar Sandhai ),Coconut,Coconut,Local,2026-09-20 00:00:00,5500,6000,5750,500,9.09%,Valid,Normal,Normal
Tamil Nadu,Coimbatore,Mettupalayam(Uzhavar Sandhai ),Ridgeguard(Tori),Ridgeguard(Tori),Local,2026-09-20 00:00:00,3500,4500,4000,1000,28.57%,Valid,Normal,Normal
Tamil Nadu,Coimbatore,Mettupalayam(Uzhavar Sandhai ),Drumstick,Drumstick,Local,2026-09-20 00:00:00,2500,3500,3000,1000,40.00%,Valid,Normal,Normal
Tamil Nadu,Coimbatore,Mettupalayam(Uzhavar Sandhai ),Knool Khol,Knool Khol,Local,2026-09-20 00:00:00,4500,5000,4750,500,11.11%,Valid,Normal,Normal
Tamil Nadu,Coimbatore,Mettupalayam(Uzhavar Sandhai ),Lime,Lime,Local,2026-09-20 00:00:00,13000,15000,14000,2000,15.38%,Valid,Normal,Normal
Tamil Nadu,Coimbatore,Mettupalayam(Uzhavar Sandhai ),Elephant Yam(Suran)/Amorphophallus,Elephant Yam (Suran),Local,2026-09-20 00:00:00,3500,4000,3750,500,14.29%,Valid,Normal,Normal
Tamil Nadu,Coimbatore,Mettupalayam(Uzhavar Sandhai ),Mint(Pudina),Mint(Pudina),Local,2026-09-20 00:00:00,6000,6500,6250,500,8.33%,Valid,Normal,Normal
Uttar Pradesh,Kanpur Dehat,Pukharayan APMC,Wheat,Dara,FAQ,2026-09-20 00:00:00,2600,2600,2600,0,0.00%,Valid,Normal,Normal
Uttar Pradesh,Bijnor,Najibabad APMC,Wood,Other,FAQ,2026-09-20 00:00:00,600,720,648,120,20.00%,Valid,Normal,Normal
Tamil Nadu,Namakkal,Tiruchengode APMC,Cauliflower,Ranchi,Local,2026-09-20 00:00:00,3500,4000,3750,500,14.29%,Valid,Normal,Normal
Tamil Nadu,Namakkal,Tiruchengode APMC,Papaya,Papaya,Local,2026-09-20 00:00:00,3000,3500,3250,500,16.67%,Valid,Normal,Normal
Tamil Nadu,Namakkal,Tiruchengode APMC,Ashgourd,Gouard,Local,2026-09-20 00:00:00,1800,2000,1900,200,11.11%,Valid,Normal,Normal
Tamil Nadu,Namakkal,Tiruchengode APMC,Beans,Beans (Whole),Local,2026-09-20 00:00:00,6800,7500,7150,700,10.29%,Valid,Normal,Normal
Tamil Nadu,Namakkal,Tiruchengode APMC,Tapioca,Tapioca,Local,2026-09-20 00:00:00,3000,3500,3250,500,16.67%,Valid,Normal,Normal
Tamil Nadu,Namakkal,Tiruchengode APMC,Ginger(Green),Green Ginger,Local,2026-09-20 00:00:00,16000,18000,17000,2000,12.50%,Valid,Normal,Normal
Tamil Nadu,Namakkal,Tiruchengode APMC,Cucumbar(Kheera),Cucumbar,Local,2026-09-20 00:00:00,8000,9000,8500,1000,12.50%,Valid,Normal,Normal
Tamil Nadu,Namakkal,Tiruchengode APMC,Raddish,Raddish,Local,2026-09-20 00:00:00,2600,3000,2800,400,15.38%,Valid,Normal,Normal
Tamil Nadu,Namakkal,Tiruchengode APMC,Drumstick,Drumstick,Local,2026-09-20 00:00:00,3000,3500,3250,500,16.67%,Valid,Normal,Normal
Tamil Nadu,Namakkal,Tiruchengode APMC,Elephant Yam(Suran)/Amorphophallus,Elephant Yam (Suran),Local,2026-09-20 00:00:00,3000,3500,3250,500,16.67%,Valid,Normal,Normal
Tamil Nadu,Namakkal,Tiruchengode APMC,Yam(Ratalu),Yam (Ratalu),Local,2026-09-20 00:00:00,7000,8000,7500,1000,14.29%,Valid,Normal,Normal
Telangana,Siddipet,Vantamamidi APMC,Bhindi(Ladies Finger),Bhindi,Local,2026-09-20 00:00:00,1000,1500,1250,500,50.00%,Valid,Normal,Normal
Telangana,Siddipet,Vantamamidi APMC,Brinjal,Brinjal,Local,2026-09-20 00:00:00,1000,2000,1500,1000,100.00%,Valid,Normal,Normal
Telangana,Siddipet,Vantamamidi APMC,Onion Green,Onion Green,Local,2026-09-20 00:00:00,2000,2000,2000,0,0.00%,Valid,Normal,Normal
Telangana,Khammam,Nelakondapally APMC,Paddy(Common),HMT,Local,2026-09-20 00:00:00,2360,2400,2389,40,1.69%,Valid,Normal,Normal
Andhra Pradesh,Visakhapatnam,Bhimunipatnam APMC,Ragi(Finger Millet),Local,Local,2026-09-20 00:00:00,5000,5000,5000,0,0.00%,Valid,Normal,Normal
Tamil Nadu,Coimbatore,RSPuram(Uzhavar Sandhai ),Orange,Darjeeling,Local,2026-09-20 00:00:00,14000,17000,15500,3000,21.43%,Valid,Normal,Normal
Tamil Nadu,Coimbatore,RSPuram(Uzhavar Sandhai ),Onion,Bellary,Local,2026-09-20 00:00:00,5600,6000,5800,400,7.14%,Valid,Normal,Normal
Tamil Nadu,Coimbatore,RSPuram(Uzhavar Sandhai ),Potato,Other,Local,2026-09-20 00:00:00,6400,7000,6700,600,9.38%,Valid,Normal,Normal
Tamil Nadu,Coimbatore,RSPuram(Uzhavar Sandhai ),Mousambi(Sweet Lime),Mousambi,Local,2026-09-20 00:00:00,4000,4500,4250,500,12.50%,Valid,Normal,Normal
Tamil Nadu,Coimbatore,RSPuram(Uzhavar Sandhai ),Cabbage,Cabbage,Local,2026-09-20 00:00:00,2000,2200,2100,200,10.00%,Valid,Normal,Normal
Tamil Nadu,Coimbatore,RSPuram(Uzhavar Sandhai ),Pomegranate,Pomogranate,Local,2026-09-20 00:00:00,15000,17000,16000,2000,13.33%,Valid,Normal,Normal
Tamil Nadu,Coimbatore,RSPuram(Uzhavar Sandhai ),Tender Coconut,Tender Coconut,Local,2026-09-20 00:00:00,4000,4500,4250,500,12.50%,Valid,Normal,Normal
Tamil Nadu,Coimbatore,RSPuram(Uzhavar Sandhai ),Elephant Yam(Suran)/Amorphophallus,Elephant Yam (Suran),Local,2026-09-20 00:00:00,3000,3600,3300,600,20.00%,Valid,Normal,Normal
Tamil Nadu,Coimbatore,RSPuram(Uzhavar Sandhai ),Baby Corn,Baby Corn,Grade A,2026-09-20 00:00:00,2200,2600,2400,400,18.18%,Valid,Normal,Normal
Tamil Nadu,Coimbatore,Singanallur(Uzhavar Sandhai ),Potato,Red Nanital,Local,2026-09-20 00:00:00,4000,7000,5500,3000,75.00%,Valid,Normal,Normal
Tamil Nadu,Coimbatore,Singanallur(Uzhavar Sandhai ),Cauliflower,Ranchi,Local,2026-09-20 00:00:00,4400,5000,4700,600,13.64%,Valid,Normal,Normal
Tamil Nadu,Coimbatore,Singanallur(Uzhavar Sandhai ),Mousambi(Sweet Lime),Mousambi,Local,2026-09-20 00:00:00,4400,5000,4700,600,13.64%,Valid,Normal,Normal
Tamil Nadu,Coimbatore,Singanallur(Uzhavar Sandhai ),Beans,Beans (Whole),Local,2026-09-20 00:00:00,6600,7200,6900,600,9.09%,Valid,Normal,Normal
Tamil Nadu,Coimbatore,Singanallur(Uzhavar Sandhai ),Ginger(Green),Green Ginger,Local,2026-09-20 00:00:00,14000,16500,15250,2500,17.86%,Valid,Normal,Normal
Tamil Nadu,Coimbatore,Singanallur(Uzhavar Sandhai ),Snakeguard,Snakeguard,Local,2026-09-20 00:00:00,3000,3400,3200,400,13.33%,Valid,Normal,Normal
Tamil Nadu,Coimbatore,Singanallur(Uzhavar Sandhai ),Green Avare(W),Green Avare (W),Local,2026-09-20 00:00:00,6000,6500,6250,500,8.33%,Valid,Normal,Normal
Tamil Nadu,Coimbatore,Singanallur(Uzhavar Sandhai ),Drumstick,Drumstick,Local,2026-09-20 00:00:00,3600,4000,3800,400,11.11%,Valid,Normal,Normal
Tamil Nadu,Coimbatore,Singanallur(Uzhavar Sandhai ),Lime,Lime,Local,2026-09-20 00:00:00,15000,16000,15500,1000,6.67%,Valid,Normal,Normal
Tamil Nadu,Coimbatore,Pollachi(Uzhavar Sandhai ),Brinjal,Other,Local,2026-09-20 00:00:00,4000,4500,4250,500,12.50%,Valid,Normal,Normal
Tamil Nadu,Coimbatore,Pollachi(Uzhavar Sandhai ),Bitter gourd,Bitter Gourd,Local,2026-09-20 00:00:00,4500,5000,4750,500,11.11%,Valid,Normal,Normal
Tamil Nadu,Coimbatore,Pollachi(Uzhavar Sandhai ),Green Chilli,Green Chilly,Local,2026-09-20 00:00:00,5500,6000,5750,500,9.09%,Valid,Normal,Normal
Tamil Nadu,Coimbatore,Pollachi(Uzhavar Sandhai ),Beans,Beans (Whole),Local,2026-09-20 00:00:00,6500,7500,7000,1000,15.38%,Valid,Normal,Normal
Tamil Nadu,Coimbatore,Pollachi(Uzhavar Sandhai ),Elephant Yam(Suran)/Amorphophallus,Elephant Yam (Suran),Local,2026-09-20 00:00:00,3500,4000,3750,500,14.29%,Valid,Normal,Normal
Tamil Nadu,Coimbatore,Pollachi(Uzhavar Sandhai ),Mashrooms,Mashrooms,Local,2026-09-20 00:00:00,18000,20000,19000,2000,11.11%,Valid,Normal,Normal
Tamil Nadu,Coimbatore,Pollachi(Uzhavar Sandhai ),Mint(Pudina),Mint(Pudina),Local,2026-09-20 00:00:00,5000,6000,5500,1000,20.00%,Valid,Normal,Normal
Odisha,Bargarh,Godbhaga APMC,Ridge Gourd(Permal/Hybrid Gourd),Ridge Gourd(Permal/Hybrid Gourd),Grade B,2026-09-20 00:00:00,2200,2600,2400,400,18.18%,Valid,Normal,Normal
Telangana,Ranga Reddy,"Vanasthalipuram,RBZ",Cabbage,Cabbage,Grade A,2026-09-20 00:00:00,1300,1300,1300,0,0.00%,Valid,Normal,Normal
Telangana,Ranga Reddy,"Vanasthalipuram,RBZ",Brinjal,Brinjal,Grade A,2026-09-20 00:00:00,3500,3500,3500,0,0.00%,Valid,Normal,Normal
Telangana,Ranga Reddy,"Vanasthalipuram,RBZ",Green Chilli,Green Chilly,Grade A,2026-09-20 00:00:00,4000,4000,4000,0,0.00%,Valid,Normal,Normal
Telangana,Ranga Reddy,"Vanasthalipuram,RBZ",Colacasia,Colacasia,Grade A,2026-09-20 00:00:00,2800,2800,2800,0,0.00%,Valid,Normal,Normal
Telangana,Ranga Reddy,"Vanasthalipuram,RBZ",Beetroot,Beetroot,Grade A,2026-09-20 00:00:00,2800,2800,2800,0,0.00%,Valid,Normal,Normal
Tamil Nadu,Karur,Karur(Uzhavar Sandhai ),Tomato,Deshi,Local,2026-09-20 00:00:00,2500,3000,2750,500,20.00%,Valid,Normal,Normal
Tamil Nadu,Karur,Karur(Uzhavar Sandhai ),Bitter gourd,Other,Local,2026-09-20 00:00:00,5000,5500,5250,500,10.00%,Valid,Normal,Normal
Tamil Nadu,Karur,Karur(Uzhavar Sandhai ),Ashgourd,Gouard,Local,2026-09-20 00:00:00,2000,2500,2250,500,25.00%,Valid,Normal,Normal
Tamil Nadu,Karur,Karur(Uzhavar Sandhai ),Bhindi(Ladies Finger),Bhindi,Local,2026-09-20 00:00:00,3500,4000,3750,500,14.29%,Valid,Normal,Normal
Tamil Nadu,Karur,Karur(Uzhavar Sandhai ),Banana - Green,Banana - Green,Local,2026-09-20 00:00:00,2500,3000,2750,500,20.00%,Valid,Normal,Normal
Tamil Nadu,Karur,Karur(Uzhavar Sandhai ),Beans,Beans (Whole),Local,2026-09-20 00:00:00,7500,8000,7750,500,6.67%,Valid,Normal,Normal
Tamil Nadu,Karur,Karur(Uzhavar Sandhai ),Coconut,Coconut,Local,2026-09-20 00:00:00,5500,6000,5750,500,9.09%,Valid,Normal,Normal
Tamil Nadu,Karur,Karur(Uzhavar Sandhai ),Cabbage,Cabbage,Local,2026-09-20 00:00:00,3500,4000,3750,500,14.29%,Valid,Normal,Normal
Tamil Nadu,Karur,Karur(Uzhavar Sandhai ),Snakeguard,Snakeguard,Local,2026-09-20 00:00:00,3000,3500,3250,500,16.67%,Valid,Normal,Normal
Tamil Nadu,Karur,Karur(Uzhavar Sandhai ),Beetroot,Beetroot,Local,2026-09-20 00:00:00,6500,7000,6750,500,7.69%,Valid,Normal,Normal
Tamil Nadu,Karur,Karur(Uzhavar Sandhai ),Raddish,Raddish,Local,2026-09-20 00:00:00,2500,3000,2750,500,20.00%,Valid,Normal,Normal
Tamil Nadu,Karur,Karur(Uzhavar Sandhai ),Knool Khol,Knool Khol,Local,2026-09-20 00:00:00,6500,7000,6750,500,7.69%,Valid,Normal,Normal
Tamil Nadu,Karur,Karur(Uzhavar Sandhai ),Elephant Yam(Suran)/Amorphophallus,Elephant Yam (Suran),Local,2026-09-20 00:00:00,4500,5000,4750,500,11.11%,Valid,Normal,Normal
Tamil Nadu,Karur,Karur(Uzhavar Sandhai ),Lemon,Lemon,Local,2026-09-20 00:00:00,29500,30000,29750,500,1.69%,Valid,Normal,Normal
Tamil Nadu,Karur,Karur(Uzhavar Sandhai ),Amla(Nelli Kai),Amla,Local,2026-09-20 00:00:00,11500,12000,11750,500,4.35%,Valid,Normal,Normal
Tripura,South Tripura,Biokhora,Coriander(Leaves),Coriander,FAQ,2026-09-20 00:00:00,5500,5650,5580,150,2.73%,Valid,Normal,Normal
Tamil Nadu,Coimbatore,Kurichi(Uzhavar Sandhai ),Brinjal,Round,Local,2026-09-20 00:00:00,4500,5000,4750,500,11.11%,Valid,Normal,Normal
Tamil Nadu,Coimbatore,Kurichi(Uzhavar Sandhai ),Ashgourd,Gouard,Local,2026-09-20 00:00:00,1800,2000,1900,200,11.11%,Valid,Normal,Normal
Tamil Nadu,Coimbatore,Kurichi(Uzhavar Sandhai ),Pumpkin,Pumpkin,Local,2026-09-20 00:00:00,1800,2000,1900,200,11.11%,Valid,Normal,Normal
Tamil Nadu,Coimbatore,Kurichi(Uzhavar Sandhai ),Banana - Green,Banana - Green,Local,2026-09-20 00:00:00,4000,4500,4250,500,12.50%,Valid,Normal,Normal
Tamil Nadu,Coimbatore,Kurichi(Uzhavar Sandhai ),Tapioca,Tapioca,Local,2026-09-20 00:00:00,3000,3500,3250,500,16.67%,Valid,Normal,Normal
Tamil Nadu,Coimbatore,Kurichi(Uzhavar Sandhai ),Sweet Potato,Hosur Red,Local,2026-09-20 00:00:00,5500,6000,5750,500,9.09%,Valid,Normal,Normal
Tamil Nadu,Coimbatore,Kurichi(Uzhavar Sandhai ),Green Avare(W),Green Avare (W),Local,2026-09-20 00:00:00,6000,6500,6250,500,8.33%,Valid,Normal,Normal
Tamil Nadu,Cuddalore,Chidambaram(Uzhavar Sandhai ),Banana,Besrai,Local,2026-09-20 00:00:00,4000,4000,4000,0,0.00%,Valid,Normal,Normal
Tamil Nadu,Cuddalore,Chidambaram(Uzhavar Sandhai ),Onion Green,Onion Green,Local,2026-09-20 00:00:00,8000,8000,8000,0,0.00%,Valid,Normal,Normal
Tamil Nadu,Cuddalore,Cuddalore(Uzhavar Sandhai ),Banana,Besrai,Local,2026-09-20 00:00:00,4000,8000,6000,4000,100.00%,Valid,Normal,Normal
Tamil Nadu,Cuddalore,Cuddalore(Uzhavar Sandhai ),Potato,Red Nanital,Local,2026-09-20 00:00:00,4000,4000,4000,0,0.00%,Valid,Normal,Normal
Tamil Nadu,Cuddalore,Cuddalore(Uzhavar Sandhai ),Green Chilli,Green Chilly,Local,2026-09-20 00:00:00,5000,6000,5500,1000,20.00%,Valid,Normal,Normal
Tamil Nadu,Cuddalore,Cuddalore(Uzhavar Sandhai ),Ginger(Green),Green Ginger,Local,2026-09-20 00:00:00,18000,18000,18000,0,0.00%,Valid,Normal,Normal
Tamil Nadu,Cuddalore,Cuddalore(Uzhavar Sandhai ),Coconut,Coconut,Local,2026-09-20 00:00:00,6000,7000,6500,1000,16.67%,Valid,Normal,Normal
Tamil Nadu,Cuddalore,Cuddalore(Uzhavar Sandhai ),Chow Chow,Chow Chow,Local,2026-09-20 00:00:00,4000,4000,4000,0,0.00%,Valid,Normal,Normal
Tamil Nadu,Cuddalore,Cuddalore(Uzhavar Sandhai ),Yam(Ratalu),Yam (Ratalu),Local,2026-09-20 00:00:00,6000,6000,6000,0,0.00%,Valid,Normal,Normal
Tamil Nadu,Cuddalore,Cuddalore(Uzhavar Sandhai ),Colacasia,Colacasia,Local,2026-09-20 00:00:00,6000,6000,6000,0,0.00%,Valid,Normal,Normal
Tamil Nadu,Cuddalore,Cuddalore(Uzhavar Sandhai ),Onion Green,Onion Green,Local,2026-09-20 00:00:00,11000,11000,11000,0,0.00%,Valid,Normal,Normal
Tamil Nadu,Cuddalore,Cuddalore(Uzhavar Sandhai ),Mint(Pudina),Mint(Pudina),Local,2026-09-20 00:00:00,4000,4000,4000,0,0.00%,Valid,Normal,Normal
Tamil Nadu,Tuticorin,Tuticorin(Uzhavar Sandhai ),Brinjal,Round,Local,2026-09-20 00:00:00,3000,3500,3250,500,16.67%,Valid,Normal,Normal
Tamil Nadu,Tuticorin,Tuticorin(Uzhavar Sandhai ),Garlic,Garlic,Local,2026-09-20 00:00:00,21000,22000,21500,1000,4.76%,Valid,Normal,Normal
Tamil Nadu,Tuticorin,Tuticorin(Uzhavar Sandhai ),Ashgourd,Gouard,Local,2026-09-20 00:00:00,1500,2000,1750,500,33.33%,Valid,Normal,Normal
Tamil Nadu,Tuticorin,Tuticorin(Uzhavar Sandhai ),Beetroot,Beetroot,Local,2026-09-20 00:00:00,5000,6000,5500,1000,20.00%,Valid,Normal,Normal
Tamil Nadu,Tuticorin,Tuticorin(Uzhavar Sandhai ),Ridgeguard(Tori),Ridgeguard(Tori),Local,2026-09-20 00:00:00,4500,5000,4750,500,11.11%,Valid,Normal,Normal
Tamil Nadu,Tuticorin,Tuticorin(Uzhavar Sandhai ),Chow Chow,Chow Chow,Local,2026-09-20 00:00:00,3500,4000,3750,500,14.29%,Valid,Normal,Normal
Tamil Nadu,Tuticorin,Tuticorin(Uzhavar Sandhai ),Jack Fruit(Ripe),Jack Fruit,Local,2026-09-20 00:00:00,5000,6000,5500,1000,20.00%,Valid,Normal,Normal
Tamil Nadu,Tuticorin,Tuticorin(Uzhavar Sandhai ),Elephant Yam(Suran)/Amorphophallus,Elephant Yam (Suran),Local,2026-09-20 00:00:00,4500,5000,4750,500,11.11%,Valid,Normal,Normal
Tamil Nadu,Tuticorin,Tuticorin(Uzhavar Sandhai ),Yam(Ratalu),Yam (Ratalu),Local,2026-09-20 00:00:00,9000,10000,9500,1000,11.11%,Valid,Normal,Normal
Tamil Nadu,Nagercoil (Kannyiakumari),Vadaseri APMC,Brinjal,Round,Local,2026-09-20 00:00:00,5500,6000,5750,500,9.09%,Valid,Normal,Normal
Tamil Nadu,Nagercoil (Kannyiakumari),Vadaseri APMC,Banana,Besrai,Local,2026-09-20 00:00:00,7000,7500,7250,500,7.14%,Valid,Normal,Normal
Tamil Nadu,Nagercoil (Kannyiakumari),Vadaseri APMC,Garlic,Garlic,Local,2026-09-20 00:00:00,20000,22000,21000,2000,10.00%,Valid,Normal,Normal
Tamil Nadu,Nagercoil (Kannyiakumari),Vadaseri APMC,Bottle gourd,Bottle Gourd,Local,2026-09-20 00:00:00,2200,2500,2350,300,13.64%,Valid,Normal,Normal
Tamil Nadu,Nagercoil (Kannyiakumari),Vadaseri APMC,Beans,Beans (Whole),Local,2026-09-20 00:00:00,11000,12000,11500,1000,9.09%,Valid,Normal,Normal
Tamil Nadu,Nagercoil (Kannyiakumari),Vadaseri APMC,Ginger(Green),Green Ginger,Local,2026-09-20 00:00:00,18000,20000,19000,2000,11.11%,Valid,Normal,Normal
Tamil Nadu,Nagercoil (Kannyiakumari),Vadaseri APMC,Coconut,Coconut,Local,2026-09-20 00:00:00,6100,6300,6200,200,3.28%,Valid,Normal,Normal
Tamil Nadu,Nagercoil (Kannyiakumari),Vadaseri APMC,Sweet Potato,Hosur Red,Local,2026-09-20 00:00:00,3500,4000,3750,500,14.29%,Valid,Normal,Normal
Tamil Nadu,Nagercoil (Kannyiakumari),Vadaseri APMC,Green Avare(W),Green Avare (W),Local,2026-09-20 00:00:00,3500,4000,3750,500,14.29%,Valid,Normal,Normal
Tamil Nadu,Nagercoil (Kannyiakumari),Vadaseri APMC,Lemon,Lemon,Local,2026-09-20 00:00:00,23000,25000,24000,2000,8.70%,Valid,Normal,Normal
Tamil Nadu,Nagercoil (Kannyiakumari),Vadaseri APMC,Amla(Nelli Kai),Amla,Local,2026-09-20 00:00:00,9000,10000,9500,1000,11.11%,Valid,Normal,Normal
Madhya Pradesh,Morena,Kailaras APMC,Cauliflower,Other,FAQ,2026-09-20 00:00:00,2400,2400,2400,0,0.00%,Valid,Normal,Normal
Madhya Pradesh,Morena,Kailaras APMC,Coriander(Leaves),Coriander,FAQ,2026-09-20 00:00:00,2000,2000,2000,0,0.00%,Valid,Normal,Normal
Madhya Pradesh,Morena,Kailaras APMC,Tomato,Other,FAQ,2026-09-20 00:00:00,1600,1600,1600,0,0.00%,Valid,Normal,Normal
Madhya Pradesh,Morena,Kailaras APMC,Cabbage,Cabbage,FAQ,2026-09-20 00:00:00,500,2200,2200,1700,340.00%,Valid,Normal,Normal
Madhya Pradesh,Morena,Kailaras APMC,Colacasia,Arabi,FAQ,2026-09-20 00:00:00,2000,2000,2000,0,0.00%,Valid,Normal,Normal
Tamil Nadu,Vellore,Thirupathur APMC,Coriander(Leaves),I Sort,Local,2026-09-20 00:00:00,4000,4000,4000,0,0.00%,Valid,Normal,Normal
Tamil Nadu,Vellore,Thirupathur APMC,Green Peas,Green Peas,Local,2026-09-20 00:00:00,10000,10000,10000,0,0.00%,Valid,Normal,Normal
Tamil Nadu,Vellore,Thirupathur APMC,Papaya,Papaya,Local,2026-09-20 00:00:00,4000,4000,4000,0,0.00%,Valid,Normal,Normal
Tamil Nadu,Vellore,Thirupathur APMC,Cluster beans,Cluster Beans,Local,2026-09-20 00:00:00,4000,4000,4000,0,0.00%,Valid,Normal,Normal
Tamil Nadu,Vellore,Thirupathur APMC,Green Chilli,Green Chilly,Local,2026-09-20 00:00:00,7000,7000,7000,0,0.00%,Valid,Normal,Normal
Tamil Nadu,Vellore,Thirupathur APMC,Cowpea(Veg),Cowpea (Veg),Local,2026-09-20 00:00:00,6000,6000,6000,0,0.00%,Valid,Normal,Normal
Tamil Nadu,Vellore,Thirupathur APMC,Cabbage,Cabbage,Local,2026-09-20 00:00:00,3400,3400,3400,0,0.00%,Valid,Normal,Normal
Tamil Nadu,Vellore,Thirupathur APMC,Cucumbar(Kheera),Cucumbar,Local,2026-09-20 00:00:00,4000,4000,4000,0,0.00%,Valid,Normal,Normal
Tamil Nadu,Vellore,Thirupathur APMC,Yam(Ratalu),Yam (Ratalu),Local,2026-09-20 00:00:00,4000,4000,4000,0,0.00%,Valid,Normal,Normal
Tamil Nadu,Vellore,Thirupathur APMC,Indian Beans(Seam),Indian Beans (Seam),Local,2026-09-20 00:00:00,6000,6000,6000,0,0.00%,Valid,Normal,Normal
Tamil Nadu,Vellore,Thirupathur APMC,Custard Apple(Sharifa),Custard Apple(Sharifa),Local,2026-09-20 00:00:00,4000,4000,4000,0,0.00%,Valid,Normal,Normal
Tamil Nadu,Vellore,Thirupathur APMC,Amla(Nelli Kai),Amla,Local,2026-09-20 00:00:00,8000,8000,8000,0,0.00%,Valid,Normal,Normal
Tamil Nadu,Vellore,Thirupathur APMC,Sweet Corn,Sweet Corn,Local,2026-09-20 00:00:00,3000,3000,3000,0,0.00%,Valid,Normal,Normal
Tamil Nadu,Vellore,Vellore APMC,Coriander(Leaves),I Sort,Local,2026-09-20 00:00:00,3000,3000,3000,0,0.00%,Valid,Normal,Normal
Tamil Nadu,Vellore,Vellore APMC,Bottle gourd,Bottle Gourd,Local,2026-09-20 00:00:00,1500,1500,1500,0,0.00%,Valid,Normal,Normal
Tamil Nadu,Vellore,Vellore APMC,Green Chilli,Green Chilly,Local,2026-09-20 00:00:00,5000,5000,5000,0,0.00%,Valid,Normal,Normal
Tamil Nadu,Vellore,Vellore APMC,Tapioca,Tapioca,Local,2026-09-20 00:00:00,4000,4000,4000,0,0.00%,Valid,Normal,Normal
Tamil Nadu,Vellore,Vellore APMC,Ginger(Green),Green Ginger,Local,2026-09-20 00:00:00,16000,16000,16000,0,0.00%,Valid,Normal,Normal
Tamil Nadu,Vellore,Vellore APMC,Sweet Potato,Hosur Red,Local,2026-09-20 00:00:00,3000,3000,3000,0,0.00%,Valid,Normal,Normal
Tamil Nadu,Vellore,Vellore APMC,Green Avare(W),Green Avare (W),Local,2026-09-20 00:00:00,5500,5500,5500,0,0.00%,Valid,Normal,Normal
Tamil Nadu,Vellore,Vellore APMC,Indian Beans(Seam),Indian Beans (Seam),Local,2026-09-20 00:00:00,5000,5000,5000,0,0.00%,Valid,Normal,Normal
Tamil Nadu,Vellore,Vellore APMC,Custard Apple(Sharifa),Custard Apple(Sharifa),Local,2026-09-20 00:00:00,5000,5000,5000,0,0.00%,Valid,Normal,Normal
Tamil Nadu,Vellore,Vellore APMC,Amla(Nelli Kai),Amla,Local,2026-09-20 00:00:00,10000,10000,10000,0,0.00%,Valid,Normal,Normal
Tamil Nadu,Dharmapuri,Harur(Uzhavar Sandhai ),Onion,Bellary,Local,2026-09-20 00:00:00,6000,6500,6250,500,8.33%,Valid,Normal,Normal
Tamil Nadu,Dharmapuri,Harur(Uzhavar Sandhai ),Cauliflower,Ranchi,Local,2026-09-20 00:00:00,3500,4000,3750,500,14.29%,Valid,Normal,Normal
Tamil Nadu,Dharmapuri,Harur(Uzhavar Sandhai ),Cluster beans,Cluster Beans,Local,2026-09-20 00:00:00,3500,4000,3750,500,14.29%,Valid,Normal,Normal
Tamil Nadu,Dharmapuri,Harur(Uzhavar Sandhai ),Banana - Green,Banana - Green,Local,2026-09-20 00:00:00,2000,2500,2250,500,25.00%,Valid,Normal,Normal
Tamil Nadu,Dharmapuri,Harur(Uzhavar Sandhai ),Ridgeguard(Tori),Ridgeguard(Tori),Local,2026-09-20 00:00:00,3500,4000,3750,500,14.29%,Valid,Normal,Normal
Tamil Nadu,Dharmapuri,Harur(Uzhavar Sandhai ),Capsicum,Capsicum,Local,2026-09-20 00:00:00,6000,7000,6500,1000,16.67%,Valid,Normal,Normal
Tamil Nadu,Dharmapuri,Harur(Uzhavar Sandhai ),Green Avare(W),Green Avare (W),Local,2026-09-20 00:00:00,5000,6000,5500,1000,20.00%,Valid,Normal,Normal
Tamil Nadu,Dharmapuri,Harur(Uzhavar Sandhai ),Drumstick,Drumstick,Local,2026-09-20 00:00:00,4500,5000,4750,500,11.11%,Valid,Normal,Normal
Tamil Nadu,Dharmapuri,Harur(Uzhavar Sandhai ),Onion Green,Onion Green,Local,2026-09-20 00:00:00,7000,7500,7250,500,7.14%,Valid,Normal,Normal
Tamil Nadu,Krishnagiri,Kaveripattinam(Uzhavar Sandhai ),Banana,Besrai,Local,2026-09-20 00:00:00,4000,7000,5500,3000,75.00%,Valid,Normal,Normal
Tamil Nadu,Krishnagiri,Kaveripattinam(Uzhavar Sandhai ),Tomato,Local,Local,2026-09-20 00:00:00,3000,3000,3000,0,0.00%,Valid,Normal,Normal
Tamil Nadu,Krishnagiri,Kaveripattinam(Uzhavar Sandhai ),Bitter gourd,Bitter Gourd,Local,2026-09-20 00:00:00,5000,5000,5000,0,0.00%,Valid,Normal,Normal
Tamil Nadu,Krishnagiri,Kaveripattinam(Uzhavar Sandhai ),Bottle gourd,Bottle Gourd,Local,2026-09-20 00:00:00,3000,3000,3000,0,0.00%,Valid,Normal,Normal
Tamil Nadu,Krishnagiri,Kaveripattinam(Uzhavar Sandhai ),Ashgourd,Gouard,Local,2026-09-20 00:00:00,2000,2000,2000,0,0.00%,Valid,Normal,Normal
Tamil Nadu,Krishnagiri,Kaveripattinam(Uzhavar Sandhai ),Coconut,Coconut,Local,2026-09-20 00:00:00,6000,6000,6000,0,0.00%,Valid,Normal,Normal
Tamil Nadu,Krishnagiri,Kaveripattinam(Uzhavar Sandhai ),Green Avare(W),Green Avare (W),Local,2026-09-20 00:00:00,7000,7000,7000,0,0.00%,Valid,Normal,Normal
Tamil Nadu,The Nilgiris,Coonoor(Uzhavar Sandhai ),Banana,Red Banana,Local,2026-09-20 00:00:00,8500,9000,8750,500,5.88%,Valid,Normal,Normal
Tamil Nadu,The Nilgiris,Coonoor(Uzhavar Sandhai ),Green Chilli,Green Chilly,Local,2026-09-20 00:00:00,5000,5500,5250,500,10.00%,Valid,Normal,Normal
Tamil Nadu,The Nilgiris,Gudalur(Uzhavar Sandhai ),Onion,Bellary,Local,2026-09-20 00:00:00,6000,6500,6250,500,8.33%,Valid,Normal,Normal
Tamil Nadu,The Nilgiris,Gudalur(Uzhavar Sandhai ),Garlic,Garlic,Local,2026-09-20 00:00:00,18000,20000,19000,2000,11.11%,Valid,Normal,Normal
Tamil Nadu,The Nilgiris,Gudalur(Uzhavar Sandhai ),Cluster beans,Cluster Beans,Local,2026-09-20 00:00:00,3500,4000,3750,500,14.29%,Valid,Normal,Normal
Tamil Nadu,The Nilgiris,Gudalur(Uzhavar Sandhai ),Bottle gourd,Bottle Gourd,Local,2026-09-20 00:00:00,2500,3000,2750,500,20.00%,Valid,Normal,Normal
Tamil Nadu,The Nilgiris,Gudalur(Uzhavar Sandhai ),Beans,Beans (Whole),Local,2026-09-20 00:00:00,7000,8000,7500,1000,14.29%,Valid,Normal,Normal
Tamil Nadu,The Nilgiris,Gudalur(Uzhavar Sandhai ),Carrot,Pusakesar,Local,2026-09-20 00:00:00,3500,4500,4000,1000,28.57%,Valid,Normal,Normal
Tamil Nadu,The Nilgiris,Gudalur(Uzhavar Sandhai ),Drumstick,Drumstick,Local,2026-09-20 00:00:00,3500,4000,3750,500,14.29%,Valid,Normal,Normal
Odisha,Angul,Angul APMC,Pumpkin,Pumpkin,Grade B,2026-09-20 00:00:00,2000,2000,2000,0,0.00%,Valid,Normal,Normal
Odisha,Bargarh,Attabira APMC,Cauliflower,Other,Local,2026-09-20 00:00:00,3450,3800,3600,350,10.14%,Valid,Normal,Normal
Gujarat,Ahmedabad,Viramgam APMC,Wheat,Other,Local,2026-09-20 00:00:00,2785,2835,2830,50,1.80%,Valid,Normal,Normal
Punjab,Tarntaran,Patti APMC,Tomato,Other,Local,2026-09-20 00:00:00,0.02,0.02,0.02,0,0.00%,Valid,Review,Normal
Uttarakhand,Dehradoon,Vikasnagar APMC,Brinjal,Other,Medium,2026-09-20 00:00:00,800,1200,1200,400,50.00%,Valid,Normal,Normal
Haryana,Hissar,Hansi APMC,Chikoos(Sapota),Other,Grade B,2026-09-20 00:00:00,6000,10000,8000,4000,66.67%,Valid,Normal,Normal
Haryana,Hissar,Hansi APMC,Pear(Marasebu),Other,Grade B,2026-09-20 00:00:00,6000,8000,7000,2000,33.33%,Valid,Normal,Normal
Haryana,Hissar,Hansi APMC,Ginger(Dry),Other,FAQ,2026-09-20 00:00:00,8000,10000,9000,2000,25.00%,Valid,Normal,Normal
Haryana,Hissar,Hansi APMC,Onion,Other,FAQ,2026-09-20 00:00:00,4500,5500,5000,1000,22.22%,Valid,Normal,Normal
Keralam,Kollam,Chathanoor Market,Banana,Red Banana,Medium,2026-09-20 00:00:00,8000,9000,8500,1000,12.50%,Valid,Normal,Normal
